
2023-03-15 20:54:32
alpha: 1    batchsize: 128    dim: 128    epoch: 500    gapMax_defi: -1    gapMax_prim: -0.5    lambdaMax: 0.2    learningrate: 0.002    lrdecay: 1    lrdecayEpoch: 250    modelname: SN2E    momentum: 0    negtsamplenum: 128    optimizer: Adam    vmax: 10    vmin: 0.1    weightdecay: 0    
INFO -- prepare : Init model SN2E
INFO -- prepare : set model cuda: 1
INFO -- prepare : Model initialization complete
INFO -- prepare : Init optimizer
INFO -- prepare : Finish preparing Optimizer...
Info -- : start model training

  0%|          | 0/500 [00:00<?, ?it/s]
Epoch 9 | postive loss : 6298.19, negtive loss : 6412.74, worst lambd: 9847.08, worst gap: 1081.90:   2%|▏         | 10/500 [00:05<04:27,  1.83it/s]
Epoch 19 | postive loss : 4994.27, negtive loss : 5140.18, worst lambd: 8198.90, worst gap: 935.00:   4%|▍         | 20/500 [00:10<04:21,  1.83it/s]
Epoch 29 | postive loss : 3985.44, negtive loss : 4142.36, worst lambd: 7662.94, worst gap: 695.46:   6%|▌         | 30/500 [00:16<04:13,  1.85it/s]
Epoch 39 | postive loss : 3188.24, negtive loss : 3347.24, worst lambd: 7571.39, worst gap: 559.94:   8%|▊         | 40/500 [00:21<04:06,  1.86it/s]
Epoch 49 | postive loss : 2551.60, negtive loss : 2705.52, worst lambd: 7450.33, worst gap: 424.07:  10%|█         | 50/500 [00:26<04:00,  1.87it/s]
Epoch 59 | postive loss : 2039.97, negtive loss : 2184.84, worst lambd: 7307.89, worst gap: 315.57:  12%|█▏        | 60/500 [00:32<03:54,  1.87it/s]
Epoch 69 | postive loss : 1627.51, negtive loss : 1761.00, worst lambd: 7165.56, worst gap: 222.88:  14%|█▍        | 70/500 [00:37<03:49,  1.87it/s]
Epoch 79 | postive loss : 1294.32, negtive loss : 1414.33, worst lambd: 6994.99, worst gap: 171.09:  16%|█▌        | 80/500 [00:42<03:44,  1.87it/s]
Epoch 89 | postive loss : 1025.26, negtive loss : 1133.80, worst lambd: 6821.47, worst gap: 125.15:  18%|█▊        | 90/500 [00:48<03:38,  1.88it/s]
Epoch 99 | postive loss : 808.16, negtive loss : 904.53, worst lambd: 6643.71, worst gap: 88.80:  20%|██        | 100/500 [00:53<03:33,  1.88it/s]  
Epoch 109 | postive loss : 633.38, negtive loss : 717.35, worst lambd: 6460.38, worst gap: 64.25:  22%|██▏       | 110/500 [00:58<03:28,  1.87it/s]
Epoch 119 | postive loss : 493.17, negtive loss : 565.70, worst lambd: 6268.42, worst gap: 46.91:  24%|██▍       | 120/500 [01:04<03:23,  1.87it/s]
Epoch 129 | postive loss : 381.24, negtive loss : 443.14, worst lambd: 6075.07, worst gap: 32.21:  26%|██▌       | 130/500 [01:09<03:17,  1.87it/s]
Epoch 139 | postive loss : 292.40, negtive loss : 344.82, worst lambd: 5876.58, worst gap: 21.45:  28%|██▊       | 140/500 [01:14<03:12,  1.87it/s]
Epoch 149 | postive loss : 222.37, negtive loss : 266.12, worst lambd: 5671.92, worst gap: 15.36:  30%|███       | 150/500 [01:20<03:07,  1.87it/s]
Epoch 159 | postive loss : 167.63, negtive loss : 203.78, worst lambd: 5462.44, worst gap: 10.69:  32%|███▏      | 160/500 [01:25<03:02,  1.87it/s]
Epoch 169 | postive loss : 125.21, negtive loss : 154.88, worst lambd: 5249.26, worst gap: 7.30:  34%|███▍      | 170/500 [01:30<02:56,  1.87it/s] 
Epoch 179 | postive loss : 92.70, negtive loss : 116.66, worst lambd: 5029.94, worst gap: 5.27:  36%|███▌      | 180/500 [01:36<02:50,  1.87it/s] 
Epoch 189 | postive loss : 68.06, negtive loss : 87.04, worst lambd: 4807.25, worst gap: 3.62:  38%|███▊      | 190/500 [01:41<02:46,  1.86it/s] 
Epoch 199 | postive loss : 49.60, negtive loss : 64.46, worst lambd: 4572.27, worst gap: 2.41:  40%|████      | 200/500 [01:47<02:40,  1.87it/s]
Epoch 209 | postive loss : 35.96, negtive loss : 47.50, worst lambd: 4337.37, worst gap: 1.66:  42%|████▏     | 210/500 [01:52<02:35,  1.87it/s]
Epoch 219 | postive loss : 26.00, negtive loss : 34.81, worst lambd: 4098.94, worst gap: 1.17:  44%|████▍     | 220/500 [01:57<02:29,  1.87it/s]
Epoch 229 | postive loss : 18.83, negtive loss : 25.37, worst lambd: 3856.39, worst gap: 0.95:  46%|████▌     | 230/500 [02:03<02:23,  1.88it/s]
Epoch 239 | postive loss : 13.71, negtive loss : 18.48, worst lambd: 3614.71, worst gap: 0.95:  48%|████▊     | 240/500 [02:08<02:18,  1.88it/s]
Epoch 249 | postive loss : 10.13, negtive loss : 13.54, worst lambd: 3376.81, worst gap: 0.94:  50%|█████     | 250/500 [02:13<02:12,  1.88it/s]
Epoch 259 | postive loss : 7.69, negtive loss : 10.02, worst lambd: 3129.35, worst gap: 0.92:  52%|█████▏    | 260/500 [02:18<02:07,  1.88it/s] 
Epoch 269 | postive loss : 6.09, negtive loss : 7.64, worst lambd: 2896.59, worst gap: 0.87:  54%|█████▍    | 270/500 [02:24<02:02,  1.88it/s] 
Epoch 279 | postive loss : 5.07, negtive loss : 6.07, worst lambd: 2660.35, worst gap: 0.90:  56%|█████▌    | 280/500 [02:29<01:56,  1.88it/s]
Epoch 289 | postive loss : 4.45, negtive loss : 5.00, worst lambd: 2435.82, worst gap: 0.89:  58%|█████▊    | 290/500 [02:34<01:51,  1.88it/s]
Epoch 299 | postive loss : 4.07, negtive loss : 4.33, worst lambd: 2223.61, worst gap: 0.85:  60%|██████    | 300/500 [02:40<01:46,  1.88it/s]
Epoch 309 | postive loss : 3.83, negtive loss : 3.92, worst lambd: 2013.83, worst gap: 0.86:  62%|██████▏   | 310/500 [02:45<01:40,  1.88it/s]
Epoch 319 | postive loss : 3.68, negtive loss : 3.68, worst lambd: 1820.40, worst gap: 0.76:  64%|██████▍   | 320/500 [02:50<01:35,  1.88it/s]
Epoch 329 | postive loss : 3.57, negtive loss : 3.51, worst lambd: 1637.53, worst gap: 0.77:  66%|██████▌   | 330/500 [02:56<01:30,  1.88it/s]
Epoch 339 | postive loss : 3.48, negtive loss : 3.38, worst lambd: 1469.25, worst gap: 0.72:  68%|██████▊   | 340/500 [03:01<01:25,  1.88it/s]
Epoch 349 | postive loss : 3.41, negtive loss : 3.32, worst lambd: 1309.39, worst gap: 0.68:  70%|███████   | 350/500 [03:06<01:19,  1.88it/s]
Epoch 359 | postive loss : 3.36, negtive loss : 3.27, worst lambd: 1163.61, worst gap: 0.72:  72%|███████▏  | 360/500 [03:12<01:14,  1.88it/s]
Epoch 369 | postive loss : 3.31, negtive loss : 3.24, worst lambd: 1029.77, worst gap: 0.63:  74%|███████▍  | 370/500 [03:17<01:09,  1.88it/s]
Epoch 379 | postive loss : 3.27, negtive loss : 3.23, worst lambd: 908.67, worst gap: 0.65:  76%|███████▌  | 380/500 [03:22<01:03,  1.88it/s] 
Epoch 389 | postive loss : 3.23, negtive loss : 3.22, worst lambd: 799.07, worst gap: 0.57:  78%|███████▊  | 390/500 [03:28<00:58,  1.88it/s]
Epoch 399 | postive loss : 3.20, negtive loss : 3.22, worst lambd: 700.01, worst gap: 0.67:  80%|████████  | 400/500 [03:33<00:53,  1.88it/s]
Epoch 409 | postive loss : 3.17, negtive loss : 3.22, worst lambd: 610.95, worst gap: 0.64:  82%|████████▏ | 410/500 [03:38<00:47,  1.88it/s]
Epoch 419 | postive loss : 3.14, negtive loss : 3.22, worst lambd: 531.38, worst gap: 0.60:  84%|████████▍ | 420/500 [03:44<00:42,  1.88it/s]
Epoch 429 | postive loss : 3.12, negtive loss : 3.24, worst lambd: 460.85, worst gap: 0.47:  86%|████████▌ | 430/500 [03:49<00:37,  1.88it/s]
Epoch 439 | postive loss : 3.10, negtive loss : 3.24, worst lambd: 397.89, worst gap: 0.34:  88%|████████▊ | 440/500 [03:54<00:31,  1.88it/s]
Epoch 449 | postive loss : 3.08, negtive loss : 3.25, worst lambd: 342.29, worst gap: 0.19:  90%|█████████ | 450/500 [04:00<00:26,  1.87it/s]
Epoch 459 | postive loss : 3.06, negtive loss : 3.26, worst lambd: 293.21, worst gap: 0.16:  92%|█████████▏| 460/500 [04:05<00:21,  1.87it/s]
Epoch 469 | postive loss : 3.05, negtive loss : 3.27, worst lambd: 250.33, worst gap: 0.47:  94%|█████████▍| 470/500 [04:10<00:16,  1.87it/s]
Epoch 479 | postive loss : 3.03, negtive loss : 3.28, worst lambd: 212.85, worst gap: 0.27:  96%|█████████▌| 480/500 [04:16<00:10,  1.88it/s]
Epoch 489 | postive loss : 3.02, negtive loss : 3.29, worst lambd: 180.86, worst gap: 0.28:  98%|█████████▊| 490/500 [04:21<00:05,  1.88it/s]
Epoch 499 | postive loss : 3.00, negtive loss : 3.30, worst lambd: 152.51, worst gap: 0.47: 100%|██████████| 500/500 [04:26<00:00,  1.88it/s]
Epoch 499 | postive loss : 3.00, negtive loss : 3.30, worst lambd: 152.51, worst gap: 0.47: 100%|██████████| 500/500 [04:26<00:00,  1.88it/s]
Info : finish model training
Info : save model sucessfully
Info : save sucessfully

2023-03-15 21:17:43
alpha: 1    batchsize: 128    dim: 128    epoch: 1000    gapMax_defi: -1    gapMax_prim: -0.5    lambdaMax: 0.2    learningrate: 0.002    lrdecay: 1    lrdecayEpoch: 250    modelname: SN2E    momentum: 0    negtsamplenum: 128    optimizer: Adam    vmax: 10    vmin: 0.1    weightdecay: 0    
INFO -- prepare : Init model SN2E
INFO -- prepare : set model cuda: 1
INFO -- prepare : Model initialization complete
INFO -- prepare : Init optimizer
INFO -- prepare : Finish preparing Optimizer...
Info -- : start model training

  0%|          | 0/1000 [00:00<?, ?it/s]
Epoch 9 | postive loss : 6343.08, negtive loss : 6457.93, worst lambd: 10370.49, worst gap: 1283.41:   1%|          | 10/1000 [00:05<08:59,  1.84it/s]
Epoch 19 | postive loss : 5024.75, negtive loss : 5173.25, worst lambd: 8822.84, worst gap: 1010.61:   2%|▏         | 20/1000 [00:10<08:47,  1.86it/s]
Epoch 29 | postive loss : 4007.24, negtive loss : 4167.61, worst lambd: 7734.42, worst gap: 760.44:   3%|▎         | 30/1000 [00:16<08:39,  1.87it/s] 
Epoch 39 | postive loss : 3204.06, negtive loss : 3369.06, worst lambd: 6817.24, worst gap: 584.52:   4%|▍         | 40/1000 [00:21<08:33,  1.87it/s]
Epoch 49 | postive loss : 2563.18, negtive loss : 2723.04, worst lambd: 5948.85, worst gap: 448.33:   5%|▌         | 50/1000 [00:26<08:27,  1.87it/s]
Epoch 59 | postive loss : 2048.47, negtive loss : 2200.21, worst lambd: 5213.21, worst gap: 346.96:   6%|▌         | 60/1000 [00:32<08:21,  1.87it/s]
Epoch 69 | postive loss : 1633.75, negtive loss : 1775.41, worst lambd: 5117.29, worst gap: 244.65:   7%|▋         | 70/1000 [00:37<08:15,  1.88it/s]
Epoch 79 | postive loss : 1298.97, negtive loss : 1428.67, worst lambd: 5004.15, worst gap: 184.32:   8%|▊         | 80/1000 [00:42<08:10,  1.88it/s]
Epoch 89 | postive loss : 1028.61, negtive loss : 1146.56, worst lambd: 4884.74, worst gap: 134.52:   9%|▉         | 90/1000 [00:48<08:04,  1.88it/s]
Epoch 99 | postive loss : 810.51, negtive loss : 915.16, worst lambd: 4763.95, worst gap: 99.92:  10%|█         | 100/1000 [00:53<07:59,  1.88it/s]  
Epoch 109 | postive loss : 635.03, negtive loss : 727.60, worst lambd: 4627.48, worst gap: 73.41:  11%|█         | 110/1000 [00:58<07:54,  1.88it/s]
Epoch 119 | postive loss : 494.33, negtive loss : 575.74, worst lambd: 4492.87, worst gap: 51.49:  12%|█▏        | 120/1000 [01:04<07:48,  1.88it/s]
Epoch 129 | postive loss : 382.08, negtive loss : 451.30, worst lambd: 4353.71, worst gap: 36.23:  13%|█▎        | 130/1000 [01:09<07:43,  1.88it/s]
Epoch 139 | postive loss : 293.02, negtive loss : 351.92, worst lambd: 4211.80, worst gap: 26.45:  14%|█▍        | 140/1000 [01:14<07:38,  1.88it/s]
Epoch 149 | postive loss : 222.85, negtive loss : 273.01, worst lambd: 4064.43, worst gap: 18.39:  15%|█▌        | 150/1000 [01:20<07:33,  1.88it/s]
Epoch 159 | postive loss : 168.01, negtive loss : 210.10, worst lambd: 3913.28, worst gap: 12.27:  16%|█▌        | 160/1000 [01:25<07:28,  1.87it/s]
Epoch 169 | postive loss : 125.53, negtive loss : 160.69, worst lambd: 3760.88, worst gap: 8.22:  17%|█▋        | 170/1000 [01:30<07:22,  1.88it/s] 
Epoch 179 | postive loss : 92.98, negtive loss : 121.38, worst lambd: 3602.56, worst gap: 5.70:  18%|█▊        | 180/1000 [01:36<07:16,  1.88it/s] 
Epoch 189 | postive loss : 68.30, negtive loss : 91.61, worst lambd: 3442.05, worst gap: 3.97:  19%|█▉        | 190/1000 [01:41<07:10,  1.88it/s] 
Epoch 199 | postive loss : 49.83, negtive loss : 68.44, worst lambd: 3276.90, worst gap: 2.71:  20%|██        | 200/1000 [01:46<07:04,  1.88it/s]
Epoch 209 | postive loss : 36.16, negtive loss : 51.00, worst lambd: 3110.42, worst gap: 1.84:  21%|██        | 210/1000 [01:51<06:59,  1.88it/s]
Epoch 219 | postive loss : 26.18, negtive loss : 37.95, worst lambd: 2939.56, worst gap: 1.33:  22%|██▏       | 220/1000 [01:57<06:53,  1.89it/s]
Epoch 229 | postive loss : 18.97, negtive loss : 28.22, worst lambd: 2767.57, worst gap: 0.97:  23%|██▎       | 230/1000 [02:02<06:48,  1.89it/s]
Epoch 239 | postive loss : 13.82, negtive loss : 20.85, worst lambd: 2594.91, worst gap: 0.95:  24%|██▍       | 240/1000 [02:07<06:42,  1.89it/s]
Epoch 249 | postive loss : 10.20, negtive loss : 15.62, worst lambd: 2422.87, worst gap: 0.91:  25%|██▌       | 250/1000 [02:13<06:37,  1.89it/s]
Epoch 259 | postive loss : 7.73, negtive loss : 11.82, worst lambd: 2251.85, worst gap: 0.85:  26%|██▌       | 260/1000 [02:18<06:32,  1.89it/s] 
Epoch 269 | postive loss : 6.11, negtive loss : 9.20, worst lambd: 2082.01, worst gap: 0.89:  27%|██▋       | 270/1000 [02:23<06:27,  1.89it/s] 
Epoch 279 | postive loss : 5.08, negtive loss : 7.30, worst lambd: 1921.06, worst gap: 0.87:  28%|██▊       | 280/1000 [02:29<06:21,  1.89it/s]
Epoch 289 | postive loss : 4.43, negtive loss : 6.15, worst lambd: 1757.53, worst gap: 0.86:  29%|██▉       | 290/1000 [02:34<06:16,  1.89it/s]
Epoch 299 | postive loss : 4.04, negtive loss : 5.24, worst lambd: 1605.80, worst gap: 0.87:  30%|███       | 300/1000 [02:39<06:11,  1.89it/s]
Epoch 309 | postive loss : 3.78, negtive loss : 4.68, worst lambd: 1457.94, worst gap: 0.88:  31%|███       | 310/1000 [02:44<06:05,  1.89it/s]
Epoch 319 | postive loss : 3.62, negtive loss : 4.31, worst lambd: 1320.86, worst gap: 0.86:  32%|███▏      | 320/1000 [02:50<06:00,  1.89it/s]
Epoch 329 | postive loss : 3.50, negtive loss : 4.02, worst lambd: 1189.01, worst gap: 0.76:  33%|███▎      | 330/1000 [02:55<05:55,  1.89it/s]
Epoch 339 | postive loss : 3.42, negtive loss : 3.80, worst lambd: 1067.28, worst gap: 0.65:  34%|███▍      | 340/1000 [03:00<05:50,  1.89it/s]
Epoch 349 | postive loss : 3.35, negtive loss : 3.66, worst lambd: 954.30, worst gap: 0.74:  35%|███▌      | 350/1000 [03:06<05:44,  1.89it/s] 
Epoch 359 | postive loss : 3.30, negtive loss : 3.56, worst lambd: 849.66, worst gap: 0.61:  36%|███▌      | 360/1000 [03:11<05:39,  1.89it/s]
Epoch 369 | postive loss : 3.25, negtive loss : 3.47, worst lambd: 758.67, worst gap: 0.55:  37%|███▋      | 370/1000 [03:16<05:34,  1.89it/s]
Epoch 379 | postive loss : 3.22, negtive loss : 3.42, worst lambd: 669.68, worst gap: 0.58:  38%|███▊      | 380/1000 [03:22<05:28,  1.89it/s]
Epoch 389 | postive loss : 3.19, negtive loss : 3.38, worst lambd: 588.49, worst gap: 0.58:  39%|███▉      | 390/1000 [03:27<05:23,  1.89it/s]
Epoch 399 | postive loss : 3.16, negtive loss : 3.35, worst lambd: 514.90, worst gap: 0.39:  40%|████      | 400/1000 [03:32<05:18,  1.89it/s]
Epoch 409 | postive loss : 3.13, negtive loss : 3.32, worst lambd: 449.08, worst gap: 0.63:  41%|████      | 410/1000 [03:37<05:12,  1.89it/s]
Epoch 419 | postive loss : 3.11, negtive loss : 3.32, worst lambd: 390.53, worst gap: 0.29:  42%|████▏     | 420/1000 [03:43<05:07,  1.89it/s]
Epoch 429 | postive loss : 3.09, negtive loss : 3.31, worst lambd: 338.65, worst gap: 0.30:  43%|████▎     | 430/1000 [03:48<05:02,  1.89it/s]
Epoch 439 | postive loss : 3.07, negtive loss : 3.31, worst lambd: 291.91, worst gap: 0.39:  44%|████▍     | 440/1000 [03:53<04:56,  1.89it/s]
Epoch 449 | postive loss : 3.06, negtive loss : 3.31, worst lambd: 251.10, worst gap: 0.37:  45%|████▌     | 450/1000 [03:59<04:51,  1.89it/s]
Epoch 459 | postive loss : 3.04, negtive loss : 3.30, worst lambd: 215.40, worst gap: 0.53:  46%|████▌     | 460/1000 [04:04<04:46,  1.89it/s]
Epoch 469 | postive loss : 3.03, negtive loss : 3.30, worst lambd: 184.00, worst gap: 0.24:  47%|████▋     | 470/1000 [04:09<04:40,  1.89it/s]
Epoch 479 | postive loss : 3.02, negtive loss : 3.31, worst lambd: 156.90, worst gap: 0.48:  48%|████▊     | 480/1000 [04:15<04:35,  1.89it/s]
Epoch 489 | postive loss : 3.00, negtive loss : 3.31, worst lambd: 132.89, worst gap: 0.21:  49%|████▉     | 490/1000 [04:20<04:30,  1.89it/s]
Epoch 499 | postive loss : 3.00, negtive loss : 3.32, worst lambd: 112.41, worst gap: 0.28:  50%|█████     | 500/1000 [04:25<04:25,  1.89it/s]
Epoch 509 | postive loss : 2.99, negtive loss : 3.33, worst lambd: 94.20, worst gap: 0.20:  51%|█████     | 510/1000 [04:30<04:19,  1.89it/s] 
Epoch 519 | postive loss : 2.97, negtive loss : 3.33, worst lambd: 78.53, worst gap: 0.28:  52%|█████▏    | 520/1000 [04:36<04:14,  1.89it/s]
Epoch 529 | postive loss : 2.97, negtive loss : 3.34, worst lambd: 65.01, worst gap: 0.08:  53%|█████▎    | 530/1000 [04:41<04:09,  1.89it/s]
Epoch 539 | postive loss : 2.96, negtive loss : 3.34, worst lambd: 54.05, worst gap: 0.09:  54%|█████▍    | 540/1000 [04:46<04:03,  1.89it/s]
Epoch 549 | postive loss : 2.95, negtive loss : 3.36, worst lambd: 45.05, worst gap: 0.22:  55%|█████▌    | 550/1000 [04:52<03:58,  1.89it/s]
Epoch 559 | postive loss : 2.94, negtive loss : 3.37, worst lambd: 37.55, worst gap: 0.29:  56%|█████▌    | 560/1000 [04:57<03:53,  1.89it/s]
Epoch 569 | postive loss : 2.94, negtive loss : 3.38, worst lambd: 31.22, worst gap: 0.05:  57%|█████▋    | 570/1000 [05:02<03:48,  1.89it/s]
Epoch 579 | postive loss : 2.93, negtive loss : 3.39, worst lambd: 26.03, worst gap: 0.16:  58%|█████▊    | 580/1000 [05:08<03:42,  1.89it/s]
Epoch 589 | postive loss : 2.92, negtive loss : 3.40, worst lambd: 21.72, worst gap: 0.12:  59%|█████▉    | 590/1000 [05:13<03:37,  1.89it/s]
Epoch 599 | postive loss : 2.91, negtive loss : 3.41, worst lambd: 18.22, worst gap: 0.04:  60%|██████    | 600/1000 [05:18<03:32,  1.89it/s]
Epoch 609 | postive loss : 2.91, negtive loss : 3.43, worst lambd: 15.28, worst gap: 0.22:  61%|██████    | 610/1000 [05:23<03:26,  1.89it/s]
Epoch 619 | postive loss : 2.90, negtive loss : 3.44, worst lambd: 12.82, worst gap: 0.05:  62%|██████▏   | 620/1000 [05:29<03:21,  1.89it/s]
Epoch 629 | postive loss : 2.89, negtive loss : 3.46, worst lambd: 10.80, worst gap: 0.16:  63%|██████▎   | 630/1000 [05:34<03:16,  1.89it/s]
Epoch 639 | postive loss : 2.88, negtive loss : 3.48, worst lambd: 9.28, worst gap: 0.22:  64%|██████▍   | 640/1000 [05:39<03:10,  1.89it/s] 
Epoch 649 | postive loss : 2.87, negtive loss : 3.49, worst lambd: 7.97, worst gap: 0.13:  65%|██████▌   | 650/1000 [05:45<03:05,  1.89it/s]
Epoch 659 | postive loss : 2.86, negtive loss : 3.51, worst lambd: 6.96, worst gap: 0.28:  66%|██████▌   | 660/1000 [05:50<03:00,  1.89it/s]
Epoch 669 | postive loss : 2.85, negtive loss : 3.52, worst lambd: 6.15, worst gap: 0.14:  67%|██████▋   | 670/1000 [05:55<02:54,  1.89it/s]
Epoch 679 | postive loss : 2.84, negtive loss : 3.54, worst lambd: 5.48, worst gap: 0.06:  68%|██████▊   | 680/1000 [06:01<02:49,  1.89it/s]
Epoch 689 | postive loss : 2.83, negtive loss : 3.56, worst lambd: 4.92, worst gap: 0.18:  69%|██████▉   | 690/1000 [06:06<02:44,  1.89it/s]
Epoch 699 | postive loss : 2.82, negtive loss : 3.58, worst lambd: 4.85, worst gap: 0.27:  70%|███████   | 700/1000 [06:11<02:38,  1.89it/s]
Epoch 709 | postive loss : 2.81, negtive loss : 3.60, worst lambd: 4.84, worst gap: 0.08:  71%|███████   | 710/1000 [06:16<02:33,  1.89it/s]
Epoch 719 | postive loss : 2.80, negtive loss : 3.62, worst lambd: 4.99, worst gap: 0.24:  72%|███████▏  | 720/1000 [06:22<02:28,  1.89it/s]
Epoch 729 | postive loss : 2.79, negtive loss : 3.63, worst lambd: 4.85, worst gap: 0.13:  73%|███████▎  | 730/1000 [06:27<02:22,  1.89it/s]
Epoch 739 | postive loss : 2.78, negtive loss : 3.66, worst lambd: 4.88, worst gap: 0.20:  74%|███████▍  | 740/1000 [06:32<02:17,  1.89it/s]
Epoch 749 | postive loss : 2.77, negtive loss : 3.68, worst lambd: 4.99, worst gap: 0.14:  75%|███████▌  | 750/1000 [06:38<02:11,  1.89it/s]
Epoch 759 | postive loss : 2.75, negtive loss : 3.69, worst lambd: 4.88, worst gap: 0.25:  76%|███████▌  | 760/1000 [06:43<02:06,  1.89it/s]
Epoch 769 | postive loss : 2.74, negtive loss : 3.72, worst lambd: 4.79, worst gap: 0.11:  77%|███████▋  | 770/1000 [06:48<02:01,  1.89it/s]
Epoch 779 | postive loss : 2.73, negtive loss : 3.74, worst lambd: 4.85, worst gap: 0.17:  78%|███████▊  | 780/1000 [06:53<01:56,  1.90it/s]
Epoch 789 | postive loss : 2.72, negtive loss : 3.76, worst lambd: 4.84, worst gap: 0.12:  79%|███████▉  | 790/1000 [06:59<01:50,  1.90it/s]
Epoch 799 | postive loss : 2.70, negtive loss : 3.77, worst lambd: 4.93, worst gap: 0.16:  80%|████████  | 800/1000 [07:04<01:45,  1.90it/s]
Epoch 809 | postive loss : 2.69, negtive loss : 3.79, worst lambd: 4.76, worst gap: 0.24:  81%|████████  | 810/1000 [07:09<01:40,  1.90it/s]
Epoch 819 | postive loss : 2.68, negtive loss : 3.81, worst lambd: 4.90, worst gap: 0.15:  82%|████████▏ | 820/1000 [07:14<01:34,  1.90it/s]
Epoch 829 | postive loss : 2.67, negtive loss : 3.83, worst lambd: 4.86, worst gap: 0.17:  83%|████████▎ | 830/1000 [07:20<01:29,  1.90it/s]
Epoch 839 | postive loss : 2.65, negtive loss : 3.85, worst lambd: 4.96, worst gap: 0.17:  84%|████████▍ | 840/1000 [07:25<01:24,  1.90it/s]
Epoch 849 | postive loss : 2.64, negtive loss : 3.86, worst lambd: 4.81, worst gap: 0.13:  85%|████████▌ | 850/1000 [07:30<01:19,  1.90it/s]
Epoch 859 | postive loss : 2.63, negtive loss : 3.87, worst lambd: 4.97, worst gap: 0.20:  86%|████████▌ | 860/1000 [07:36<01:13,  1.90it/s]
Epoch 869 | postive loss : 2.62, negtive loss : 3.90, worst lambd: 4.89, worst gap: 0.13:  87%|████████▋ | 870/1000 [07:41<01:08,  1.90it/s]
Epoch 879 | postive loss : 2.61, negtive loss : 3.91, worst lambd: 4.85, worst gap: 0.18:  88%|████████▊ | 880/1000 [07:46<01:03,  1.90it/s]
Epoch 889 | postive loss : 2.60, negtive loss : 3.93, worst lambd: 4.89, worst gap: 0.18:  89%|████████▉ | 890/1000 [07:51<00:57,  1.90it/s]
Epoch 899 | postive loss : 2.58, negtive loss : 3.94, worst lambd: 4.90, worst gap: 0.13:  90%|█████████ | 900/1000 [07:57<00:52,  1.90it/s]
Epoch 909 | postive loss : 2.57, negtive loss : 3.96, worst lambd: 4.77, worst gap: 0.18:  91%|█████████ | 910/1000 [08:02<00:47,  1.90it/s]
Epoch 919 | postive loss : 2.57, negtive loss : 3.98, worst lambd: 4.93, worst gap: 0.18:  92%|█████████▏| 920/1000 [08:07<00:42,  1.90it/s]
Epoch 929 | postive loss : 2.55, negtive loss : 3.99, worst lambd: 4.79, worst gap: 0.18:  93%|█████████▎| 930/1000 [08:12<00:36,  1.90it/s]
Epoch 939 | postive loss : 2.54, negtive loss : 4.00, worst lambd: 4.92, worst gap: 0.19:  94%|█████████▍| 940/1000 [08:18<00:31,  1.90it/s]
Epoch 949 | postive loss : 2.53, negtive loss : 4.02, worst lambd: 4.93, worst gap: 0.17:  95%|█████████▌| 950/1000 [08:23<00:26,  1.90it/s]
Epoch 959 | postive loss : 2.52, negtive loss : 4.04, worst lambd: 4.89, worst gap: 0.16:  96%|█████████▌| 960/1000 [08:28<00:21,  1.90it/s]
Epoch 969 | postive loss : 2.51, negtive loss : 4.05, worst lambd: 4.74, worst gap: 0.28:  97%|█████████▋| 970/1000 [08:33<00:15,  1.90it/s]
Epoch 979 | postive loss : 2.50, negtive loss : 4.06, worst lambd: 4.79, worst gap: 0.14:  98%|█████████▊| 980/1000 [08:39<00:10,  1.90it/s]
Epoch 989 | postive loss : 2.49, negtive loss : 4.07, worst lambd: 4.85, worst gap: 0.24:  99%|█████████▉| 990/1000 [08:44<00:05,  1.90it/s]
Epoch 999 | postive loss : 2.49, negtive loss : 4.10, worst lambd: 4.77, worst gap: 0.18: 100%|██████████| 1000/1000 [08:49<00:00,  1.90it/s]
Epoch 999 | postive loss : 2.49, negtive loss : 4.10, worst lambd: 4.77, worst gap: 0.18: 100%|██████████| 1000/1000 [08:49<00:00,  1.89it/s]
Info : finish model training
Info : save model sucessfully
Info : save sucessfully

2023-03-15 23:41:08
alpha: 0.1    batchsize: 128    dim: 128    epoch: 1000    gapMax_defi: -1    gapMax_prim: -0.5    lambdaMax: 0.2    learningrate: 0.002    lrdecay: 1    lrdecayEpoch: 250    modelname: SN2E    momentum: 0    negtsamplenum: 128    optimizer: Adam    vmax: 10    vmin: 0.1    weightdecay: 0    
INFO -- prepare : Init model SN2E
INFO -- prepare : set model cuda: 1
INFO -- prepare : Model initialization complete
INFO -- prepare : Init optimizer
INFO -- prepare : Finish preparing Optimizer...
Info -- : start model training

  0%|          | 0/1000 [00:00<?, ?it/s]
Epoch 9 | postive loss : 6383.66, negtive loss : 6507.96, worst lambd: 10538.75, worst gap: 1188.51:   1%|          | 10/1000 [00:05<09:09,  1.80it/s]
Epoch 19 | postive loss : 5053.28, negtive loss : 5209.64, worst lambd: 9109.78, worst gap: 851.48:   2%|▏         | 20/1000 [00:10<08:53,  1.84it/s] 
Epoch 29 | postive loss : 4029.23, negtive loss : 4200.24, worst lambd: 7836.92, worst gap: 631.41:   3%|▎         | 30/1000 [00:16<08:45,  1.85it/s]
Epoch 39 | postive loss : 3222.31, negtive loss : 3397.31, worst lambd: 6558.40, worst gap: 436.21:   4%|▍         | 40/1000 [00:21<08:38,  1.85it/s]
Epoch 49 | postive loss : 2578.62, negtive loss : 2746.21, worst lambd: 5581.60, worst gap: 364.01:   5%|▌         | 50/1000 [00:27<08:32,  1.85it/s]
Epoch 59 | postive loss : 2061.71, negtive loss : 2221.47, worst lambd: 4754.48, worst gap: 294.93:   6%|▌         | 60/1000 [00:32<08:26,  1.86it/s]
Epoch 69 | postive loss : 1645.05, negtive loss : 1793.77, worst lambd: 4681.60, worst gap: 203.40:   7%|▋         | 70/1000 [00:37<08:20,  1.86it/s]
Epoch 79 | postive loss : 1308.70, negtive loss : 1444.40, worst lambd: 4590.92, worst gap: 173.22:   8%|▊         | 80/1000 [00:43<08:14,  1.86it/s]
Epoch 89 | postive loss : 1036.96, negtive loss : 1160.06, worst lambd: 4490.65, worst gap: 132.11:   9%|▉         | 90/1000 [00:48<08:09,  1.86it/s]
Epoch 99 | postive loss : 817.68, negtive loss : 927.75, worst lambd: 4386.08, worst gap: 95.57:  10%|█         | 100/1000 [00:53<08:03,  1.86it/s]  
Epoch 109 | postive loss : 641.08, negtive loss : 738.39, worst lambd: 4268.54, worst gap: 72.82:  11%|█         | 110/1000 [00:59<07:58,  1.86it/s]
Epoch 119 | postive loss : 499.54, negtive loss : 584.38, worst lambd: 4149.14, worst gap: 50.47:  12%|█▏        | 120/1000 [01:04<07:52,  1.86it/s]
Epoch 129 | postive loss : 386.48, negtive loss : 459.51, worst lambd: 4027.36, worst gap: 33.97:  13%|█▎        | 130/1000 [01:10<07:47,  1.86it/s]
Epoch 139 | postive loss : 296.71, negtive loss : 359.28, worst lambd: 3896.40, worst gap: 22.70:  14%|█▍        | 140/1000 [01:15<07:42,  1.86it/s]
Epoch 149 | postive loss : 225.87, negtive loss : 279.10, worst lambd: 3763.62, worst gap: 14.72:  15%|█▌        | 150/1000 [01:20<07:36,  1.86it/s]
Epoch 159 | postive loss : 170.42, negtive loss : 214.86, worst lambd: 3627.58, worst gap: 10.32:  16%|█▌        | 160/1000 [01:26<07:31,  1.86it/s]
Epoch 169 | postive loss : 127.45, negtive loss : 165.36, worst lambd: 3487.34, worst gap: 7.10:  17%|█▋        | 170/1000 [01:31<07:26,  1.86it/s] 
Epoch 179 | postive loss : 94.48, negtive loss : 125.42, worst lambd: 3343.64, worst gap: 4.89:  18%|█▊        | 180/1000 [01:36<07:20,  1.86it/s] 
Epoch 189 | postive loss : 69.46, negtive loss : 94.77, worst lambd: 3195.98, worst gap: 3.59:  19%|█▉        | 190/1000 [01:42<07:15,  1.86it/s] 
Epoch 199 | postive loss : 50.70, negtive loss : 70.98, worst lambd: 3046.17, worst gap: 2.65:  20%|██        | 200/1000 [01:47<07:09,  1.86it/s]
Epoch 209 | postive loss : 36.81, negtive loss : 53.15, worst lambd: 2890.66, worst gap: 1.75:  21%|██        | 210/1000 [01:53<07:04,  1.86it/s]
Epoch 219 | postive loss : 26.66, negtive loss : 39.71, worst lambd: 2733.08, worst gap: 1.06:  22%|██▏       | 220/1000 [01:58<06:58,  1.86it/s]
Epoch 229 | postive loss : 19.32, negtive loss : 29.56, worst lambd: 2574.38, worst gap: 0.91:  23%|██▎       | 230/1000 [02:03<06:53,  1.86it/s]
Epoch 239 | postive loss : 14.08, negtive loss : 22.19, worst lambd: 2414.76, worst gap: 0.81:  24%|██▍       | 240/1000 [02:09<06:47,  1.86it/s]
Epoch 249 | postive loss : 10.39, negtive loss : 16.79, worst lambd: 2255.19, worst gap: 0.78:  25%|██▌       | 250/1000 [02:14<06:42,  1.86it/s]
Epoch 259 | postive loss : 7.85, negtive loss : 12.73, worst lambd: 2096.11, worst gap: 0.69:  26%|██▌       | 260/1000 [02:19<06:37,  1.86it/s] 
Epoch 269 | postive loss : 6.17, negtive loss : 9.85, worst lambd: 1939.13, worst gap: 0.76:  27%|██▋       | 270/1000 [02:25<06:31,  1.86it/s] 
Epoch 279 | postive loss : 5.09, negtive loss : 7.94, worst lambd: 1785.91, worst gap: 0.72:  28%|██▊       | 280/1000 [02:30<06:26,  1.86it/s]
Epoch 289 | postive loss : 4.42, negtive loss : 6.61, worst lambd: 1636.47, worst gap: 0.63:  29%|██▉       | 290/1000 [02:35<06:21,  1.86it/s]
Epoch 299 | postive loss : 3.99, negtive loss : 5.62, worst lambd: 1493.82, worst gap: 0.60:  30%|███       | 300/1000 [02:41<06:15,  1.86it/s]
Epoch 309 | postive loss : 3.72, negtive loss : 5.02, worst lambd: 1356.06, worst gap: 0.54:  31%|███       | 310/1000 [02:46<06:10,  1.86it/s]
Epoch 319 | postive loss : 3.53, negtive loss : 4.55, worst lambd: 1226.26, worst gap: 0.51:  32%|███▏      | 320/1000 [02:52<06:05,  1.86it/s]
Epoch 329 | postive loss : 3.38, negtive loss : 4.24, worst lambd: 1103.66, worst gap: 0.42:  33%|███▎      | 330/1000 [02:57<06:00,  1.86it/s]
Epoch 339 | postive loss : 3.27, negtive loss : 3.97, worst lambd: 988.68, worst gap: 0.39:  34%|███▍      | 340/1000 [03:02<05:54,  1.86it/s] 
Epoch 349 | postive loss : 3.18, negtive loss : 3.84, worst lambd: 882.78, worst gap: 0.38:  35%|███▌      | 350/1000 [03:08<05:49,  1.86it/s]
Epoch 359 | postive loss : 3.11, negtive loss : 3.68, worst lambd: 785.88, worst gap: 0.36:  36%|███▌      | 360/1000 [03:13<05:44,  1.86it/s]
Epoch 369 | postive loss : 3.04, negtive loss : 3.59, worst lambd: 694.82, worst gap: 0.23:  37%|███▋      | 370/1000 [03:18<05:38,  1.86it/s]
Epoch 379 | postive loss : 2.98, negtive loss : 3.50, worst lambd: 610.45, worst gap: 0.33:  38%|███▊      | 380/1000 [03:24<05:33,  1.86it/s]
Epoch 389 | postive loss : 2.93, negtive loss : 3.45, worst lambd: 535.66, worst gap: 0.29:  39%|███▉      | 390/1000 [03:29<05:27,  1.86it/s]
Epoch 399 | postive loss : 2.88, negtive loss : 3.40, worst lambd: 473.53, worst gap: 0.27:  40%|████      | 400/1000 [03:35<05:22,  1.86it/s]
Epoch 409 | postive loss : 2.84, negtive loss : 3.37, worst lambd: 410.36, worst gap: 0.25:  41%|████      | 410/1000 [03:40<05:17,  1.86it/s]
Epoch 419 | postive loss : 2.80, negtive loss : 3.35, worst lambd: 356.00, worst gap: 0.20:  42%|████▏     | 420/1000 [03:45<05:11,  1.86it/s]
Epoch 429 | postive loss : 2.76, negtive loss : 3.34, worst lambd: 308.70, worst gap: 0.22:  43%|████▎     | 430/1000 [03:51<05:06,  1.86it/s]
Epoch 439 | postive loss : 2.73, negtive loss : 3.33, worst lambd: 267.23, worst gap: 0.11:  44%|████▍     | 440/1000 [03:56<05:00,  1.86it/s]
Epoch 449 | postive loss : 2.69, negtive loss : 3.34, worst lambd: 231.70, worst gap: 0.14:  45%|████▌     | 450/1000 [04:01<04:55,  1.86it/s]
Epoch 459 | postive loss : 2.66, negtive loss : 3.34, worst lambd: 197.92, worst gap: 0.10:  46%|████▌     | 460/1000 [04:07<04:49,  1.86it/s]
Epoch 469 | postive loss : 2.63, negtive loss : 3.34, worst lambd: 169.25, worst gap: 0.21:  47%|████▋     | 470/1000 [04:12<04:44,  1.86it/s]
Epoch 479 | postive loss : 2.60, negtive loss : 3.35, worst lambd: 144.38, worst gap: 0.09:  48%|████▊     | 480/1000 [04:17<04:39,  1.86it/s]
Epoch 489 | postive loss : 2.58, negtive loss : 3.36, worst lambd: 122.12, worst gap: 0.11:  49%|████▉     | 490/1000 [04:23<04:33,  1.86it/s]
Epoch 499 | postive loss : 2.55, negtive loss : 3.37, worst lambd: 103.13, worst gap: 0.18:  50%|█████     | 500/1000 [04:28<04:28,  1.86it/s]
Epoch 509 | postive loss : 2.52, negtive loss : 3.39, worst lambd: 86.67, worst gap: 0.07:  51%|█████     | 510/1000 [04:34<04:22,  1.86it/s] 
Epoch 519 | postive loss : 2.49, negtive loss : 3.40, worst lambd: 72.86, worst gap: 0.07:  52%|█████▏    | 520/1000 [04:39<04:17,  1.86it/s]
Epoch 529 | postive loss : 2.46, negtive loss : 3.42, worst lambd: 60.76, worst gap: 0.17:  53%|█████▎    | 530/1000 [04:44<04:12,  1.86it/s]
Epoch 539 | postive loss : 2.44, negtive loss : 3.44, worst lambd: 50.89, worst gap: 0.19:  54%|█████▍    | 540/1000 [04:50<04:07,  1.86it/s]
Epoch 549 | postive loss : 2.41, negtive loss : 3.46, worst lambd: 42.62, worst gap: 0.05:  55%|█████▌    | 550/1000 [04:55<04:01,  1.86it/s]
Epoch 559 | postive loss : 2.37, negtive loss : 3.48, worst lambd: 35.97, worst gap: 0.12:  56%|█████▌    | 560/1000 [05:00<03:56,  1.86it/s]
Epoch 569 | postive loss : 2.35, negtive loss : 3.51, worst lambd: 30.43, worst gap: 0.08:  57%|█████▋    | 570/1000 [05:06<03:50,  1.86it/s]
Epoch 579 | postive loss : 2.32, negtive loss : 3.54, worst lambd: 25.68, worst gap: 0.13:  58%|█████▊    | 580/1000 [05:11<03:45,  1.87it/s]
Epoch 589 | postive loss : 2.29, negtive loss : 3.56, worst lambd: 21.76, worst gap: 0.13:  59%|█████▉    | 590/1000 [05:17<03:39,  1.87it/s]
Epoch 599 | postive loss : 2.26, negtive loss : 3.58, worst lambd: 18.50, worst gap: 0.13:  60%|██████    | 600/1000 [05:22<03:34,  1.87it/s]
Epoch 609 | postive loss : 2.23, negtive loss : 3.61, worst lambd: 15.76, worst gap: 0.06:  61%|██████    | 610/1000 [05:27<03:28,  1.87it/s]
Epoch 619 | postive loss : 2.21, negtive loss : 3.63, worst lambd: 13.55, worst gap: 0.10:  62%|██████▏   | 620/1000 [05:33<03:23,  1.87it/s]
Epoch 629 | postive loss : 2.18, negtive loss : 3.65, worst lambd: 11.63, worst gap: 0.11:  63%|██████▎   | 630/1000 [05:38<03:17,  1.87it/s]
Epoch 639 | postive loss : 2.16, negtive loss : 3.68, worst lambd: 9.93, worst gap: 0.13:  64%|██████▍   | 640/1000 [05:43<03:12,  1.87it/s] 
Epoch 649 | postive loss : 2.14, negtive loss : 3.70, worst lambd: 8.51, worst gap: 0.12:  65%|██████▌   | 650/1000 [05:49<03:07,  1.87it/s]
Epoch 659 | postive loss : 2.11, negtive loss : 3.71, worst lambd: 7.40, worst gap: 0.12:  66%|██████▌   | 660/1000 [05:54<03:01,  1.87it/s]
Epoch 669 | postive loss : 2.09, negtive loss : 3.74, worst lambd: 6.42, worst gap: 0.12:  67%|██████▋   | 670/1000 [05:59<02:56,  1.87it/s]
Epoch 679 | postive loss : 2.07, negtive loss : 3.75, worst lambd: 5.60, worst gap: 0.12:  68%|██████▊   | 680/1000 [06:05<02:51,  1.87it/s]
Epoch 689 | postive loss : 2.06, negtive loss : 3.78, worst lambd: 4.92, worst gap: 0.15:  69%|██████▉   | 690/1000 [06:10<02:45,  1.87it/s]
Epoch 699 | postive loss : 2.04, negtive loss : 3.79, worst lambd: 4.40, worst gap: 0.16:  70%|███████   | 700/1000 [06:15<02:40,  1.87it/s]
Epoch 709 | postive loss : 2.03, negtive loss : 3.81, worst lambd: 4.39, worst gap: 0.17:  71%|███████   | 710/1000 [06:21<02:35,  1.87it/s]
Epoch 719 | postive loss : 2.01, negtive loss : 3.83, worst lambd: 4.41, worst gap: 0.14:  72%|███████▏  | 720/1000 [06:26<02:29,  1.87it/s]
Epoch 729 | postive loss : 1.99, negtive loss : 3.84, worst lambd: 4.45, worst gap: 0.14:  73%|███████▎  | 730/1000 [06:31<02:24,  1.87it/s]
Epoch 739 | postive loss : 1.98, negtive loss : 3.86, worst lambd: 4.41, worst gap: 0.10:  74%|███████▍  | 740/1000 [06:37<02:19,  1.87it/s]
Epoch 749 | postive loss : 1.97, negtive loss : 3.87, worst lambd: 4.34, worst gap: 0.11:  75%|███████▌  | 750/1000 [06:42<02:13,  1.87it/s]
Epoch 759 | postive loss : 1.95, negtive loss : 3.88, worst lambd: 4.32, worst gap: 0.12:  76%|███████▌  | 760/1000 [06:47<02:08,  1.87it/s]
Epoch 769 | postive loss : 1.94, negtive loss : 3.90, worst lambd: 4.37, worst gap: 0.13:  77%|███████▋  | 770/1000 [06:53<02:03,  1.87it/s]
Epoch 779 | postive loss : 1.93, negtive loss : 3.91, worst lambd: 4.32, worst gap: 0.13:  78%|███████▊  | 780/1000 [06:58<01:57,  1.87it/s]
Epoch 789 | postive loss : 1.91, negtive loss : 3.92, worst lambd: 4.29, worst gap: 0.11:  79%|███████▉  | 790/1000 [07:04<01:52,  1.87it/s]
Epoch 799 | postive loss : 1.90, negtive loss : 3.94, worst lambd: 4.22, worst gap: 0.11:  80%|████████  | 800/1000 [07:09<01:47,  1.87it/s]
Epoch 809 | postive loss : 1.90, negtive loss : 3.96, worst lambd: 4.29, worst gap: 0.13:  81%|████████  | 810/1000 [07:14<01:41,  1.87it/s]
Epoch 819 | postive loss : 1.89, negtive loss : 3.97, worst lambd: 4.24, worst gap: 0.12:  82%|████████▏ | 820/1000 [07:20<01:36,  1.87it/s]
Epoch 829 | postive loss : 1.87, negtive loss : 3.98, worst lambd: 4.25, worst gap: 0.12:  83%|████████▎ | 830/1000 [07:25<01:31,  1.87it/s]
Epoch 839 | postive loss : 1.86, negtive loss : 3.98, worst lambd: 4.23, worst gap: 0.12:  84%|████████▍ | 840/1000 [07:30<01:25,  1.87it/s]
Epoch 849 | postive loss : 1.85, negtive loss : 4.00, worst lambd: 4.28, worst gap: 0.07:  85%|████████▌ | 850/1000 [07:36<01:20,  1.87it/s]
Epoch 859 | postive loss : 1.84, negtive loss : 4.02, worst lambd: 4.25, worst gap: 0.13:  86%|████████▌ | 860/1000 [07:41<01:15,  1.86it/s]
Epoch 869 | postive loss : 1.83, negtive loss : 4.03, worst lambd: 4.13, worst gap: 0.14:  87%|████████▋ | 870/1000 [07:46<01:09,  1.87it/s]
Epoch 879 | postive loss : 1.82, negtive loss : 4.04, worst lambd: 4.20, worst gap: 0.14:  88%|████████▊ | 880/1000 [07:52<01:04,  1.87it/s]
Epoch 889 | postive loss : 1.81, negtive loss : 4.06, worst lambd: 4.23, worst gap: 0.08:  89%|████████▉ | 890/1000 [07:57<00:59,  1.85it/s]
Epoch 899 | postive loss : 1.81, negtive loss : 4.07, worst lambd: 4.22, worst gap: 0.17:  90%|█████████ | 900/1000 [08:03<00:54,  1.85it/s]
Epoch 909 | postive loss : 1.80, negtive loss : 4.08, worst lambd: 4.20, worst gap: 0.17:  91%|█████████ | 910/1000 [08:08<00:48,  1.86it/s]
Epoch 919 | postive loss : 1.79, negtive loss : 4.09, worst lambd: 4.20, worst gap: 0.17:  92%|█████████▏| 920/1000 [08:13<00:43,  1.86it/s]
Epoch 929 | postive loss : 1.78, negtive loss : 4.10, worst lambd: 4.21, worst gap: 0.14:  93%|█████████▎| 930/1000 [08:19<00:37,  1.86it/s]
Epoch 939 | postive loss : 1.77, negtive loss : 4.12, worst lambd: 4.24, worst gap: 0.08:  94%|█████████▍| 940/1000 [08:24<00:32,  1.86it/s]
Epoch 949 | postive loss : 1.76, negtive loss : 4.14, worst lambd: 4.21, worst gap: 0.09:  95%|█████████▌| 950/1000 [08:29<00:26,  1.86it/s]
Epoch 959 | postive loss : 1.75, negtive loss : 4.14, worst lambd: 4.16, worst gap: 0.11:  96%|█████████▌| 960/1000 [08:35<00:21,  1.86it/s]
Epoch 969 | postive loss : 1.74, negtive loss : 4.16, worst lambd: 4.15, worst gap: 0.09:  97%|█████████▋| 970/1000 [08:40<00:16,  1.87it/s]
Epoch 979 | postive loss : 1.74, negtive loss : 4.18, worst lambd: 4.06, worst gap: 0.13:  98%|█████████▊| 980/1000 [08:46<00:10,  1.87it/s]
Epoch 989 | postive loss : 1.73, negtive loss : 4.18, worst lambd: 4.05, worst gap: 0.11:  99%|█████████▉| 990/1000 [08:51<00:05,  1.86it/s]
Epoch 999 | postive loss : 1.72, negtive loss : 4.19, worst lambd: 4.05, worst gap: 0.11: 100%|██████████| 1000/1000 [08:56<00:00,  1.86it/s]
Epoch 999 | postive loss : 1.72, negtive loss : 4.19, worst lambd: 4.05, worst gap: 0.11: 100%|██████████| 1000/1000 [08:56<00:00,  1.86it/s]
Info : finish model training
Info : save model sucessfully
Info : save sucessfully

2023-03-15 23:55:30
alpha: 1    batchsize: 128    dim: 128    epoch: 500    gapMax_defi: -1    gapMax_prim: -0.5    lambdaMax: 0.2    learningrate: 0.002    lrdecay: 1    lrdecayEpoch: 250    modelname: SN2E    momentum: 0    negtsamplenum: 128    optimizer: Adam    vmax: 10    vmin: 0.1    weightdecay: 0    
INFO -- prepare : Init model SN2E
INFO -- prepare : set model cuda: 1
INFO -- prepare : Model initialization complete
INFO -- prepare : Init optimizer
INFO -- prepare : Finish preparing Optimizer...
Info -- : start model training

  0%|          | 0/500 [00:00<?, ?it/s]
Epoch 9 | postive loss : 6315.76, negtive loss : 6426.35, worst lambd: 10128.58, worst gap: 1256.00:   2%|▏         | 10/500 [00:05<04:28,  1.83it/s]
Epoch 19 | postive loss : 5004.39, negtive loss : 5150.78, worst lambd: 8381.49, worst gap: 939.08:   4%|▍         | 20/500 [00:10<04:19,  1.85it/s] 
Epoch 29 | postive loss : 3990.33, negtive loss : 4150.85, worst lambd: 7263.19, worst gap: 680.70:   6%|▌         | 30/500 [00:16<04:12,  1.86it/s]
Epoch 39 | postive loss : 3189.95, negtive loss : 3353.76, worst lambd: 6431.64, worst gap: 520.71:   8%|▊         | 40/500 [00:21<04:07,  1.86it/s]
Epoch 49 | postive loss : 2551.36, negtive loss : 2711.94, worst lambd: 5517.34, worst gap: 384.84:  10%|█         | 50/500 [00:26<04:01,  1.87it/s]
Epoch 59 | postive loss : 2038.75, negtive loss : 2190.02, worst lambd: 4808.25, worst gap: 289.23:  12%|█▏        | 60/500 [00:32<03:55,  1.87it/s]
Epoch 69 | postive loss : 1625.78, negtive loss : 1767.97, worst lambd: 4293.50, worst gap: 218.69:  14%|█▍        | 70/500 [00:37<03:49,  1.87it/s]
Epoch 79 | postive loss : 1292.38, negtive loss : 1422.37, worst lambd: 4209.26, worst gap: 160.58:  16%|█▌        | 80/500 [00:42<03:44,  1.87it/s]
Epoch 89 | postive loss : 1023.32, negtive loss : 1140.19, worst lambd: 4113.80, worst gap: 120.32:  18%|█▊        | 90/500 [00:48<03:38,  1.88it/s]
Epoch 99 | postive loss : 806.39, negtive loss : 911.57, worst lambd: 4011.02, worst gap: 86.35:  20%|██        | 100/500 [00:53<03:33,  1.88it/s]  
Epoch 109 | postive loss : 631.89, negtive loss : 723.88, worst lambd: 3903.08, worst gap: 61.44:  22%|██▏       | 110/500 [00:58<03:27,  1.88it/s]
Epoch 119 | postive loss : 492.03, negtive loss : 572.48, worst lambd: 3793.93, worst gap: 46.26:  24%|██▍       | 120/500 [01:04<03:22,  1.88it/s]
Epoch 129 | postive loss : 380.39, negtive loss : 450.57, worst lambd: 3674.71, worst gap: 30.89:  26%|██▌       | 130/500 [01:09<03:17,  1.88it/s]
Epoch 139 | postive loss : 291.73, negtive loss : 351.62, worst lambd: 3554.70, worst gap: 23.27:  28%|██▊       | 140/500 [01:14<03:11,  1.88it/s]
Epoch 149 | postive loss : 221.87, negtive loss : 272.18, worst lambd: 3436.18, worst gap: 15.64:  30%|███       | 150/500 [01:20<03:06,  1.88it/s]
Epoch 159 | postive loss : 167.24, negtive loss : 209.49, worst lambd: 3303.34, worst gap: 10.43:  32%|███▏      | 160/500 [01:25<03:01,  1.88it/s]
Epoch 169 | postive loss : 124.92, negtive loss : 159.77, worst lambd: 3170.99, worst gap: 6.69:  34%|███▍      | 170/500 [01:30<02:55,  1.88it/s] 
Epoch 179 | postive loss : 92.49, negtive loss : 121.38, worst lambd: 3036.55, worst gap: 4.54:  36%|███▌      | 180/500 [01:36<02:50,  1.88it/s] 
Epoch 189 | postive loss : 67.91, negtive loss : 91.60, worst lambd: 2900.12, worst gap: 2.93:  38%|███▊      | 190/500 [01:41<02:45,  1.87it/s] 
Epoch 199 | postive loss : 49.49, negtive loss : 68.64, worst lambd: 2756.71, worst gap: 1.84:  40%|████      | 200/500 [01:46<02:40,  1.87it/s]
Epoch 209 | postive loss : 35.87, negtive loss : 51.23, worst lambd: 2613.67, worst gap: 1.17:  42%|████▏     | 210/500 [01:52<02:35,  1.87it/s]
Epoch 219 | postive loss : 25.92, negtive loss : 38.03, worst lambd: 2470.74, worst gap: 0.90:  44%|████▍     | 220/500 [01:57<02:29,  1.87it/s]
Epoch 229 | postive loss : 18.74, negtive loss : 28.21, worst lambd: 2317.47, worst gap: 0.90:  46%|████▌     | 230/500 [02:02<02:24,  1.87it/s]
Epoch 239 | postive loss : 13.63, negtive loss : 20.91, worst lambd: 2168.93, worst gap: 0.94:  48%|████▊     | 240/500 [02:08<02:18,  1.87it/s]
Epoch 249 | postive loss : 10.04, negtive loss : 15.81, worst lambd: 2021.48, worst gap: 0.75:  50%|█████     | 250/500 [02:13<02:13,  1.87it/s]
Epoch 259 | postive loss : 7.59, negtive loss : 11.94, worst lambd: 1868.83, worst gap: 0.89:  52%|█████▏    | 260/500 [02:18<02:08,  1.87it/s] 
Epoch 269 | postive loss : 5.99, negtive loss : 9.26, worst lambd: 1724.59, worst gap: 0.84:  54%|█████▍    | 270/500 [02:24<02:02,  1.87it/s] 
Epoch 279 | postive loss : 4.97, negtive loss : 7.42, worst lambd: 1578.47, worst gap: 0.86:  56%|█████▌    | 280/500 [02:29<01:57,  1.87it/s]
Epoch 289 | postive loss : 4.35, negtive loss : 6.17, worst lambd: 1439.44, worst gap: 0.77:  58%|█████▊    | 290/500 [02:34<01:52,  1.87it/s]
Epoch 299 | postive loss : 3.97, negtive loss : 5.27, worst lambd: 1305.40, worst gap: 0.78:  60%|██████    | 300/500 [02:40<01:46,  1.87it/s]
Epoch 309 | postive loss : 3.73, negtive loss : 4.72, worst lambd: 1183.15, worst gap: 0.82:  62%|██████▏   | 310/500 [02:45<01:41,  1.87it/s]
Epoch 319 | postive loss : 3.56, negtive loss : 4.36, worst lambd: 1057.42, worst gap: 0.74:  64%|██████▍   | 320/500 [02:51<01:36,  1.87it/s]
Epoch 329 | postive loss : 3.45, negtive loss : 4.05, worst lambd: 945.58, worst gap: 0.66:  66%|██████▌   | 330/500 [02:56<01:30,  1.87it/s] 
Epoch 339 | postive loss : 3.36, negtive loss : 3.85, worst lambd: 840.35, worst gap: 0.81:  68%|██████▊   | 340/500 [03:01<01:25,  1.87it/s]
Epoch 349 | postive loss : 3.30, negtive loss : 3.70, worst lambd: 741.62, worst gap: 0.73:  70%|███████   | 350/500 [03:07<01:20,  1.87it/s]
Epoch 359 | postive loss : 3.25, negtive loss : 3.58, worst lambd: 652.19, worst gap: 0.72:  72%|███████▏  | 360/500 [03:12<01:14,  1.87it/s]
Epoch 369 | postive loss : 3.21, negtive loss : 3.49, worst lambd: 571.08, worst gap: 0.57:  74%|███████▍  | 370/500 [03:17<01:09,  1.87it/s]
Epoch 379 | postive loss : 3.17, negtive loss : 3.45, worst lambd: 498.19, worst gap: 0.51:  76%|███████▌  | 380/500 [03:23<01:04,  1.87it/s]
Epoch 389 | postive loss : 3.14, negtive loss : 3.39, worst lambd: 432.10, worst gap: 0.43:  78%|███████▊  | 390/500 [03:28<00:58,  1.87it/s]
Epoch 399 | postive loss : 3.12, negtive loss : 3.35, worst lambd: 372.00, worst gap: 0.50:  80%|████████  | 400/500 [03:33<00:53,  1.87it/s]
Epoch 409 | postive loss : 3.09, negtive loss : 3.33, worst lambd: 319.63, worst gap: 0.36:  82%|████████▏ | 410/500 [03:39<00:48,  1.87it/s]
Epoch 419 | postive loss : 3.07, negtive loss : 3.31, worst lambd: 273.24, worst gap: 0.35:  84%|████████▍ | 420/500 [03:44<00:42,  1.87it/s]
Epoch 429 | postive loss : 3.06, negtive loss : 3.30, worst lambd: 232.67, worst gap: 0.33:  86%|████████▌ | 430/500 [03:49<00:37,  1.87it/s]
Epoch 439 | postive loss : 3.04, negtive loss : 3.30, worst lambd: 198.17, worst gap: 0.62:  88%|████████▊ | 440/500 [03:55<00:32,  1.87it/s]
Epoch 449 | postive loss : 3.03, negtive loss : 3.30, worst lambd: 168.03, worst gap: 0.27:  90%|█████████ | 450/500 [04:00<00:26,  1.87it/s]
Epoch 459 | postive loss : 3.02, negtive loss : 3.30, worst lambd: 143.42, worst gap: 0.53:  92%|█████████▏| 460/500 [04:05<00:21,  1.87it/s]
Epoch 469 | postive loss : 3.01, negtive loss : 3.30, worst lambd: 119.78, worst gap: 0.17:  94%|█████████▍| 470/500 [04:11<00:16,  1.87it/s]
Epoch 479 | postive loss : 3.00, negtive loss : 3.31, worst lambd: 100.72, worst gap: 0.21:  96%|█████████▌| 480/500 [04:16<00:10,  1.87it/s]
Epoch 489 | postive loss : 2.99, negtive loss : 3.31, worst lambd: 84.49, worst gap: 0.14:  98%|█████████▊| 490/500 [04:21<00:05,  1.87it/s] 
Epoch 499 | postive loss : 2.98, negtive loss : 3.32, worst lambd: 70.67, worst gap: 0.15: 100%|██████████| 500/500 [04:27<00:00,  1.87it/s]
Epoch 499 | postive loss : 2.98, negtive loss : 3.32, worst lambd: 70.67, worst gap: 0.15: 100%|██████████| 500/500 [04:27<00:00,  1.87it/s]
Info : finish model training
Info : save model sucessfully
Info : save sucessfully

2023-03-16 00:42:06
alpha: 1    batchsize: 128    dim: 128    epoch: 500    gapMax_defi: -1    gapMax_prim: -0.5    lambdaMax: 0.2    learningrate: 0.005    lrdecay: 1    lrdecayEpoch: 250    modelname: SN2E    momentum: 0    negtsamplenum: 128    optimizer: Adam    vmax: 10    vmin: 0.1    weightdecay: 0    
INFO -- prepare : Init model SN2E
INFO -- prepare : set model cuda: 1
INFO -- prepare : Model initialization complete
INFO -- prepare : Init optimizer
INFO -- prepare : Finish preparing Optimizer...
Info -- : start model training

  0%|          | 0/500 [00:00<?, ?it/s]
Epoch 9 | postive loss : 4570.70, negtive loss : 4725.63, worst lambd: 8233.11, worst gap: 822.78:   2%|▏         | 10/500 [00:05<04:24,  1.85it/s]
Epoch 19 | postive loss : 2641.49, negtive loss : 2802.90, worst lambd: 5928.04, worst gap: 454.57:   4%|▍         | 20/500 [00:10<04:15,  1.88it/s]
Epoch 29 | postive loss : 1552.14, negtive loss : 1691.83, worst lambd: 4955.82, worst gap: 226.08:   6%|▌         | 30/500 [00:15<04:09,  1.89it/s]
Epoch 39 | postive loss : 918.27, negtive loss : 1027.14, worst lambd: 4744.46, worst gap: 117.72:   8%|▊         | 40/500 [00:21<04:03,  1.89it/s] 
Epoch 49 | postive loss : 543.81, negtive loss : 625.40, worst lambd: 4521.03, worst gap: 54.57:  10%|█         | 50/500 [00:26<03:57,  1.90it/s]  
Epoch 59 | postive loss : 320.99, negtive loss : 380.43, worst lambd: 4264.69, worst gap: 30.17:  12%|█▏        | 60/500 [00:31<03:51,  1.90it/s]
Epoch 69 | postive loss : 188.48, negtive loss : 230.00, worst lambd: 4003.27, worst gap: 14.94:  14%|█▍        | 70/500 [00:36<03:46,  1.90it/s]
Epoch 79 | postive loss : 110.09, negtive loss : 138.53, worst lambd: 3740.14, worst gap: 8.64:  16%|█▌        | 80/500 [00:42<03:40,  1.90it/s] 
Epoch 89 | postive loss : 64.23, negtive loss : 83.27, worst lambd: 3469.79, worst gap: 4.50:  18%|█▊        | 90/500 [00:47<03:35,  1.90it/s]  
Epoch 99 | postive loss : 37.79, negtive loss : 50.38, worst lambd: 3194.30, worst gap: 2.57:  20%|██        | 100/500 [00:52<03:30,  1.90it/s]
Epoch 109 | postive loss : 22.75, negtive loss : 30.78, worst lambd: 2917.36, worst gap: 1.31:  22%|██▏       | 110/500 [00:57<03:24,  1.90it/s]
Epoch 119 | postive loss : 14.27, negtive loss : 19.42, worst lambd: 2639.85, worst gap: 0.95:  24%|██▍       | 120/500 [01:03<03:19,  1.90it/s]
Epoch 129 | postive loss : 9.46, negtive loss : 12.59, worst lambd: 2364.64, worst gap: 0.94:  26%|██▌       | 130/500 [01:08<03:14,  1.90it/s] 
Epoch 139 | postive loss : 6.69, negtive loss : 8.60, worst lambd: 2097.04, worst gap: 0.94:  28%|██▊       | 140/500 [01:13<03:09,  1.90it/s] 
Epoch 149 | postive loss : 5.10, negtive loss : 6.25, worst lambd: 1835.19, worst gap: 0.93:  30%|███       | 150/500 [01:19<03:03,  1.90it/s]
Epoch 159 | postive loss : 4.25, negtive loss : 4.88, worst lambd: 1587.26, worst gap: 0.91:  32%|███▏      | 160/500 [01:24<02:58,  1.90it/s]
Epoch 169 | postive loss : 3.81, negtive loss : 4.14, worst lambd: 1356.60, worst gap: 0.93:  34%|███▍      | 170/500 [01:29<02:53,  1.90it/s]
Epoch 179 | postive loss : 3.57, negtive loss : 3.73, worst lambd: 1143.60, worst gap: 0.87:  36%|███▌      | 180/500 [01:34<02:48,  1.90it/s]
Epoch 189 | postive loss : 3.44, negtive loss : 3.51, worst lambd: 951.94, worst gap: 0.90:  38%|███▊      | 190/500 [01:40<02:42,  1.90it/s] 
Epoch 199 | postive loss : 3.35, negtive loss : 3.38, worst lambd: 783.89, worst gap: 0.82:  40%|████      | 200/500 [01:45<02:37,  1.90it/s]
Epoch 209 | postive loss : 3.29, negtive loss : 3.32, worst lambd: 630.51, worst gap: 0.84:  42%|████▏     | 210/500 [01:50<02:32,  1.90it/s]
Epoch 219 | postive loss : 3.24, negtive loss : 3.28, worst lambd: 501.73, worst gap: 0.80:  44%|████▍     | 220/500 [01:55<02:27,  1.90it/s]
Epoch 229 | postive loss : 3.21, negtive loss : 3.27, worst lambd: 392.48, worst gap: 0.64:  46%|████▌     | 230/500 [02:01<02:21,  1.90it/s]
Epoch 239 | postive loss : 3.18, negtive loss : 3.26, worst lambd: 301.83, worst gap: 0.73:  48%|████▊     | 240/500 [02:06<02:16,  1.90it/s]
Epoch 249 | postive loss : 3.15, negtive loss : 3.26, worst lambd: 228.84, worst gap: 0.60:  50%|█████     | 250/500 [02:11<02:11,  1.90it/s]
Epoch 259 | postive loss : 3.14, negtive loss : 3.28, worst lambd: 171.11, worst gap: 0.68:  52%|█████▏    | 260/500 [02:16<02:06,  1.90it/s]
Epoch 269 | postive loss : 3.13, negtive loss : 3.29, worst lambd: 125.36, worst gap: 0.51:  54%|█████▍    | 270/500 [02:22<02:00,  1.90it/s]
Epoch 279 | postive loss : 3.11, negtive loss : 3.30, worst lambd: 91.44, worst gap: 0.54:  56%|█████▌    | 280/500 [02:27<01:55,  1.90it/s] 
Epoch 289 | postive loss : 3.11, negtive loss : 3.31, worst lambd: 66.18, worst gap: 0.34:  58%|█████▊    | 290/500 [02:32<01:50,  1.90it/s]
Epoch 299 | postive loss : 3.10, negtive loss : 3.32, worst lambd: 47.89, worst gap: 0.29:  60%|██████    | 300/500 [02:37<01:45,  1.90it/s]
Epoch 309 | postive loss : 3.10, negtive loss : 3.35, worst lambd: 34.59, worst gap: 0.26:  62%|██████▏   | 310/500 [02:43<01:39,  1.90it/s]
Epoch 319 | postive loss : 3.10, negtive loss : 3.36, worst lambd: 25.07, worst gap: 0.29:  64%|██████▍   | 320/500 [02:48<01:34,  1.90it/s]
Epoch 329 | postive loss : 3.09, negtive loss : 3.36, worst lambd: 18.43, worst gap: 0.29:  66%|██████▌   | 330/500 [02:53<01:29,  1.90it/s]
Epoch 339 | postive loss : 3.08, negtive loss : 3.37, worst lambd: 13.68, worst gap: 0.23:  68%|██████▊   | 340/500 [02:58<01:24,  1.90it/s]
Epoch 349 | postive loss : 3.08, negtive loss : 3.39, worst lambd: 10.36, worst gap: 0.14:  70%|███████   | 350/500 [03:04<01:18,  1.90it/s]
Epoch 359 | postive loss : 3.07, negtive loss : 3.40, worst lambd: 8.12, worst gap: 0.25:  72%|███████▏  | 360/500 [03:09<01:13,  1.90it/s] 
Epoch 369 | postive loss : 3.07, negtive loss : 3.42, worst lambd: 6.33, worst gap: 0.11:  74%|███████▍  | 370/500 [03:14<01:08,  1.90it/s]
Epoch 379 | postive loss : 3.06, negtive loss : 3.43, worst lambd: 5.18, worst gap: 0.17:  76%|███████▌  | 380/500 [03:19<01:03,  1.90it/s]
Epoch 389 | postive loss : 3.06, negtive loss : 3.45, worst lambd: 5.00, worst gap: 0.21:  78%|███████▊  | 390/500 [03:25<00:57,  1.90it/s]
Epoch 399 | postive loss : 3.06, negtive loss : 3.47, worst lambd: 4.94, worst gap: 0.18:  80%|████████  | 400/500 [03:30<00:52,  1.90it/s]
Epoch 409 | postive loss : 3.04, negtive loss : 3.47, worst lambd: 5.02, worst gap: 0.21:  82%|████████▏ | 410/500 [03:35<00:47,  1.90it/s]
Epoch 419 | postive loss : 3.03, negtive loss : 3.49, worst lambd: 5.10, worst gap: 0.16:  84%|████████▍ | 420/500 [03:40<00:42,  1.90it/s]
Epoch 429 | postive loss : 3.03, negtive loss : 3.52, worst lambd: 5.30, worst gap: 0.16:  86%|████████▌ | 430/500 [03:46<00:36,  1.90it/s]
Epoch 439 | postive loss : 3.02, negtive loss : 3.55, worst lambd: 5.01, worst gap: 0.18:  88%|████████▊ | 440/500 [03:51<00:31,  1.90it/s]
Epoch 449 | postive loss : 3.01, negtive loss : 3.57, worst lambd: 5.41, worst gap: 0.14:  90%|█████████ | 450/500 [03:56<00:26,  1.90it/s]
Epoch 459 | postive loss : 3.00, negtive loss : 3.60, worst lambd: 5.09, worst gap: 0.13:  92%|█████████▏| 460/500 [04:01<00:21,  1.90it/s]
Epoch 469 | postive loss : 2.98, negtive loss : 3.63, worst lambd: 5.23, worst gap: 0.26:  94%|█████████▍| 470/500 [04:07<00:15,  1.90it/s]
Epoch 479 | postive loss : 2.97, negtive loss : 3.66, worst lambd: 5.26, worst gap: 0.24:  96%|█████████▌| 480/500 [04:12<00:10,  1.89it/s]
Epoch 489 | postive loss : 2.96, negtive loss : 3.72, worst lambd: 5.23, worst gap: 0.27:  98%|█████████▊| 490/500 [04:17<00:05,  1.88it/s]
Epoch 499 | postive loss : 2.93, negtive loss : 3.73, worst lambd: 5.27, worst gap: 0.14: 100%|██████████| 500/500 [04:23<00:00,  1.88it/s]
Epoch 499 | postive loss : 2.93, negtive loss : 3.73, worst lambd: 5.27, worst gap: 0.14: 100%|██████████| 500/500 [04:23<00:00,  1.90it/s]
Info : finish model training
Info : save model sucessfully
Info : save sucessfully

2023-03-16 00:47:28
alpha: 0.1    batchsize: 128    dim: 128    epoch: 500    gapMax_defi: -1    gapMax_prim: -0.5    lambdaMax: 0.2    learningrate: 0.002    lrdecay: 1    lrdecayEpoch: 250    modelname: SN2E    momentum: 0    negtsamplenum: 128    optimizer: Adam    vmax: 10    vmin: 0.1    weightdecay: 0    
INFO -- prepare : Init model SN2E
INFO -- prepare : set model cuda: 1
INFO -- prepare : Model initialization complete
INFO -- prepare : Init optimizer
INFO -- prepare : Finish preparing Optimizer...
Info -- : start model training

  0%|          | 0/500 [00:00<?, ?it/s]
Epoch 9 | postive loss : 6374.45, negtive loss : 6502.99, worst lambd: 10144.09, worst gap: 1252.00:   2%|▏         | 10/500 [00:05<04:26,  1.84it/s]
Epoch 19 | postive loss : 5045.98, negtive loss : 5208.20, worst lambd: 9009.46, worst gap: 959.11:   4%|▍         | 20/500 [00:10<04:18,  1.86it/s] 
Epoch 29 | postive loss : 4023.51, negtive loss : 4201.18, worst lambd: 8092.83, worst gap: 753.47:   6%|▌         | 30/500 [00:16<04:12,  1.86it/s]
Epoch 39 | postive loss : 3217.70, negtive loss : 3396.53, worst lambd: 7154.19, worst gap: 562.70:   8%|▊         | 40/500 [00:21<04:06,  1.87it/s]
Epoch 49 | postive loss : 2574.98, negtive loss : 2747.99, worst lambd: 6295.72, worst gap: 435.82:  10%|█         | 50/500 [00:26<04:00,  1.87it/s]
Epoch 59 | postive loss : 2059.06, negtive loss : 2223.10, worst lambd: 5461.06, worst gap: 319.53:  12%|█▏        | 60/500 [00:32<03:55,  1.87it/s]
Epoch 69 | postive loss : 1643.34, negtive loss : 1795.01, worst lambd: 5307.27, worst gap: 234.88:  14%|█▍        | 70/500 [00:37<03:49,  1.87it/s]
Epoch 79 | postive loss : 1307.58, negtive loss : 1445.37, worst lambd: 5205.49, worst gap: 172.58:  16%|█▌        | 80/500 [00:42<03:44,  1.87it/s]
Epoch 89 | postive loss : 1036.30, negtive loss : 1160.92, worst lambd: 5093.35, worst gap: 125.98:  18%|█▊        | 90/500 [00:48<03:38,  1.87it/s]
Epoch 99 | postive loss : 817.39, negtive loss : 927.46, worst lambd: 4974.61, worst gap: 93.70:  20%|██        | 100/500 [00:53<03:33,  1.87it/s]  
Epoch 109 | postive loss : 641.10, negtive loss : 738.11, worst lambd: 4848.93, worst gap: 65.97:  22%|██▏       | 110/500 [00:58<03:28,  1.87it/s]
Epoch 119 | postive loss : 499.56, negtive loss : 583.75, worst lambd: 4711.01, worst gap: 48.75:  24%|██▍       | 120/500 [01:04<03:22,  1.87it/s]
Epoch 129 | postive loss : 386.49, negtive loss : 459.22, worst lambd: 4568.13, worst gap: 35.18:  26%|██▌       | 130/500 [01:09<03:17,  1.87it/s]
Epoch 139 | postive loss : 296.73, negtive loss : 359.38, worst lambd: 4428.40, worst gap: 24.39:  28%|██▊       | 140/500 [01:14<03:11,  1.88it/s]
Epoch 149 | postive loss : 225.95, negtive loss : 278.73, worst lambd: 4273.73, worst gap: 18.02:  30%|███       | 150/500 [01:20<03:06,  1.88it/s]
Epoch 159 | postive loss : 170.55, negtive loss : 214.78, worst lambd: 4118.49, worst gap: 12.34:  32%|███▏      | 160/500 [01:25<03:01,  1.88it/s]
Epoch 169 | postive loss : 127.61, negtive loss : 164.19, worst lambd: 3959.86, worst gap: 8.78:  34%|███▍      | 170/500 [01:30<02:55,  1.88it/s] 
Epoch 179 | postive loss : 94.65, negtive loss : 124.64, worst lambd: 3794.79, worst gap: 5.89:  36%|███▌      | 180/500 [01:36<02:50,  1.88it/s] 
Epoch 189 | postive loss : 69.61, negtive loss : 93.94, worst lambd: 3631.84, worst gap: 4.23:  38%|███▊      | 190/500 [01:41<02:45,  1.87it/s] 
Epoch 199 | postive loss : 50.85, negtive loss : 70.55, worst lambd: 3454.71, worst gap: 3.08:  40%|████      | 200/500 [01:46<02:40,  1.87it/s]
Epoch 209 | postive loss : 36.95, negtive loss : 52.81, worst lambd: 3280.05, worst gap: 2.00:  42%|████▏     | 210/500 [01:52<02:34,  1.87it/s]
Epoch 219 | postive loss : 26.79, negtive loss : 39.12, worst lambd: 3100.37, worst gap: 1.39:  44%|████▍     | 220/500 [01:57<02:29,  1.87it/s]
Epoch 229 | postive loss : 19.44, negtive loss : 29.15, worst lambd: 2918.85, worst gap: 0.93:  46%|████▌     | 230/500 [02:02<02:24,  1.87it/s]
Epoch 239 | postive loss : 14.18, negtive loss : 21.58, worst lambd: 2735.84, worst gap: 0.83:  48%|████▊     | 240/500 [02:08<02:18,  1.87it/s]
Epoch 249 | postive loss : 10.49, negtive loss : 16.15, worst lambd: 2555.96, worst gap: 0.80:  50%|█████     | 250/500 [02:13<02:13,  1.87it/s]
Epoch 259 | postive loss : 7.95, negtive loss : 12.27, worst lambd: 2372.23, worst gap: 0.75:  52%|█████▏    | 260/500 [02:18<02:08,  1.87it/s] 
Epoch 269 | postive loss : 6.25, negtive loss : 9.53, worst lambd: 2194.60, worst gap: 0.75:  54%|█████▍    | 270/500 [02:24<02:02,  1.88it/s] 
Epoch 279 | postive loss : 5.15, negtive loss : 7.56, worst lambd: 2017.88, worst gap: 0.69:  56%|█████▌    | 280/500 [02:29<01:57,  1.88it/s]
Epoch 289 | postive loss : 4.47, negtive loss : 6.30, worst lambd: 1849.37, worst gap: 0.66:  58%|█████▊    | 290/500 [02:34<01:51,  1.88it/s]
Epoch 299 | postive loss : 4.03, negtive loss : 5.41, worst lambd: 1686.37, worst gap: 0.62:  60%|██████    | 300/500 [02:40<01:46,  1.88it/s]
Epoch 309 | postive loss : 3.74, negtive loss : 4.79, worst lambd: 1528.45, worst gap: 0.58:  62%|██████▏   | 310/500 [02:45<01:41,  1.88it/s]
Epoch 319 | postive loss : 3.54, negtive loss : 4.41, worst lambd: 1380.18, worst gap: 0.48:  64%|██████▍   | 320/500 [02:50<01:35,  1.88it/s]
Epoch 329 | postive loss : 3.39, negtive loss : 4.06, worst lambd: 1240.37, worst gap: 0.46:  66%|██████▌   | 330/500 [02:56<01:30,  1.87it/s]
Epoch 339 | postive loss : 3.28, negtive loss : 3.86, worst lambd: 1110.73, worst gap: 0.38:  68%|██████▊   | 340/500 [03:01<01:25,  1.87it/s]
Epoch 349 | postive loss : 3.19, negtive loss : 3.73, worst lambd: 989.06, worst gap: 0.33:  70%|███████   | 350/500 [03:06<01:20,  1.87it/s] 
Epoch 359 | postive loss : 3.10, negtive loss : 3.59, worst lambd: 876.89, worst gap: 0.30:  72%|███████▏  | 360/500 [03:12<01:14,  1.88it/s]
Epoch 369 | postive loss : 3.03, negtive loss : 3.51, worst lambd: 773.23, worst gap: 0.28:  74%|███████▍  | 370/500 [03:17<01:09,  1.87it/s]
Epoch 379 | postive loss : 2.97, negtive loss : 3.46, worst lambd: 680.14, worst gap: 0.24:  76%|███████▌  | 380/500 [03:22<01:04,  1.87it/s]
Epoch 389 | postive loss : 2.91, negtive loss : 3.42, worst lambd: 593.79, worst gap: 0.16:  78%|███████▊  | 390/500 [03:28<00:58,  1.87it/s]
Epoch 399 | postive loss : 2.85, negtive loss : 3.38, worst lambd: 517.65, worst gap: 0.16:  80%|████████  | 400/500 [03:33<00:53,  1.87it/s]
Epoch 409 | postive loss : 2.81, negtive loss : 3.36, worst lambd: 449.48, worst gap: 0.19:  82%|████████▏ | 410/500 [03:38<00:48,  1.87it/s]
Epoch 419 | postive loss : 2.76, negtive loss : 3.34, worst lambd: 391.22, worst gap: 0.11:  84%|████████▍ | 420/500 [03:44<00:42,  1.87it/s]
Epoch 429 | postive loss : 2.71, negtive loss : 3.34, worst lambd: 335.35, worst gap: 0.10:  86%|████████▌ | 430/500 [03:49<00:37,  1.87it/s]
Epoch 439 | postive loss : 2.68, negtive loss : 3.34, worst lambd: 288.18, worst gap: 0.11:  88%|████████▊ | 440/500 [03:54<00:31,  1.88it/s]
Epoch 449 | postive loss : 2.63, negtive loss : 3.35, worst lambd: 247.05, worst gap: 0.06:  90%|█████████ | 450/500 [04:00<00:26,  1.88it/s]
Epoch 459 | postive loss : 2.59, negtive loss : 3.35, worst lambd: 211.01, worst gap: 0.09:  92%|█████████▏| 460/500 [04:05<00:21,  1.88it/s]
Epoch 469 | postive loss : 2.55, negtive loss : 3.36, worst lambd: 180.02, worst gap: 0.09:  94%|█████████▍| 470/500 [04:10<00:15,  1.88it/s]
Epoch 479 | postive loss : 2.52, negtive loss : 3.37, worst lambd: 153.43, worst gap: 0.09:  96%|█████████▌| 480/500 [04:16<00:10,  1.88it/s]
Epoch 489 | postive loss : 2.48, negtive loss : 3.39, worst lambd: 131.17, worst gap: 0.08:  98%|█████████▊| 490/500 [04:21<00:05,  1.88it/s]
Epoch 499 | postive loss : 2.44, negtive loss : 3.41, worst lambd: 110.35, worst gap: 0.07: 100%|██████████| 500/500 [04:26<00:00,  1.88it/s]
Epoch 499 | postive loss : 2.44, negtive loss : 3.41, worst lambd: 110.35, worst gap: 0.07: 100%|██████████| 500/500 [04:26<00:00,  1.87it/s]
Info : finish model training
Info : save model sucessfully
Info : save sucessfully

2023-03-16 00:53:45
alpha: 1    batchsize: 128    dim: 128    epoch: 500    gapMax_defi: -1    gapMax_prim: -0.5    lambdaMax: 0.2    learningrate: 0.002    lrdecay: 1    lrdecayEpoch: 250    modelname: SN2E    momentum: 0    negtsamplenum: 128    optimizer: Adam    vmax: 10    vmin: 0.1    weightdecay: 0    
INFO -- prepare : Init model SN2E
INFO -- prepare : set model cuda: 1
INFO -- prepare : Model initialization complete
INFO -- prepare : Init optimizer
INFO -- prepare : Finish preparing Optimizer...
Info -- : start model training

  0%|          | 0/500 [00:00<?, ?it/s]
Epoch 9 | postive loss : 126.26, negtive loss : 133.17, worst lambd: 288.30, worst gap: 20.00:   2%|▏         | 10/500 [00:05<04:27,  1.83it/s]
Epoch 19 | postive loss : 46.91, negtive loss : 52.28, worst lambd: 188.93, worst gap: 5.14:   4%|▍         | 20/500 [00:10<04:19,  1.85it/s]  
Epoch 29 | postive loss : 16.32, negtive loss : 19.52, worst lambd: 173.96, worst gap: 1.08:   6%|▌         | 30/500 [00:16<04:13,  1.85it/s]
Epoch 39 | postive loss : 5.54, negtive loss : 7.08, worst lambd: 157.72, worst gap: 0.73:   8%|▊         | 40/500 [00:21<04:08,  1.85it/s]  
Epoch 49 | postive loss : 3.39, negtive loss : 3.96, worst lambd: 141.11, worst gap: 0.68:  10%|█         | 50/500 [00:26<04:02,  1.86it/s]
Epoch 59 | postive loss : 3.14, negtive loss : 3.45, worst lambd: 123.57, worst gap: 0.66:  12%|█▏        | 60/500 [00:32<03:56,  1.86it/s]
Epoch 69 | postive loss : 3.09, negtive loss : 3.35, worst lambd: 107.79, worst gap: 0.53:  14%|█▍        | 70/500 [00:37<03:50,  1.86it/s]
Epoch 79 | postive loss : 3.06, negtive loss : 3.33, worst lambd: 91.14, worst gap: 0.55:  16%|█▌        | 80/500 [00:43<03:45,  1.86it/s] 
Epoch 89 | postive loss : 3.04, negtive loss : 3.34, worst lambd: 76.53, worst gap: 0.50:  18%|█▊        | 90/500 [00:48<03:39,  1.86it/s]
Epoch 99 | postive loss : 3.02, negtive loss : 3.35, worst lambd: 63.34, worst gap: 0.54:  20%|██        | 100/500 [00:53<03:34,  1.87it/s]
Epoch 109 | postive loss : 3.01, negtive loss : 3.37, worst lambd: 51.80, worst gap: 0.62:  22%|██▏       | 110/500 [00:59<03:29,  1.87it/s]
Epoch 119 | postive loss : 2.99, negtive loss : 3.38, worst lambd: 42.07, worst gap: 0.41:  24%|██▍       | 120/500 [01:04<03:23,  1.87it/s]
Epoch 129 | postive loss : 2.99, negtive loss : 3.40, worst lambd: 33.51, worst gap: 0.28:  26%|██▌       | 130/500 [01:09<03:18,  1.87it/s]
Epoch 139 | postive loss : 2.98, negtive loss : 3.42, worst lambd: 26.58, worst gap: 0.38:  28%|██▊       | 140/500 [01:15<03:12,  1.87it/s]
Epoch 149 | postive loss : 2.97, negtive loss : 3.42, worst lambd: 20.90, worst gap: 0.42:  30%|███       | 150/500 [01:20<03:07,  1.87it/s]
Epoch 159 | postive loss : 2.95, negtive loss : 3.43, worst lambd: 16.43, worst gap: 0.24:  32%|███▏      | 160/500 [01:25<03:01,  1.87it/s]
Epoch 169 | postive loss : 2.95, negtive loss : 3.44, worst lambd: 12.56, worst gap: 0.37:  34%|███▍      | 170/500 [01:31<02:56,  1.87it/s]
Epoch 179 | postive loss : 2.94, negtive loss : 3.45, worst lambd: 9.70, worst gap: 0.29:  36%|███▌      | 180/500 [01:36<02:50,  1.87it/s] 
Epoch 189 | postive loss : 2.94, negtive loss : 3.46, worst lambd: 7.46, worst gap: 0.20:  38%|███▊      | 190/500 [01:41<02:45,  1.87it/s]
Epoch 199 | postive loss : 2.93, negtive loss : 3.47, worst lambd: 5.79, worst gap: 0.36:  40%|████      | 200/500 [01:47<02:40,  1.87it/s]
Epoch 209 | postive loss : 2.92, negtive loss : 3.47, worst lambd: 4.60, worst gap: 0.54:  42%|████▏     | 210/500 [01:52<02:34,  1.87it/s]
Epoch 219 | postive loss : 2.92, negtive loss : 3.48, worst lambd: 4.54, worst gap: 0.24:  44%|████▍     | 220/500 [01:57<02:29,  1.87it/s]
Epoch 229 | postive loss : 2.91, negtive loss : 3.49, worst lambd: 4.68, worst gap: 0.46:  46%|████▌     | 230/500 [02:03<02:24,  1.87it/s]
Epoch 239 | postive loss : 2.91, negtive loss : 3.49, worst lambd: 4.71, worst gap: 0.49:  48%|████▊     | 240/500 [02:08<02:18,  1.87it/s]
Epoch 249 | postive loss : 2.91, negtive loss : 3.50, worst lambd: 4.69, worst gap: 0.32:  50%|█████     | 250/500 [02:13<02:13,  1.87it/s]
Epoch 259 | postive loss : 2.90, negtive loss : 3.51, worst lambd: 4.66, worst gap: 0.39:  52%|█████▏    | 260/500 [02:19<02:08,  1.87it/s]
Epoch 269 | postive loss : 2.89, negtive loss : 3.51, worst lambd: 4.57, worst gap: 0.29:  54%|█████▍    | 270/500 [02:24<02:02,  1.87it/s]
Epoch 279 | postive loss : 2.89, negtive loss : 3.53, worst lambd: 4.63, worst gap: 0.30:  56%|█████▌    | 280/500 [02:29<01:57,  1.87it/s]
Epoch 289 | postive loss : 2.88, negtive loss : 3.53, worst lambd: 4.76, worst gap: 0.10:  58%|█████▊    | 290/500 [02:35<01:52,  1.87it/s]
Epoch 299 | postive loss : 2.87, negtive loss : 3.54, worst lambd: 4.61, worst gap: 0.23:  60%|██████    | 300/500 [02:40<01:46,  1.87it/s]
Epoch 309 | postive loss : 2.87, negtive loss : 3.55, worst lambd: 4.78, worst gap: 0.23:  62%|██████▏   | 310/500 [02:45<01:41,  1.87it/s]
Epoch 319 | postive loss : 2.86, negtive loss : 3.56, worst lambd: 4.70, worst gap: 0.18:  64%|██████▍   | 320/500 [02:51<01:36,  1.87it/s]
Epoch 329 | postive loss : 2.85, negtive loss : 3.57, worst lambd: 4.85, worst gap: 0.24:  66%|██████▌   | 330/500 [02:56<01:30,  1.87it/s]
Epoch 339 | postive loss : 2.84, negtive loss : 3.58, worst lambd: 4.84, worst gap: 0.23:  68%|██████▊   | 340/500 [03:02<01:25,  1.87it/s]
Epoch 349 | postive loss : 2.84, negtive loss : 3.60, worst lambd: 4.71, worst gap: 0.14:  70%|███████   | 350/500 [03:07<01:20,  1.87it/s]
Epoch 359 | postive loss : 2.83, negtive loss : 3.61, worst lambd: 4.80, worst gap: 0.20:  72%|███████▏  | 360/500 [03:12<01:14,  1.87it/s]
Epoch 369 | postive loss : 2.83, negtive loss : 3.63, worst lambd: 4.75, worst gap: 0.32:  74%|███████▍  | 370/500 [03:18<01:09,  1.87it/s]
Epoch 379 | postive loss : 2.81, negtive loss : 3.64, worst lambd: 4.85, worst gap: 0.36:  76%|███████▌  | 380/500 [03:23<01:04,  1.87it/s]
Epoch 389 | postive loss : 2.80, negtive loss : 3.65, worst lambd: 4.90, worst gap: 0.21:  78%|███████▊  | 390/500 [03:28<00:58,  1.87it/s]
Epoch 399 | postive loss : 2.79, negtive loss : 3.67, worst lambd: 5.13, worst gap: 0.15:  80%|████████  | 400/500 [03:34<00:53,  1.87it/s]
Epoch 409 | postive loss : 2.78, negtive loss : 3.68, worst lambd: 4.97, worst gap: 0.30:  82%|████████▏ | 410/500 [03:39<00:48,  1.87it/s]
Epoch 419 | postive loss : 2.77, negtive loss : 3.70, worst lambd: 5.09, worst gap: 0.29:  84%|████████▍ | 420/500 [03:44<00:42,  1.87it/s]
Epoch 429 | postive loss : 2.76, negtive loss : 3.72, worst lambd: 5.00, worst gap: 0.14:  86%|████████▌ | 430/500 [03:50<00:37,  1.87it/s]
Epoch 439 | postive loss : 2.75, negtive loss : 3.74, worst lambd: 5.14, worst gap: 0.20:  88%|████████▊ | 440/500 [03:55<00:32,  1.87it/s]
Epoch 449 | postive loss : 2.74, negtive loss : 3.75, worst lambd: 5.24, worst gap: 0.29:  90%|█████████ | 450/500 [04:00<00:26,  1.87it/s]
Epoch 459 | postive loss : 2.73, negtive loss : 3.76, worst lambd: 5.24, worst gap: 0.13:  92%|█████████▏| 460/500 [04:06<00:21,  1.87it/s]
Epoch 469 | postive loss : 2.71, negtive loss : 3.78, worst lambd: 5.32, worst gap: 0.35:  94%|█████████▍| 470/500 [04:11<00:16,  1.87it/s]
Epoch 479 | postive loss : 2.70, negtive loss : 3.79, worst lambd: 5.22, worst gap: 0.27:  96%|█████████▌| 480/500 [04:16<00:10,  1.87it/s]
Epoch 489 | postive loss : 2.70, negtive loss : 3.81, worst lambd: 5.33, worst gap: 0.36:  98%|█████████▊| 490/500 [04:22<00:05,  1.87it/s]
Epoch 499 | postive loss : 2.68, negtive loss : 3.82, worst lambd: 5.27, worst gap: 0.19: 100%|██████████| 500/500 [04:27<00:00,  1.87it/s]
Epoch 499 | postive loss : 2.68, negtive loss : 3.82, worst lambd: 5.27, worst gap: 0.19: 100%|██████████| 500/500 [04:27<00:00,  1.87it/s]
Info : finish model training
Info : save model sucessfully
Info : save sucessfully

2023-03-16 01:00:09
alpha: 0.1    batchsize: 128    dim: 128    epoch: 500    gapMax_defi: -1    gapMax_prim: -0.5    lambdaMax: 0.2    learningrate: 0.002    lrdecay: 1    lrdecayEpoch: 250    modelname: SN2E    momentum: 0    negtsamplenum: 128    optimizer: Adam    vmax: 10    vmin: 0.1    weightdecay: 0    
the validation begin
set alpha with 0.1  --------------------------------------------------
INFO -- prepare : Init model SN2E
INFO -- prepare : set model cuda: 1
INFO -- prepare : Model initialization complete
INFO -- prepare : Init optimizer
INFO -- prepare : Finish preparing Optimizer...
Info -- : start model training

  0%|          | 0/500 [00:00<?, ?it/s]
Epoch 9 | postive loss : 127.27, negtive loss : 133.96, worst lambd: 281.96, worst gap: 21.97:   2%|▏         | 10/500 [00:05<04:30,  1.81it/s]
Epoch 19 | postive loss : 47.38, negtive loss : 52.60, worst lambd: 214.72, worst gap: 6.00:   4%|▍         | 20/500 [00:10<04:21,  1.83it/s]  
Epoch 29 | postive loss : 16.50, negtive loss : 19.66, worst lambd: 198.09, worst gap: 1.38:   6%|▌         | 30/500 [00:16<04:15,  1.84it/s]
Epoch 39 | postive loss : 5.52, negtive loss : 7.06, worst lambd: 179.45, worst gap: 0.68:   8%|▊         | 40/500 [00:21<04:09,  1.85it/s]  
Epoch 49 | postive loss : 3.25, negtive loss : 3.84, worst lambd: 159.83, worst gap: 0.57:  10%|█         | 50/500 [00:27<04:03,  1.85it/s]
Epoch 59 | postive loss : 2.96, negtive loss : 3.33, worst lambd: 139.35, worst gap: 0.47:  12%|█▏        | 60/500 [00:32<03:57,  1.85it/s]
Epoch 69 | postive loss : 2.86, negtive loss : 3.23, worst lambd: 119.70, worst gap: 0.28:  14%|█▍        | 70/500 [00:37<03:52,  1.85it/s]
Epoch 79 | postive loss : 2.79, negtive loss : 3.21, worst lambd: 100.31, worst gap: 0.26:  16%|█▌        | 80/500 [00:43<03:46,  1.85it/s]
Epoch 89 | postive loss : 2.73, negtive loss : 3.22, worst lambd: 82.87, worst gap: 0.17:  18%|█▊        | 90/500 [00:48<03:41,  1.85it/s] 
Epoch 99 | postive loss : 2.67, negtive loss : 3.23, worst lambd: 67.04, worst gap: 0.14:  20%|██        | 100/500 [00:54<03:35,  1.85it/s]
Epoch 109 | postive loss : 2.63, negtive loss : 3.24, worst lambd: 53.32, worst gap: 0.21:  22%|██▏       | 110/500 [00:59<03:30,  1.85it/s]
Epoch 119 | postive loss : 2.60, negtive loss : 3.26, worst lambd: 41.66, worst gap: 0.09:  24%|██▍       | 120/500 [01:04<03:24,  1.85it/s]
Epoch 129 | postive loss : 2.56, negtive loss : 3.27, worst lambd: 31.92, worst gap: 0.13:  26%|██▌       | 130/500 [01:10<03:19,  1.85it/s]
Epoch 139 | postive loss : 2.53, negtive loss : 3.29, worst lambd: 23.95, worst gap: 0.08:  28%|██▊       | 140/500 [01:15<03:14,  1.85it/s]
Epoch 149 | postive loss : 2.51, negtive loss : 3.29, worst lambd: 17.71, worst gap: 0.19:  30%|███       | 150/500 [01:21<03:08,  1.85it/s]
Epoch 159 | postive loss : 2.49, negtive loss : 3.31, worst lambd: 12.99, worst gap: 0.10:  32%|███▏      | 160/500 [01:26<03:03,  1.85it/s]
Epoch 169 | postive loss : 2.47, negtive loss : 3.31, worst lambd: 9.18, worst gap: 0.07:  34%|███▍      | 170/500 [01:31<02:57,  1.86it/s] 
Epoch 179 | postive loss : 2.45, negtive loss : 3.32, worst lambd: 6.52, worst gap: 0.06:  36%|███▌      | 180/500 [01:37<02:52,  1.86it/s]
Epoch 189 | postive loss : 2.43, negtive loss : 3.33, worst lambd: 4.53, worst gap: 0.06:  38%|███▊      | 190/500 [01:42<02:47,  1.86it/s]
Epoch 199 | postive loss : 2.41, negtive loss : 3.34, worst lambd: 4.37, worst gap: 0.08:  40%|████      | 200/500 [01:47<02:41,  1.86it/s]
Epoch 209 | postive loss : 2.39, negtive loss : 3.36, worst lambd: 4.36, worst gap: 0.07:  42%|████▏     | 210/500 [01:53<02:36,  1.86it/s]
Epoch 219 | postive loss : 2.37, negtive loss : 3.37, worst lambd: 4.40, worst gap: 0.12:  44%|████▍     | 220/500 [01:58<02:30,  1.86it/s]
Epoch 229 | postive loss : 2.34, negtive loss : 3.39, worst lambd: 4.44, worst gap: 0.04:  46%|████▌     | 230/500 [02:04<02:25,  1.85it/s]
Epoch 239 | postive loss : 2.31, negtive loss : 3.40, worst lambd: 4.42, worst gap: 0.04:  48%|████▊     | 240/500 [02:09<02:20,  1.85it/s]
Epoch 249 | postive loss : 2.29, negtive loss : 3.42, worst lambd: 4.53, worst gap: 0.07:  50%|█████     | 250/500 [02:14<02:14,  1.85it/s]
Epoch 259 | postive loss : 2.26, negtive loss : 3.45, worst lambd: 4.53, worst gap: 0.03:  52%|█████▏    | 260/500 [02:20<02:09,  1.85it/s]
Epoch 269 | postive loss : 2.23, negtive loss : 3.47, worst lambd: 4.66, worst gap: 0.05:  54%|█████▍    | 270/500 [02:25<02:04,  1.85it/s]
Epoch 279 | postive loss : 2.20, negtive loss : 3.49, worst lambd: 4.66, worst gap: 0.03:  56%|█████▌    | 280/500 [02:31<01:58,  1.85it/s]
Epoch 289 | postive loss : 2.17, negtive loss : 3.51, worst lambd: 4.84, worst gap: 0.03:  58%|█████▊    | 290/500 [02:36<01:53,  1.85it/s]
Epoch 299 | postive loss : 2.15, negtive loss : 3.53, worst lambd: 4.89, worst gap: 0.02:  60%|██████    | 300/500 [02:41<01:47,  1.85it/s]
Epoch 309 | postive loss : 2.12, negtive loss : 3.56, worst lambd: 4.86, worst gap: 0.02:  62%|██████▏   | 310/500 [02:47<01:42,  1.85it/s]
Epoch 319 | postive loss : 2.10, negtive loss : 3.58, worst lambd: 4.91, worst gap: 0.04:  64%|██████▍   | 320/500 [02:52<01:37,  1.85it/s]
Epoch 329 | postive loss : 2.07, negtive loss : 3.60, worst lambd: 5.04, worst gap: 0.04:  66%|██████▌   | 330/500 [02:58<01:31,  1.86it/s]
Epoch 339 | postive loss : 2.05, negtive loss : 3.61, worst lambd: 5.17, worst gap: 0.02:  68%|██████▊   | 340/500 [03:03<01:26,  1.86it/s]
Epoch 349 | postive loss : 2.03, negtive loss : 3.63, worst lambd: 5.08, worst gap: 0.01:  70%|███████   | 350/500 [03:08<01:20,  1.86it/s]
Epoch 359 | postive loss : 2.01, negtive loss : 3.64, worst lambd: 5.12, worst gap: 0.03:  72%|███████▏  | 360/500 [03:14<01:15,  1.86it/s]
Epoch 369 | postive loss : 1.99, negtive loss : 3.65, worst lambd: 5.17, worst gap: 0.06:  74%|███████▍  | 370/500 [03:19<01:10,  1.86it/s]
Epoch 379 | postive loss : 1.98, negtive loss : 3.66, worst lambd: 4.94, worst gap: 0.03:  76%|███████▌  | 380/500 [03:25<01:04,  1.86it/s]
Epoch 389 | postive loss : 1.97, negtive loss : 3.68, worst lambd: 5.02, worst gap: 0.02:  78%|███████▊  | 390/500 [03:30<00:59,  1.86it/s]
Epoch 399 | postive loss : 1.96, negtive loss : 3.69, worst lambd: 5.01, worst gap: 0.02:  80%|████████  | 400/500 [03:35<00:53,  1.86it/s]
Epoch 409 | postive loss : 1.94, negtive loss : 3.70, worst lambd: 4.94, worst gap: 0.05:  82%|████████▏ | 410/500 [03:41<00:48,  1.86it/s]
Epoch 419 | postive loss : 1.93, negtive loss : 3.72, worst lambd: 5.02, worst gap: 0.04:  84%|████████▍ | 420/500 [03:46<00:43,  1.86it/s]
Epoch 429 | postive loss : 1.92, negtive loss : 3.73, worst lambd: 4.97, worst gap: 0.03:  86%|████████▌ | 430/500 [03:51<00:37,  1.86it/s]
Epoch 439 | postive loss : 1.90, negtive loss : 3.74, worst lambd: 4.82, worst gap: 0.03:  88%|████████▊ | 440/500 [03:57<00:32,  1.86it/s]
Epoch 449 | postive loss : 1.89, negtive loss : 3.74, worst lambd: 4.79, worst gap: 0.02:  90%|█████████ | 450/500 [04:02<00:26,  1.85it/s]
Epoch 459 | postive loss : 1.88, negtive loss : 3.76, worst lambd: 4.90, worst gap: 0.03:  92%|█████████▏| 460/500 [04:08<00:21,  1.85it/s]
Epoch 469 | postive loss : 1.87, negtive loss : 3.77, worst lambd: 4.82, worst gap: 0.02:  94%|█████████▍| 470/500 [04:13<00:16,  1.86it/s]
Epoch 479 | postive loss : 1.86, negtive loss : 3.78, worst lambd: 4.78, worst gap: 0.02:  96%|█████████▌| 480/500 [04:18<00:10,  1.86it/s]
Epoch 489 | postive loss : 1.84, negtive loss : 3.80, worst lambd: 4.74, worst gap: 0.03:  98%|█████████▊| 490/500 [04:24<00:05,  1.86it/s]
Epoch 499 | postive loss : 1.83, negtive loss : 3.80, worst lambd: 4.84, worst gap: 0.03: 100%|██████████| 500/500 [04:29<00:00,  1.86it/s]
Epoch 499 | postive loss : 1.83, negtive loss : 3.80, worst lambd: 4.84, worst gap: 0.03: 100%|██████████| 500/500 [04:29<00:00,  1.85it/s]
Info : finish model training
Info : save model sucessfully
Info : save sucessfully




set alpha with 0.001  --------------------------------------------------
INFO -- prepare : Init model SN2E
INFO -- prepare : set model cuda: 1
INFO -- prepare : Model initialization complete
INFO -- prepare : Init optimizer
INFO -- prepare : Finish preparing Optimizer...
Info -- : start model training

  0%|          | 0/500 [00:00<?, ?it/s]
Epoch 9 | postive loss : 127.64, negtive loss : 134.77, worst lambd: 258.47, worst gap: 21.18:   2%|▏         | 10/500 [00:05<04:24,  1.85it/s]
Epoch 19 | postive loss : 47.51, negtive loss : 53.00, worst lambd: 168.86, worst gap: 5.62:   4%|▍         | 20/500 [00:10<04:19,  1.85it/s]  
Epoch 29 | postive loss : 16.54, negtive loss : 19.81, worst lambd: 156.45, worst gap: 1.24:   6%|▌         | 30/500 [00:16<04:13,  1.85it/s]
Epoch 39 | postive loss : 5.31, negtive loss : 6.98, worst lambd: 142.28, worst gap: 0.24:   8%|▊         | 40/500 [00:21<04:08,  1.85it/s]  
Epoch 49 | postive loss : 1.61, negtive loss : 2.37, worst lambd: 127.02, worst gap: 0.04:  10%|█         | 50/500 [00:26<04:02,  1.85it/s]
Epoch 59 | postive loss : 0.50, negtive loss : 0.82, worst lambd: 111.27, worst gap: 0.01:  12%|█▏        | 60/500 [00:32<03:57,  1.85it/s]
Epoch 69 | postive loss : 0.22, negtive loss : 0.35, worst lambd: 95.76, worst gap: 0.01:  14%|█▍        | 70/500 [00:37<03:51,  1.85it/s] 
Epoch 79 | postive loss : 0.16, negtive loss : 0.23, worst lambd: 80.68, worst gap: 0.00:  16%|█▌        | 80/500 [00:43<03:46,  1.85it/s]
Epoch 89 | postive loss : 0.16, negtive loss : 0.20, worst lambd: 66.25, worst gap: 0.00:  18%|█▊        | 90/500 [00:48<03:41,  1.85it/s]
Epoch 99 | postive loss : 0.16, negtive loss : 0.19, worst lambd: 53.23, worst gap: 0.01:  20%|██        | 100/500 [00:53<03:35,  1.85it/s]
Epoch 109 | postive loss : 0.16, negtive loss : 0.19, worst lambd: 41.79, worst gap: 0.00:  22%|██▏       | 110/500 [00:59<03:30,  1.85it/s]
Epoch 119 | postive loss : 0.16, negtive loss : 0.20, worst lambd: 31.91, worst gap: 0.00:  24%|██▍       | 120/500 [01:04<03:25,  1.85it/s]
Epoch 129 | postive loss : 0.16, negtive loss : 0.21, worst lambd: 23.97, worst gap: 0.00:  26%|██▌       | 130/500 [01:10<03:19,  1.85it/s]
Epoch 139 | postive loss : 0.15, negtive loss : 0.22, worst lambd: 17.11, worst gap: 0.00:  28%|██▊       | 140/500 [01:15<03:14,  1.85it/s]
Epoch 149 | postive loss : 0.15, negtive loss : 0.23, worst lambd: 11.89, worst gap: 0.00:  30%|███       | 150/500 [01:20<03:08,  1.85it/s]
Epoch 159 | postive loss : 0.15, negtive loss : 0.24, worst lambd: 8.02, worst gap: 0.00:  32%|███▏      | 160/500 [01:26<03:03,  1.85it/s] 
Epoch 169 | postive loss : 0.15, negtive loss : 0.24, worst lambd: 5.21, worst gap: 0.00:  34%|███▍      | 170/500 [01:31<02:58,  1.85it/s]
Epoch 179 | postive loss : 0.14, negtive loss : 0.25, worst lambd: 3.25, worst gap: 0.00:  36%|███▌      | 180/500 [01:37<02:52,  1.85it/s]
Epoch 189 | postive loss : 0.14, negtive loss : 0.25, worst lambd: 1.95, worst gap: 0.00:  38%|███▊      | 190/500 [01:42<02:47,  1.85it/s]
Epoch 199 | postive loss : 0.14, negtive loss : 0.26, worst lambd: 1.14, worst gap: 0.00:  40%|████      | 200/500 [01:47<02:41,  1.85it/s]
Epoch 209 | postive loss : 0.14, negtive loss : 0.27, worst lambd: 0.63, worst gap: 0.00:  42%|████▏     | 210/500 [01:53<02:36,  1.85it/s]
Epoch 219 | postive loss : 0.14, negtive loss : 0.27, worst lambd: 0.33, worst gap: 0.00:  44%|████▍     | 220/500 [01:58<02:31,  1.85it/s]
Epoch 229 | postive loss : 0.14, negtive loss : 0.28, worst lambd: 0.28, worst gap: 0.00:  46%|████▌     | 230/500 [02:04<02:25,  1.85it/s]
Epoch 239 | postive loss : 0.13, negtive loss : 0.29, worst lambd: 0.28, worst gap: 0.00:  48%|████▊     | 240/500 [02:09<02:20,  1.85it/s]
Epoch 249 | postive loss : 0.13, negtive loss : 0.30, worst lambd: 0.29, worst gap: 0.00:  50%|█████     | 250/500 [02:14<02:14,  1.85it/s]
Epoch 259 | postive loss : 0.13, negtive loss : 0.31, worst lambd: 0.29, worst gap: 0.00:  52%|█████▏    | 260/500 [02:20<02:09,  1.85it/s]
Epoch 269 | postive loss : 0.13, negtive loss : 0.34, worst lambd: 0.33, worst gap: 0.00:  54%|█████▍    | 270/500 [02:25<02:04,  1.85it/s]
Epoch 279 | postive loss : 0.13, negtive loss : 0.36, worst lambd: 0.34, worst gap: 0.00:  56%|█████▌    | 280/500 [02:31<01:58,  1.85it/s]
Epoch 289 | postive loss : 0.13, negtive loss : 0.39, worst lambd: 0.44, worst gap: 0.00:  58%|█████▊    | 290/500 [02:36<01:53,  1.85it/s]
Epoch 299 | postive loss : 0.13, negtive loss : 0.43, worst lambd: 0.43, worst gap: 0.00:  60%|██████    | 300/500 [02:41<01:47,  1.85it/s]
Epoch 309 | postive loss : 0.13, negtive loss : 0.47, worst lambd: 0.49, worst gap: 0.00:  62%|██████▏   | 310/500 [02:47<01:42,  1.85it/s]
Epoch 319 | postive loss : 0.13, negtive loss : 0.50, worst lambd: 0.46, worst gap: 0.00:  64%|██████▍   | 320/500 [02:52<01:37,  1.85it/s]
Epoch 329 | postive loss : 0.13, negtive loss : 0.52, worst lambd: 0.50, worst gap: 0.00:  66%|██████▌   | 330/500 [02:58<01:31,  1.85it/s]
Epoch 339 | postive loss : 0.13, negtive loss : 0.54, worst lambd: 0.48, worst gap: 0.00:  68%|██████▊   | 340/500 [03:03<01:26,  1.85it/s]
Epoch 349 | postive loss : 0.13, negtive loss : 0.57, worst lambd: 0.44, worst gap: 0.00:  70%|███████   | 350/500 [03:09<01:21,  1.84it/s]
Epoch 359 | postive loss : 0.13, negtive loss : 0.59, worst lambd: 0.43, worst gap: 0.00:  72%|███████▏  | 360/500 [03:14<01:16,  1.84it/s]
Epoch 369 | postive loss : 0.13, negtive loss : 0.60, worst lambd: 0.45, worst gap: 0.00:  74%|███████▍  | 370/500 [03:19<01:10,  1.84it/s]
Epoch 379 | postive loss : 0.13, negtive loss : 0.61, worst lambd: 0.44, worst gap: 0.00:  76%|███████▌  | 380/500 [03:25<01:05,  1.84it/s]
Epoch 389 | postive loss : 0.13, negtive loss : 0.63, worst lambd: 0.43, worst gap: 0.00:  78%|███████▊  | 390/500 [03:30<00:59,  1.85it/s]
Epoch 399 | postive loss : 0.13, negtive loss : 0.65, worst lambd: 0.44, worst gap: 0.00:  80%|████████  | 400/500 [03:36<00:54,  1.85it/s]
Epoch 409 | postive loss : 0.13, negtive loss : 0.66, worst lambd: 0.44, worst gap: 0.00:  82%|████████▏ | 410/500 [03:41<00:48,  1.85it/s]
Epoch 419 | postive loss : 0.13, negtive loss : 0.68, worst lambd: 0.48, worst gap: 0.00:  84%|████████▍ | 420/500 [03:46<00:43,  1.85it/s]
Epoch 429 | postive loss : 0.13, negtive loss : 0.70, worst lambd: 0.48, worst gap: 0.00:  86%|████████▌ | 430/500 [03:52<00:37,  1.85it/s]
Epoch 439 | postive loss : 0.13, negtive loss : 0.72, worst lambd: 0.45, worst gap: 0.00:  88%|████████▊ | 440/500 [03:57<00:32,  1.85it/s]
Epoch 449 | postive loss : 0.13, negtive loss : 0.73, worst lambd: 0.45, worst gap: 0.00:  90%|█████████ | 450/500 [04:03<00:27,  1.85it/s]
Epoch 459 | postive loss : 0.13, negtive loss : 0.76, worst lambd: 0.45, worst gap: 0.00:  92%|█████████▏| 460/500 [04:08<00:21,  1.85it/s]
Epoch 469 | postive loss : 0.13, negtive loss : 0.78, worst lambd: 0.49, worst gap: 0.00:  94%|█████████▍| 470/500 [04:14<00:16,  1.85it/s]
Epoch 479 | postive loss : 0.13, negtive loss : 0.80, worst lambd: 0.50, worst gap: 0.00:  96%|█████████▌| 480/500 [04:19<00:10,  1.85it/s]
Epoch 489 | postive loss : 0.13, negtive loss : 0.82, worst lambd: 0.45, worst gap: 0.00:  98%|█████████▊| 490/500 [04:24<00:05,  1.85it/s]
Epoch 499 | postive loss : 0.13, negtive loss : 0.84, worst lambd: 0.46, worst gap: 0.00: 100%|██████████| 500/500 [04:30<00:00,  1.84it/s]
Epoch 499 | postive loss : 0.13, negtive loss : 0.84, worst lambd: 0.46, worst gap: 0.00: 100%|██████████| 500/500 [04:30<00:00,  1.85it/s]
Info : finish model training
Info : save model sucessfully
Info : save sucessfully




set alpha with 0.0001  --------------------------------------------------
INFO -- prepare : Init model SN2E
INFO -- prepare : set model cuda: 1
INFO -- prepare : Model initialization complete
INFO -- prepare : Init optimizer
INFO -- prepare : Finish preparing Optimizer...
Info -- : start model training

  0%|          | 0/500 [00:00<?, ?it/s]
Epoch 9 | postive loss : 127.23, negtive loss : 134.48, worst lambd: 267.64, worst gap: 21.47:   2%|▏         | 10/500 [00:05<04:25,  1.84it/s]
Epoch 19 | postive loss : 47.37, negtive loss : 52.93, worst lambd: 185.61, worst gap: 6.10:   4%|▍         | 20/500 [00:10<04:20,  1.84it/s]  
Epoch 29 | postive loss : 16.52, negtive loss : 19.80, worst lambd: 172.10, worst gap: 1.46:   6%|▌         | 30/500 [00:16<04:15,  1.84it/s]
Epoch 39 | postive loss : 5.32, negtive loss : 6.99, worst lambd: 156.20, worst gap: 0.28:   8%|▊         | 40/500 [00:21<04:09,  1.84it/s]  
Epoch 49 | postive loss : 1.60, negtive loss : 2.35, worst lambd: 139.20, worst gap: 0.04:  10%|█         | 50/500 [00:27<04:03,  1.84it/s]
Epoch 59 | postive loss : 0.49, negtive loss : 0.80, worst lambd: 121.85, worst gap: 0.01:  12%|█▏        | 60/500 [00:32<03:58,  1.84it/s]
Epoch 69 | postive loss : 0.21, negtive loss : 0.33, worst lambd: 104.23, worst gap: 0.00:  14%|█▍        | 70/500 [00:37<03:53,  1.84it/s]
Epoch 79 | postive loss : 0.16, negtive loss : 0.21, worst lambd: 87.36, worst gap: 0.00:  16%|█▌        | 80/500 [00:43<03:47,  1.84it/s] 
Epoch 89 | postive loss : 0.14, negtive loss : 0.17, worst lambd: 71.50, worst gap: 0.00:  18%|█▊        | 90/500 [00:48<03:42,  1.84it/s]
Epoch 99 | postive loss : 0.14, negtive loss : 0.16, worst lambd: 57.14, worst gap: 0.00:  20%|██        | 100/500 [00:54<03:36,  1.84it/s]
Epoch 109 | postive loss : 0.13, negtive loss : 0.16, worst lambd: 44.45, worst gap: 0.00:  22%|██▏       | 110/500 [00:59<03:31,  1.84it/s]
Epoch 119 | postive loss : 0.13, negtive loss : 0.15, worst lambd: 33.64, worst gap: 0.00:  24%|██▍       | 120/500 [01:05<03:26,  1.84it/s]
Epoch 129 | postive loss : 0.13, negtive loss : 0.16, worst lambd: 25.13, worst gap: 0.00:  26%|██▌       | 130/500 [01:10<03:20,  1.84it/s]
Epoch 139 | postive loss : 0.13, negtive loss : 0.16, worst lambd: 17.35, worst gap: 0.00:  28%|██▊       | 140/500 [01:15<03:15,  1.84it/s]
Epoch 149 | postive loss : 0.13, negtive loss : 0.16, worst lambd: 11.81, worst gap: 0.00:  30%|███       | 150/500 [01:21<03:10,  1.84it/s]
Epoch 159 | postive loss : 0.13, negtive loss : 0.16, worst lambd: 7.80, worst gap: 0.00:  32%|███▏      | 160/500 [01:26<03:04,  1.84it/s] 
Epoch 169 | postive loss : 0.13, negtive loss : 0.16, worst lambd: 4.87, worst gap: 0.00:  34%|███▍      | 170/500 [01:32<02:59,  1.84it/s]
Epoch 179 | postive loss : 0.13, negtive loss : 0.16, worst lambd: 2.89, worst gap: 0.00:  36%|███▌      | 180/500 [01:37<02:54,  1.84it/s]
Epoch 189 | postive loss : 0.13, negtive loss : 0.16, worst lambd: 1.64, worst gap: 0.00:  38%|███▊      | 190/500 [01:43<02:48,  1.83it/s]
Epoch 199 | postive loss : 0.13, negtive loss : 0.16, worst lambd: 0.89, worst gap: 0.00:  40%|████      | 200/500 [01:48<02:43,  1.84it/s]
Epoch 209 | postive loss : 0.13, negtive loss : 0.16, worst lambd: 0.46, worst gap: 0.00:  42%|████▏     | 210/500 [01:54<02:37,  1.84it/s]
Epoch 219 | postive loss : 0.12, negtive loss : 0.16, worst lambd: 0.23, worst gap: 0.00:  44%|████▍     | 220/500 [01:59<02:32,  1.84it/s]
Epoch 229 | postive loss : 0.12, negtive loss : 0.16, worst lambd: 0.21, worst gap: 0.00:  46%|████▌     | 230/500 [02:04<02:26,  1.84it/s]
Epoch 239 | postive loss : 0.12, negtive loss : 0.15, worst lambd: 0.21, worst gap: 0.00:  48%|████▊     | 240/500 [02:10<02:21,  1.84it/s]
Epoch 249 | postive loss : 0.11, negtive loss : 0.15, worst lambd: 0.22, worst gap: 0.00:  50%|█████     | 250/500 [02:15<02:15,  1.84it/s]
Epoch 259 | postive loss : 0.11, negtive loss : 0.14, worst lambd: 0.22, worst gap: 0.00:  52%|█████▏    | 260/500 [02:21<02:10,  1.84it/s]
Epoch 269 | postive loss : 0.11, negtive loss : 0.14, worst lambd: 0.22, worst gap: 0.00:  54%|█████▍    | 270/500 [02:26<02:04,  1.84it/s]
Epoch 279 | postive loss : 0.11, negtive loss : 0.13, worst lambd: 0.23, worst gap: 0.00:  56%|█████▌    | 280/500 [02:32<01:59,  1.84it/s]
Epoch 289 | postive loss : 0.10, negtive loss : 0.12, worst lambd: 0.23, worst gap: 0.00:  58%|█████▊    | 290/500 [02:37<01:54,  1.84it/s]
Epoch 299 | postive loss : 0.09, negtive loss : 0.12, worst lambd: 0.22, worst gap: 0.00:  60%|██████    | 300/500 [02:42<01:48,  1.84it/s]
Epoch 309 | postive loss : 0.10, negtive loss : 0.11, worst lambd: 0.27, worst gap: 0.00:  62%|██████▏   | 310/500 [02:48<01:43,  1.84it/s]
Epoch 319 | postive loss : 0.09, negtive loss : 0.11, worst lambd: 0.23, worst gap: 0.00:  64%|██████▍   | 320/500 [02:53<01:37,  1.84it/s]
Epoch 329 | postive loss : 0.09, negtive loss : 0.11, worst lambd: 0.23, worst gap: 0.00:  66%|██████▌   | 330/500 [02:59<01:32,  1.84it/s]
Epoch 339 | postive loss : 0.09, negtive loss : 0.11, worst lambd: 0.26, worst gap: 0.00:  68%|██████▊   | 340/500 [03:04<01:27,  1.84it/s]
Epoch 349 | postive loss : 0.09, negtive loss : 0.11, worst lambd: 0.23, worst gap: 0.00:  70%|███████   | 350/500 [03:10<01:21,  1.84it/s]
Epoch 359 | postive loss : 0.10, negtive loss : 0.11, worst lambd: 0.23, worst gap: 0.00:  72%|███████▏  | 360/500 [03:15<01:16,  1.84it/s]
Epoch 369 | postive loss : 0.10, negtive loss : 0.11, worst lambd: 0.23, worst gap: 0.00:  74%|███████▍  | 370/500 [03:20<01:10,  1.84it/s]
Epoch 379 | postive loss : 0.10, negtive loss : 0.11, worst lambd: 0.23, worst gap: 0.00:  76%|███████▌  | 380/500 [03:26<01:05,  1.84it/s]
Epoch 389 | postive loss : 0.10, negtive loss : 0.11, worst lambd: 0.26, worst gap: 0.00:  78%|███████▊  | 390/500 [03:31<00:59,  1.84it/s]
Epoch 399 | postive loss : 0.10, negtive loss : 0.11, worst lambd: 0.23, worst gap: 0.00:  80%|████████  | 400/500 [03:37<00:54,  1.84it/s]
Epoch 409 | postive loss : 0.10, negtive loss : 0.11, worst lambd: 0.25, worst gap: 0.00:  82%|████████▏ | 410/500 [03:42<00:48,  1.84it/s]
Epoch 419 | postive loss : 0.10, negtive loss : 0.11, worst lambd: 0.24, worst gap: 0.00:  84%|████████▍ | 420/500 [03:48<00:43,  1.84it/s]
Epoch 429 | postive loss : 0.11, negtive loss : 0.11, worst lambd: 0.24, worst gap: 0.00:  86%|████████▌ | 430/500 [03:53<00:38,  1.84it/s]
Epoch 439 | postive loss : 0.11, negtive loss : 0.11, worst lambd: 0.27, worst gap: 0.00:  88%|████████▊ | 440/500 [03:59<00:32,  1.84it/s]
Epoch 449 | postive loss : 0.11, negtive loss : 0.11, worst lambd: 0.27, worst gap: 0.00:  90%|█████████ | 450/500 [04:04<00:27,  1.84it/s]
Epoch 459 | postive loss : 0.11, negtive loss : 0.11, worst lambd: 0.27, worst gap: 0.00:  92%|█████████▏| 460/500 [04:09<00:21,  1.84it/s]
Epoch 469 | postive loss : 0.11, negtive loss : 0.11, worst lambd: 0.28, worst gap: 0.00:  94%|█████████▍| 470/500 [04:15<00:16,  1.84it/s]
Epoch 479 | postive loss : 0.11, negtive loss : 0.11, worst lambd: 0.28, worst gap: 0.00:  96%|█████████▌| 480/500 [04:20<00:10,  1.84it/s]
Epoch 489 | postive loss : 0.11, negtive loss : 0.11, worst lambd: 0.28, worst gap: 0.00:  98%|█████████▊| 490/500 [04:26<00:05,  1.84it/s]
Epoch 499 | postive loss : 0.11, negtive loss : 0.11, worst lambd: 0.25, worst gap: 0.00: 100%|██████████| 500/500 [04:31<00:00,  1.84it/s]
Epoch 499 | postive loss : 0.11, negtive loss : 0.11, worst lambd: 0.25, worst gap: 0.00: 100%|██████████| 500/500 [04:31<00:00,  1.84it/s]
Info : finish model training
Info : save model sucessfully
Info : save sucessfully





2023-03-16 01:23:16
alpha: 0.1    batchsize: 128    dim: 128    epoch: 500    gapMax_defi: -1    gapMax_prim: -0.5    lambdaMax: 0.2    learningrate: 0.002    lrdecay: 1    lrdecayEpoch: 250    modelname: SN2E    momentum: 0    negtsamplenum: 128    optimizer: Adam    vmax: 10    vmin: 0.1    weightdecay: 0    
the validation begin
set alpha with 0.1  --------------------------------------------------
INFO -- prepare : Init model SN2E
INFO -- prepare : set model cuda: 1
INFO -- prepare : Model initialization complete
INFO -- prepare : Init optimizer
INFO -- prepare : Finish preparing Optimizer...
Info -- : start model training

  0%|          | 0/500 [00:00<?, ?it/s]
Epoch 9 | postive loss : 127.28, negtive loss : 133.88, worst lambd: 254.53, worst gap: 18.66:   2%|▏         | 10/500 [00:05<04:42,  1.74it/s]
Epoch 19 | postive loss : 47.31, negtive loss : 52.59, worst lambd: 198.79, worst gap: 5.61:   4%|▍         | 20/500 [00:11<04:28,  1.79it/s]  
Epoch 29 | postive loss : 16.45, negtive loss : 19.58, worst lambd: 184.66, worst gap: 1.36:   6%|▌         | 30/500 [00:16<04:18,  1.82it/s]
Epoch 39 | postive loss : 5.49, negtive loss : 7.04, worst lambd: 169.39, worst gap: 0.69:   8%|▊         | 40/500 [00:21<04:10,  1.84it/s]  
Epoch 49 | postive loss : 3.25, negtive loss : 3.85, worst lambd: 150.84, worst gap: 0.61:  10%|█         | 50/500 [00:27<04:03,  1.85it/s]
Epoch 59 | postive loss : 2.97, negtive loss : 3.35, worst lambd: 131.94, worst gap: 0.46:  12%|█▏        | 60/500 [00:32<03:57,  1.85it/s]
Epoch 69 | postive loss : 2.87, negtive loss : 3.23, worst lambd: 113.71, worst gap: 0.41:  14%|█▍        | 70/500 [00:38<03:51,  1.85it/s]
Epoch 79 | postive loss : 2.81, negtive loss : 3.21, worst lambd: 96.13, worst gap: 0.29:  16%|█▌        | 80/500 [00:43<03:48,  1.83it/s] 
Epoch 89 | postive loss : 2.76, negtive loss : 3.22, worst lambd: 79.88, worst gap: 0.24:  18%|█▊        | 90/500 [00:49<03:43,  1.83it/s]
Epoch 99 | postive loss : 2.72, negtive loss : 3.24, worst lambd: 65.14, worst gap: 0.23:  20%|██        | 100/500 [00:54<03:39,  1.82it/s]
Epoch 109 | postive loss : 2.69, negtive loss : 3.25, worst lambd: 52.20, worst gap: 0.26:  22%|██▏       | 110/500 [01:00<03:32,  1.84it/s]
Epoch 119 | postive loss : 2.66, negtive loss : 3.26, worst lambd: 41.12, worst gap: 0.30:  24%|██▍       | 120/500 [01:05<03:25,  1.85it/s]
Epoch 129 | postive loss : 2.63, negtive loss : 3.28, worst lambd: 31.82, worst gap: 0.22:  26%|██▌       | 130/500 [01:10<03:20,  1.85it/s]
Epoch 139 | postive loss : 2.61, negtive loss : 3.28, worst lambd: 24.18, worst gap: 0.30:  28%|██▊       | 140/500 [01:16<03:13,  1.86it/s]
Epoch 149 | postive loss : 2.59, negtive loss : 3.30, worst lambd: 18.13, worst gap: 0.13:  30%|███       | 150/500 [01:21<03:08,  1.86it/s]
Epoch 159 | postive loss : 2.57, negtive loss : 3.31, worst lambd: 13.61, worst gap: 0.24:  32%|███▏      | 160/500 [01:26<03:03,  1.85it/s]
Epoch 169 | postive loss : 2.56, negtive loss : 3.31, worst lambd: 9.71, worst gap: 0.23:  34%|███▍      | 170/500 [01:32<02:58,  1.85it/s] 
Epoch 179 | postive loss : 2.54, negtive loss : 3.32, worst lambd: 6.96, worst gap: 0.25:  36%|███▌      | 180/500 [01:37<02:52,  1.86it/s]
Epoch 189 | postive loss : 2.53, negtive loss : 3.33, worst lambd: 4.96, worst gap: 0.14:  38%|███▊      | 190/500 [01:43<02:46,  1.86it/s]
Epoch 199 | postive loss : 2.51, negtive loss : 3.34, worst lambd: 4.26, worst gap: 0.16:  40%|████      | 200/500 [01:48<02:40,  1.86it/s]
Epoch 209 | postive loss : 2.50, negtive loss : 3.35, worst lambd: 4.23, worst gap: 0.20:  42%|████▏     | 210/500 [01:53<02:35,  1.87it/s]
Epoch 219 | postive loss : 2.48, negtive loss : 3.36, worst lambd: 4.12, worst gap: 0.10:  44%|████▍     | 220/500 [01:59<02:29,  1.87it/s]
Epoch 229 | postive loss : 2.47, negtive loss : 3.37, worst lambd: 4.06, worst gap: 0.11:  46%|████▌     | 230/500 [02:04<02:24,  1.87it/s]
Epoch 239 | postive loss : 2.45, negtive loss : 3.38, worst lambd: 4.25, worst gap: 0.18:  48%|████▊     | 240/500 [02:09<02:18,  1.87it/s]
Epoch 249 | postive loss : 2.43, negtive loss : 3.40, worst lambd: 4.07, worst gap: 0.16:  50%|█████     | 250/500 [02:15<02:13,  1.87it/s]
Epoch 259 | postive loss : 2.41, negtive loss : 3.41, worst lambd: 4.18, worst gap: 0.21:  52%|█████▏    | 260/500 [02:20<02:08,  1.87it/s]
Epoch 269 | postive loss : 2.38, negtive loss : 3.43, worst lambd: 4.07, worst gap: 0.08:  54%|█████▍    | 270/500 [02:25<02:02,  1.87it/s]
Epoch 279 | postive loss : 2.36, negtive loss : 3.45, worst lambd: 4.17, worst gap: 0.17:  56%|█████▌    | 280/500 [02:31<01:57,  1.87it/s]
Epoch 289 | postive loss : 2.34, negtive loss : 3.47, worst lambd: 4.04, worst gap: 0.07:  58%|█████▊    | 290/500 [02:36<01:52,  1.87it/s]
Epoch 299 | postive loss : 2.31, negtive loss : 3.48, worst lambd: 4.14, worst gap: 0.08:  60%|██████    | 300/500 [02:41<01:46,  1.87it/s]
Epoch 309 | postive loss : 2.29, negtive loss : 3.50, worst lambd: 4.13, worst gap: 0.10:  62%|██████▏   | 310/500 [02:47<01:41,  1.87it/s]
Epoch 319 | postive loss : 2.27, negtive loss : 3.53, worst lambd: 4.18, worst gap: 0.15:  64%|██████▍   | 320/500 [02:52<01:36,  1.87it/s]
Epoch 329 | postive loss : 2.25, negtive loss : 3.55, worst lambd: 4.22, worst gap: 0.12:  66%|██████▌   | 330/500 [02:57<01:30,  1.87it/s]
Epoch 339 | postive loss : 2.22, negtive loss : 3.56, worst lambd: 4.22, worst gap: 0.18:  68%|██████▊   | 340/500 [03:03<01:25,  1.87it/s]
Epoch 349 | postive loss : 2.20, negtive loss : 3.58, worst lambd: 4.21, worst gap: 0.15:  70%|███████   | 350/500 [03:08<01:20,  1.87it/s]
Epoch 359 | postive loss : 2.19, negtive loss : 3.60, worst lambd: 4.18, worst gap: 0.09:  72%|███████▏  | 360/500 [03:13<01:14,  1.87it/s]
Epoch 369 | postive loss : 2.16, negtive loss : 3.61, worst lambd: 4.19, worst gap: 0.22:  74%|███████▍  | 370/500 [03:19<01:09,  1.87it/s]
Epoch 379 | postive loss : 2.15, negtive loss : 3.62, worst lambd: 4.12, worst gap: 0.21:  76%|███████▌  | 380/500 [03:24<01:04,  1.87it/s]
Epoch 389 | postive loss : 2.13, negtive loss : 3.63, worst lambd: 4.12, worst gap: 0.11:  78%|███████▊  | 390/500 [03:29<00:58,  1.87it/s]
Epoch 399 | postive loss : 2.12, negtive loss : 3.65, worst lambd: 4.22, worst gap: 0.13:  80%|████████  | 400/500 [03:35<00:53,  1.87it/s]
Epoch 409 | postive loss : 2.10, negtive loss : 3.66, worst lambd: 4.10, worst gap: 0.11:  82%|████████▏ | 410/500 [03:40<00:48,  1.87it/s]
Epoch 419 | postive loss : 2.09, negtive loss : 3.67, worst lambd: 4.10, worst gap: 0.08:  84%|████████▍ | 420/500 [03:45<00:42,  1.87it/s]
Epoch 429 | postive loss : 2.07, negtive loss : 3.68, worst lambd: 4.13, worst gap: 0.14:  86%|████████▌ | 430/500 [03:51<00:37,  1.87it/s]
Epoch 439 | postive loss : 2.07, negtive loss : 3.70, worst lambd: 4.21, worst gap: 0.15:  88%|████████▊ | 440/500 [03:56<00:32,  1.87it/s]
Epoch 449 | postive loss : 2.05, negtive loss : 3.71, worst lambd: 4.19, worst gap: 0.17:  90%|█████████ | 450/500 [04:01<00:26,  1.87it/s]
Epoch 459 | postive loss : 2.05, negtive loss : 3.72, worst lambd: 4.14, worst gap: 0.14:  92%|█████████▏| 460/500 [04:07<00:21,  1.87it/s]
Epoch 469 | postive loss : 2.03, negtive loss : 3.73, worst lambd: 4.21, worst gap: 0.19:  94%|█████████▍| 470/500 [04:12<00:16,  1.87it/s]
Epoch 479 | postive loss : 2.02, negtive loss : 3.73, worst lambd: 4.18, worst gap: 0.20:  96%|█████████▌| 480/500 [04:17<00:10,  1.87it/s]
Epoch 489 | postive loss : 2.01, negtive loss : 3.75, worst lambd: 4.19, worst gap: 0.13:  98%|█████████▊| 490/500 [04:23<00:05,  1.87it/s]
Epoch 499 | postive loss : 2.00, negtive loss : 3.76, worst lambd: 4.10, worst gap: 0.17: 100%|██████████| 500/500 [04:28<00:00,  1.87it/s]
Epoch 499 | postive loss : 2.00, negtive loss : 3.76, worst lambd: 4.10, worst gap: 0.17: 100%|██████████| 500/500 [04:28<00:00,  1.86it/s]
Info : finish model training
Info : save model sucessfully
Info : save sucessfully




set alpha with 0.001  --------------------------------------------------
INFO -- prepare : Init model SN2E
INFO -- prepare : set model cuda: 1
INFO -- prepare : Model initialization complete
INFO -- prepare : Init optimizer
INFO -- prepare : Finish preparing Optimizer...
Info -- : start model training

  0%|          | 0/500 [00:00<?, ?it/s]
Epoch 9 | postive loss : 127.97, negtive loss : 134.86, worst lambd: 255.83, worst gap: 22.18:   2%|▏         | 10/500 [00:05<04:22,  1.87it/s]
Epoch 19 | postive loss : 47.64, negtive loss : 53.00, worst lambd: 161.30, worst gap: 5.60:   4%|▍         | 20/500 [00:10<04:16,  1.87it/s]  
Epoch 29 | postive loss : 16.58, negtive loss : 19.74, worst lambd: 150.02, worst gap: 1.26:   6%|▌         | 30/500 [00:16<04:10,  1.87it/s]
Epoch 39 | postive loss : 5.33, negtive loss : 6.93, worst lambd: 136.76, worst gap: 0.25:   8%|▊         | 40/500 [00:21<04:05,  1.87it/s]  
Epoch 49 | postive loss : 1.71, negtive loss : 2.43, worst lambd: 122.40, worst gap: 0.10:  10%|█         | 50/500 [00:26<04:00,  1.87it/s]
Epoch 59 | postive loss : 0.82, negtive loss : 1.18, worst lambd: 107.54, worst gap: 0.08:  12%|█▏        | 60/500 [00:32<03:54,  1.87it/s]
Epoch 69 | postive loss : 0.64, negtive loss : 0.95, worst lambd: 92.73, worst gap: 0.05:  14%|█▍        | 70/500 [00:37<03:49,  1.87it/s] 
Epoch 79 | postive loss : 0.58, negtive loss : 0.92, worst lambd: 78.55, worst gap: 0.05:  16%|█▌        | 80/500 [00:42<03:44,  1.87it/s]
Epoch 89 | postive loss : 0.56, negtive loss : 0.93, worst lambd: 64.84, worst gap: 0.04:  18%|█▊        | 90/500 [00:48<03:38,  1.87it/s]
Epoch 99 | postive loss : 0.54, negtive loss : 0.94, worst lambd: 52.37, worst gap: 0.04:  20%|██        | 100/500 [00:53<03:33,  1.87it/s]
Epoch 109 | postive loss : 0.54, negtive loss : 0.95, worst lambd: 41.47, worst gap: 0.03:  22%|██▏       | 110/500 [00:58<03:28,  1.87it/s]
Epoch 119 | postive loss : 0.53, negtive loss : 0.96, worst lambd: 31.88, worst gap: 0.03:  24%|██▍       | 120/500 [01:04<03:23,  1.87it/s]
Epoch 129 | postive loss : 0.52, negtive loss : 0.97, worst lambd: 23.91, worst gap: 0.03:  26%|██▌       | 130/500 [01:09<03:17,  1.87it/s]
Epoch 139 | postive loss : 0.52, negtive loss : 0.98, worst lambd: 17.50, worst gap: 0.02:  28%|██▊       | 140/500 [01:14<03:12,  1.87it/s]
Epoch 149 | postive loss : 0.51, negtive loss : 0.98, worst lambd: 12.31, worst gap: 0.03:  30%|███       | 150/500 [01:20<03:07,  1.87it/s]
Epoch 159 | postive loss : 0.51, negtive loss : 0.99, worst lambd: 8.42, worst gap: 0.02:  32%|███▏      | 160/500 [01:25<03:02,  1.87it/s] 
Epoch 169 | postive loss : 0.51, negtive loss : 1.01, worst lambd: 5.54, worst gap: 0.02:  34%|███▍      | 170/500 [01:30<02:56,  1.87it/s]
Epoch 179 | postive loss : 0.50, negtive loss : 1.02, worst lambd: 3.54, worst gap: 0.02:  36%|███▌      | 180/500 [01:36<02:51,  1.87it/s]
Epoch 189 | postive loss : 0.50, negtive loss : 1.04, worst lambd: 2.64, worst gap: 0.02:  38%|███▊      | 190/500 [01:41<02:45,  1.87it/s]
Epoch 199 | postive loss : 0.50, negtive loss : 1.07, worst lambd: 2.71, worst gap: 0.02:  40%|████      | 200/500 [01:46<02:40,  1.87it/s]
Epoch 209 | postive loss : 0.49, negtive loss : 1.09, worst lambd: 2.55, worst gap: 0.02:  42%|████▏     | 210/500 [01:52<02:35,  1.87it/s]
Epoch 219 | postive loss : 0.49, negtive loss : 1.12, worst lambd: 2.55, worst gap: 0.01:  44%|████▍     | 220/500 [01:57<02:29,  1.87it/s]
Epoch 229 | postive loss : 0.48, negtive loss : 1.14, worst lambd: 2.38, worst gap: 0.01:  46%|████▌     | 230/500 [02:03<02:24,  1.86it/s]
Epoch 239 | postive loss : 0.48, negtive loss : 1.17, worst lambd: 2.40, worst gap: 0.02:  48%|████▊     | 240/500 [02:08<02:19,  1.87it/s]
Epoch 249 | postive loss : 0.47, negtive loss : 1.19, worst lambd: 2.26, worst gap: 0.03:  50%|█████     | 250/500 [02:13<02:13,  1.87it/s]
Epoch 259 | postive loss : 0.47, negtive loss : 1.22, worst lambd: 2.31, worst gap: 0.01:  52%|█████▏    | 260/500 [02:19<02:08,  1.87it/s]
Epoch 269 | postive loss : 0.47, negtive loss : 1.24, worst lambd: 2.21, worst gap: 0.01:  54%|█████▍    | 270/500 [02:24<02:03,  1.86it/s]
Epoch 279 | postive loss : 0.46, negtive loss : 1.26, worst lambd: 2.17, worst gap: 0.01:  56%|█████▌    | 280/500 [02:29<01:57,  1.87it/s]
Epoch 289 | postive loss : 0.46, negtive loss : 1.28, worst lambd: 2.13, worst gap: 0.02:  58%|█████▊    | 290/500 [02:35<01:53,  1.86it/s]
Epoch 299 | postive loss : 0.46, negtive loss : 1.30, worst lambd: 2.09, worst gap: 0.02:  60%|██████    | 300/500 [02:40<01:47,  1.86it/s]
Epoch 309 | postive loss : 0.46, negtive loss : 1.32, worst lambd: 2.11, worst gap: 0.01:  62%|██████▏   | 310/500 [02:45<01:41,  1.86it/s]
Epoch 319 | postive loss : 0.45, negtive loss : 1.34, worst lambd: 2.04, worst gap: 0.02:  64%|██████▍   | 320/500 [02:51<01:36,  1.87it/s]
Epoch 329 | postive loss : 0.45, negtive loss : 1.36, worst lambd: 1.97, worst gap: 0.01:  66%|██████▌   | 330/500 [02:56<01:30,  1.87it/s]
Epoch 339 | postive loss : 0.45, negtive loss : 1.38, worst lambd: 2.01, worst gap: 0.02:  68%|██████▊   | 340/500 [03:02<01:25,  1.86it/s]
Epoch 349 | postive loss : 0.44, negtive loss : 1.40, worst lambd: 2.02, worst gap: 0.01:  70%|███████   | 350/500 [03:07<01:20,  1.87it/s]
Epoch 359 | postive loss : 0.44, negtive loss : 1.42, worst lambd: 1.92, worst gap: 0.02:  72%|███████▏  | 360/500 [03:12<01:15,  1.86it/s]
Epoch 369 | postive loss : 0.44, negtive loss : 1.44, worst lambd: 1.91, worst gap: 0.01:  74%|███████▍  | 370/500 [03:18<01:09,  1.86it/s]
Epoch 379 | postive loss : 0.43, negtive loss : 1.45, worst lambd: 1.95, worst gap: 0.01:  76%|███████▌  | 380/500 [03:23<01:04,  1.86it/s]
Epoch 389 | postive loss : 0.43, negtive loss : 1.46, worst lambd: 1.91, worst gap: 0.02:  78%|███████▊  | 390/500 [03:28<00:58,  1.87it/s]
Epoch 399 | postive loss : 0.43, negtive loss : 1.48, worst lambd: 1.90, worst gap: 0.02:  80%|████████  | 400/500 [03:34<00:53,  1.87it/s]
Epoch 409 | postive loss : 0.43, negtive loss : 1.50, worst lambd: 1.84, worst gap: 0.02:  82%|████████▏ | 410/500 [03:39<00:48,  1.87it/s]
Epoch 419 | postive loss : 0.43, negtive loss : 1.51, worst lambd: 1.85, worst gap: 0.02:  84%|████████▍ | 420/500 [03:44<00:42,  1.87it/s]
Epoch 429 | postive loss : 0.42, negtive loss : 1.53, worst lambd: 1.76, worst gap: 0.01:  86%|████████▌ | 430/500 [03:50<00:37,  1.87it/s]
Epoch 439 | postive loss : 0.42, negtive loss : 1.54, worst lambd: 1.79, worst gap: 0.02:  88%|████████▊ | 440/500 [03:55<00:32,  1.87it/s]
Epoch 449 | postive loss : 0.42, negtive loss : 1.55, worst lambd: 1.71, worst gap: 0.02:  90%|█████████ | 450/500 [04:00<00:26,  1.88it/s]
Epoch 459 | postive loss : 0.42, negtive loss : 1.57, worst lambd: 1.72, worst gap: 0.02:  92%|█████████▏| 460/500 [04:06<00:21,  1.88it/s]
Epoch 469 | postive loss : 0.42, negtive loss : 1.59, worst lambd: 1.69, worst gap: 0.01:  94%|█████████▍| 470/500 [04:11<00:15,  1.88it/s]
Epoch 479 | postive loss : 0.42, negtive loss : 1.60, worst lambd: 1.67, worst gap: 0.02:  96%|█████████▌| 480/500 [04:16<00:10,  1.88it/s]
Epoch 489 | postive loss : 0.42, negtive loss : 1.61, worst lambd: 1.73, worst gap: 0.01:  98%|█████████▊| 490/500 [04:22<00:05,  1.88it/s]
Epoch 499 | postive loss : 0.41, negtive loss : 1.62, worst lambd: 1.63, worst gap: 0.02: 100%|██████████| 500/500 [04:27<00:00,  1.87it/s]
Epoch 499 | postive loss : 0.41, negtive loss : 1.62, worst lambd: 1.63, worst gap: 0.02: 100%|██████████| 500/500 [04:27<00:00,  1.87it/s]
Info : finish model training
Info : save model sucessfully
Info : save sucessfully




set alpha with 0.0001  --------------------------------------------------
INFO -- prepare : Init model SN2E
INFO -- prepare : set model cuda: 1
INFO -- prepare : Model initialization complete
INFO -- prepare : Init optimizer
INFO -- prepare : Finish preparing Optimizer...
Info -- : start model training

  0%|          | 0/500 [00:00<?, ?it/s]
Epoch 9 | postive loss : 127.21, negtive loss : 133.96, worst lambd: 251.36, worst gap: 20.16:   2%|▏         | 10/500 [00:05<04:24,  1.85it/s]
Epoch 19 | postive loss : 47.32, negtive loss : 52.61, worst lambd: 183.04, worst gap: 5.50:   4%|▍         | 20/500 [00:10<04:19,  1.85it/s]  
Epoch 29 | postive loss : 16.46, negtive loss : 19.60, worst lambd: 169.94, worst gap: 1.32:   6%|▌         | 30/500 [00:16<04:14,  1.85it/s]
Epoch 39 | postive loss : 5.28, negtive loss : 6.85, worst lambd: 154.38, worst gap: 0.26:   8%|▊         | 40/500 [00:21<04:07,  1.86it/s]  
Epoch 49 | postive loss : 1.59, negtive loss : 2.31, worst lambd: 137.93, worst gap: 0.05:  10%|█         | 50/500 [00:27<04:04,  1.84it/s]
Epoch 59 | postive loss : 0.53, negtive loss : 0.83, worst lambd: 120.90, worst gap: 0.04:  12%|█▏        | 60/500 [00:32<03:57,  1.85it/s]
Epoch 69 | postive loss : 0.31, negtive loss : 0.45, worst lambd: 104.03, worst gap: 0.03:  14%|█▍        | 70/500 [00:37<03:52,  1.85it/s]
Epoch 79 | postive loss : 0.26, negtive loss : 0.36, worst lambd: 87.65, worst gap: 0.03:  16%|█▌        | 80/500 [00:43<03:47,  1.85it/s] 
Epoch 89 | postive loss : 0.24, negtive loss : 0.34, worst lambd: 72.28, worst gap: 0.03:  18%|█▊        | 90/500 [00:48<03:40,  1.86it/s]
Epoch 99 | postive loss : 0.23, negtive loss : 0.34, worst lambd: 58.46, worst gap: 0.02:  20%|██        | 100/500 [00:54<03:36,  1.85it/s]
Epoch 109 | postive loss : 0.23, negtive loss : 0.34, worst lambd: 46.27, worst gap: 0.02:  22%|██▏       | 110/500 [00:59<03:30,  1.85it/s]
Epoch 119 | postive loss : 0.22, negtive loss : 0.35, worst lambd: 35.60, worst gap: 0.02:  24%|██▍       | 120/500 [01:04<03:25,  1.85it/s]
Epoch 129 | postive loss : 0.22, negtive loss : 0.35, worst lambd: 26.81, worst gap: 0.02:  26%|██▌       | 130/500 [01:10<03:20,  1.84it/s]
Epoch 139 | postive loss : 0.22, negtive loss : 0.35, worst lambd: 19.66, worst gap: 0.02:  28%|██▊       | 140/500 [01:15<03:14,  1.85it/s]
Epoch 149 | postive loss : 0.21, negtive loss : 0.36, worst lambd: 14.06, worst gap: 0.01:  30%|███       | 150/500 [01:21<03:08,  1.86it/s]
Epoch 159 | postive loss : 0.21, negtive loss : 0.36, worst lambd: 9.75, worst gap: 0.02:  32%|███▏      | 160/500 [01:26<03:03,  1.86it/s] 
Epoch 169 | postive loss : 0.21, negtive loss : 0.36, worst lambd: 6.57, worst gap: 0.01:  34%|███▍      | 170/500 [01:31<02:58,  1.85it/s]
Epoch 179 | postive loss : 0.21, negtive loss : 0.36, worst lambd: 4.36, worst gap: 0.01:  36%|███▌      | 180/500 [01:37<02:52,  1.85it/s]
Epoch 189 | postive loss : 0.21, negtive loss : 0.36, worst lambd: 2.77, worst gap: 0.01:  38%|███▊      | 190/500 [01:42<02:47,  1.85it/s]
Epoch 199 | postive loss : 0.21, negtive loss : 0.36, worst lambd: 1.73, worst gap: 0.01:  40%|████      | 200/500 [01:48<02:42,  1.85it/s]
Epoch 209 | postive loss : 0.21, negtive loss : 0.37, worst lambd: 1.05, worst gap: 0.02:  42%|████▏     | 210/500 [01:53<02:36,  1.85it/s]
Epoch 219 | postive loss : 0.21, negtive loss : 0.37, worst lambd: 0.68, worst gap: 0.02:  44%|████▍     | 220/500 [01:58<02:30,  1.86it/s]
Epoch 229 | postive loss : 0.21, negtive loss : 0.38, worst lambd: 0.73, worst gap: 0.01:  46%|████▌     | 230/500 [02:04<02:25,  1.86it/s]
Epoch 239 | postive loss : 0.21, negtive loss : 0.38, worst lambd: 0.71, worst gap: 0.01:  48%|████▊     | 240/500 [02:09<02:19,  1.87it/s]
Epoch 249 | postive loss : 0.21, negtive loss : 0.38, worst lambd: 0.71, worst gap: 0.01:  50%|█████     | 250/500 [02:14<02:13,  1.87it/s]
Epoch 259 | postive loss : 0.21, negtive loss : 0.39, worst lambd: 0.68, worst gap: 0.01:  52%|█████▏    | 260/500 [02:20<02:08,  1.87it/s]
Epoch 269 | postive loss : 0.21, negtive loss : 0.39, worst lambd: 0.71, worst gap: 0.01:  54%|█████▍    | 270/500 [02:25<02:02,  1.87it/s]
Epoch 279 | postive loss : 0.21, negtive loss : 0.40, worst lambd: 0.66, worst gap: 0.01:  56%|█████▌    | 280/500 [02:30<01:57,  1.87it/s]
Epoch 289 | postive loss : 0.21, negtive loss : 0.41, worst lambd: 0.71, worst gap: 0.01:  58%|█████▊    | 290/500 [02:36<01:52,  1.87it/s]
Epoch 299 | postive loss : 0.21, negtive loss : 0.42, worst lambd: 0.64, worst gap: 0.01:  60%|██████    | 300/500 [02:41<01:46,  1.87it/s]
Epoch 309 | postive loss : 0.21, negtive loss : 0.43, worst lambd: 0.67, worst gap: 0.01:  62%|██████▏   | 310/500 [02:46<01:41,  1.88it/s]
Epoch 319 | postive loss : 0.20, negtive loss : 0.43, worst lambd: 0.61, worst gap: 0.01:  64%|██████▍   | 320/500 [02:52<01:35,  1.88it/s]
Epoch 329 | postive loss : 0.20, negtive loss : 0.44, worst lambd: 0.61, worst gap: 0.01:  66%|██████▌   | 330/500 [02:57<01:30,  1.88it/s]
Epoch 339 | postive loss : 0.20, negtive loss : 0.45, worst lambd: 0.59, worst gap: 0.01:  68%|██████▊   | 340/500 [03:02<01:25,  1.88it/s]
Epoch 349 | postive loss : 0.20, negtive loss : 0.46, worst lambd: 0.58, worst gap: 0.01:  70%|███████   | 350/500 [03:08<01:20,  1.87it/s]
Epoch 359 | postive loss : 0.20, negtive loss : 0.47, worst lambd: 0.60, worst gap: 0.01:  72%|███████▏  | 360/500 [03:13<01:15,  1.86it/s]
Epoch 369 | postive loss : 0.20, negtive loss : 0.48, worst lambd: 0.58, worst gap: 0.01:  74%|███████▍  | 370/500 [03:18<01:09,  1.87it/s]
Epoch 379 | postive loss : 0.20, negtive loss : 0.48, worst lambd: 0.55, worst gap: 0.01:  76%|███████▌  | 380/500 [03:24<01:04,  1.87it/s]
Epoch 389 | postive loss : 0.20, negtive loss : 0.49, worst lambd: 0.58, worst gap: 0.01:  78%|███████▊  | 390/500 [03:29<00:58,  1.87it/s]
Epoch 399 | postive loss : 0.20, negtive loss : 0.51, worst lambd: 0.55, worst gap: 0.01:  80%|████████  | 400/500 [03:34<00:53,  1.87it/s]
Epoch 409 | postive loss : 0.20, negtive loss : 0.51, worst lambd: 0.56, worst gap: 0.01:  82%|████████▏ | 410/500 [03:40<00:48,  1.87it/s]
Epoch 419 | postive loss : 0.20, negtive loss : 0.52, worst lambd: 0.57, worst gap: 0.01:  84%|████████▍ | 420/500 [03:45<00:42,  1.87it/s]
Epoch 429 | postive loss : 0.20, negtive loss : 0.53, worst lambd: 0.55, worst gap: 0.01:  86%|████████▌ | 430/500 [03:50<00:37,  1.87it/s]
Epoch 439 | postive loss : 0.20, negtive loss : 0.54, worst lambd: 0.54, worst gap: 0.00:  88%|████████▊ | 440/500 [03:56<00:32,  1.87it/s]
Epoch 449 | postive loss : 0.20, negtive loss : 0.55, worst lambd: 0.50, worst gap: 0.01:  90%|█████████ | 450/500 [04:01<00:26,  1.86it/s]
Epoch 459 | postive loss : 0.20, negtive loss : 0.56, worst lambd: 0.54, worst gap: 0.01:  92%|█████████▏| 460/500 [04:07<00:21,  1.87it/s]
Epoch 469 | postive loss : 0.20, negtive loss : 0.57, worst lambd: 0.49, worst gap: 0.01:  94%|█████████▍| 470/500 [04:12<00:16,  1.87it/s]
Epoch 479 | postive loss : 0.20, negtive loss : 0.58, worst lambd: 0.53, worst gap: 0.01:  96%|█████████▌| 480/500 [04:17<00:10,  1.87it/s]
Epoch 489 | postive loss : 0.20, negtive loss : 0.59, worst lambd: 0.52, worst gap: 0.01:  98%|█████████▊| 490/500 [04:23<00:05,  1.87it/s]
Epoch 499 | postive loss : 0.20, negtive loss : 0.60, worst lambd: 0.53, worst gap: 0.01: 100%|██████████| 500/500 [04:28<00:00,  1.87it/s]
Epoch 499 | postive loss : 0.20, negtive loss : 0.60, worst lambd: 0.53, worst gap: 0.01: 100%|██████████| 500/500 [04:28<00:00,  1.86it/s]
Info : finish model training
Info : save model sucessfully
Info : save sucessfully





2023-03-16 01:49:25
alpha: 0.1    batchsize: 128    dim: 128    epoch: 500    gapMax_defi: -1    gapMax_prim: -0.5    lambdaMax: 0.2    learningrate: 0.002    lrdecay: 1    lrdecayEpoch: 250    modelname: SN2E    momentum: 0    negtsamplenum: 128    optimizer: Adam    vmax: 10    vmin: 0.1    weightdecay: 0    
INFO -- prepare : Init model SN2E
INFO -- prepare : set model cuda: 1
INFO -- prepare : Model initialization complete
INFO -- prepare : Init optimizer
INFO -- prepare : Finish preparing Optimizer...
Info -- : start model training

  0%|          | 0/500 [00:00<?, ?it/s]
Epoch 9 | postive loss : 127.38, negtive loss : 134.35, worst lambd: 275.95, worst gap: 19.31:   2%|▏         | 10/500 [00:05<04:31,  1.81it/s]
Epoch 19 | postive loss : 47.44, negtive loss : 52.83, worst lambd: 180.80, worst gap: 5.16:   4%|▍         | 20/500 [00:10<04:23,  1.82it/s]  
2023-03-16 01:49:53
alpha: 0.01    batchsize: 128    dim: 128    epoch: 500    gapMax_defi: -1    gapMax_prim: -0.5    lambdaMax: 0.2    learningrate: 0.002    lrdecay: 1    lrdecayEpoch: 250    modelname: SN2E    momentum: 0    negtsamplenum: 128    optimizer: Adam    vmax: 10    vmin: 0.1    weightdecay: 0    
INFO -- prepare : Init model SN2E
INFO -- prepare : set model cuda: 1
INFO -- prepare : Model initialization complete
INFO -- prepare : Init optimizer
INFO -- prepare : Finish preparing Optimizer...
Info -- : start model training

  0%|          | 0/500 [00:00<?, ?it/s]
Epoch 9 | postive loss : 127.43, negtive loss : 134.31, worst lambd: 262.95, worst gap: 20.12:   2%|▏         | 10/500 [00:05<04:28,  1.82it/s]
Epoch 19 | postive loss : 47.36, negtive loss : 52.75, worst lambd: 180.50, worst gap: 5.90:   4%|▍         | 20/500 [00:11<04:25,  1.81it/s]  
Epoch 29 | postive loss : 16.46, negtive loss : 19.62, worst lambd: 167.29, worst gap: 1.37:   6%|▌         | 30/500 [00:16<04:16,  1.84it/s]
Epoch 39 | postive loss : 5.34, negtive loss : 6.92, worst lambd: 151.68, worst gap: 0.39:   8%|▊         | 40/500 [00:21<04:08,  1.85it/s]  
Epoch 49 | postive loss : 2.39, negtive loss : 3.11, worst lambd: 135.43, worst gap: 0.33:  10%|█         | 50/500 [00:27<04:01,  1.86it/s]
Epoch 59 | postive loss : 1.89, negtive loss : 2.52, worst lambd: 119.10, worst gap: 0.23:  12%|█▏        | 60/500 [00:32<03:55,  1.87it/s]
Epoch 69 | postive loss : 1.73, negtive loss : 2.42, worst lambd: 101.77, worst gap: 0.14:  14%|█▍        | 70/500 [00:37<03:49,  1.87it/s]
Epoch 79 | postive loss : 1.65, negtive loss : 2.41, worst lambd: 85.98, worst gap: 0.12:  16%|█▌        | 80/500 [00:43<03:45,  1.86it/s] 
Epoch 89 | postive loss : 1.60, negtive loss : 2.42, worst lambd: 70.77, worst gap: 0.08:  18%|█▊        | 90/500 [00:48<03:39,  1.87it/s]
Epoch 99 | postive loss : 1.56, negtive loss : 2.44, worst lambd: 57.18, worst gap: 0.06:  20%|██        | 100/500 [00:53<03:33,  1.87it/s]
Epoch 109 | postive loss : 1.53, negtive loss : 2.46, worst lambd: 45.30, worst gap: 0.09:  22%|██▏       | 110/500 [00:59<03:27,  1.88it/s]
Epoch 119 | postive loss : 1.51, negtive loss : 2.46, worst lambd: 35.04, worst gap: 0.07:  24%|██▍       | 120/500 [01:04<03:21,  1.88it/s]
Epoch 129 | postive loss : 1.49, negtive loss : 2.48, worst lambd: 26.57, worst gap: 0.07:  26%|██▌       | 130/500 [01:09<03:16,  1.89it/s]
Epoch 139 | postive loss : 1.48, negtive loss : 2.50, worst lambd: 19.77, worst gap: 0.09:  28%|██▊       | 140/500 [01:14<03:10,  1.89it/s]
Epoch 149 | postive loss : 1.46, negtive loss : 2.51, worst lambd: 14.60, worst gap: 0.04:  30%|███       | 150/500 [01:20<03:05,  1.89it/s]
Epoch 159 | postive loss : 1.44, negtive loss : 2.53, worst lambd: 10.37, worst gap: 0.08:  32%|███▏      | 160/500 [01:25<03:00,  1.89it/s]
Epoch 169 | postive loss : 1.43, negtive loss : 2.55, worst lambd: 7.07, worst gap: 0.08:  34%|███▍      | 170/500 [01:30<02:54,  1.89it/s] 
Epoch 179 | postive loss : 1.41, negtive loss : 2.57, worst lambd: 5.15, worst gap: 0.07:  36%|███▌      | 180/500 [01:36<02:49,  1.89it/s]
Epoch 189 | postive loss : 1.39, negtive loss : 2.60, worst lambd: 5.15, worst gap: 0.09:  38%|███▊      | 190/500 [01:41<02:44,  1.89it/s]
Epoch 199 | postive loss : 1.38, negtive loss : 2.63, worst lambd: 4.97, worst gap: 0.05:  40%|████      | 200/500 [01:46<02:38,  1.89it/s]
Epoch 209 | postive loss : 1.36, negtive loss : 2.65, worst lambd: 4.28, worst gap: 0.08:  42%|████▏     | 210/500 [01:51<02:33,  1.89it/s]
Epoch 219 | postive loss : 1.35, negtive loss : 2.67, worst lambd: 4.06, worst gap: 0.07:  44%|████▍     | 220/500 [01:57<02:28,  1.89it/s]
Epoch 229 | postive loss : 1.34, negtive loss : 2.70, worst lambd: 3.79, worst gap: 0.03:  46%|████▌     | 230/500 [02:02<02:22,  1.89it/s]
Epoch 239 | postive loss : 1.32, negtive loss : 2.72, worst lambd: 3.55, worst gap: 0.06:  48%|████▊     | 240/500 [02:07<02:17,  1.89it/s]
Epoch 249 | postive loss : 1.31, negtive loss : 2.74, worst lambd: 3.30, worst gap: 0.06:  50%|█████     | 250/500 [02:13<02:12,  1.89it/s]
Epoch 259 | postive loss : 1.30, negtive loss : 2.77, worst lambd: 3.29, worst gap: 0.05:  52%|█████▏    | 260/500 [02:18<02:07,  1.89it/s]
Epoch 269 | postive loss : 1.29, negtive loss : 2.78, worst lambd: 3.30, worst gap: 0.06:  54%|█████▍    | 270/500 [02:23<02:01,  1.89it/s]
Epoch 279 | postive loss : 1.27, negtive loss : 2.81, worst lambd: 3.31, worst gap: 0.02:  56%|█████▌    | 280/500 [02:28<01:56,  1.89it/s]
Epoch 289 | postive loss : 1.26, negtive loss : 2.82, worst lambd: 3.39, worst gap: 0.05:  58%|█████▊    | 290/500 [02:34<01:51,  1.89it/s]
Epoch 299 | postive loss : 1.25, negtive loss : 2.85, worst lambd: 3.23, worst gap: 0.03:  60%|██████    | 300/500 [02:39<01:45,  1.89it/s]
Epoch 309 | postive loss : 1.24, negtive loss : 2.87, worst lambd: 3.20, worst gap: 0.03:  62%|██████▏   | 310/500 [02:44<01:40,  1.89it/s]
Epoch 319 | postive loss : 1.23, negtive loss : 2.89, worst lambd: 3.18, worst gap: 0.02:  64%|██████▍   | 320/500 [02:50<01:35,  1.89it/s]
Epoch 329 | postive loss : 1.22, negtive loss : 2.91, worst lambd: 3.26, worst gap: 0.03:  66%|██████▌   | 330/500 [02:55<01:29,  1.89it/s]
Epoch 339 | postive loss : 1.21, negtive loss : 2.93, worst lambd: 3.19, worst gap: 0.03:  68%|██████▊   | 340/500 [03:00<01:24,  1.89it/s]
Epoch 349 | postive loss : 1.21, negtive loss : 2.95, worst lambd: 3.09, worst gap: 0.04:  70%|███████   | 350/500 [03:05<01:19,  1.89it/s]
Epoch 359 | postive loss : 1.20, negtive loss : 2.97, worst lambd: 3.05, worst gap: 0.05:  72%|███████▏  | 360/500 [03:11<01:14,  1.89it/s]
Epoch 369 | postive loss : 1.19, negtive loss : 2.99, worst lambd: 3.02, worst gap: 0.07:  74%|███████▍  | 370/500 [03:16<01:08,  1.89it/s]
Epoch 379 | postive loss : 1.18, negtive loss : 3.01, worst lambd: 3.06, worst gap: 0.03:  76%|███████▌  | 380/500 [03:21<01:03,  1.89it/s]
Epoch 389 | postive loss : 1.18, negtive loss : 3.03, worst lambd: 3.00, worst gap: 0.02:  78%|███████▊  | 390/500 [03:27<00:58,  1.89it/s]
Epoch 399 | postive loss : 1.17, negtive loss : 3.04, worst lambd: 3.02, worst gap: 0.04:  80%|████████  | 400/500 [03:32<00:52,  1.89it/s]
Epoch 409 | postive loss : 1.16, negtive loss : 3.06, worst lambd: 2.99, worst gap: 0.06:  82%|████████▏ | 410/500 [03:37<00:47,  1.89it/s]
Epoch 419 | postive loss : 1.16, negtive loss : 3.07, worst lambd: 2.89, worst gap: 0.02:  84%|████████▍ | 420/500 [03:43<00:42,  1.89it/s]
Epoch 429 | postive loss : 1.15, negtive loss : 3.10, worst lambd: 2.92, worst gap: 0.05:  86%|████████▌ | 430/500 [03:48<00:37,  1.89it/s]
Epoch 439 | postive loss : 1.14, negtive loss : 3.11, worst lambd: 3.00, worst gap: 0.03:  88%|████████▊ | 440/500 [03:53<00:31,  1.89it/s]
Epoch 449 | postive loss : 1.13, negtive loss : 3.13, worst lambd: 2.90, worst gap: 0.03:  90%|█████████ | 450/500 [03:58<00:26,  1.89it/s]
Epoch 459 | postive loss : 1.13, negtive loss : 3.14, worst lambd: 2.97, worst gap: 0.03:  92%|█████████▏| 460/500 [04:04<00:21,  1.89it/s]
Epoch 469 | postive loss : 1.12, negtive loss : 3.16, worst lambd: 2.85, worst gap: 0.04:  94%|█████████▍| 470/500 [04:09<00:15,  1.89it/s]
Epoch 479 | postive loss : 1.12, negtive loss : 3.17, worst lambd: 2.92, worst gap: 0.03:  96%|█████████▌| 480/500 [04:14<00:10,  1.89it/s]
Epoch 489 | postive loss : 1.11, negtive loss : 3.19, worst lambd: 2.95, worst gap: 0.04:  98%|█████████▊| 490/500 [04:20<00:05,  1.88it/s]
Epoch 499 | postive loss : 1.11, negtive loss : 3.20, worst lambd: 2.94, worst gap: 0.04: 100%|██████████| 500/500 [04:25<00:00,  1.88it/s]
Epoch 499 | postive loss : 1.11, negtive loss : 3.20, worst lambd: 2.94, worst gap: 0.04: 100%|██████████| 500/500 [04:25<00:00,  1.88it/s]
Info : finish model training
Info : save model sucessfully
Info : save sucessfully

2023-03-16 01:58:35
alpha: 0.01    batchsize: 64    dim: 64    epoch: 500    gapMax_defi: -1    gapMax_prim: -0.5    lambdaMax: 0.2    learningrate: 0.002    lrdecay: 1    lrdecayEpoch: 250    modelname: SN2E    momentum: 0    negtsamplenum: 128    optimizer: Adam    vmax: 10    vmin: 0.1    weightdecay: 0    
INFO -- prepare : Init model SN2E
INFO -- prepare : set model cuda: 1
INFO -- prepare : Model initialization complete
INFO -- prepare : Init optimizer
INFO -- prepare : Finish preparing Optimizer...
Info -- : start model training

  0%|          | 0/500 [00:00<?, ?it/s]
Epoch 9 | postive loss : 41.01, negtive loss : 44.56, worst lambd: 107.01, worst gap: 4.31:   2%|▏         | 10/500 [00:05<04:52,  1.68it/s]
Epoch 19 | postive loss : 8.74, negtive loss : 10.60, worst lambd: 95.64, worst gap: 0.52:   4%|▍         | 20/500 [00:11<04:44,  1.69it/s] 
Epoch 29 | postive loss : 2.36, negtive loss : 3.00, worst lambd: 81.56, worst gap: 0.30:   6%|▌         | 30/500 [00:17<04:38,  1.69it/s] 
Epoch 39 | postive loss : 1.80, negtive loss : 2.42, worst lambd: 66.14, worst gap: 0.16:   8%|▊         | 40/500 [00:23<04:35,  1.67it/s]
Epoch 49 | postive loss : 1.66, negtive loss : 2.41, worst lambd: 50.91, worst gap: 0.07:  10%|█         | 50/500 [00:29<04:26,  1.69it/s]
Epoch 59 | postive loss : 1.59, negtive loss : 2.43, worst lambd: 37.08, worst gap: 0.04:  12%|█▏        | 60/500 [00:35<04:19,  1.69it/s]
Epoch 69 | postive loss : 1.55, negtive loss : 2.46, worst lambd: 25.66, worst gap: 0.08:  14%|█▍        | 70/500 [00:41<04:12,  1.70it/s]
Epoch 79 | postive loss : 1.51, negtive loss : 2.48, worst lambd: 16.81, worst gap: 0.06:  16%|█▌        | 80/500 [00:47<04:06,  1.71it/s]
Epoch 89 | postive loss : 1.48, negtive loss : 2.52, worst lambd: 10.50, worst gap: 0.05:  18%|█▊        | 90/500 [00:53<03:59,  1.71it/s]
Epoch 99 | postive loss : 1.45, negtive loss : 2.55, worst lambd: 6.24, worst gap: 0.08:  20%|██        | 100/500 [00:58<03:53,  1.71it/s]
Epoch 109 | postive loss : 1.43, negtive loss : 2.59, worst lambd: 4.55, worst gap: 0.04:  22%|██▏       | 110/500 [01:04<03:48,  1.71it/s]
Epoch 119 | postive loss : 1.40, negtive loss : 2.62, worst lambd: 4.32, worst gap: 0.05:  24%|██▍       | 120/500 [01:10<03:42,  1.71it/s]
Epoch 129 | postive loss : 1.38, negtive loss : 2.66, worst lambd: 4.18, worst gap: 0.06:  26%|██▌       | 130/500 [01:16<03:36,  1.71it/s]
Epoch 139 | postive loss : 1.36, negtive loss : 2.70, worst lambd: 3.90, worst gap: 0.05:  28%|██▊       | 140/500 [01:22<03:30,  1.71it/s]
Epoch 149 | postive loss : 1.33, negtive loss : 2.73, worst lambd: 3.87, worst gap: 0.04:  30%|███       | 150/500 [01:28<03:25,  1.70it/s]
Epoch 159 | postive loss : 1.31, negtive loss : 2.77, worst lambd: 3.55, worst gap: 0.04:  32%|███▏      | 160/500 [01:34<03:20,  1.70it/s]
Epoch 169 | postive loss : 1.29, negtive loss : 2.80, worst lambd: 3.46, worst gap: 0.03:  34%|███▍      | 170/500 [01:40<03:14,  1.70it/s]
Epoch 179 | postive loss : 1.28, negtive loss : 2.82, worst lambd: 3.17, worst gap: 0.05:  36%|███▌      | 180/500 [01:45<03:08,  1.69it/s]
Epoch 189 | postive loss : 1.26, negtive loss : 2.86, worst lambd: 3.20, worst gap: 0.06:  38%|███▊      | 190/500 [01:51<03:03,  1.69it/s]
Epoch 199 | postive loss : 1.25, negtive loss : 2.88, worst lambd: 3.06, worst gap: 0.05:  40%|████      | 200/500 [01:57<02:57,  1.69it/s]
Epoch 209 | postive loss : 1.24, negtive loss : 2.90, worst lambd: 3.14, worst gap: 0.03:  42%|████▏     | 210/500 [02:03<02:52,  1.68it/s]
Epoch 219 | postive loss : 1.22, negtive loss : 2.92, worst lambd: 3.09, worst gap: 0.04:  44%|████▍     | 220/500 [02:09<02:46,  1.69it/s]
Epoch 229 | postive loss : 1.21, negtive loss : 2.95, worst lambd: 2.96, worst gap: 0.04:  46%|████▌     | 230/500 [02:15<02:39,  1.69it/s]
Epoch 239 | postive loss : 1.20, negtive loss : 2.98, worst lambd: 2.93, worst gap: 0.02:  48%|████▊     | 240/500 [02:21<02:33,  1.69it/s]
Epoch 249 | postive loss : 1.19, negtive loss : 3.00, worst lambd: 2.89, worst gap: 0.03:  50%|█████     | 250/500 [02:27<02:27,  1.70it/s]
Epoch 259 | postive loss : 1.18, negtive loss : 3.02, worst lambd: 2.93, worst gap: 0.05:  52%|█████▏    | 260/500 [02:33<02:21,  1.70it/s]
Epoch 269 | postive loss : 1.18, negtive loss : 3.05, worst lambd: 3.05, worst gap: 0.04:  54%|█████▍    | 270/500 [02:39<02:15,  1.70it/s]
Epoch 279 | postive loss : 1.16, negtive loss : 3.07, worst lambd: 2.94, worst gap: 0.02:  56%|█████▌    | 280/500 [02:45<02:09,  1.70it/s]
Epoch 289 | postive loss : 1.16, negtive loss : 3.10, worst lambd: 2.88, worst gap: 0.04:  58%|█████▊    | 290/500 [02:50<02:03,  1.70it/s]
Epoch 299 | postive loss : 1.15, negtive loss : 3.12, worst lambd: 2.84, worst gap: 0.04:  60%|██████    | 300/500 [02:56<01:57,  1.70it/s]
Epoch 309 | postive loss : 1.14, negtive loss : 3.15, worst lambd: 2.78, worst gap: 0.05:  62%|██████▏   | 310/500 [03:02<01:51,  1.70it/s]
Epoch 319 | postive loss : 1.13, negtive loss : 3.17, worst lambd: 2.81, worst gap: 0.05:  64%|██████▍   | 320/500 [03:08<01:45,  1.70it/s]
Epoch 329 | postive loss : 1.12, negtive loss : 3.19, worst lambd: 2.77, worst gap: 0.04:  66%|██████▌   | 330/500 [03:14<01:39,  1.70it/s]
Epoch 339 | postive loss : 1.12, negtive loss : 3.22, worst lambd: 2.85, worst gap: 0.03:  68%|██████▊   | 340/500 [03:20<01:34,  1.70it/s]
Epoch 349 | postive loss : 1.11, negtive loss : 3.24, worst lambd: 2.89, worst gap: 0.05:  70%|███████   | 350/500 [03:26<01:28,  1.70it/s]
Epoch 359 | postive loss : 1.10, negtive loss : 3.26, worst lambd: 2.96, worst gap: 0.04:  72%|███████▏  | 360/500 [03:32<01:22,  1.70it/s]
Epoch 369 | postive loss : 1.10, negtive loss : 3.28, worst lambd: 2.80, worst gap: 0.05:  74%|███████▍  | 370/500 [03:37<01:16,  1.70it/s]
Epoch 379 | postive loss : 1.09, negtive loss : 3.30, worst lambd: 2.72, worst gap: 0.04:  76%|███████▌  | 380/500 [03:43<01:10,  1.70it/s]
Epoch 389 | postive loss : 1.08, negtive loss : 3.32, worst lambd: 2.84, worst gap: 0.05:  78%|███████▊  | 390/500 [03:49<01:04,  1.70it/s]
Epoch 399 | postive loss : 1.07, negtive loss : 3.34, worst lambd: 2.78, worst gap: 0.04:  80%|████████  | 400/500 [03:55<00:58,  1.70it/s]
Epoch 409 | postive loss : 1.07, negtive loss : 3.37, worst lambd: 2.74, worst gap: 0.05:  82%|████████▏ | 410/500 [04:01<00:52,  1.70it/s]
Epoch 419 | postive loss : 1.06, negtive loss : 3.39, worst lambd: 2.69, worst gap: 0.04:  84%|████████▍ | 420/500 [04:07<00:47,  1.70it/s]
Epoch 429 | postive loss : 1.05, negtive loss : 3.41, worst lambd: 2.86, worst gap: 0.05:  86%|████████▌ | 430/500 [04:13<00:41,  1.70it/s]
Epoch 439 | postive loss : 1.05, negtive loss : 3.42, worst lambd: 2.80, worst gap: 0.03:  88%|████████▊ | 440/500 [04:19<00:35,  1.70it/s]
Epoch 449 | postive loss : 1.04, negtive loss : 3.45, worst lambd: 2.71, worst gap: 0.03:  90%|█████████ | 450/500 [04:25<00:29,  1.70it/s]
Epoch 459 | postive loss : 1.04, negtive loss : 3.46, worst lambd: 2.70, worst gap: 0.04:  92%|█████████▏| 460/500 [04:30<00:23,  1.70it/s]
Epoch 469 | postive loss : 1.03, negtive loss : 3.49, worst lambd: 2.75, worst gap: 0.04:  94%|█████████▍| 470/500 [04:36<00:17,  1.70it/s]
Epoch 479 | postive loss : 1.03, negtive loss : 3.51, worst lambd: 2.73, worst gap: 0.05:  96%|█████████▌| 480/500 [04:42<00:11,  1.70it/s]
Epoch 489 | postive loss : 1.02, negtive loss : 3.52, worst lambd: 2.67, worst gap: 0.03:  98%|█████████▊| 490/500 [04:48<00:05,  1.70it/s]
Epoch 499 | postive loss : 1.02, negtive loss : 3.54, worst lambd: 2.66, worst gap: 0.04: 100%|██████████| 500/500 [04:54<00:00,  1.70it/s]
Epoch 499 | postive loss : 1.02, negtive loss : 3.54, worst lambd: 2.66, worst gap: 0.04: 100%|██████████| 500/500 [04:54<00:00,  1.70it/s]
Info : finish model training
Info : save model sucessfully
Info : save sucessfully
Traceback (most recent call last):
  File "Train.py", line 2, in <module>
    from line_profiler import LineProfiler
ImportError: No module named 'line_profiler'

2023-03-16 09:06:27
alpha: 0.01    batchsize: 32    dim: 64    epoch: 500    gapMax_defi: -1    gapMax_prim: -0.5    lambdaMax: 0.2    learningrate: 0.002    lrdecay: 1    lrdecayEpoch: 250    modelname: SN2E    momentum: 0    negtsamplenum: 128    optimizer: Adam    vmax: 10    vmin: 0.1    weightdecay: 0    
INFO -- prepare : Init model SN2E
INFO -- prepare : set model cuda: 1
INFO -- prepare : Model initialization complete
INFO -- prepare : Init optimizer
INFO -- prepare : Finish preparing Optimizer...
Info -- : start model training

  0%|          | 0/500 [00:00<?, ?it/s]
Epoch 9 | postive loss : 21.11, negtive loss : 24.04, worst lambd: 91.60, worst gap: 1.37:   2%|▏         | 10/500 [00:08<06:48,  1.20it/s]
Epoch 19 | postive loss : 2.48, negtive loss : 3.21, worst lambd: 72.52, worst gap: 0.31:   4%|▍         | 20/500 [00:16<06:38,  1.21it/s] 
Epoch 29 | postive loss : 1.72, negtive loss : 2.42, worst lambd: 50.32, worst gap: 0.08:   6%|▌         | 30/500 [00:24<06:27,  1.21it/s]
Epoch 39 | postive loss : 1.61, negtive loss : 2.46, worst lambd: 30.32, worst gap: 0.08:   8%|▊         | 40/500 [00:32<06:18,  1.22it/s]
Epoch 49 | postive loss : 1.54, negtive loss : 2.50, worst lambd: 15.98, worst gap: 0.06:  10%|█         | 50/500 [00:41<06:09,  1.22it/s]
Epoch 59 | postive loss : 1.49, negtive loss : 2.55, worst lambd: 7.64, worst gap: 0.04:  12%|█▏        | 60/500 [00:49<06:00,  1.22it/s] 
Epoch 69 | postive loss : 1.45, negtive loss : 2.61, worst lambd: 4.47, worst gap: 0.05:  14%|█▍        | 70/500 [00:57<05:52,  1.22it/s]
Epoch 79 | postive loss : 1.41, negtive loss : 2.67, worst lambd: 4.55, worst gap: 0.03:  16%|█▌        | 80/500 [01:05<05:45,  1.22it/s]
Epoch 89 | postive loss : 1.37, negtive loss : 2.71, worst lambd: 4.13, worst gap: 0.01:  18%|█▊        | 90/500 [01:13<05:36,  1.22it/s]
Epoch 99 | postive loss : 1.35, negtive loss : 2.76, worst lambd: 3.95, worst gap: 0.04:  20%|██        | 100/500 [01:22<05:28,  1.22it/s]
Epoch 109 | postive loss : 1.32, negtive loss : 2.79, worst lambd: 3.41, worst gap: 0.05:  22%|██▏       | 110/500 [01:30<05:19,  1.22it/s]
Epoch 119 | postive loss : 1.30, negtive loss : 2.83, worst lambd: 3.35, worst gap: 0.03:  24%|██▍       | 120/500 [01:38<05:11,  1.22it/s]
Epoch 129 | postive loss : 1.28, negtive loss : 2.86, worst lambd: 3.26, worst gap: 0.05:  26%|██▌       | 130/500 [01:46<05:03,  1.22it/s]
Epoch 139 | postive loss : 1.26, negtive loss : 2.89, worst lambd: 3.25, worst gap: 0.03:  28%|██▊       | 140/500 [01:55<04:55,  1.22it/s]
Epoch 149 | postive loss : 1.24, negtive loss : 2.93, worst lambd: 3.40, worst gap: 0.03:  30%|███       | 150/500 [02:03<04:48,  1.21it/s]
Epoch 159 | postive loss : 1.22, negtive loss : 2.96, worst lambd: 3.21, worst gap: 0.05:  32%|███▏      | 160/500 [02:11<04:40,  1.21it/s]
Epoch 169 | postive loss : 1.21, negtive loss : 2.99, worst lambd: 3.19, worst gap: 0.04:  34%|███▍      | 170/500 [02:19<04:32,  1.21it/s]
Epoch 179 | postive loss : 1.20, negtive loss : 3.03, worst lambd: 3.27, worst gap: 0.04:  36%|███▌      | 180/500 [02:28<04:23,  1.21it/s]
Epoch 189 | postive loss : 1.18, negtive loss : 3.05, worst lambd: 3.18, worst gap: 0.03:  38%|███▊      | 190/500 [02:36<04:15,  1.21it/s]
Epoch 199 | postive loss : 1.17, negtive loss : 3.09, worst lambd: 3.14, worst gap: 0.05:  40%|████      | 200/500 [02:44<04:06,  1.22it/s]
Epoch 209 | postive loss : 1.15, negtive loss : 3.12, worst lambd: 3.04, worst gap: 0.05:  42%|████▏     | 210/500 [02:52<03:57,  1.22it/s]
Epoch 219 | postive loss : 1.14, negtive loss : 3.15, worst lambd: 2.89, worst gap: 0.05:  44%|████▍     | 220/500 [03:00<03:49,  1.22it/s]
Epoch 229 | postive loss : 1.13, negtive loss : 3.18, worst lambd: 2.84, worst gap: 0.06:  46%|████▌     | 230/500 [03:08<03:40,  1.22it/s]
Epoch 239 | postive loss : 1.12, negtive loss : 3.21, worst lambd: 2.81, worst gap: 0.04:  48%|████▊     | 240/500 [03:17<03:32,  1.22it/s]
Epoch 249 | postive loss : 1.11, negtive loss : 3.23, worst lambd: 2.82, worst gap: 0.03:  50%|█████     | 250/500 [03:25<03:24,  1.22it/s]
Epoch 259 | postive loss : 1.10, negtive loss : 3.26, worst lambd: 2.77, worst gap: 0.05:  52%|█████▏    | 260/500 [03:33<03:16,  1.22it/s]
Epoch 269 | postive loss : 1.09, negtive loss : 3.29, worst lambd: 2.80, worst gap: 0.03:  54%|█████▍    | 270/500 [03:41<03:07,  1.22it/s]
Epoch 279 | postive loss : 1.08, negtive loss : 3.32, worst lambd: 2.79, worst gap: 0.06:  56%|█████▌    | 280/500 [03:49<02:59,  1.22it/s]
Epoch 289 | postive loss : 1.07, negtive loss : 3.34, worst lambd: 2.80, worst gap: 0.05:  58%|█████▊    | 290/500 [03:57<02:51,  1.22it/s]
Epoch 299 | postive loss : 1.06, negtive loss : 3.36, worst lambd: 2.75, worst gap: 0.05:  60%|██████    | 300/500 [04:06<02:43,  1.22it/s]
Epoch 309 | postive loss : 1.05, negtive loss : 3.38, worst lambd: 2.73, worst gap: 0.03:  62%|██████▏   | 310/500 [04:14<02:35,  1.22it/s]
Epoch 319 | postive loss : 1.05, negtive loss : 3.41, worst lambd: 2.67, worst gap: 0.04:  64%|██████▍   | 320/500 [04:22<02:27,  1.22it/s]
Epoch 329 | postive loss : 1.03, negtive loss : 3.43, worst lambd: 2.66, worst gap: 0.05:  66%|██████▌   | 330/500 [04:30<02:19,  1.22it/s]
Epoch 339 | postive loss : 1.03, negtive loss : 3.46, worst lambd: 2.75, worst gap: 0.04:  68%|██████▊   | 340/500 [04:38<02:11,  1.22it/s]
Epoch 349 | postive loss : 1.02, negtive loss : 3.48, worst lambd: 2.59, worst gap: 0.03:  70%|███████   | 350/500 [04:47<02:03,  1.22it/s]
Epoch 359 | postive loss : 1.01, negtive loss : 3.50, worst lambd: 2.64, worst gap: 0.04:  72%|███████▏  | 360/500 [04:55<01:54,  1.22it/s]
Epoch 369 | postive loss : 1.01, negtive loss : 3.52, worst lambd: 2.72, worst gap: 0.05:  74%|███████▍  | 370/500 [05:03<01:46,  1.22it/s]
Epoch 379 | postive loss : 1.00, negtive loss : 3.54, worst lambd: 2.63, worst gap: 0.03:  76%|███████▌  | 380/500 [05:11<01:38,  1.22it/s]
Epoch 389 | postive loss : 0.99, negtive loss : 3.57, worst lambd: 2.70, worst gap: 0.04:  78%|███████▊  | 390/500 [05:20<01:30,  1.22it/s]
Epoch 399 | postive loss : 0.98, negtive loss : 3.59, worst lambd: 2.89, worst gap: 0.05:  80%|████████  | 400/500 [05:28<01:22,  1.22it/s]
Epoch 409 | postive loss : 0.98, negtive loss : 3.61, worst lambd: 2.71, worst gap: 0.05:  82%|████████▏ | 410/500 [05:36<01:13,  1.22it/s]
Epoch 419 | postive loss : 0.97, negtive loss : 3.64, worst lambd: 2.72, worst gap: 0.04:  84%|████████▍ | 420/500 [05:44<01:05,  1.22it/s]
Epoch 429 | postive loss : 0.96, negtive loss : 3.66, worst lambd: 2.90, worst gap: 0.04:  86%|████████▌ | 430/500 [05:52<00:57,  1.22it/s]
Epoch 439 | postive loss : 0.96, negtive loss : 3.68, worst lambd: 2.64, worst gap: 0.04:  88%|████████▊ | 440/500 [06:01<00:49,  1.22it/s]
Epoch 449 | postive loss : 0.95, negtive loss : 3.69, worst lambd: 2.65, worst gap: 0.03:  90%|█████████ | 450/500 [06:09<00:40,  1.22it/s]
Epoch 459 | postive loss : 0.95, negtive loss : 3.73, worst lambd: 2.67, worst gap: 0.04:  92%|█████████▏| 460/500 [06:17<00:32,  1.22it/s]
Epoch 469 | postive loss : 0.94, negtive loss : 3.73, worst lambd: 2.62, worst gap: 0.06:  94%|█████████▍| 470/500 [06:25<00:24,  1.22it/s]
Epoch 479 | postive loss : 0.93, negtive loss : 3.76, worst lambd: 2.78, worst gap: 0.03:  96%|█████████▌| 480/500 [06:33<00:16,  1.22it/s]
Epoch 489 | postive loss : 0.93, negtive loss : 3.79, worst lambd: 2.73, worst gap: 0.04:  98%|█████████▊| 490/500 [06:41<00:08,  1.22it/s]
Epoch 499 | postive loss : 0.93, negtive loss : 3.80, worst lambd: 2.80, worst gap: 0.05: 100%|██████████| 500/500 [06:50<00:00,  1.22it/s]
Epoch 499 | postive loss : 0.93, negtive loss : 3.80, worst lambd: 2.80, worst gap: 0.05: 100%|██████████| 500/500 [06:50<00:00,  1.22it/s]
Info : finish model training
Info : save model sucessfully
Info : save sucessfully

2023-03-16 09:16:31
alpha: 0.01    batchsize: 16    dim: 64    epoch: 1000    gapMax_defi: -1    gapMax_prim: -0.5    lambdaMax: 0.2    learningrate: 0.002    lrdecay: 0.5    lrdecayEpoch: 500    modelname: SN2E    momentum: 0    negtsamplenum: 128    optimizer: Adam    vmax: 10    vmin: 0.1    weightdecay: 0    
INFO -- prepare : Init model SN2E
INFO -- prepare : set model cuda: 1
INFO -- prepare : Model initialization complete
INFO -- prepare : Init optimizer
INFO -- prepare : Finish preparing Optimizer...
Info -- : start model training

  0%|          | 0/1000 [00:00<?, ?it/s]
Epoch 9 | postive loss : 7.61, negtive loss : 9.44, worst lambd: 86.14, worst gap: 0.36:   1%|          | 10/1000 [00:11<18:18,  1.11s/it]
Epoch 19 | postive loss : 1.76, negtive loss : 2.45, worst lambd: 51.94, worst gap: 0.09:   2%|▏         | 20/1000 [00:22<17:57,  1.10s/it]
Epoch 29 | postive loss : 1.59, negtive loss : 2.51, worst lambd: 22.47, worst gap: 0.07:   3%|▎         | 30/1000 [00:32<17:43,  1.10s/it]
Epoch 39 | postive loss : 1.50, negtive loss : 2.60, worst lambd: 7.59, worst gap: 0.08:   4%|▍         | 40/1000 [00:43<17:31,  1.10s/it] 
Epoch 49 | postive loss : 1.44, negtive loss : 2.68, worst lambd: 3.72, worst gap: 0.03:   5%|▌         | 50/1000 [00:54<17:20,  1.10s/it]
Epoch 59 | postive loss : 1.39, negtive loss : 2.75, worst lambd: 3.83, worst gap: 0.02:   6%|▌         | 60/1000 [01:05<17:09,  1.10s/it]
Epoch 69 | postive loss : 1.36, negtive loss : 2.80, worst lambd: 3.22, worst gap: 0.02:   7%|▋         | 70/1000 [01:16<16:58,  1.10s/it]
Epoch 79 | postive loss : 1.33, negtive loss : 2.84, worst lambd: 3.34, worst gap: 0.03:   8%|▊         | 80/1000 [01:27<16:47,  1.10s/it]
Epoch 89 | postive loss : 1.30, negtive loss : 2.89, worst lambd: 3.48, worst gap: 0.05:   9%|▉         | 90/1000 [01:38<16:36,  1.10s/it]
Epoch 99 | postive loss : 1.27, negtive loss : 2.93, worst lambd: 3.30, worst gap: 0.03:  10%|█         | 100/1000 [01:49<16:25,  1.09s/it]
Epoch 108 | postive loss : 1.26, negtive loss : 2.97, worst lambd: 3.29, worst gap: 0.04:  10%|█         | 100/1000 [02:00<16:25,  1.09s/it]
Epoch 109 | postive loss : 1.26, negtive loss : 2.97, worst lambd: 3.29, worst gap: 0.03:  11%|█         | 110/1000 [02:00<16:13,  1.09s/it]
Epoch 110 | postive loss : 1.26, negtive loss : 2.98, worst lambd: 3.36, worst gap: 0.05:  11%|█         | 111/1000 [02:01<16:12,  1.09s/it]
Epoch 111 | postive loss : 1.25, negtive loss : 2.99, worst lambd: 3.23, worst gap: 0.02:  11%|█         | 112/1000 [02:02<16:12,  1.09s/it]
Epoch 112 | postive loss : 1.25, negtive loss : 2.98, worst lambd: 3.23, worst gap: 0.03:  11%|█▏        | 113/1000 [02:03<16:10,  1.09s/it]
Epoch 113 | postive loss : 1.25, negtive loss : 2.99, worst lambd: 3.41, worst gap: 0.03:  11%|█▏        | 114/1000 [02:04<16:09,  1.09s/it]
Epoch 114 | postive loss : 1.24, negtive loss : 2.99, worst lambd: 3.21, worst gap: 0.04:  12%|█▏        | 115/1000 [02:05<16:09,  1.10s/it]
Epoch 115 | postive loss : 1.24, negtive loss : 3.01, worst lambd: 3.24, worst gap: 0.03:  12%|█▏        | 116/1000 [02:07<16:07,  1.09s/it]
Epoch 116 | postive loss : 1.24, negtive loss : 3.01, worst lambd: 3.32, worst gap: 0.04:  12%|█▏        | 117/1000 [02:08<16:06,  1.09s/it]
Epoch 117 | postive loss : 1.24, negtive loss : 3.01, worst lambd: 3.19, worst gap: 0.02:  12%|█▏        | 118/1000 [02:09<16:05,  1.09s/it]
Epoch 118 | postive loss : 1.24, negtive loss : 3.01, worst lambd: 3.15, worst gap: 0.04:  12%|█▏        | 119/1000 [02:10<16:04,  1.09s/it]
Epoch 119 | postive loss : 1.23, negtive loss : 3.02, worst lambd: 3.08, worst gap: 0.04:  12%|█▏        | 120/1000 [02:11<16:02,  1.09s/it]
Epoch 120 | postive loss : 1.24, negtive loss : 3.03, worst lambd: 3.29, worst gap: 0.05:  12%|█▏        | 121/1000 [02:12<16:00,  1.09s/it]
Epoch 121 | postive loss : 1.23, negtive loss : 3.03, worst lambd: 3.10, worst gap: 0.04:  12%|█▏        | 122/1000 [02:13<15:59,  1.09s/it]
Epoch 122 | postive loss : 1.23, negtive loss : 3.04, worst lambd: 3.20, worst gap: 0.03:  12%|█▏        | 123/1000 [02:14<16:01,  1.10s/it]
Epoch 123 | postive loss : 1.23, negtive loss : 3.04, worst lambd: 3.15, worst gap: 0.02:  12%|█▏        | 124/1000 [02:15<16:01,  1.10s/it]
Epoch 124 | postive loss : 1.22, negtive loss : 3.04, worst lambd: 3.36, worst gap: 0.03:  12%|█▎        | 125/1000 [02:16<15:59,  1.10s/it]
Epoch 125 | postive loss : 1.23, negtive loss : 3.05, worst lambd: 3.27, worst gap: 0.03:  13%|█▎        | 126/1000 [02:18<15:57,  1.10s/it]
Epoch 126 | postive loss : 1.22, negtive loss : 3.05, worst lambd: 3.04, worst gap: 0.05:  13%|█▎        | 127/1000 [02:19<15:55,  1.09s/it]
Epoch 127 | postive loss : 1.22, negtive loss : 3.05, worst lambd: 3.23, worst gap: 0.04:  13%|█▎        | 128/1000 [02:20<15:54,  1.09s/it]
Epoch 128 | postive loss : 1.22, negtive loss : 3.07, worst lambd: 3.09, worst gap: 0.03:  13%|█▎        | 129/1000 [02:21<15:52,  1.09s/it]
Epoch 129 | postive loss : 1.21, negtive loss : 3.06, worst lambd: 3.17, worst gap: 0.03:  13%|█▎        | 130/1000 [02:22<15:51,  1.09s/it]
Epoch 130 | postive loss : 1.21, negtive loss : 3.08, worst lambd: 3.03, worst gap: 0.03:  13%|█▎        | 131/1000 [02:23<15:49,  1.09s/it]
Epoch 131 | postive loss : 1.21, negtive loss : 3.06, worst lambd: 3.21, worst gap: 0.04:  13%|█▎        | 132/1000 [02:24<15:49,  1.09s/it]
Epoch 132 | postive loss : 1.21, negtive loss : 3.08, worst lambd: 3.30, worst gap: 0.03:  13%|█▎        | 133/1000 [02:25<15:47,  1.09s/it]
Epoch 133 | postive loss : 1.21, negtive loss : 3.08, worst lambd: 3.27, worst gap: 0.04:  13%|█▎        | 134/1000 [02:26<15:47,  1.09s/it]
Epoch 134 | postive loss : 1.21, negtive loss : 3.09, worst lambd: 3.04, worst gap: 0.04:  14%|█▎        | 135/1000 [02:27<15:46,  1.09s/it]
Epoch 135 | postive loss : 1.21, negtive loss : 3.10, worst lambd: 3.19, worst gap: 0.04:  14%|█▎        | 136/1000 [02:28<15:44,  1.09s/it]
Epoch 136 | postive loss : 1.20, negtive loss : 3.09, worst lambd: 3.04, worst gap: 0.04:  14%|█▎        | 137/1000 [02:30<15:43,  1.09s/it]
Epoch 137 | postive loss : 1.20, negtive loss : 3.11, worst lambd: 3.18, worst gap: 0.02:  14%|█▍        | 138/1000 [02:31<15:42,  1.09s/it]
Epoch 138 | postive loss : 1.20, negtive loss : 3.11, worst lambd: 3.23, worst gap: 0.02:  14%|█▍        | 139/1000 [02:32<15:41,  1.09s/it]
Epoch 139 | postive loss : 1.20, negtive loss : 3.11, worst lambd: 3.12, worst gap: 0.02:  14%|█▍        | 140/1000 [02:33<15:40,  1.09s/it]
Epoch 140 | postive loss : 1.20, negtive loss : 3.11, worst lambd: 3.13, worst gap: 0.03:  14%|█▍        | 141/1000 [02:34<15:39,  1.09s/it]
Epoch 141 | postive loss : 1.19, negtive loss : 3.12, worst lambd: 3.27, worst gap: 0.03:  14%|█▍        | 142/1000 [02:35<15:39,  1.09s/it]
Epoch 142 | postive loss : 1.19, negtive loss : 3.12, worst lambd: 2.99, worst gap: 0.04:  14%|█▍        | 143/1000 [02:36<15:37,  1.09s/it]
Epoch 143 | postive loss : 1.19, negtive loss : 3.13, worst lambd: 3.20, worst gap: 0.04:  14%|█▍        | 144/1000 [02:37<15:36,  1.09s/it]
Epoch 144 | postive loss : 1.19, negtive loss : 3.14, worst lambd: 3.21, worst gap: 0.03:  14%|█▍        | 145/1000 [02:38<15:35,  1.09s/it]
Epoch 145 | postive loss : 1.19, negtive loss : 3.14, worst lambd: 3.17, worst gap: 0.05:  15%|█▍        | 146/1000 [02:39<15:34,  1.09s/it]
Epoch 146 | postive loss : 1.19, negtive loss : 3.14, worst lambd: 3.05, worst gap: 0.04:  15%|█▍        | 147/1000 [02:41<15:33,  1.09s/it]
Epoch 147 | postive loss : 1.18, negtive loss : 3.15, worst lambd: 2.95, worst gap: 0.03:  15%|█▍        | 148/1000 [02:42<15:32,  1.09s/it]
Epoch 148 | postive loss : 1.18, negtive loss : 3.16, worst lambd: 3.29, worst gap: 0.02:  15%|█▍        | 149/1000 [02:43<15:31,  1.09s/it]
Epoch 149 | postive loss : 1.18, negtive loss : 3.16, worst lambd: 3.22, worst gap: 0.04:  15%|█▌        | 150/1000 [02:44<15:30,  1.09s/it]
Epoch 150 | postive loss : 1.18, negtive loss : 3.15, worst lambd: 3.02, worst gap: 0.04:  15%|█▌        | 151/1000 [02:45<15:28,  1.09s/it]
Epoch 151 | postive loss : 1.18, negtive loss : 3.17, worst lambd: 3.16, worst gap: 0.06:  15%|█▌        | 152/1000 [02:46<15:27,  1.09s/it]
Epoch 152 | postive loss : 1.17, negtive loss : 3.17, worst lambd: 3.10, worst gap: 0.05:  15%|█▌        | 153/1000 [02:47<15:26,  1.09s/it]
Epoch 153 | postive loss : 1.18, negtive loss : 3.18, worst lambd: 3.22, worst gap: 0.05:  15%|█▌        | 154/1000 [02:48<15:25,  1.09s/it]
Epoch 154 | postive loss : 1.17, negtive loss : 3.18, worst lambd: 3.08, worst gap: 0.05:  16%|█▌        | 155/1000 [02:49<15:23,  1.09s/it]
Epoch 155 | postive loss : 1.17, negtive loss : 3.19, worst lambd: 3.15, worst gap: 0.04:  16%|█▌        | 156/1000 [02:50<15:22,  1.09s/it]
Epoch 156 | postive loss : 1.17, negtive loss : 3.19, worst lambd: 3.04, worst gap: 0.03:  16%|█▌        | 157/1000 [02:51<15:21,  1.09s/it]
Epoch 157 | postive loss : 1.17, negtive loss : 3.20, worst lambd: 2.92, worst gap: 0.03:  16%|█▌        | 158/1000 [02:53<15:20,  1.09s/it]
Epoch 158 | postive loss : 1.17, negtive loss : 3.20, worst lambd: 3.07, worst gap: 0.03:  16%|█▌        | 159/1000 [02:54<15:19,  1.09s/it]
Epoch 159 | postive loss : 1.16, negtive loss : 3.21, worst lambd: 3.14, worst gap: 0.04:  16%|█▌        | 160/1000 [02:55<15:18,  1.09s/it]
Epoch 160 | postive loss : 1.16, negtive loss : 3.20, worst lambd: 3.12, worst gap: 0.04:  16%|█▌        | 161/1000 [02:56<15:17,  1.09s/it]
Epoch 161 | postive loss : 1.16, negtive loss : 3.22, worst lambd: 3.27, worst gap: 0.05:  16%|█▌        | 162/1000 [02:57<15:16,  1.09s/it]
Epoch 162 | postive loss : 1.16, negtive loss : 3.22, worst lambd: 3.25, worst gap: 0.03:  16%|█▋        | 163/1000 [02:58<15:15,  1.09s/it]
Epoch 163 | postive loss : 1.16, negtive loss : 3.22, worst lambd: 3.01, worst gap: 0.05:  16%|█▋        | 164/1000 [02:59<15:14,  1.09s/it]
Epoch 164 | postive loss : 1.16, negtive loss : 3.24, worst lambd: 3.20, worst gap: 0.03:  16%|█▋        | 165/1000 [03:00<15:13,  1.09s/it]
Epoch 165 | postive loss : 1.15, negtive loss : 3.23, worst lambd: 3.08, worst gap: 0.03:  17%|█▋        | 166/1000 [03:01<15:13,  1.10s/it]
Epoch 166 | postive loss : 1.15, negtive loss : 3.23, worst lambd: 3.14, worst gap: 0.04:  17%|█▋        | 167/1000 [03:02<15:12,  1.10s/it]
Epoch 167 | postive loss : 1.15, negtive loss : 3.24, worst lambd: 3.31, worst gap: 0.04:  17%|█▋        | 168/1000 [03:03<15:11,  1.10s/it]
Epoch 168 | postive loss : 1.15, negtive loss : 3.25, worst lambd: 3.08, worst gap: 0.04:  17%|█▋        | 169/1000 [03:05<15:09,  1.09s/it]
Epoch 169 | postive loss : 1.15, negtive loss : 3.25, worst lambd: 2.97, worst gap: 0.02:  17%|█▋        | 170/1000 [03:06<15:08,  1.09s/it]
Epoch 170 | postive loss : 1.15, negtive loss : 3.26, worst lambd: 3.01, worst gap: 0.05:  17%|█▋        | 171/1000 [03:07<15:07,  1.09s/it]
Epoch 171 | postive loss : 1.14, negtive loss : 3.25, worst lambd: 3.21, worst gap: 0.04:  17%|█▋        | 172/1000 [03:08<15:05,  1.09s/it]
Epoch 172 | postive loss : 1.14, negtive loss : 3.27, worst lambd: 2.92, worst gap: 0.05:  17%|█▋        | 173/1000 [03:09<15:04,  1.09s/it]
Epoch 173 | postive loss : 1.14, negtive loss : 3.27, worst lambd: 2.91, worst gap: 0.03:  17%|█▋        | 174/1000 [03:10<15:00,  1.09s/it]
Epoch 174 | postive loss : 1.14, negtive loss : 3.27, worst lambd: 3.06, worst gap: 0.03:  18%|█▊        | 175/1000 [03:11<14:57,  1.09s/it]
Epoch 175 | postive loss : 1.15, negtive loss : 3.27, worst lambd: 3.04, worst gap: 0.05:  18%|█▊        | 176/1000 [03:12<14:55,  1.09s/it]
Epoch 176 | postive loss : 1.14, negtive loss : 3.28, worst lambd: 3.22, worst gap: 0.03:  18%|█▊        | 177/1000 [03:13<14:52,  1.08s/it]
Epoch 177 | postive loss : 1.14, negtive loss : 3.29, worst lambd: 3.19, worst gap: 0.04:  18%|█▊        | 178/1000 [03:14<14:50,  1.08s/it]
Epoch 178 | postive loss : 1.14, negtive loss : 3.29, worst lambd: 3.12, worst gap: 0.04:  18%|█▊        | 179/1000 [03:15<14:49,  1.08s/it]
Epoch 179 | postive loss : 1.13, negtive loss : 3.29, worst lambd: 2.88, worst gap: 0.05:  18%|█▊        | 180/1000 [03:17<14:47,  1.08s/it]
Epoch 180 | postive loss : 1.13, negtive loss : 3.29, worst lambd: 3.01, worst gap: 0.04:  18%|█▊        | 181/1000 [03:18<14:46,  1.08s/it]
Epoch 181 | postive loss : 1.13, negtive loss : 3.30, worst lambd: 3.10, worst gap: 0.04:  18%|█▊        | 182/1000 [03:19<14:45,  1.08s/it]
Epoch 182 | postive loss : 1.13, negtive loss : 3.30, worst lambd: 3.13, worst gap: 0.04:  18%|█▊        | 183/1000 [03:20<14:44,  1.08s/it]
Epoch 183 | postive loss : 1.13, negtive loss : 3.31, worst lambd: 2.94, worst gap: 0.05:  18%|█▊        | 184/1000 [03:21<14:42,  1.08s/it]
Epoch 184 | postive loss : 1.13, negtive loss : 3.32, worst lambd: 3.24, worst gap: 0.03:  18%|█▊        | 185/1000 [03:22<14:43,  1.08s/it]
Epoch 185 | postive loss : 1.13, negtive loss : 3.31, worst lambd: 3.11, worst gap: 0.03:  19%|█▊        | 186/1000 [03:23<14:41,  1.08s/it]
Epoch 186 | postive loss : 1.13, negtive loss : 3.32, worst lambd: 3.13, worst gap: 0.02:  19%|█▊        | 187/1000 [03:24<14:40,  1.08s/it]
Epoch 187 | postive loss : 1.12, negtive loss : 3.32, worst lambd: 2.85, worst gap: 0.05:  19%|█▉        | 188/1000 [03:25<14:39,  1.08s/it]
Epoch 188 | postive loss : 1.12, negtive loss : 3.32, worst lambd: 3.08, worst gap: 0.05:  19%|█▉        | 189/1000 [03:26<14:37,  1.08s/it]
Epoch 189 | postive loss : 1.12, negtive loss : 3.33, worst lambd: 3.28, worst gap: 0.03:  19%|█▉        | 190/1000 [03:27<14:36,  1.08s/it]
Epoch 190 | postive loss : 1.12, negtive loss : 3.34, worst lambd: 3.10, worst gap: 0.04:  19%|█▉        | 191/1000 [03:28<14:35,  1.08s/it]
Epoch 191 | postive loss : 1.12, negtive loss : 3.33, worst lambd: 2.96, worst gap: 0.04:  19%|█▉        | 192/1000 [03:30<14:34,  1.08s/it]
Epoch 192 | postive loss : 1.12, negtive loss : 3.35, worst lambd: 2.89, worst gap: 0.04:  19%|█▉        | 193/1000 [03:31<14:33,  1.08s/it]
Epoch 193 | postive loss : 1.11, negtive loss : 3.34, worst lambd: 3.07, worst gap: 0.05:  19%|█▉        | 194/1000 [03:32<14:32,  1.08s/it]
Epoch 194 | postive loss : 1.12, negtive loss : 3.36, worst lambd: 3.03, worst gap: 0.03:  20%|█▉        | 195/1000 [03:33<14:30,  1.08s/it]
Epoch 195 | postive loss : 1.11, negtive loss : 3.35, worst lambd: 3.01, worst gap: 0.05:  20%|█▉        | 196/1000 [03:34<14:28,  1.08s/it]
Epoch 196 | postive loss : 1.11, negtive loss : 3.36, worst lambd: 2.87, worst gap: 0.02:  20%|█▉        | 197/1000 [03:35<14:27,  1.08s/it]
Epoch 197 | postive loss : 1.11, negtive loss : 3.36, worst lambd: 3.10, worst gap: 0.04:  20%|█▉        | 198/1000 [03:36<14:26,  1.08s/it]
Epoch 198 | postive loss : 1.11, negtive loss : 3.37, worst lambd: 3.18, worst gap: 0.05:  20%|█▉        | 199/1000 [03:37<14:26,  1.08s/it]
Epoch 199 | postive loss : 1.11, negtive loss : 3.37, worst lambd: 3.09, worst gap: 0.03:  20%|██        | 200/1000 [03:38<14:25,  1.08s/it]
Epoch 200 | postive loss : 1.11, negtive loss : 3.37, worst lambd: 3.05, worst gap: 0.05:  20%|██        | 201/1000 [03:39<14:24,  1.08s/it]
Epoch 201 | postive loss : 1.11, negtive loss : 3.38, worst lambd: 3.11, worst gap: 0.02:  20%|██        | 202/1000 [03:40<14:23,  1.08s/it]
Epoch 202 | postive loss : 1.11, negtive loss : 3.38, worst lambd: 2.93, worst gap: 0.04:  20%|██        | 203/1000 [03:41<14:22,  1.08s/it]
Epoch 203 | postive loss : 1.10, negtive loss : 3.38, worst lambd: 2.97, worst gap: 0.03:  20%|██        | 204/1000 [03:42<14:21,  1.08s/it]
Epoch 204 | postive loss : 1.11, negtive loss : 3.39, worst lambd: 2.92, worst gap: 0.04:  20%|██        | 205/1000 [03:44<14:20,  1.08s/it]
Epoch 205 | postive loss : 1.10, negtive loss : 3.39, worst lambd: 2.94, worst gap: 0.02:  21%|██        | 206/1000 [03:45<14:19,  1.08s/it]
Epoch 206 | postive loss : 1.10, negtive loss : 3.39, worst lambd: 2.94, worst gap: 0.04:  21%|██        | 207/1000 [03:46<14:18,  1.08s/it]
Epoch 207 | postive loss : 1.10, negtive loss : 3.41, worst lambd: 3.16, worst gap: 0.04:  21%|██        | 208/1000 [03:47<14:17,  1.08s/it]
Epoch 208 | postive loss : 1.10, negtive loss : 3.40, worst lambd: 3.15, worst gap: 0.02:  21%|██        | 209/1000 [03:48<14:16,  1.08s/it]
Epoch 209 | postive loss : 1.10, negtive loss : 3.41, worst lambd: 3.04, worst gap: 0.05:  21%|██        | 210/1000 [03:49<14:15,  1.08s/it]
Epoch 210 | postive loss : 1.10, negtive loss : 3.41, worst lambd: 3.23, worst gap: 0.03:  21%|██        | 211/1000 [03:50<14:14,  1.08s/it]
Epoch 211 | postive loss : 1.09, negtive loss : 3.42, worst lambd: 3.09, worst gap: 0.04:  21%|██        | 212/1000 [03:51<14:13,  1.08s/it]
Epoch 212 | postive loss : 1.09, negtive loss : 3.42, worst lambd: 2.85, worst gap: 0.02:  21%|██▏       | 213/1000 [03:52<14:11,  1.08s/it]
Epoch 213 | postive loss : 1.09, negtive loss : 3.42, worst lambd: 3.01, worst gap: 0.04:  21%|██▏       | 214/1000 [03:53<14:10,  1.08s/it]
Epoch 214 | postive loss : 1.09, negtive loss : 3.42, worst lambd: 2.94, worst gap: 0.04:  22%|██▏       | 215/1000 [03:54<14:09,  1.08s/it]
Epoch 215 | postive loss : 1.09, negtive loss : 3.42, worst lambd: 3.16, worst gap: 0.04:  22%|██▏       | 216/1000 [03:55<14:08,  1.08s/it]
Epoch 216 | postive loss : 1.09, negtive loss : 3.44, worst lambd: 3.00, worst gap: 0.05:  22%|██▏       | 217/1000 [03:57<14:07,  1.08s/it]
Epoch 217 | postive loss : 1.09, negtive loss : 3.44, worst lambd: 2.89, worst gap: 0.04:  22%|██▏       | 218/1000 [03:58<14:06,  1.08s/it]
Epoch 218 | postive loss : 1.09, negtive loss : 3.44, worst lambd: 3.02, worst gap: 0.03:  22%|██▏       | 219/1000 [03:59<14:05,  1.08s/it]
Epoch 219 | postive loss : 1.08, negtive loss : 3.44, worst lambd: 3.10, worst gap: 0.03:  22%|██▏       | 220/1000 [04:00<14:04,  1.08s/it]
Epoch 220 | postive loss : 1.09, negtive loss : 3.45, worst lambd: 2.86, worst gap: 0.02:  22%|██▏       | 221/1000 [04:01<14:03,  1.08s/it]
Epoch 221 | postive loss : 1.08, negtive loss : 3.45, worst lambd: 3.32, worst gap: 0.03:  22%|██▏       | 222/1000 [04:02<14:02,  1.08s/it]
Epoch 222 | postive loss : 1.08, negtive loss : 3.46, worst lambd: 3.07, worst gap: 0.02:  22%|██▏       | 223/1000 [04:03<14:01,  1.08s/it]
Epoch 223 | postive loss : 1.08, negtive loss : 3.46, worst lambd: 2.93, worst gap: 0.02:  22%|██▏       | 224/1000 [04:04<14:00,  1.08s/it]
Epoch 224 | postive loss : 1.08, negtive loss : 3.46, worst lambd: 2.89, worst gap: 0.04:  22%|██▎       | 225/1000 [04:05<13:59,  1.08s/it]
Epoch 225 | postive loss : 1.08, negtive loss : 3.46, worst lambd: 2.83, worst gap: 0.03:  23%|██▎       | 226/1000 [04:06<13:58,  1.08s/it]
Epoch 226 | postive loss : 1.08, negtive loss : 3.48, worst lambd: 2.90, worst gap: 0.04:  23%|██▎       | 227/1000 [04:07<13:56,  1.08s/it]
Epoch 227 | postive loss : 1.08, negtive loss : 3.48, worst lambd: 2.80, worst gap: 0.04:  23%|██▎       | 228/1000 [04:08<13:54,  1.08s/it]
Epoch 228 | postive loss : 1.07, negtive loss : 3.48, worst lambd: 2.94, worst gap: 0.03:  23%|██▎       | 229/1000 [04:10<13:52,  1.08s/it]
Epoch 229 | postive loss : 1.07, negtive loss : 3.48, worst lambd: 3.15, worst gap: 0.03:  23%|██▎       | 230/1000 [04:11<13:50,  1.08s/it]
Epoch 230 | postive loss : 1.07, negtive loss : 3.49, worst lambd: 2.94, worst gap: 0.03:  23%|██▎       | 231/1000 [04:12<13:50,  1.08s/it]
Epoch 231 | postive loss : 1.07, negtive loss : 3.49, worst lambd: 2.90, worst gap: 0.03:  23%|██▎       | 232/1000 [04:13<13:50,  1.08s/it]
Epoch 232 | postive loss : 1.07, negtive loss : 3.50, worst lambd: 3.10, worst gap: 0.02:  23%|██▎       | 233/1000 [04:14<13:50,  1.08s/it]
Epoch 233 | postive loss : 1.08, negtive loss : 3.51, worst lambd: 3.05, worst gap: 0.05:  23%|██▎       | 234/1000 [04:15<13:47,  1.08s/it]
Epoch 234 | postive loss : 1.07, negtive loss : 3.50, worst lambd: 3.09, worst gap: 0.03:  24%|██▎       | 235/1000 [04:16<13:46,  1.08s/it]
Epoch 235 | postive loss : 1.07, negtive loss : 3.51, worst lambd: 3.04, worst gap: 0.04:  24%|██▎       | 236/1000 [04:17<13:46,  1.08s/it]
Epoch 236 | postive loss : 1.07, negtive loss : 3.51, worst lambd: 2.91, worst gap: 0.04:  24%|██▎       | 237/1000 [04:18<13:45,  1.08s/it]
Epoch 237 | postive loss : 1.06, negtive loss : 3.51, worst lambd: 3.03, worst gap: 0.05:  24%|██▍       | 238/1000 [04:19<13:44,  1.08s/it]
Epoch 238 | postive loss : 1.07, negtive loss : 3.52, worst lambd: 3.10, worst gap: 0.04:  24%|██▍       | 239/1000 [04:20<13:43,  1.08s/it]
Epoch 239 | postive loss : 1.06, negtive loss : 3.52, worst lambd: 3.01, worst gap: 0.04:  24%|██▍       | 240/1000 [04:21<13:42,  1.08s/it]
Epoch 240 | postive loss : 1.06, negtive loss : 3.53, worst lambd: 3.01, worst gap: 0.04:  24%|██▍       | 241/1000 [04:23<13:44,  1.09s/it]
Epoch 241 | postive loss : 1.06, negtive loss : 3.53, worst lambd: 2.92, worst gap: 0.04:  24%|██▍       | 242/1000 [04:24<13:46,  1.09s/it]
Epoch 242 | postive loss : 1.06, negtive loss : 3.53, worst lambd: 2.93, worst gap: 0.04:  24%|██▍       | 243/1000 [04:25<13:42,  1.09s/it]
Epoch 243 | postive loss : 1.06, negtive loss : 3.54, worst lambd: 3.08, worst gap: 0.05:  24%|██▍       | 244/1000 [04:26<13:40,  1.09s/it]
Epoch 244 | postive loss : 1.06, negtive loss : 3.54, worst lambd: 3.04, worst gap: 0.03:  24%|██▍       | 245/1000 [04:27<13:39,  1.09s/it]
Epoch 245 | postive loss : 1.06, negtive loss : 3.55, worst lambd: 2.84, worst gap: 0.05:  25%|██▍       | 246/1000 [04:28<13:37,  1.08s/it]
Epoch 246 | postive loss : 1.05, negtive loss : 3.55, worst lambd: 3.10, worst gap: 0.06:  25%|██▍       | 247/1000 [04:29<13:36,  1.08s/it]
Epoch 247 | postive loss : 1.05, negtive loss : 3.56, worst lambd: 2.92, worst gap: 0.02:  25%|██▍       | 248/1000 [04:30<13:34,  1.08s/it]
Epoch 248 | postive loss : 1.05, negtive loss : 3.55, worst lambd: 3.01, worst gap: 0.04:  25%|██▍       | 249/1000 [04:31<13:33,  1.08s/it]
Epoch 249 | postive loss : 1.05, negtive loss : 3.56, worst lambd: 2.96, worst gap: 0.03:  25%|██▌       | 250/1000 [04:32<13:32,  1.08s/it]
Epoch 250 | postive loss : 1.05, negtive loss : 3.56, worst lambd: 2.90, worst gap: 0.04:  25%|██▌       | 251/1000 [04:33<13:31,  1.08s/it]
Epoch 251 | postive loss : 1.05, negtive loss : 3.56, worst lambd: 2.95, worst gap: 0.03:  25%|██▌       | 252/1000 [04:34<13:29,  1.08s/it]
Epoch 252 | postive loss : 1.05, negtive loss : 3.57, worst lambd: 2.94, worst gap: 0.02:  25%|██▌       | 253/1000 [04:36<13:28,  1.08s/it]
Epoch 253 | postive loss : 1.05, negtive loss : 3.59, worst lambd: 2.97, worst gap: 0.05:  25%|██▌       | 254/1000 [04:37<13:27,  1.08s/it]
Epoch 254 | postive loss : 1.05, negtive loss : 3.58, worst lambd: 2.94, worst gap: 0.03:  26%|██▌       | 255/1000 [04:38<13:26,  1.08s/it]
Epoch 255 | postive loss : 1.05, negtive loss : 3.58, worst lambd: 3.24, worst gap: 0.05:  26%|██▌       | 256/1000 [04:39<13:25,  1.08s/it]
Epoch 256 | postive loss : 1.05, negtive loss : 3.58, worst lambd: 2.83, worst gap: 0.06:  26%|██▌       | 257/1000 [04:40<13:24,  1.08s/it]
Epoch 257 | postive loss : 1.05, negtive loss : 3.59, worst lambd: 2.92, worst gap: 0.02:  26%|██▌       | 258/1000 [04:41<13:22,  1.08s/it]
Epoch 258 | postive loss : 1.04, negtive loss : 3.59, worst lambd: 3.05, worst gap: 0.04:  26%|██▌       | 259/1000 [04:42<13:21,  1.08s/it]
Epoch 259 | postive loss : 1.04, negtive loss : 3.59, worst lambd: 3.08, worst gap: 0.02:  26%|██▌       | 260/1000 [04:43<13:22,  1.08s/it]
Epoch 260 | postive loss : 1.04, negtive loss : 3.61, worst lambd: 3.04, worst gap: 0.04:  26%|██▌       | 261/1000 [04:44<13:20,  1.08s/it]
Epoch 261 | postive loss : 1.04, negtive loss : 3.60, worst lambd: 2.96, worst gap: 0.04:  26%|██▌       | 262/1000 [04:45<13:18,  1.08s/it]
Epoch 262 | postive loss : 1.04, negtive loss : 3.61, worst lambd: 2.86, worst gap: 0.04:  26%|██▋       | 263/1000 [04:46<13:17,  1.08s/it]
Epoch 263 | postive loss : 1.04, negtive loss : 3.61, worst lambd: 2.92, worst gap: 0.05:  26%|██▋       | 264/1000 [04:47<13:16,  1.08s/it]
Epoch 264 | postive loss : 1.04, negtive loss : 3.61, worst lambd: 2.92, worst gap: 0.05:  26%|██▋       | 265/1000 [04:49<13:15,  1.08s/it]
Epoch 265 | postive loss : 1.04, negtive loss : 3.62, worst lambd: 2.97, worst gap: 0.03:  27%|██▋       | 266/1000 [04:50<13:14,  1.08s/it]
Epoch 266 | postive loss : 1.04, negtive loss : 3.62, worst lambd: 2.86, worst gap: 0.05:  27%|██▋       | 267/1000 [04:51<13:12,  1.08s/it]
Epoch 267 | postive loss : 1.03, negtive loss : 3.62, worst lambd: 2.91, worst gap: 0.03:  27%|██▋       | 268/1000 [04:52<13:11,  1.08s/it]
Epoch 268 | postive loss : 1.03, negtive loss : 3.62, worst lambd: 2.96, worst gap: 0.02:  27%|██▋       | 269/1000 [04:53<13:10,  1.08s/it]
Epoch 269 | postive loss : 1.03, negtive loss : 3.63, worst lambd: 3.06, worst gap: 0.05:  27%|██▋       | 270/1000 [04:54<13:09,  1.08s/it]
Epoch 270 | postive loss : 1.03, negtive loss : 3.63, worst lambd: 2.94, worst gap: 0.03:  27%|██▋       | 271/1000 [04:55<13:08,  1.08s/it]
Epoch 271 | postive loss : 1.03, negtive loss : 3.64, worst lambd: 2.87, worst gap: 0.05:  27%|██▋       | 272/1000 [04:56<13:07,  1.08s/it]
Epoch 272 | postive loss : 1.03, negtive loss : 3.65, worst lambd: 2.98, worst gap: 0.04:  27%|██▋       | 273/1000 [04:57<13:06,  1.08s/it]
Epoch 273 | postive loss : 1.03, negtive loss : 3.64, worst lambd: 2.89, worst gap: 0.03:  27%|██▋       | 274/1000 [04:58<13:05,  1.08s/it]
Epoch 274 | postive loss : 1.03, negtive loss : 3.65, worst lambd: 3.21, worst gap: 0.04:  28%|██▊       | 275/1000 [04:59<13:04,  1.08s/it]
Epoch 275 | postive loss : 1.03, negtive loss : 3.65, worst lambd: 2.87, worst gap: 0.05:  28%|██▊       | 276/1000 [05:00<13:03,  1.08s/it]
Epoch 276 | postive loss : 1.03, negtive loss : 3.67, worst lambd: 2.98, worst gap: 0.03:  28%|██▊       | 277/1000 [05:02<13:02,  1.08s/it]
Epoch 277 | postive loss : 1.02, negtive loss : 3.66, worst lambd: 2.89, worst gap: 0.04:  28%|██▊       | 278/1000 [05:03<13:01,  1.08s/it]
Epoch 278 | postive loss : 1.02, negtive loss : 3.66, worst lambd: 2.75, worst gap: 0.03:  28%|██▊       | 279/1000 [05:04<12:59,  1.08s/it]
Epoch 279 | postive loss : 1.03, negtive loss : 3.67, worst lambd: 3.12, worst gap: 0.04:  28%|██▊       | 280/1000 [05:05<12:58,  1.08s/it]
Epoch 280 | postive loss : 1.02, negtive loss : 3.66, worst lambd: 2.81, worst gap: 0.04:  28%|██▊       | 281/1000 [05:06<12:58,  1.08s/it]
Epoch 281 | postive loss : 1.02, negtive loss : 3.67, worst lambd: 2.92, worst gap: 0.04:  28%|██▊       | 282/1000 [05:07<12:57,  1.08s/it]
Epoch 282 | postive loss : 1.02, negtive loss : 3.69, worst lambd: 2.94, worst gap: 0.04:  28%|██▊       | 283/1000 [05:08<13:01,  1.09s/it]
Epoch 283 | postive loss : 1.02, negtive loss : 3.68, worst lambd: 2.76, worst gap: 0.04:  28%|██▊       | 284/1000 [05:09<12:59,  1.09s/it]
Epoch 284 | postive loss : 1.02, negtive loss : 3.69, worst lambd: 2.98, worst gap: 0.04:  28%|██▊       | 285/1000 [05:10<12:57,  1.09s/it]
Epoch 285 | postive loss : 1.02, negtive loss : 3.70, worst lambd: 2.87, worst gap: 0.02:  29%|██▊       | 286/1000 [05:11<12:55,  1.09s/it]
Epoch 286 | postive loss : 1.02, negtive loss : 3.69, worst lambd: 2.96, worst gap: 0.03:  29%|██▊       | 287/1000 [05:12<12:53,  1.08s/it]
Epoch 287 | postive loss : 1.02, negtive loss : 3.70, worst lambd: 2.99, worst gap: 0.05:  29%|██▉       | 288/1000 [05:13<12:51,  1.08s/it]
Epoch 288 | postive loss : 1.02, negtive loss : 3.70, worst lambd: 2.91, worst gap: 0.05:  29%|██▉       | 289/1000 [05:15<12:50,  1.08s/it]
Epoch 289 | postive loss : 1.01, negtive loss : 3.70, worst lambd: 3.00, worst gap: 0.02:  29%|██▉       | 290/1000 [05:16<12:48,  1.08s/it]
Epoch 290 | postive loss : 1.02, negtive loss : 3.71, worst lambd: 2.99, worst gap: 0.03:  29%|██▉       | 291/1000 [05:17<12:47,  1.08s/it]
Epoch 291 | postive loss : 1.02, negtive loss : 3.71, worst lambd: 2.89, worst gap: 0.06:  29%|██▉       | 292/1000 [05:18<12:46,  1.08s/it]
Epoch 292 | postive loss : 1.01, negtive loss : 3.71, worst lambd: 2.92, worst gap: 0.05:  29%|██▉       | 293/1000 [05:19<12:45,  1.08s/it]
Epoch 293 | postive loss : 1.01, negtive loss : 3.71, worst lambd: 2.80, worst gap: 0.04:  29%|██▉       | 294/1000 [05:20<12:44,  1.08s/it]
Epoch 294 | postive loss : 1.01, negtive loss : 3.72, worst lambd: 2.81, worst gap: 0.05:  30%|██▉       | 295/1000 [05:21<12:43,  1.08s/it]
Epoch 295 | postive loss : 1.01, negtive loss : 3.72, worst lambd: 3.10, worst gap: 0.04:  30%|██▉       | 296/1000 [05:22<12:42,  1.08s/it]
Epoch 296 | postive loss : 1.01, negtive loss : 3.73, worst lambd: 2.96, worst gap: 0.04:  30%|██▉       | 297/1000 [05:23<12:41,  1.08s/it]
Epoch 297 | postive loss : 1.01, negtive loss : 3.73, worst lambd: 2.84, worst gap: 0.04:  30%|██▉       | 298/1000 [05:24<12:40,  1.08s/it]
Epoch 298 | postive loss : 1.01, negtive loss : 3.73, worst lambd: 3.04, worst gap: 0.04:  30%|██▉       | 299/1000 [05:25<12:38,  1.08s/it]
Epoch 299 | postive loss : 1.01, negtive loss : 3.73, worst lambd: 3.01, worst gap: 0.04:  30%|███       | 300/1000 [05:26<12:38,  1.08s/it]
Epoch 300 | postive loss : 1.01, negtive loss : 3.74, worst lambd: 2.82, worst gap: 0.04:  30%|███       | 301/1000 [05:28<12:37,  1.08s/it]
Epoch 301 | postive loss : 1.01, negtive loss : 3.75, worst lambd: 2.88, worst gap: 0.04:  30%|███       | 302/1000 [05:29<12:36,  1.08s/it]
Epoch 302 | postive loss : 1.01, negtive loss : 3.75, worst lambd: 2.98, worst gap: 0.05:  30%|███       | 303/1000 [05:30<12:35,  1.08s/it]
Epoch 303 | postive loss : 1.00, negtive loss : 3.74, worst lambd: 2.74, worst gap: 0.02:  30%|███       | 304/1000 [05:31<12:33,  1.08s/it]
Epoch 304 | postive loss : 1.00, negtive loss : 3.75, worst lambd: 2.82, worst gap: 0.05:  30%|███       | 305/1000 [05:32<12:32,  1.08s/it]
Epoch 305 | postive loss : 1.01, negtive loss : 3.76, worst lambd: 2.92, worst gap: 0.03:  31%|███       | 306/1000 [05:33<12:31,  1.08s/it]
Epoch 306 | postive loss : 1.00, negtive loss : 3.76, worst lambd: 2.91, worst gap: 0.03:  31%|███       | 307/1000 [05:34<12:30,  1.08s/it]
Epoch 307 | postive loss : 1.00, negtive loss : 3.76, worst lambd: 2.98, worst gap: 0.05:  31%|███       | 308/1000 [05:35<12:29,  1.08s/it]
Epoch 308 | postive loss : 1.00, negtive loss : 3.77, worst lambd: 2.82, worst gap: 0.04:  31%|███       | 309/1000 [05:36<12:28,  1.08s/it]
Epoch 309 | postive loss : 1.00, negtive loss : 3.76, worst lambd: 2.94, worst gap: 0.03:  31%|███       | 310/1000 [05:37<12:27,  1.08s/it]
Epoch 310 | postive loss : 1.00, negtive loss : 3.77, worst lambd: 2.83, worst gap: 0.03:  31%|███       | 311/1000 [05:38<12:25,  1.08s/it]
Epoch 311 | postive loss : 1.00, negtive loss : 3.77, worst lambd: 2.93, worst gap: 0.03:  31%|███       | 312/1000 [05:39<12:24,  1.08s/it]
Epoch 312 | postive loss : 1.00, negtive loss : 3.77, worst lambd: 2.80, worst gap: 0.04:  31%|███▏      | 313/1000 [05:41<12:23,  1.08s/it]
Epoch 313 | postive loss : 1.00, negtive loss : 3.78, worst lambd: 2.83, worst gap: 0.04:  31%|███▏      | 314/1000 [05:42<12:22,  1.08s/it]
Epoch 314 | postive loss : 1.00, negtive loss : 3.78, worst lambd: 2.77, worst gap: 0.04:  32%|███▏      | 315/1000 [05:43<12:21,  1.08s/it]
Epoch 315 | postive loss : 0.99, negtive loss : 3.77, worst lambd: 2.83, worst gap: 0.04:  32%|███▏      | 316/1000 [05:44<12:20,  1.08s/it]
Epoch 316 | postive loss : 1.00, negtive loss : 3.80, worst lambd: 2.99, worst gap: 0.02:  32%|███▏      | 317/1000 [05:45<12:19,  1.08s/it]
Epoch 317 | postive loss : 1.00, negtive loss : 3.79, worst lambd: 2.77, worst gap: 0.04:  32%|███▏      | 318/1000 [05:46<12:18,  1.08s/it]
Epoch 318 | postive loss : 0.99, negtive loss : 3.79, worst lambd: 2.75, worst gap: 0.03:  32%|███▏      | 319/1000 [05:47<12:17,  1.08s/it]
Epoch 319 | postive loss : 0.99, negtive loss : 3.79, worst lambd: 3.05, worst gap: 0.04:  32%|███▏      | 320/1000 [05:48<12:16,  1.08s/it]
Epoch 320 | postive loss : 0.99, negtive loss : 3.80, worst lambd: 2.88, worst gap: 0.04:  32%|███▏      | 321/1000 [05:49<12:14,  1.08s/it]
Epoch 321 | postive loss : 0.99, negtive loss : 3.80, worst lambd: 2.80, worst gap: 0.05:  32%|███▏      | 322/1000 [05:50<12:13,  1.08s/it]
Epoch 322 | postive loss : 0.99, negtive loss : 3.80, worst lambd: 3.03, worst gap: 0.04:  32%|███▏      | 323/1000 [05:51<12:13,  1.08s/it]
Epoch 323 | postive loss : 0.99, negtive loss : 3.81, worst lambd: 2.84, worst gap: 0.04:  32%|███▏      | 324/1000 [05:52<12:12,  1.08s/it]
Epoch 324 | postive loss : 0.99, negtive loss : 3.81, worst lambd: 2.95, worst gap: 0.02:  32%|███▎      | 325/1000 [05:54<12:11,  1.08s/it]
Epoch 325 | postive loss : 0.99, negtive loss : 3.81, worst lambd: 2.75, worst gap: 0.05:  33%|███▎      | 326/1000 [05:55<12:09,  1.08s/it]
Epoch 326 | postive loss : 0.99, negtive loss : 3.81, worst lambd: 3.03, worst gap: 0.04:  33%|███▎      | 327/1000 [05:56<12:08,  1.08s/it]
Epoch 327 | postive loss : 0.99, negtive loss : 3.82, worst lambd: 2.78, worst gap: 0.04:  33%|███▎      | 328/1000 [05:57<12:07,  1.08s/it]
Epoch 328 | postive loss : 0.99, negtive loss : 3.82, worst lambd: 2.95, worst gap: 0.05:  33%|███▎      | 329/1000 [05:58<12:06,  1.08s/it]
Epoch 329 | postive loss : 0.99, negtive loss : 3.83, worst lambd: 2.97, worst gap: 0.02:  33%|███▎      | 330/1000 [05:59<12:05,  1.08s/it]
Epoch 330 | postive loss : 0.98, negtive loss : 3.82, worst lambd: 2.77, worst gap: 0.03:  33%|███▎      | 331/1000 [06:00<12:03,  1.08s/it]
Epoch 331 | postive loss : 0.99, negtive loss : 3.83, worst lambd: 3.04, worst gap: 0.05:  33%|███▎      | 332/1000 [06:01<12:02,  1.08s/it]
Epoch 332 | postive loss : 0.98, negtive loss : 3.83, worst lambd: 2.87, worst gap: 0.06:  33%|███▎      | 333/1000 [06:02<12:01,  1.08s/it]
Epoch 333 | postive loss : 0.98, negtive loss : 3.84, worst lambd: 2.82, worst gap: 0.05:  33%|███▎      | 334/1000 [06:03<12:00,  1.08s/it]
Epoch 334 | postive loss : 0.98, negtive loss : 3.83, worst lambd: 2.83, worst gap: 0.05:  34%|███▎      | 335/1000 [06:04<11:59,  1.08s/it]
Epoch 335 | postive loss : 0.98, negtive loss : 3.84, worst lambd: 3.03, worst gap: 0.04:  34%|███▎      | 336/1000 [06:05<11:58,  1.08s/it]
Epoch 336 | postive loss : 0.98, negtive loss : 3.84, worst lambd: 3.06, worst gap: 0.06:  34%|███▎      | 337/1000 [06:06<11:57,  1.08s/it]
Epoch 337 | postive loss : 0.98, negtive loss : 3.84, worst lambd: 2.81, worst gap: 0.06:  34%|███▍      | 338/1000 [06:08<11:55,  1.08s/it]
Epoch 338 | postive loss : 0.98, negtive loss : 3.85, worst lambd: 2.86, worst gap: 0.04:  34%|███▍      | 339/1000 [06:09<11:54,  1.08s/it]
Epoch 339 | postive loss : 0.98, negtive loss : 3.84, worst lambd: 2.89, worst gap: 0.05:  34%|███▍      | 340/1000 [06:10<11:53,  1.08s/it]
Epoch 340 | postive loss : 0.98, negtive loss : 3.86, worst lambd: 2.91, worst gap: 0.05:  34%|███▍      | 341/1000 [06:11<11:52,  1.08s/it]
Epoch 341 | postive loss : 0.98, negtive loss : 3.86, worst lambd: 2.81, worst gap: 0.02:  34%|███▍      | 342/1000 [06:12<11:51,  1.08s/it]
Epoch 342 | postive loss : 0.98, negtive loss : 3.85, worst lambd: 2.83, worst gap: 0.04:  34%|███▍      | 343/1000 [06:13<11:50,  1.08s/it]
Epoch 343 | postive loss : 0.98, negtive loss : 3.87, worst lambd: 2.75, worst gap: 0.04:  34%|███▍      | 344/1000 [06:14<11:50,  1.08s/it]
Epoch 344 | postive loss : 0.97, negtive loss : 3.85, worst lambd: 2.88, worst gap: 0.03:  34%|███▍      | 345/1000 [06:15<11:51,  1.09s/it]
Epoch 345 | postive loss : 0.97, negtive loss : 3.85, worst lambd: 2.95, worst gap: 0.02:  35%|███▍      | 346/1000 [06:16<11:49,  1.09s/it]
Epoch 346 | postive loss : 0.98, negtive loss : 3.87, worst lambd: 2.85, worst gap: 0.04:  35%|███▍      | 347/1000 [06:17<11:48,  1.08s/it]
Epoch 347 | postive loss : 0.97, negtive loss : 3.87, worst lambd: 2.81, worst gap: 0.05:  35%|███▍      | 348/1000 [06:18<11:46,  1.08s/it]
Epoch 348 | postive loss : 0.97, negtive loss : 3.87, worst lambd: 2.79, worst gap: 0.03:  35%|███▍      | 349/1000 [06:19<11:44,  1.08s/it]
Epoch 349 | postive loss : 0.97, negtive loss : 3.87, worst lambd: 2.93, worst gap: 0.04:  35%|███▌      | 350/1000 [06:21<11:42,  1.08s/it]
Epoch 350 | postive loss : 0.97, negtive loss : 3.87, worst lambd: 2.87, worst gap: 0.04:  35%|███▌      | 351/1000 [06:22<11:41,  1.08s/it]
Epoch 351 | postive loss : 0.97, negtive loss : 3.88, worst lambd: 2.91, worst gap: 0.04:  35%|███▌      | 352/1000 [06:23<11:39,  1.08s/it]
Epoch 352 | postive loss : 0.97, negtive loss : 3.88, worst lambd: 2.81, worst gap: 0.03:  35%|███▌      | 353/1000 [06:24<11:38,  1.08s/it]
Epoch 353 | postive loss : 0.97, negtive loss : 3.88, worst lambd: 2.75, worst gap: 0.03:  35%|███▌      | 354/1000 [06:25<11:37,  1.08s/it]
Epoch 354 | postive loss : 0.97, negtive loss : 3.88, worst lambd: 3.13, worst gap: 0.03:  36%|███▌      | 355/1000 [06:26<11:36,  1.08s/it]
Epoch 355 | postive loss : 0.97, negtive loss : 3.89, worst lambd: 2.99, worst gap: 0.03:  36%|███▌      | 356/1000 [06:27<11:35,  1.08s/it]
Epoch 356 | postive loss : 0.97, negtive loss : 3.88, worst lambd: 2.72, worst gap: 0.04:  36%|███▌      | 357/1000 [06:28<11:34,  1.08s/it]
Epoch 357 | postive loss : 0.97, negtive loss : 3.89, worst lambd: 2.84, worst gap: 0.03:  36%|███▌      | 358/1000 [06:29<11:33,  1.08s/it]
Epoch 358 | postive loss : 0.97, negtive loss : 3.89, worst lambd: 2.81, worst gap: 0.03:  36%|███▌      | 359/1000 [06:30<11:31,  1.08s/it]
Epoch 359 | postive loss : 0.97, negtive loss : 3.89, worst lambd: 2.72, worst gap: 0.03:  36%|███▌      | 360/1000 [06:31<11:30,  1.08s/it]
Epoch 360 | postive loss : 0.96, negtive loss : 3.89, worst lambd: 2.87, worst gap: 0.04:  36%|███▌      | 361/1000 [06:32<11:29,  1.08s/it]
Epoch 361 | postive loss : 0.97, negtive loss : 3.90, worst lambd: 2.85, worst gap: 0.02:  36%|███▌      | 362/1000 [06:34<11:28,  1.08s/it]
Epoch 362 | postive loss : 0.96, negtive loss : 3.89, worst lambd: 2.91, worst gap: 0.04:  36%|███▋      | 363/1000 [06:35<11:27,  1.08s/it]
Epoch 363 | postive loss : 0.96, negtive loss : 3.90, worst lambd: 2.82, worst gap: 0.05:  36%|███▋      | 364/1000 [06:36<11:27,  1.08s/it]
Epoch 364 | postive loss : 0.96, negtive loss : 3.90, worst lambd: 2.81, worst gap: 0.03:  36%|███▋      | 365/1000 [06:37<11:26,  1.08s/it]
Epoch 365 | postive loss : 0.96, negtive loss : 3.90, worst lambd: 2.82, worst gap: 0.04:  37%|███▋      | 366/1000 [06:38<11:24,  1.08s/it]
Epoch 366 | postive loss : 0.96, negtive loss : 3.91, worst lambd: 2.94, worst gap: 0.04:  37%|███▋      | 367/1000 [06:39<11:23,  1.08s/it]
Epoch 367 | postive loss : 0.96, negtive loss : 3.90, worst lambd: 2.83, worst gap: 0.05:  37%|███▋      | 368/1000 [06:40<11:22,  1.08s/it]
Epoch 368 | postive loss : 0.96, negtive loss : 3.91, worst lambd: 2.82, worst gap: 0.04:  37%|███▋      | 369/1000 [06:41<11:22,  1.08s/it]
Epoch 369 | postive loss : 0.96, negtive loss : 3.91, worst lambd: 2.78, worst gap: 0.04:  37%|███▋      | 370/1000 [06:42<11:28,  1.09s/it]
Epoch 370 | postive loss : 0.96, negtive loss : 3.91, worst lambd: 2.87, worst gap: 0.04:  37%|███▋      | 371/1000 [06:43<11:26,  1.09s/it]
Epoch 371 | postive loss : 0.96, negtive loss : 3.92, worst lambd: 2.81, worst gap: 0.04:  37%|███▋      | 372/1000 [06:44<11:28,  1.10s/it]
Epoch 372 | postive loss : 0.96, negtive loss : 3.92, worst lambd: 2.76, worst gap: 0.05:  37%|███▋      | 373/1000 [06:45<11:27,  1.10s/it]
Epoch 373 | postive loss : 0.96, negtive loss : 3.92, worst lambd: 2.84, worst gap: 0.04:  37%|███▋      | 374/1000 [06:47<11:24,  1.09s/it]
Epoch 374 | postive loss : 0.96, negtive loss : 3.92, worst lambd: 2.92, worst gap: 0.04:  38%|███▊      | 375/1000 [06:48<11:21,  1.09s/it]
Epoch 375 | postive loss : 0.96, negtive loss : 3.92, worst lambd: 2.80, worst gap: 0.03:  38%|███▊      | 376/1000 [06:49<11:19,  1.09s/it]
Epoch 376 | postive loss : 0.95, negtive loss : 3.93, worst lambd: 2.93, worst gap: 0.03:  38%|███▊      | 377/1000 [06:50<11:17,  1.09s/it]
Epoch 377 | postive loss : 0.95, negtive loss : 3.92, worst lambd: 2.76, worst gap: 0.04:  38%|███▊      | 378/1000 [06:51<11:16,  1.09s/it]
Epoch 378 | postive loss : 0.95, negtive loss : 3.94, worst lambd: 2.90, worst gap: 0.01:  38%|███▊      | 379/1000 [06:52<11:14,  1.09s/it]
Epoch 379 | postive loss : 0.95, negtive loss : 3.93, worst lambd: 2.88, worst gap: 0.04:  38%|███▊      | 380/1000 [06:53<11:13,  1.09s/it]
Epoch 380 | postive loss : 0.95, negtive loss : 3.92, worst lambd: 2.83, worst gap: 0.04:  38%|███▊      | 381/1000 [06:54<11:13,  1.09s/it]
Epoch 381 | postive loss : 0.95, negtive loss : 3.93, worst lambd: 2.73, worst gap: 0.04:  38%|███▊      | 382/1000 [06:55<11:13,  1.09s/it]
Epoch 382 | postive loss : 0.95, negtive loss : 3.93, worst lambd: 2.84, worst gap: 0.04:  38%|███▊      | 383/1000 [06:56<11:13,  1.09s/it]
Epoch 383 | postive loss : 0.95, negtive loss : 3.94, worst lambd: 2.93, worst gap: 0.03:  38%|███▊      | 384/1000 [06:57<11:12,  1.09s/it]
Epoch 384 | postive loss : 0.95, negtive loss : 3.93, worst lambd: 2.94, worst gap: 0.04:  38%|███▊      | 385/1000 [06:59<11:12,  1.09s/it]
Epoch 385 | postive loss : 0.95, negtive loss : 3.94, worst lambd: 2.84, worst gap: 0.02:  39%|███▊      | 386/1000 [07:00<11:11,  1.09s/it]
Epoch 386 | postive loss : 0.95, negtive loss : 3.93, worst lambd: 2.88, worst gap: 0.02:  39%|███▊      | 387/1000 [07:01<11:10,  1.09s/it]
Epoch 387 | postive loss : 0.95, negtive loss : 3.95, worst lambd: 2.87, worst gap: 0.03:  39%|███▉      | 388/1000 [07:02<11:09,  1.09s/it]
Epoch 388 | postive loss : 0.95, negtive loss : 3.94, worst lambd: 2.85, worst gap: 0.03:  39%|███▉      | 389/1000 [07:03<11:08,  1.09s/it]
Epoch 389 | postive loss : 0.95, negtive loss : 3.94, worst lambd: 2.83, worst gap: 0.03:  39%|███▉      | 390/1000 [07:04<11:07,  1.09s/it]
Epoch 390 | postive loss : 0.95, negtive loss : 3.96, worst lambd: 2.83, worst gap: 0.04:  39%|███▉      | 391/1000 [07:05<11:06,  1.09s/it]
Epoch 391 | postive loss : 0.94, negtive loss : 3.93, worst lambd: 2.84, worst gap: 0.04:  39%|███▉      | 392/1000 [07:06<11:05,  1.09s/it]
Epoch 392 | postive loss : 0.95, negtive loss : 3.95, worst lambd: 2.74, worst gap: 0.04:  39%|███▉      | 393/1000 [07:07<11:03,  1.09s/it]
Epoch 393 | postive loss : 0.94, negtive loss : 3.94, worst lambd: 2.92, worst gap: 0.02:  39%|███▉      | 394/1000 [07:08<11:02,  1.09s/it]
Epoch 394 | postive loss : 0.94, negtive loss : 3.94, worst lambd: 2.80, worst gap: 0.04:  40%|███▉      | 395/1000 [07:10<11:01,  1.09s/it]
Epoch 395 | postive loss : 0.94, negtive loss : 3.96, worst lambd: 2.92, worst gap: 0.03:  40%|███▉      | 396/1000 [07:11<11:00,  1.09s/it]
Epoch 396 | postive loss : 0.94, negtive loss : 3.95, worst lambd: 2.79, worst gap: 0.03:  40%|███▉      | 397/1000 [07:12<11:00,  1.09s/it]
Epoch 397 | postive loss : 0.94, negtive loss : 3.96, worst lambd: 2.85, worst gap: 0.06:  40%|███▉      | 398/1000 [07:13<10:58,  1.09s/it]
Epoch 398 | postive loss : 0.94, negtive loss : 3.96, worst lambd: 2.65, worst gap: 0.03:  40%|███▉      | 399/1000 [07:14<10:57,  1.09s/it]
Epoch 399 | postive loss : 0.94, negtive loss : 3.96, worst lambd: 2.80, worst gap: 0.03:  40%|████      | 400/1000 [07:15<10:56,  1.09s/it]
Epoch 400 | postive loss : 0.94, negtive loss : 3.95, worst lambd: 2.84, worst gap: 0.04:  40%|████      | 401/1000 [07:16<10:55,  1.09s/it]
Epoch 401 | postive loss : 0.94, negtive loss : 3.96, worst lambd: 2.73, worst gap: 0.03:  40%|████      | 402/1000 [07:17<10:54,  1.09s/it]
Epoch 402 | postive loss : 0.94, negtive loss : 3.96, worst lambd: 3.00, worst gap: 0.05:  40%|████      | 403/1000 [07:18<10:53,  1.09s/it]
Epoch 403 | postive loss : 0.94, negtive loss : 3.96, worst lambd: 2.91, worst gap: 0.03:  40%|████      | 404/1000 [07:19<10:52,  1.09s/it]
Epoch 404 | postive loss : 0.94, negtive loss : 3.96, worst lambd: 2.88, worst gap: 0.05:  40%|████      | 405/1000 [07:20<10:50,  1.09s/it]
Epoch 405 | postive loss : 0.94, negtive loss : 3.96, worst lambd: 2.82, worst gap: 0.02:  41%|████      | 406/1000 [07:22<10:49,  1.09s/it]
Epoch 406 | postive loss : 0.93, negtive loss : 3.97, worst lambd: 2.83, worst gap: 0.04:  41%|████      | 407/1000 [07:23<10:48,  1.09s/it]
Epoch 407 | postive loss : 0.93, negtive loss : 3.97, worst lambd: 3.04, worst gap: 0.04:  41%|████      | 408/1000 [07:24<10:47,  1.09s/it]
Epoch 408 | postive loss : 0.93, negtive loss : 3.96, worst lambd: 2.73, worst gap: 0.02:  41%|████      | 409/1000 [07:25<10:46,  1.09s/it]
Epoch 409 | postive loss : 0.93, negtive loss : 3.96, worst lambd: 2.87, worst gap: 0.04:  41%|████      | 410/1000 [07:26<10:45,  1.09s/it]
Epoch 410 | postive loss : 0.93, negtive loss : 3.97, worst lambd: 2.89, worst gap: 0.04:  41%|████      | 411/1000 [07:27<10:44,  1.09s/it]
Epoch 411 | postive loss : 0.93, negtive loss : 3.97, worst lambd: 2.84, worst gap: 0.03:  41%|████      | 412/1000 [07:28<10:43,  1.09s/it]
Epoch 412 | postive loss : 0.93, negtive loss : 3.97, worst lambd: 2.91, worst gap: 0.05:  41%|████▏     | 413/1000 [07:29<10:42,  1.09s/it]
Epoch 413 | postive loss : 0.93, negtive loss : 3.97, worst lambd: 2.81, worst gap: 0.04:  41%|████▏     | 414/1000 [07:30<10:41,  1.09s/it]
Epoch 414 | postive loss : 0.93, negtive loss : 3.98, worst lambd: 2.87, worst gap: 0.05:  42%|████▏     | 415/1000 [07:31<10:39,  1.09s/it]
Epoch 415 | postive loss : 0.93, negtive loss : 3.97, worst lambd: 2.84, worst gap: 0.03:  42%|████▏     | 416/1000 [07:32<10:38,  1.09s/it]
Epoch 416 | postive loss : 0.93, negtive loss : 3.99, worst lambd: 2.78, worst gap: 0.04:  42%|████▏     | 417/1000 [07:34<10:37,  1.09s/it]
Epoch 417 | postive loss : 0.93, negtive loss : 3.96, worst lambd: 2.77, worst gap: 0.04:  42%|████▏     | 418/1000 [07:35<10:36,  1.09s/it]
Epoch 418 | postive loss : 0.93, negtive loss : 3.98, worst lambd: 2.81, worst gap: 0.04:  42%|████▏     | 419/1000 [07:36<10:35,  1.09s/it]
Epoch 419 | postive loss : 0.92, negtive loss : 3.98, worst lambd: 2.76, worst gap: 0.05:  42%|████▏     | 420/1000 [07:37<10:34,  1.09s/it]
Epoch 420 | postive loss : 0.93, negtive loss : 3.99, worst lambd: 2.82, worst gap: 0.05:  42%|████▏     | 421/1000 [07:38<10:32,  1.09s/it]
Epoch 421 | postive loss : 0.93, negtive loss : 3.99, worst lambd: 2.84, worst gap: 0.03:  42%|████▏     | 422/1000 [07:39<10:31,  1.09s/it]
Epoch 422 | postive loss : 0.93, negtive loss : 3.99, worst lambd: 2.79, worst gap: 0.04:  42%|████▏     | 423/1000 [07:40<10:30,  1.09s/it]
Epoch 423 | postive loss : 0.92, negtive loss : 3.98, worst lambd: 2.92, worst gap: 0.02:  42%|████▏     | 424/1000 [07:41<10:29,  1.09s/it]
Epoch 424 | postive loss : 0.92, negtive loss : 3.99, worst lambd: 2.86, worst gap: 0.04:  42%|████▎     | 425/1000 [07:42<10:28,  1.09s/it]
Epoch 425 | postive loss : 0.92, negtive loss : 3.99, worst lambd: 2.70, worst gap: 0.05:  43%|████▎     | 426/1000 [07:43<10:27,  1.09s/it]
Epoch 426 | postive loss : 0.92, negtive loss : 3.99, worst lambd: 2.64, worst gap: 0.05:  43%|████▎     | 427/1000 [07:45<10:26,  1.09s/it]
Epoch 427 | postive loss : 0.92, negtive loss : 3.99, worst lambd: 2.93, worst gap: 0.04:  43%|████▎     | 428/1000 [07:46<10:26,  1.09s/it]
Epoch 428 | postive loss : 0.92, negtive loss : 4.00, worst lambd: 2.79, worst gap: 0.03:  43%|████▎     | 429/1000 [07:47<10:24,  1.09s/it]
Epoch 429 | postive loss : 0.92, negtive loss : 3.99, worst lambd: 2.85, worst gap: 0.04:  43%|████▎     | 430/1000 [07:48<10:23,  1.09s/it]
Epoch 430 | postive loss : 0.92, negtive loss : 4.00, worst lambd: 2.79, worst gap: 0.04:  43%|████▎     | 431/1000 [07:49<10:22,  1.09s/it]
Epoch 431 | postive loss : 0.92, negtive loss : 4.01, worst lambd: 2.76, worst gap: 0.04:  43%|████▎     | 432/1000 [07:50<10:21,  1.09s/it]
Epoch 432 | postive loss : 0.92, negtive loss : 4.00, worst lambd: 2.92, worst gap: 0.03:  43%|████▎     | 433/1000 [07:51<10:19,  1.09s/it]
Epoch 433 | postive loss : 0.92, negtive loss : 4.00, worst lambd: 2.87, worst gap: 0.05:  43%|████▎     | 434/1000 [07:52<10:18,  1.09s/it]
Epoch 434 | postive loss : 0.92, negtive loss : 4.01, worst lambd: 2.90, worst gap: 0.02:  44%|████▎     | 435/1000 [07:53<10:18,  1.09s/it]
Epoch 435 | postive loss : 0.92, negtive loss : 4.00, worst lambd: 2.76, worst gap: 0.03:  44%|████▎     | 436/1000 [07:54<10:17,  1.09s/it]
Epoch 436 | postive loss : 0.91, negtive loss : 4.00, worst lambd: 2.95, worst gap: 0.03:  44%|████▎     | 437/1000 [07:55<10:16,  1.09s/it]
Epoch 437 | postive loss : 0.91, negtive loss : 4.01, worst lambd: 2.76, worst gap: 0.04:  44%|████▍     | 438/1000 [07:57<10:14,  1.09s/it]
Epoch 438 | postive loss : 0.91, negtive loss : 4.02, worst lambd: 2.85, worst gap: 0.02:  44%|████▍     | 439/1000 [07:58<10:13,  1.09s/it]
Epoch 439 | postive loss : 0.91, negtive loss : 4.00, worst lambd: 2.75, worst gap: 0.04:  44%|████▍     | 440/1000 [07:59<10:12,  1.09s/it]
Epoch 440 | postive loss : 0.91, negtive loss : 4.01, worst lambd: 2.98, worst gap: 0.06:  44%|████▍     | 441/1000 [08:00<10:11,  1.09s/it]
Epoch 441 | postive loss : 0.91, negtive loss : 4.01, worst lambd: 2.74, worst gap: 0.03:  44%|████▍     | 442/1000 [08:01<10:10,  1.09s/it]
Epoch 442 | postive loss : 0.91, negtive loss : 4.00, worst lambd: 2.91, worst gap: 0.05:  44%|████▍     | 443/1000 [08:02<10:09,  1.09s/it]
Epoch 443 | postive loss : 0.91, negtive loss : 4.02, worst lambd: 2.76, worst gap: 0.02:  44%|████▍     | 444/1000 [08:03<10:08,  1.09s/it]
Epoch 444 | postive loss : 0.91, negtive loss : 4.02, worst lambd: 2.88, worst gap: 0.06:  44%|████▍     | 445/1000 [08:04<10:07,  1.09s/it]
Epoch 445 | postive loss : 0.91, negtive loss : 4.01, worst lambd: 2.90, worst gap: 0.04:  45%|████▍     | 446/1000 [08:05<10:05,  1.09s/it]
Epoch 446 | postive loss : 0.91, negtive loss : 4.02, worst lambd: 2.82, worst gap: 0.04:  45%|████▍     | 447/1000 [08:06<10:04,  1.09s/it]
Epoch 447 | postive loss : 0.91, negtive loss : 4.02, worst lambd: 2.82, worst gap: 0.04:  45%|████▍     | 448/1000 [08:07<10:03,  1.09s/it]
Epoch 448 | postive loss : 0.91, negtive loss : 4.03, worst lambd: 2.67, worst gap: 0.02:  45%|████▍     | 449/1000 [08:09<10:02,  1.09s/it]
Epoch 449 | postive loss : 0.91, negtive loss : 4.03, worst lambd: 2.81, worst gap: 0.02:  45%|████▌     | 450/1000 [08:10<10:02,  1.10s/it]
Epoch 450 | postive loss : 0.90, negtive loss : 4.02, worst lambd: 2.83, worst gap: 0.03:  45%|████▌     | 451/1000 [08:11<10:01,  1.10s/it]
Epoch 451 | postive loss : 0.90, negtive loss : 4.03, worst lambd: 2.83, worst gap: 0.04:  45%|████▌     | 452/1000 [08:12<09:59,  1.09s/it]
Epoch 452 | postive loss : 0.90, negtive loss : 4.04, worst lambd: 2.80, worst gap: 0.03:  45%|████▌     | 453/1000 [08:13<09:58,  1.09s/it]
Epoch 453 | postive loss : 0.90, negtive loss : 4.04, worst lambd: 2.87, worst gap: 0.04:  45%|████▌     | 454/1000 [08:14<09:58,  1.10s/it]
Epoch 454 | postive loss : 0.90, negtive loss : 4.03, worst lambd: 2.78, worst gap: 0.05:  46%|████▌     | 455/1000 [08:15<09:57,  1.10s/it]
Epoch 455 | postive loss : 0.90, negtive loss : 4.03, worst lambd: 2.85, worst gap: 0.03:  46%|████▌     | 456/1000 [08:16<09:56,  1.10s/it]
Epoch 456 | postive loss : 0.90, negtive loss : 4.04, worst lambd: 2.86, worst gap: 0.03:  46%|████▌     | 457/1000 [08:17<09:54,  1.10s/it]
Epoch 457 | postive loss : 0.90, negtive loss : 4.04, worst lambd: 2.73, worst gap: 0.04:  46%|████▌     | 458/1000 [08:18<09:53,  1.10s/it]
Epoch 458 | postive loss : 0.90, negtive loss : 4.04, worst lambd: 2.91, worst gap: 0.02:  46%|████▌     | 459/1000 [08:20<09:52,  1.10s/it]
Epoch 459 | postive loss : 0.90, negtive loss : 4.04, worst lambd: 2.83, worst gap: 0.05:  46%|████▌     | 460/1000 [08:21<09:51,  1.10s/it]
Epoch 460 | postive loss : 0.90, negtive loss : 4.05, worst lambd: 2.72, worst gap: 0.05:  46%|████▌     | 461/1000 [08:22<09:50,  1.09s/it]
Epoch 461 | postive loss : 0.90, negtive loss : 4.04, worst lambd: 2.74, worst gap: 0.03:  46%|████▌     | 462/1000 [08:23<09:49,  1.09s/it]
Epoch 462 | postive loss : 0.90, negtive loss : 4.06, worst lambd: 2.93, worst gap: 0.03:  46%|████▋     | 463/1000 [08:24<09:47,  1.09s/it]
Epoch 463 | postive loss : 0.90, negtive loss : 4.05, worst lambd: 2.84, worst gap: 0.05:  46%|████▋     | 464/1000 [08:25<09:46,  1.10s/it]
Epoch 464 | postive loss : 0.89, negtive loss : 4.04, worst lambd: 2.80, worst gap: 0.05:  46%|████▋     | 465/1000 [08:26<09:45,  1.10s/it]
Epoch 465 | postive loss : 0.89, negtive loss : 4.06, worst lambd: 2.89, worst gap: 0.04:  47%|████▋     | 466/1000 [08:27<09:44,  1.09s/it]
Epoch 466 | postive loss : 0.89, negtive loss : 4.06, worst lambd: 2.75, worst gap: 0.05:  47%|████▋     | 467/1000 [08:28<09:43,  1.09s/it]
Epoch 467 | postive loss : 0.89, negtive loss : 4.05, worst lambd: 2.78, worst gap: 0.04:  47%|████▋     | 468/1000 [08:29<09:42,  1.09s/it]
Epoch 468 | postive loss : 0.89, negtive loss : 4.06, worst lambd: 2.85, worst gap: 0.03:  47%|████▋     | 469/1000 [08:30<09:41,  1.09s/it]
Epoch 469 | postive loss : 0.89, negtive loss : 4.07, worst lambd: 2.68, worst gap: 0.03:  47%|████▋     | 470/1000 [08:32<09:40,  1.09s/it]
Epoch 470 | postive loss : 0.89, negtive loss : 4.06, worst lambd: 2.82, worst gap: 0.03:  47%|████▋     | 471/1000 [08:33<09:40,  1.10s/it]
Epoch 471 | postive loss : 0.89, negtive loss : 4.06, worst lambd: 2.88, worst gap: 0.05:  47%|████▋     | 472/1000 [08:34<09:38,  1.10s/it]
Epoch 472 | postive loss : 0.89, negtive loss : 4.06, worst lambd: 2.81, worst gap: 0.05:  47%|████▋     | 473/1000 [08:35<09:37,  1.10s/it]
Epoch 473 | postive loss : 0.89, negtive loss : 4.08, worst lambd: 2.83, worst gap: 0.04:  47%|████▋     | 474/1000 [08:36<09:36,  1.10s/it]
Epoch 474 | postive loss : 0.89, negtive loss : 4.07, worst lambd: 2.90, worst gap: 0.05:  48%|████▊     | 475/1000 [08:37<09:34,  1.09s/it]
Epoch 475 | postive loss : 0.89, negtive loss : 4.08, worst lambd: 2.90, worst gap: 0.03:  48%|████▊     | 476/1000 [08:38<09:33,  1.09s/it]
Epoch 476 | postive loss : 0.89, negtive loss : 4.08, worst lambd: 2.79, worst gap: 0.04:  48%|████▊     | 477/1000 [08:39<09:32,  1.09s/it]
Epoch 477 | postive loss : 0.88, negtive loss : 4.06, worst lambd: 2.83, worst gap: 0.04:  48%|████▊     | 478/1000 [08:40<09:30,  1.09s/it]
Epoch 478 | postive loss : 0.88, negtive loss : 4.07, worst lambd: 2.76, worst gap: 0.04:  48%|████▊     | 479/1000 [08:41<09:29,  1.09s/it]
Epoch 479 | postive loss : 0.88, negtive loss : 4.08, worst lambd: 2.86, worst gap: 0.03:  48%|████▊     | 480/1000 [08:43<09:27,  1.09s/it]
Epoch 480 | postive loss : 0.88, negtive loss : 4.09, worst lambd: 2.72, worst gap: 0.02:  48%|████▊     | 481/1000 [08:44<09:25,  1.09s/it]
Epoch 481 | postive loss : 0.88, negtive loss : 4.08, worst lambd: 2.84, worst gap: 0.04:  48%|████▊     | 482/1000 [08:45<09:24,  1.09s/it]
Epoch 482 | postive loss : 0.88, negtive loss : 4.10, worst lambd: 2.86, worst gap: 0.04:  48%|████▊     | 483/1000 [08:46<09:23,  1.09s/it]
Epoch 483 | postive loss : 0.88, negtive loss : 4.08, worst lambd: 2.77, worst gap: 0.03:  48%|████▊     | 484/1000 [08:47<09:21,  1.09s/it]
Epoch 484 | postive loss : 0.88, negtive loss : 4.09, worst lambd: 2.73, worst gap: 0.02:  48%|████▊     | 485/1000 [08:48<09:20,  1.09s/it]
Epoch 485 | postive loss : 0.88, negtive loss : 4.11, worst lambd: 2.80, worst gap: 0.05:  49%|████▊     | 486/1000 [08:49<09:19,  1.09s/it]
Epoch 486 | postive loss : 0.88, negtive loss : 4.09, worst lambd: 2.66, worst gap: 0.04:  49%|████▊     | 487/1000 [08:50<09:22,  1.10s/it]
Epoch 487 | postive loss : 0.88, negtive loss : 4.09, worst lambd: 2.74, worst gap: 0.05:  49%|████▉     | 488/1000 [08:51<09:19,  1.09s/it]
Epoch 488 | postive loss : 0.88, negtive loss : 4.11, worst lambd: 2.77, worst gap: 0.05:  49%|████▉     | 489/1000 [08:52<09:17,  1.09s/it]
Epoch 489 | postive loss : 0.88, negtive loss : 4.11, worst lambd: 2.85, worst gap: 0.04:  49%|████▉     | 490/1000 [08:53<09:16,  1.09s/it]
Epoch 490 | postive loss : 0.87, negtive loss : 4.10, worst lambd: 2.93, worst gap: 0.05:  49%|████▉     | 491/1000 [08:55<09:14,  1.09s/it]
Epoch 491 | postive loss : 0.88, negtive loss : 4.11, worst lambd: 2.78, worst gap: 0.03:  49%|████▉     | 492/1000 [08:56<09:13,  1.09s/it]
Epoch 492 | postive loss : 0.87, negtive loss : 4.10, worst lambd: 2.78, worst gap: 0.04:  49%|████▉     | 493/1000 [08:57<09:11,  1.09s/it]
Epoch 493 | postive loss : 0.88, negtive loss : 4.11, worst lambd: 2.86, worst gap: 0.05:  49%|████▉     | 494/1000 [08:58<09:10,  1.09s/it]
Epoch 494 | postive loss : 0.88, negtive loss : 4.11, worst lambd: 2.70, worst gap: 0.04:  50%|████▉     | 495/1000 [08:59<09:09,  1.09s/it]
Epoch 495 | postive loss : 0.87, negtive loss : 4.11, worst lambd: 2.69, worst gap: 0.05:  50%|████▉     | 496/1000 [09:00<09:08,  1.09s/it]
Epoch 496 | postive loss : 0.87, negtive loss : 4.11, worst lambd: 2.77, worst gap: 0.02:  50%|████▉     | 497/1000 [09:01<09:06,  1.09s/it]
Epoch 497 | postive loss : 0.87, negtive loss : 4.12, worst lambd: 2.76, worst gap: 0.03:  50%|████▉     | 498/1000 [09:02<09:09,  1.10s/it]
Epoch 498 | postive loss : 0.87, negtive loss : 4.11, worst lambd: 2.71, worst gap: 0.05:  50%|████▉     | 499/1000 [09:03<09:07,  1.09s/it]
Epoch 499 | postive loss : 0.87, negtive loss : 4.12, worst lambd: 2.70, worst gap: 0.02:  50%|█████     | 500/1000 [09:04<09:05,  1.09s/it]
Epoch 500 | postive loss : 0.83, negtive loss : 4.12, worst lambd: 2.70, worst gap: 0.03:  50%|█████     | 501/1000 [09:05<09:03,  1.09s/it]
Epoch 501 | postive loss : 0.83, negtive loss : 4.13, worst lambd: 2.65, worst gap: 0.02:  50%|█████     | 502/1000 [09:06<09:02,  1.09s/it]
Epoch 502 | postive loss : 0.83, negtive loss : 4.14, worst lambd: 2.74, worst gap: 0.05:  50%|█████     | 503/1000 [09:08<09:00,  1.09s/it]
Epoch 503 | postive loss : 0.83, negtive loss : 4.14, worst lambd: 2.75, worst gap: 0.05:  50%|█████     | 504/1000 [09:09<08:59,  1.09s/it]
Epoch 504 | postive loss : 0.83, negtive loss : 4.14, worst lambd: 2.65, worst gap: 0.04:  50%|█████     | 505/1000 [09:10<08:58,  1.09s/it]
Epoch 505 | postive loss : 0.83, negtive loss : 4.15, worst lambd: 2.77, worst gap: 0.05:  51%|█████     | 506/1000 [09:11<08:56,  1.09s/it]
Epoch 506 | postive loss : 0.83, negtive loss : 4.16, worst lambd: 2.68, worst gap: 0.05:  51%|█████     | 507/1000 [09:12<08:55,  1.09s/it]
Epoch 507 | postive loss : 0.83, negtive loss : 4.16, worst lambd: 2.71, worst gap: 0.05:  51%|█████     | 508/1000 [09:13<08:54,  1.09s/it]
Epoch 508 | postive loss : 0.83, negtive loss : 4.15, worst lambd: 2.69, worst gap: 0.04:  51%|█████     | 509/1000 [09:14<08:53,  1.09s/it]
Epoch 509 | postive loss : 0.83, negtive loss : 4.15, worst lambd: 2.71, worst gap: 0.04:  51%|█████     | 510/1000 [09:15<08:55,  1.09s/it]
Epoch 510 | postive loss : 0.83, negtive loss : 4.15, worst lambd: 2.69, worst gap: 0.05:  51%|█████     | 511/1000 [09:16<08:58,  1.10s/it]
Epoch 511 | postive loss : 0.83, negtive loss : 4.15, worst lambd: 2.72, worst gap: 0.04:  51%|█████     | 512/1000 [09:17<08:55,  1.10s/it]
Epoch 512 | postive loss : 0.83, negtive loss : 4.15, worst lambd: 2.65, worst gap: 0.05:  51%|█████▏    | 513/1000 [09:18<08:52,  1.09s/it]
Epoch 513 | postive loss : 0.83, negtive loss : 4.16, worst lambd: 2.66, worst gap: 0.04:  51%|█████▏    | 514/1000 [09:20<08:50,  1.09s/it]
Epoch 514 | postive loss : 0.83, negtive loss : 4.16, worst lambd: 2.69, worst gap: 0.02:  52%|█████▏    | 515/1000 [09:21<08:48,  1.09s/it]
Epoch 515 | postive loss : 0.83, negtive loss : 4.16, worst lambd: 2.73, worst gap: 0.03:  52%|█████▏    | 516/1000 [09:22<08:47,  1.09s/it]
Epoch 516 | postive loss : 0.83, negtive loss : 4.16, worst lambd: 2.68, worst gap: 0.05:  52%|█████▏    | 517/1000 [09:23<08:46,  1.09s/it]
Epoch 517 | postive loss : 0.83, negtive loss : 4.15, worst lambd: 2.66, worst gap: 0.05:  52%|█████▏    | 518/1000 [09:24<08:45,  1.09s/it]
Epoch 518 | postive loss : 0.83, negtive loss : 4.16, worst lambd: 2.72, worst gap: 0.05:  52%|█████▏    | 519/1000 [09:25<08:43,  1.09s/it]
Epoch 519 | postive loss : 0.83, negtive loss : 4.16, worst lambd: 2.72, worst gap: 0.05:  52%|█████▏    | 520/1000 [09:26<08:43,  1.09s/it]
Epoch 520 | postive loss : 0.83, negtive loss : 4.16, worst lambd: 2.69, worst gap: 0.03:  52%|█████▏    | 521/1000 [09:27<08:41,  1.09s/it]
Epoch 521 | postive loss : 0.83, negtive loss : 4.16, worst lambd: 2.64, worst gap: 0.04:  52%|█████▏    | 522/1000 [09:28<08:40,  1.09s/it]
Epoch 522 | postive loss : 0.83, negtive loss : 4.17, worst lambd: 2.72, worst gap: 0.04:  52%|█████▏    | 523/1000 [09:29<08:41,  1.09s/it]
Epoch 523 | postive loss : 0.83, negtive loss : 4.16, worst lambd: 2.70, worst gap: 0.04:  52%|█████▏    | 524/1000 [09:30<08:39,  1.09s/it]
Epoch 524 | postive loss : 0.83, negtive loss : 4.17, worst lambd: 2.62, worst gap: 0.02:  52%|█████▎    | 525/1000 [09:32<08:37,  1.09s/it]
Epoch 525 | postive loss : 0.83, negtive loss : 4.16, worst lambd: 2.69, worst gap: 0.06:  53%|█████▎    | 526/1000 [09:33<08:36,  1.09s/it]
Epoch 526 | postive loss : 0.83, negtive loss : 4.17, worst lambd: 2.64, worst gap: 0.04:  53%|█████▎    | 527/1000 [09:34<08:35,  1.09s/it]
Epoch 527 | postive loss : 0.83, negtive loss : 4.16, worst lambd: 2.69, worst gap: 0.05:  53%|█████▎    | 528/1000 [09:35<08:34,  1.09s/it]
Epoch 528 | postive loss : 0.83, negtive loss : 4.18, worst lambd: 2.67, worst gap: 0.04:  53%|█████▎    | 529/1000 [09:36<08:33,  1.09s/it]
Epoch 529 | postive loss : 0.83, negtive loss : 4.18, worst lambd: 2.71, worst gap: 0.05:  53%|█████▎    | 530/1000 [09:37<08:32,  1.09s/it]
Epoch 530 | postive loss : 0.83, negtive loss : 4.17, worst lambd: 2.68, worst gap: 0.05:  53%|█████▎    | 531/1000 [09:38<08:30,  1.09s/it]
Epoch 531 | postive loss : 0.83, negtive loss : 4.17, worst lambd: 2.69, worst gap: 0.03:  53%|█████▎    | 532/1000 [09:39<08:29,  1.09s/it]
Epoch 532 | postive loss : 0.83, negtive loss : 4.17, worst lambd: 2.74, worst gap: 0.04:  53%|█████▎    | 533/1000 [09:40<08:28,  1.09s/it]
Epoch 533 | postive loss : 0.83, negtive loss : 4.18, worst lambd: 2.62, worst gap: 0.03:  53%|█████▎    | 534/1000 [09:41<08:27,  1.09s/it]
Epoch 534 | postive loss : 0.83, negtive loss : 4.18, worst lambd: 2.67, worst gap: 0.04:  54%|█████▎    | 535/1000 [09:42<08:26,  1.09s/it]
Epoch 535 | postive loss : 0.82, negtive loss : 4.18, worst lambd: 2.68, worst gap: 0.04:  54%|█████▎    | 536/1000 [09:44<08:29,  1.10s/it]
Epoch 536 | postive loss : 0.82, negtive loss : 4.18, worst lambd: 2.68, worst gap: 0.03:  54%|█████▎    | 537/1000 [09:45<08:28,  1.10s/it]
Epoch 537 | postive loss : 0.82, negtive loss : 4.18, worst lambd: 2.75, worst gap: 0.04:  54%|█████▍    | 538/1000 [09:46<08:27,  1.10s/it]
Epoch 538 | postive loss : 0.82, negtive loss : 4.18, worst lambd: 2.68, worst gap: 0.05:  54%|█████▍    | 539/1000 [09:47<08:24,  1.09s/it]
Epoch 539 | postive loss : 0.82, negtive loss : 4.18, worst lambd: 2.68, worst gap: 0.05:  54%|█████▍    | 540/1000 [09:48<08:22,  1.09s/it]
Epoch 540 | postive loss : 0.82, negtive loss : 4.18, worst lambd: 2.73, worst gap: 0.05:  54%|█████▍    | 541/1000 [09:49<08:21,  1.09s/it]
Epoch 541 | postive loss : 0.82, negtive loss : 4.18, worst lambd: 2.71, worst gap: 0.05:  54%|█████▍    | 542/1000 [09:50<08:22,  1.10s/it]
Epoch 542 | postive loss : 0.82, negtive loss : 4.18, worst lambd: 2.68, worst gap: 0.03:  54%|█████▍    | 543/1000 [09:51<08:20,  1.10s/it]
Epoch 543 | postive loss : 0.82, negtive loss : 4.18, worst lambd: 2.67, worst gap: 0.03:  54%|█████▍    | 544/1000 [09:52<08:18,  1.09s/it]
Epoch 544 | postive loss : 0.82, negtive loss : 4.19, worst lambd: 2.70, worst gap: 0.04:  55%|█████▍    | 545/1000 [09:53<08:16,  1.09s/it]
Epoch 545 | postive loss : 0.82, negtive loss : 4.19, worst lambd: 2.65, worst gap: 0.05:  55%|█████▍    | 546/1000 [09:55<08:15,  1.09s/it]
Epoch 546 | postive loss : 0.82, negtive loss : 4.18, worst lambd: 2.70, worst gap: 0.04:  55%|█████▍    | 547/1000 [09:56<08:19,  1.10s/it]
Epoch 547 | postive loss : 0.82, negtive loss : 4.20, worst lambd: 2.65, worst gap: 0.04:  55%|█████▍    | 548/1000 [09:57<08:17,  1.10s/it]
Epoch 548 | postive loss : 0.82, negtive loss : 4.20, worst lambd: 2.78, worst gap: 0.04:  55%|█████▍    | 549/1000 [09:58<08:14,  1.10s/it]
Epoch 549 | postive loss : 0.82, negtive loss : 4.19, worst lambd: 2.66, worst gap: 0.05:  55%|█████▌    | 550/1000 [09:59<08:12,  1.09s/it]
Epoch 550 | postive loss : 0.82, negtive loss : 4.19, worst lambd: 2.67, worst gap: 0.03:  55%|█████▌    | 551/1000 [10:00<08:10,  1.09s/it]
Epoch 551 | postive loss : 0.82, negtive loss : 4.19, worst lambd: 2.69, worst gap: 0.05:  55%|█████▌    | 552/1000 [10:01<08:08,  1.09s/it]
Epoch 552 | postive loss : 0.82, negtive loss : 4.19, worst lambd: 2.74, worst gap: 0.06:  55%|█████▌    | 553/1000 [10:02<08:10,  1.10s/it]
Epoch 553 | postive loss : 0.82, negtive loss : 4.20, worst lambd: 2.70, worst gap: 0.05:  55%|█████▌    | 554/1000 [10:03<08:08,  1.10s/it]
Epoch 554 | postive loss : 0.82, negtive loss : 4.20, worst lambd: 2.68, worst gap: 0.04:  56%|█████▌    | 555/1000 [10:04<08:06,  1.09s/it]
Epoch 555 | postive loss : 0.82, negtive loss : 4.19, worst lambd: 2.75, worst gap: 0.04:  56%|█████▌    | 556/1000 [10:05<08:04,  1.09s/it]
Epoch 556 | postive loss : 0.82, negtive loss : 4.20, worst lambd: 2.67, worst gap: 0.04:  56%|█████▌    | 557/1000 [10:07<08:03,  1.09s/it]
Epoch 557 | postive loss : 0.82, negtive loss : 4.19, worst lambd: 2.67, worst gap: 0.03:  56%|█████▌    | 558/1000 [10:08<08:01,  1.09s/it]
Epoch 558 | postive loss : 0.82, negtive loss : 4.20, worst lambd: 2.71, worst gap: 0.05:  56%|█████▌    | 559/1000 [10:09<08:00,  1.09s/it]
Epoch 559 | postive loss : 0.82, negtive loss : 4.21, worst lambd: 2.70, worst gap: 0.04:  56%|█████▌    | 560/1000 [10:10<07:59,  1.09s/it]
Epoch 560 | postive loss : 0.82, negtive loss : 4.20, worst lambd: 2.68, worst gap: 0.02:  56%|█████▌    | 561/1000 [10:11<07:58,  1.09s/it]
Epoch 561 | postive loss : 0.82, negtive loss : 4.21, worst lambd: 2.69, worst gap: 0.06:  56%|█████▌    | 562/1000 [10:12<07:56,  1.09s/it]
Epoch 562 | postive loss : 0.82, negtive loss : 4.20, worst lambd: 2.66, worst gap: 0.04:  56%|█████▋    | 563/1000 [10:13<07:55,  1.09s/it]
Epoch 563 | postive loss : 0.82, negtive loss : 4.21, worst lambd: 2.76, worst gap: 0.03:  56%|█████▋    | 564/1000 [10:14<07:58,  1.10s/it]
Epoch 564 | postive loss : 0.82, negtive loss : 4.21, worst lambd: 2.69, worst gap: 0.05:  56%|█████▋    | 565/1000 [10:15<07:56,  1.10s/it]
Epoch 565 | postive loss : 0.82, negtive loss : 4.21, worst lambd: 2.66, worst gap: 0.04:  57%|█████▋    | 566/1000 [10:16<07:54,  1.09s/it]
Epoch 566 | postive loss : 0.82, negtive loss : 4.20, worst lambd: 2.65, worst gap: 0.05:  57%|█████▋    | 567/1000 [10:17<07:53,  1.09s/it]
Epoch 567 | postive loss : 0.82, negtive loss : 4.21, worst lambd: 2.70, worst gap: 0.04:  57%|█████▋    | 568/1000 [10:19<07:51,  1.09s/it]
Epoch 568 | postive loss : 0.82, negtive loss : 4.21, worst lambd: 2.64, worst gap: 0.06:  57%|█████▋    | 569/1000 [10:20<07:49,  1.09s/it]
Epoch 569 | postive loss : 0.82, negtive loss : 4.22, worst lambd: 2.73, worst gap: 0.05:  57%|█████▋    | 570/1000 [10:21<07:48,  1.09s/it]
Epoch 570 | postive loss : 0.82, negtive loss : 4.21, worst lambd: 2.75, worst gap: 0.04:  57%|█████▋    | 571/1000 [10:22<07:47,  1.09s/it]
Epoch 571 | postive loss : 0.82, negtive loss : 4.21, worst lambd: 2.70, worst gap: 0.05:  57%|█████▋    | 572/1000 [10:23<07:45,  1.09s/it]
Epoch 572 | postive loss : 0.82, negtive loss : 4.22, worst lambd: 2.65, worst gap: 0.04:  57%|█████▋    | 573/1000 [10:24<07:44,  1.09s/it]
Epoch 573 | postive loss : 0.81, negtive loss : 4.21, worst lambd: 2.66, worst gap: 0.04:  57%|█████▋    | 574/1000 [10:25<07:43,  1.09s/it]
Epoch 574 | postive loss : 0.81, negtive loss : 4.21, worst lambd: 2.70, worst gap: 0.05:  57%|█████▊    | 575/1000 [10:26<07:42,  1.09s/it]
Epoch 575 | postive loss : 0.81, negtive loss : 4.22, worst lambd: 2.80, worst gap: 0.03:  58%|█████▊    | 576/1000 [10:27<07:41,  1.09s/it]
Epoch 576 | postive loss : 0.81, negtive loss : 4.22, worst lambd: 2.68, worst gap: 0.05:  58%|█████▊    | 577/1000 [10:28<07:39,  1.09s/it]
Epoch 577 | postive loss : 0.81, negtive loss : 4.21, worst lambd: 2.73, worst gap: 0.02:  58%|█████▊    | 578/1000 [10:29<07:38,  1.09s/it]
Epoch 578 | postive loss : 0.81, negtive loss : 4.22, worst lambd: 2.66, worst gap: 0.04:  58%|█████▊    | 579/1000 [10:31<07:37,  1.09s/it]
Epoch 579 | postive loss : 0.81, negtive loss : 4.23, worst lambd: 2.69, worst gap: 0.03:  58%|█████▊    | 580/1000 [10:32<07:37,  1.09s/it]
Epoch 580 | postive loss : 0.81, negtive loss : 4.22, worst lambd: 2.69, worst gap: 0.04:  58%|█████▊    | 581/1000 [10:33<07:36,  1.09s/it]
Epoch 581 | postive loss : 0.81, negtive loss : 4.22, worst lambd: 2.74, worst gap: 0.03:  58%|█████▊    | 582/1000 [10:34<07:34,  1.09s/it]
Epoch 582 | postive loss : 0.81, negtive loss : 4.21, worst lambd: 2.70, worst gap: 0.03:  58%|█████▊    | 583/1000 [10:35<07:32,  1.09s/it]
Epoch 583 | postive loss : 0.81, negtive loss : 4.23, worst lambd: 2.69, worst gap: 0.04:  58%|█████▊    | 584/1000 [10:36<07:41,  1.11s/it]
Epoch 584 | postive loss : 0.81, negtive loss : 4.22, worst lambd: 2.69, worst gap: 0.05:  58%|█████▊    | 585/1000 [10:37<07:46,  1.12s/it]
Epoch 585 | postive loss : 0.81, negtive loss : 4.22, worst lambd: 2.63, worst gap: 0.03:  59%|█████▊    | 586/1000 [10:38<07:40,  1.11s/it]
Epoch 586 | postive loss : 0.81, negtive loss : 4.22, worst lambd: 2.74, worst gap: 0.05:  59%|█████▊    | 587/1000 [10:39<07:35,  1.10s/it]
Epoch 587 | postive loss : 0.81, negtive loss : 4.22, worst lambd: 2.74, worst gap: 0.04:  59%|█████▉    | 588/1000 [10:40<07:32,  1.10s/it]
Epoch 588 | postive loss : 0.81, negtive loss : 4.24, worst lambd: 2.68, worst gap: 0.04:  59%|█████▉    | 589/1000 [10:42<07:29,  1.09s/it]
Epoch 589 | postive loss : 0.81, negtive loss : 4.23, worst lambd: 2.68, worst gap: 0.03:  59%|█████▉    | 590/1000 [10:43<07:26,  1.09s/it]
Epoch 590 | postive loss : 0.81, negtive loss : 4.23, worst lambd: 2.74, worst gap: 0.04:  59%|█████▉    | 591/1000 [10:44<07:25,  1.09s/it]
Epoch 591 | postive loss : 0.81, negtive loss : 4.23, worst lambd: 2.69, worst gap: 0.03:  59%|█████▉    | 592/1000 [10:45<07:23,  1.09s/it]
Epoch 592 | postive loss : 0.81, negtive loss : 4.23, worst lambd: 2.65, worst gap: 0.05:  59%|█████▉    | 593/1000 [10:46<07:22,  1.09s/it]
Epoch 593 | postive loss : 0.81, negtive loss : 4.23, worst lambd: 2.77, worst gap: 0.06:  59%|█████▉    | 594/1000 [10:47<07:20,  1.09s/it]
Epoch 594 | postive loss : 0.81, negtive loss : 4.23, worst lambd: 2.70, worst gap: 0.03:  60%|█████▉    | 595/1000 [10:48<07:19,  1.08s/it]
Epoch 595 | postive loss : 0.81, negtive loss : 4.23, worst lambd: 2.84, worst gap: 0.03:  60%|█████▉    | 596/1000 [10:49<07:17,  1.08s/it]
Epoch 596 | postive loss : 0.81, negtive loss : 4.24, worst lambd: 2.66, worst gap: 0.04:  60%|█████▉    | 597/1000 [10:50<07:17,  1.08s/it]
Epoch 597 | postive loss : 0.81, negtive loss : 4.25, worst lambd: 2.67, worst gap: 0.04:  60%|█████▉    | 598/1000 [10:51<07:15,  1.08s/it]
Epoch 598 | postive loss : 0.81, negtive loss : 4.24, worst lambd: 2.75, worst gap: 0.04:  60%|█████▉    | 599/1000 [10:52<07:14,  1.08s/it]
Epoch 599 | postive loss : 0.81, negtive loss : 4.23, worst lambd: 2.73, worst gap: 0.04:  60%|██████    | 600/1000 [10:53<07:13,  1.08s/it]
Epoch 600 | postive loss : 0.81, negtive loss : 4.24, worst lambd: 2.66, worst gap: 0.04:  60%|██████    | 601/1000 [10:55<07:12,  1.08s/it]
Epoch 601 | postive loss : 0.81, negtive loss : 4.24, worst lambd: 2.72, worst gap: 0.05:  60%|██████    | 602/1000 [10:56<07:11,  1.08s/it]
Epoch 602 | postive loss : 0.81, negtive loss : 4.24, worst lambd: 2.78, worst gap: 0.03:  60%|██████    | 603/1000 [10:57<07:09,  1.08s/it]
Epoch 603 | postive loss : 0.81, negtive loss : 4.24, worst lambd: 2.66, worst gap: 0.05:  60%|██████    | 604/1000 [10:58<07:08,  1.08s/it]
Epoch 604 | postive loss : 0.81, negtive loss : 4.25, worst lambd: 2.70, worst gap: 0.06:  60%|██████    | 605/1000 [10:59<07:07,  1.08s/it]
Epoch 605 | postive loss : 0.81, negtive loss : 4.24, worst lambd: 2.75, worst gap: 0.04:  61%|██████    | 606/1000 [11:00<07:06,  1.08s/it]
Epoch 606 | postive loss : 0.81, negtive loss : 4.24, worst lambd: 2.77, worst gap: 0.04:  61%|██████    | 607/1000 [11:01<07:05,  1.08s/it]
Epoch 607 | postive loss : 0.81, negtive loss : 4.25, worst lambd: 2.66, worst gap: 0.04:  61%|██████    | 608/1000 [11:02<07:04,  1.08s/it]
Epoch 608 | postive loss : 0.81, negtive loss : 4.24, worst lambd: 2.76, worst gap: 0.03:  61%|██████    | 609/1000 [11:03<07:04,  1.09s/it]
Epoch 609 | postive loss : 0.81, negtive loss : 4.25, worst lambd: 2.83, worst gap: 0.05:  61%|██████    | 610/1000 [11:04<07:03,  1.09s/it]
Epoch 610 | postive loss : 0.81, negtive loss : 4.24, worst lambd: 2.72, worst gap: 0.06:  61%|██████    | 611/1000 [11:05<07:02,  1.09s/it]
Epoch 611 | postive loss : 0.81, negtive loss : 4.25, worst lambd: 2.74, worst gap: 0.04:  61%|██████    | 612/1000 [11:06<07:00,  1.08s/it]
Epoch 612 | postive loss : 0.81, negtive loss : 4.25, worst lambd: 2.71, worst gap: 0.03:  61%|██████▏   | 613/1000 [11:08<06:59,  1.08s/it]
Epoch 613 | postive loss : 0.81, negtive loss : 4.25, worst lambd: 2.70, worst gap: 0.05:  61%|██████▏   | 614/1000 [11:09<06:58,  1.08s/it]
Epoch 614 | postive loss : 0.81, negtive loss : 4.26, worst lambd: 2.80, worst gap: 0.03:  62%|██████▏   | 615/1000 [11:10<06:57,  1.08s/it]
Epoch 615 | postive loss : 0.80, negtive loss : 4.24, worst lambd: 2.76, worst gap: 0.03:  62%|██████▏   | 616/1000 [11:11<06:56,  1.08s/it]
Epoch 616 | postive loss : 0.81, negtive loss : 4.26, worst lambd: 2.79, worst gap: 0.04:  62%|██████▏   | 617/1000 [11:12<06:54,  1.08s/it]
Epoch 617 | postive loss : 0.80, negtive loss : 4.25, worst lambd: 2.72, worst gap: 0.03:  62%|██████▏   | 618/1000 [11:13<06:53,  1.08s/it]
Epoch 618 | postive loss : 0.80, negtive loss : 4.24, worst lambd: 2.69, worst gap: 0.04:  62%|██████▏   | 619/1000 [11:14<06:56,  1.09s/it]
Epoch 619 | postive loss : 0.80, negtive loss : 4.25, worst lambd: 2.76, worst gap: 0.04:  62%|██████▏   | 620/1000 [11:15<07:06,  1.12s/it]
Epoch 620 | postive loss : 0.80, negtive loss : 4.25, worst lambd: 2.73, worst gap: 0.04:  62%|██████▏   | 621/1000 [11:16<07:00,  1.11s/it]
Epoch 621 | postive loss : 0.81, negtive loss : 4.26, worst lambd: 2.74, worst gap: 0.05:  62%|██████▏   | 622/1000 [11:17<06:56,  1.10s/it]
Epoch 622 | postive loss : 0.80, negtive loss : 4.25, worst lambd: 2.83, worst gap: 0.03:  62%|██████▏   | 623/1000 [11:19<06:53,  1.10s/it]
Epoch 623 | postive loss : 0.80, negtive loss : 4.25, worst lambd: 2.78, worst gap: 0.04:  62%|██████▏   | 624/1000 [11:20<06:50,  1.09s/it]
Epoch 624 | postive loss : 0.80, negtive loss : 4.25, worst lambd: 2.79, worst gap: 0.05:  62%|██████▎   | 625/1000 [11:21<06:48,  1.09s/it]
Epoch 625 | postive loss : 0.80, negtive loss : 4.26, worst lambd: 2.86, worst gap: 0.04:  63%|██████▎   | 626/1000 [11:22<06:47,  1.09s/it]
Epoch 626 | postive loss : 0.80, negtive loss : 4.26, worst lambd: 2.78, worst gap: 0.04:  63%|██████▎   | 627/1000 [11:23<06:45,  1.09s/it]
Epoch 627 | postive loss : 0.80, negtive loss : 4.25, worst lambd: 2.73, worst gap: 0.05:  63%|██████▎   | 628/1000 [11:24<06:44,  1.09s/it]
Epoch 628 | postive loss : 0.80, negtive loss : 4.27, worst lambd: 2.71, worst gap: 0.04:  63%|██████▎   | 629/1000 [11:25<06:43,  1.09s/it]
Epoch 629 | postive loss : 0.80, negtive loss : 4.27, worst lambd: 2.70, worst gap: 0.06:  63%|██████▎   | 630/1000 [11:26<06:42,  1.09s/it]
Epoch 630 | postive loss : 0.80, negtive loss : 4.26, worst lambd: 2.77, worst gap: 0.05:  63%|██████▎   | 631/1000 [11:27<06:41,  1.09s/it]
Epoch 631 | postive loss : 0.80, negtive loss : 4.27, worst lambd: 2.80, worst gap: 0.03:  63%|██████▎   | 632/1000 [11:28<06:39,  1.09s/it]
Epoch 632 | postive loss : 0.80, negtive loss : 4.26, worst lambd: 2.79, worst gap: 0.05:  63%|██████▎   | 633/1000 [11:29<06:38,  1.09s/it]
Epoch 633 | postive loss : 0.80, negtive loss : 4.27, worst lambd: 2.81, worst gap: 0.03:  63%|██████▎   | 634/1000 [11:30<06:37,  1.09s/it]
Epoch 634 | postive loss : 0.80, negtive loss : 4.26, worst lambd: 2.82, worst gap: 0.03:  64%|██████▎   | 635/1000 [11:32<06:36,  1.09s/it]
Epoch 635 | postive loss : 0.80, negtive loss : 4.27, worst lambd: 2.74, worst gap: 0.04:  64%|██████▎   | 636/1000 [11:33<06:45,  1.11s/it]
Epoch 636 | postive loss : 0.80, negtive loss : 4.27, worst lambd: 2.78, worst gap: 0.03:  64%|██████▎   | 637/1000 [11:34<06:47,  1.12s/it]
Epoch 637 | postive loss : 0.80, negtive loss : 4.27, worst lambd: 2.82, worst gap: 0.05:  64%|██████▍   | 638/1000 [11:35<06:42,  1.11s/it]
Epoch 638 | postive loss : 0.80, negtive loss : 4.27, worst lambd: 2.70, worst gap: 0.04:  64%|██████▍   | 639/1000 [11:36<06:38,  1.10s/it]
Epoch 639 | postive loss : 0.80, negtive loss : 4.28, worst lambd: 2.76, worst gap: 0.03:  64%|██████▍   | 640/1000 [11:37<06:35,  1.10s/it]
Epoch 640 | postive loss : 0.80, negtive loss : 4.26, worst lambd: 2.76, worst gap: 0.04:  64%|██████▍   | 641/1000 [11:38<06:38,  1.11s/it]
Epoch 641 | postive loss : 0.80, negtive loss : 4.28, worst lambd: 2.76, worst gap: 0.04:  64%|██████▍   | 642/1000 [11:39<06:46,  1.13s/it]
Epoch 642 | postive loss : 0.80, negtive loss : 4.28, worst lambd: 2.76, worst gap: 0.03:  64%|██████▍   | 643/1000 [11:41<06:39,  1.12s/it]
Epoch 643 | postive loss : 0.80, negtive loss : 4.27, worst lambd: 2.76, worst gap: 0.06:  64%|██████▍   | 644/1000 [11:42<06:35,  1.11s/it]
Epoch 644 | postive loss : 0.80, negtive loss : 4.27, worst lambd: 2.65, worst gap: 0.05:  64%|██████▍   | 645/1000 [11:43<06:31,  1.10s/it]
Epoch 645 | postive loss : 0.80, negtive loss : 4.27, worst lambd: 2.79, worst gap: 0.06:  65%|██████▍   | 646/1000 [11:44<06:29,  1.10s/it]
Epoch 646 | postive loss : 0.80, negtive loss : 4.28, worst lambd: 2.83, worst gap: 0.05:  65%|██████▍   | 647/1000 [11:45<06:38,  1.13s/it]
Epoch 647 | postive loss : 0.80, negtive loss : 4.28, worst lambd: 2.63, worst gap: 0.06:  65%|██████▍   | 648/1000 [11:46<06:37,  1.13s/it]
Epoch 648 | postive loss : 0.80, negtive loss : 4.28, worst lambd: 2.86, worst gap: 0.05:  65%|██████▍   | 649/1000 [11:47<06:31,  1.12s/it]
Epoch 649 | postive loss : 0.80, negtive loss : 4.28, worst lambd: 2.80, worst gap: 0.04:  65%|██████▌   | 650/1000 [11:48<06:27,  1.11s/it]
Epoch 650 | postive loss : 0.80, negtive loss : 4.29, worst lambd: 2.73, worst gap: 0.03:  65%|██████▌   | 651/1000 [11:49<06:24,  1.10s/it]
Epoch 651 | postive loss : 0.80, negtive loss : 4.28, worst lambd: 2.80, worst gap: 0.04:  65%|██████▌   | 652/1000 [11:50<06:21,  1.10s/it]
Epoch 652 | postive loss : 0.80, negtive loss : 4.28, worst lambd: 2.76, worst gap: 0.05:  65%|██████▌   | 653/1000 [11:52<06:19,  1.09s/it]
Epoch 653 | postive loss : 0.80, negtive loss : 4.28, worst lambd: 2.70, worst gap: 0.04:  65%|██████▌   | 654/1000 [11:53<06:17,  1.09s/it]
Epoch 654 | postive loss : 0.80, negtive loss : 4.28, worst lambd: 2.73, worst gap: 0.04:  66%|██████▌   | 655/1000 [11:54<06:15,  1.09s/it]
Epoch 655 | postive loss : 0.80, negtive loss : 4.29, worst lambd: 2.70, worst gap: 0.06:  66%|██████▌   | 656/1000 [11:55<06:14,  1.09s/it]
Epoch 656 | postive loss : 0.80, negtive loss : 4.28, worst lambd: 2.76, worst gap: 0.04:  66%|██████▌   | 657/1000 [11:56<06:13,  1.09s/it]
Epoch 657 | postive loss : 0.80, negtive loss : 4.29, worst lambd: 2.75, worst gap: 0.05:  66%|██████▌   | 658/1000 [11:57<06:11,  1.09s/it]
Epoch 658 | postive loss : 0.80, negtive loss : 4.29, worst lambd: 2.71, worst gap: 0.05:  66%|██████▌   | 659/1000 [11:58<06:10,  1.09s/it]
Epoch 659 | postive loss : 0.80, negtive loss : 4.30, worst lambd: 2.77, worst gap: 0.04:  66%|██████▌   | 660/1000 [11:59<06:09,  1.09s/it]
Epoch 660 | postive loss : 0.79, negtive loss : 4.28, worst lambd: 2.79, worst gap: 0.05:  66%|██████▌   | 661/1000 [12:00<06:08,  1.09s/it]
Epoch 661 | postive loss : 0.80, negtive loss : 4.30, worst lambd: 2.67, worst gap: 0.03:  66%|██████▌   | 662/1000 [12:01<06:07,  1.09s/it]
Epoch 662 | postive loss : 0.79, negtive loss : 4.28, worst lambd: 2.83, worst gap: 0.05:  66%|██████▋   | 663/1000 [12:02<06:06,  1.09s/it]
Epoch 663 | postive loss : 0.79, negtive loss : 4.29, worst lambd: 2.71, worst gap: 0.04:  66%|██████▋   | 664/1000 [12:04<06:05,  1.09s/it]
Epoch 664 | postive loss : 0.80, negtive loss : 4.28, worst lambd: 2.69, worst gap: 0.03:  66%|██████▋   | 665/1000 [12:05<06:03,  1.09s/it]
Epoch 665 | postive loss : 0.80, negtive loss : 4.29, worst lambd: 2.70, worst gap: 0.03:  67%|██████▋   | 666/1000 [12:06<06:02,  1.09s/it]
Epoch 666 | postive loss : 0.79, negtive loss : 4.30, worst lambd: 2.76, worst gap: 0.05:  67%|██████▋   | 667/1000 [12:07<06:01,  1.09s/it]
Epoch 667 | postive loss : 0.79, negtive loss : 4.30, worst lambd: 2.81, worst gap: 0.04:  67%|██████▋   | 668/1000 [12:08<06:00,  1.09s/it]
Epoch 668 | postive loss : 0.79, negtive loss : 4.29, worst lambd: 2.80, worst gap: 0.04:  67%|██████▋   | 669/1000 [12:09<05:59,  1.09s/it]
Epoch 669 | postive loss : 0.80, negtive loss : 4.30, worst lambd: 2.71, worst gap: 0.04:  67%|██████▋   | 670/1000 [12:10<05:58,  1.09s/it]
Epoch 670 | postive loss : 0.80, negtive loss : 4.31, worst lambd: 2.83, worst gap: 0.04:  67%|██████▋   | 671/1000 [12:11<05:57,  1.09s/it]
Epoch 671 | postive loss : 0.80, negtive loss : 4.31, worst lambd: 2.73, worst gap: 0.05:  67%|██████▋   | 672/1000 [12:12<06:00,  1.10s/it]
Epoch 672 | postive loss : 0.79, negtive loss : 4.29, worst lambd: 2.77, worst gap: 0.04:  67%|██████▋   | 673/1000 [12:13<05:58,  1.10s/it]
Epoch 673 | postive loss : 0.79, negtive loss : 4.30, worst lambd: 2.79, worst gap: 0.05:  67%|██████▋   | 674/1000 [12:14<05:57,  1.10s/it]
Epoch 674 | postive loss : 0.79, negtive loss : 4.30, worst lambd: 2.78, worst gap: 0.06:  68%|██████▊   | 675/1000 [12:16<05:55,  1.09s/it]
Epoch 675 | postive loss : 0.79, negtive loss : 4.30, worst lambd: 2.75, worst gap: 0.05:  68%|██████▊   | 676/1000 [12:17<05:57,  1.10s/it]
Epoch 676 | postive loss : 0.79, negtive loss : 4.30, worst lambd: 2.72, worst gap: 0.04:  68%|██████▊   | 677/1000 [12:18<05:56,  1.10s/it]
Epoch 677 | postive loss : 0.79, negtive loss : 4.30, worst lambd: 2.78, worst gap: 0.03:  68%|██████▊   | 678/1000 [12:19<05:53,  1.10s/it]
Epoch 678 | postive loss : 0.79, negtive loss : 4.31, worst lambd: 2.74, worst gap: 0.04:  68%|██████▊   | 679/1000 [12:20<05:51,  1.10s/it]
Epoch 679 | postive loss : 0.79, negtive loss : 4.31, worst lambd: 2.87, worst gap: 0.05:  68%|██████▊   | 680/1000 [12:21<05:49,  1.09s/it]
Epoch 680 | postive loss : 0.79, negtive loss : 4.32, worst lambd: 2.78, worst gap: 0.04:  68%|██████▊   | 681/1000 [12:22<05:48,  1.09s/it]
Epoch 681 | postive loss : 0.79, negtive loss : 4.30, worst lambd: 2.76, worst gap: 0.05:  68%|██████▊   | 682/1000 [12:23<05:46,  1.09s/it]
Epoch 682 | postive loss : 0.79, negtive loss : 4.31, worst lambd: 2.71, worst gap: 0.06:  68%|██████▊   | 683/1000 [12:24<05:45,  1.09s/it]
Epoch 683 | postive loss : 0.79, negtive loss : 4.32, worst lambd: 2.80, worst gap: 0.03:  68%|██████▊   | 684/1000 [12:25<05:43,  1.09s/it]
Epoch 684 | postive loss : 0.79, negtive loss : 4.31, worst lambd: 2.75, worst gap: 0.04:  68%|██████▊   | 685/1000 [12:26<05:43,  1.09s/it]
Epoch 685 | postive loss : 0.79, negtive loss : 4.31, worst lambd: 2.75, worst gap: 0.05:  69%|██████▊   | 686/1000 [12:28<05:41,  1.09s/it]
Epoch 686 | postive loss : 0.79, negtive loss : 4.31, worst lambd: 2.76, worst gap: 0.05:  69%|██████▊   | 687/1000 [12:29<05:40,  1.09s/it]
Epoch 687 | postive loss : 0.79, negtive loss : 4.31, worst lambd: 2.92, worst gap: 0.05:  69%|██████▉   | 688/1000 [12:30<05:39,  1.09s/it]
Epoch 688 | postive loss : 0.79, negtive loss : 4.31, worst lambd: 2.74, worst gap: 0.04:  69%|██████▉   | 689/1000 [12:31<05:38,  1.09s/it]
Epoch 689 | postive loss : 0.79, negtive loss : 4.32, worst lambd: 2.82, worst gap: 0.03:  69%|██████▉   | 690/1000 [12:32<05:38,  1.09s/it]
Epoch 690 | postive loss : 0.79, negtive loss : 4.32, worst lambd: 2.77, worst gap: 0.05:  69%|██████▉   | 691/1000 [12:33<05:37,  1.09s/it]
Epoch 691 | postive loss : 0.79, negtive loss : 4.32, worst lambd: 2.80, worst gap: 0.05:  69%|██████▉   | 692/1000 [12:34<05:35,  1.09s/it]
Epoch 692 | postive loss : 0.79, negtive loss : 4.32, worst lambd: 2.89, worst gap: 0.04:  69%|██████▉   | 693/1000 [12:35<05:34,  1.09s/it]
Epoch 693 | postive loss : 0.79, negtive loss : 4.32, worst lambd: 2.71, worst gap: 0.03:  69%|██████▉   | 694/1000 [12:36<05:32,  1.09s/it]
Epoch 694 | postive loss : 0.79, negtive loss : 4.32, worst lambd: 2.70, worst gap: 0.05:  70%|██████▉   | 695/1000 [12:37<05:31,  1.09s/it]
Epoch 695 | postive loss : 0.79, negtive loss : 4.32, worst lambd: 2.88, worst gap: 0.05:  70%|██████▉   | 696/1000 [12:38<05:29,  1.08s/it]
Epoch 696 | postive loss : 0.79, negtive loss : 4.32, worst lambd: 2.76, worst gap: 0.05:  70%|██████▉   | 697/1000 [12:39<05:28,  1.08s/it]
Epoch 697 | postive loss : 0.79, negtive loss : 4.31, worst lambd: 2.74, worst gap: 0.05:  70%|██████▉   | 698/1000 [12:41<05:27,  1.08s/it]
Epoch 698 | postive loss : 0.79, negtive loss : 4.32, worst lambd: 2.80, worst gap: 0.04:  70%|██████▉   | 699/1000 [12:42<05:26,  1.08s/it]
Epoch 699 | postive loss : 0.79, negtive loss : 4.31, worst lambd: 2.79, worst gap: 0.04:  70%|███████   | 700/1000 [12:43<05:24,  1.08s/it]
Epoch 700 | postive loss : 0.79, negtive loss : 4.33, worst lambd: 2.69, worst gap: 0.04:  70%|███████   | 701/1000 [12:44<05:24,  1.09s/it]
Epoch 701 | postive loss : 0.79, negtive loss : 4.33, worst lambd: 2.70, worst gap: 0.04:  70%|███████   | 702/1000 [12:45<05:24,  1.09s/it]
Epoch 702 | postive loss : 0.79, negtive loss : 4.32, worst lambd: 2.91, worst gap: 0.06:  70%|███████   | 703/1000 [12:46<05:22,  1.09s/it]
Epoch 703 | postive loss : 0.79, negtive loss : 4.34, worst lambd: 2.81, worst gap: 0.03:  70%|███████   | 704/1000 [12:47<05:21,  1.09s/it]
Epoch 704 | postive loss : 0.79, negtive loss : 4.33, worst lambd: 2.80, worst gap: 0.04:  70%|███████   | 705/1000 [12:48<05:19,  1.08s/it]
Epoch 705 | postive loss : 0.79, negtive loss : 4.34, worst lambd: 2.74, worst gap: 0.05:  71%|███████   | 706/1000 [12:49<05:18,  1.08s/it]
Epoch 706 | postive loss : 0.79, negtive loss : 4.33, worst lambd: 2.76, worst gap: 0.05:  71%|███████   | 707/1000 [12:50<05:17,  1.08s/it]
Epoch 707 | postive loss : 0.79, negtive loss : 4.33, worst lambd: 2.67, worst gap: 0.05:  71%|███████   | 708/1000 [12:51<05:16,  1.08s/it]
Epoch 708 | postive loss : 0.79, negtive loss : 4.33, worst lambd: 2.83, worst gap: 0.05:  71%|███████   | 709/1000 [12:53<05:15,  1.08s/it]
Epoch 709 | postive loss : 0.79, negtive loss : 4.33, worst lambd: 2.79, worst gap: 0.05:  71%|███████   | 710/1000 [12:54<05:14,  1.08s/it]
Epoch 710 | postive loss : 0.79, negtive loss : 4.34, worst lambd: 2.87, worst gap: 0.04:  71%|███████   | 711/1000 [12:55<05:13,  1.08s/it]
Epoch 711 | postive loss : 0.79, negtive loss : 4.33, worst lambd: 2.77, worst gap: 0.05:  71%|███████   | 712/1000 [12:56<05:11,  1.08s/it]
Epoch 712 | postive loss : 0.79, negtive loss : 4.34, worst lambd: 2.73, worst gap: 0.04:  71%|███████▏  | 713/1000 [12:57<05:10,  1.08s/it]
Epoch 713 | postive loss : 0.79, negtive loss : 4.33, worst lambd: 2.82, worst gap: 0.05:  71%|███████▏  | 714/1000 [12:58<05:09,  1.08s/it]
Epoch 714 | postive loss : 0.79, negtive loss : 4.34, worst lambd: 2.78, worst gap: 0.04:  72%|███████▏  | 715/1000 [12:59<05:08,  1.08s/it]
Epoch 715 | postive loss : 0.79, negtive loss : 4.34, worst lambd: 2.74, worst gap: 0.05:  72%|███████▏  | 716/1000 [13:00<05:07,  1.08s/it]
Epoch 716 | postive loss : 0.78, negtive loss : 4.34, worst lambd: 2.79, worst gap: 0.05:  72%|███████▏  | 717/1000 [13:01<05:06,  1.08s/it]
Epoch 717 | postive loss : 0.79, negtive loss : 4.34, worst lambd: 2.81, worst gap: 0.04:  72%|███████▏  | 718/1000 [13:02<05:05,  1.08s/it]
Epoch 718 | postive loss : 0.79, negtive loss : 4.34, worst lambd: 2.75, worst gap: 0.05:  72%|███████▏  | 719/1000 [13:03<05:04,  1.08s/it]
Epoch 719 | postive loss : 0.79, negtive loss : 4.33, worst lambd: 2.83, worst gap: 0.03:  72%|███████▏  | 720/1000 [13:04<05:03,  1.08s/it]
Epoch 720 | postive loss : 0.79, negtive loss : 4.34, worst lambd: 2.79, worst gap: 0.06:  72%|███████▏  | 721/1000 [13:05<05:01,  1.08s/it]
Epoch 721 | postive loss : 0.79, negtive loss : 4.34, worst lambd: 2.81, worst gap: 0.04:  72%|███████▏  | 722/1000 [13:07<05:00,  1.08s/it]
Epoch 722 | postive loss : 0.79, negtive loss : 4.34, worst lambd: 2.80, worst gap: 0.05:  72%|███████▏  | 723/1000 [13:08<04:59,  1.08s/it]
Epoch 723 | postive loss : 0.79, negtive loss : 4.35, worst lambd: 2.80, worst gap: 0.04:  72%|███████▏  | 724/1000 [13:09<04:59,  1.08s/it]
Epoch 724 | postive loss : 0.78, negtive loss : 4.34, worst lambd: 2.78, worst gap: 0.03:  72%|███████▎  | 725/1000 [13:10<04:58,  1.08s/it]
Epoch 725 | postive loss : 0.78, negtive loss : 4.34, worst lambd: 2.75, worst gap: 0.04:  73%|███████▎  | 726/1000 [13:11<04:56,  1.08s/it]
Epoch 726 | postive loss : 0.79, negtive loss : 4.35, worst lambd: 2.80, worst gap: 0.03:  73%|███████▎  | 727/1000 [13:12<04:55,  1.08s/it]
Epoch 727 | postive loss : 0.78, negtive loss : 4.35, worst lambd: 2.75, worst gap: 0.05:  73%|███████▎  | 728/1000 [13:13<04:54,  1.08s/it]
Epoch 728 | postive loss : 0.78, negtive loss : 4.34, worst lambd: 2.76, worst gap: 0.05:  73%|███████▎  | 729/1000 [13:14<04:54,  1.09s/it]
Epoch 729 | postive loss : 0.79, negtive loss : 4.36, worst lambd: 2.77, worst gap: 0.03:  73%|███████▎  | 730/1000 [13:15<04:53,  1.09s/it]
Epoch 730 | postive loss : 0.78, negtive loss : 4.34, worst lambd: 2.81, worst gap: 0.04:  73%|███████▎  | 731/1000 [13:16<04:52,  1.09s/it]
Epoch 731 | postive loss : 0.78, negtive loss : 4.35, worst lambd: 2.83, worst gap: 0.04:  73%|███████▎  | 732/1000 [13:17<04:51,  1.09s/it]
Epoch 732 | postive loss : 0.78, negtive loss : 4.35, worst lambd: 2.80, worst gap: 0.05:  73%|███████▎  | 733/1000 [13:19<04:50,  1.09s/it]
Epoch 733 | postive loss : 0.78, negtive loss : 4.35, worst lambd: 2.75, worst gap: 0.04:  73%|███████▎  | 734/1000 [13:20<04:49,  1.09s/it]
Epoch 734 | postive loss : 0.78, negtive loss : 4.36, worst lambd: 2.85, worst gap: 0.04:  74%|███████▎  | 735/1000 [13:21<04:48,  1.09s/it]
Epoch 735 | postive loss : 0.78, negtive loss : 4.34, worst lambd: 2.74, worst gap: 0.03:  74%|███████▎  | 736/1000 [13:22<04:47,  1.09s/it]
Epoch 736 | postive loss : 0.78, negtive loss : 4.36, worst lambd: 2.84, worst gap: 0.04:  74%|███████▎  | 737/1000 [13:23<04:45,  1.09s/it]
Epoch 737 | postive loss : 0.78, negtive loss : 4.35, worst lambd: 2.73, worst gap: 0.04:  74%|███████▍  | 738/1000 [13:24<04:45,  1.09s/it]
Epoch 738 | postive loss : 0.78, negtive loss : 4.36, worst lambd: 2.81, worst gap: 0.05:  74%|███████▍  | 739/1000 [13:25<04:44,  1.09s/it]
Epoch 739 | postive loss : 0.78, negtive loss : 4.35, worst lambd: 2.82, worst gap: 0.05:  74%|███████▍  | 740/1000 [13:26<04:43,  1.09s/it]
Epoch 740 | postive loss : 0.78, negtive loss : 4.36, worst lambd: 2.83, worst gap: 0.04:  74%|███████▍  | 741/1000 [13:27<04:41,  1.09s/it]
Epoch 741 | postive loss : 0.78, negtive loss : 4.35, worst lambd: 2.81, worst gap: 0.03:  74%|███████▍  | 742/1000 [13:28<04:40,  1.09s/it]
Epoch 742 | postive loss : 0.78, negtive loss : 4.37, worst lambd: 2.86, worst gap: 0.05:  74%|███████▍  | 743/1000 [13:29<04:39,  1.09s/it]
Epoch 743 | postive loss : 0.78, negtive loss : 4.37, worst lambd: 2.82, worst gap: 0.04:  74%|███████▍  | 744/1000 [13:30<04:38,  1.09s/it]
Epoch 744 | postive loss : 0.78, negtive loss : 4.37, worst lambd: 2.79, worst gap: 0.04:  74%|███████▍  | 745/1000 [13:32<04:37,  1.09s/it]
Epoch 745 | postive loss : 0.78, negtive loss : 4.36, worst lambd: 2.80, worst gap: 0.04:  75%|███████▍  | 746/1000 [13:33<04:36,  1.09s/it]
Epoch 746 | postive loss : 0.78, negtive loss : 4.36, worst lambd: 2.75, worst gap: 0.06:  75%|███████▍  | 747/1000 [13:34<04:35,  1.09s/it]
Epoch 747 | postive loss : 0.78, negtive loss : 4.36, worst lambd: 2.91, worst gap: 0.05:  75%|███████▍  | 748/1000 [13:35<04:33,  1.09s/it]
Epoch 748 | postive loss : 0.78, negtive loss : 4.37, worst lambd: 2.81, worst gap: 0.05:  75%|███████▍  | 749/1000 [13:36<04:32,  1.09s/it]
Epoch 749 | postive loss : 0.78, negtive loss : 4.36, worst lambd: 2.76, worst gap: 0.05:  75%|███████▌  | 750/1000 [13:37<04:31,  1.09s/it]
Epoch 750 | postive loss : 0.78, negtive loss : 4.36, worst lambd: 2.88, worst gap: 0.04:  75%|███████▌  | 751/1000 [13:38<04:30,  1.09s/it]
Epoch 751 | postive loss : 0.78, negtive loss : 4.37, worst lambd: 2.80, worst gap: 0.05:  75%|███████▌  | 752/1000 [13:39<04:29,  1.09s/it]
Epoch 752 | postive loss : 0.78, negtive loss : 4.37, worst lambd: 2.81, worst gap: 0.04:  75%|███████▌  | 753/1000 [13:40<04:28,  1.09s/it]
Epoch 753 | postive loss : 0.78, negtive loss : 4.36, worst lambd: 2.69, worst gap: 0.05:  75%|███████▌  | 754/1000 [13:41<04:27,  1.09s/it]
Epoch 754 | postive loss : 0.78, negtive loss : 4.38, worst lambd: 2.85, worst gap: 0.04:  76%|███████▌  | 755/1000 [13:42<04:26,  1.09s/it]
Epoch 755 | postive loss : 0.78, negtive loss : 4.37, worst lambd: 2.76, worst gap: 0.04:  76%|███████▌  | 756/1000 [13:44<04:25,  1.09s/it]
Epoch 756 | postive loss : 0.78, negtive loss : 4.38, worst lambd: 2.74, worst gap: 0.05:  76%|███████▌  | 757/1000 [13:45<04:24,  1.09s/it]
Epoch 757 | postive loss : 0.78, negtive loss : 4.36, worst lambd: 2.84, worst gap: 0.04:  76%|███████▌  | 758/1000 [13:46<04:23,  1.09s/it]
Epoch 758 | postive loss : 0.78, negtive loss : 4.37, worst lambd: 2.81, worst gap: 0.04:  76%|███████▌  | 759/1000 [13:47<04:22,  1.09s/it]
Epoch 759 | postive loss : 0.78, negtive loss : 4.38, worst lambd: 2.77, worst gap: 0.03:  76%|███████▌  | 760/1000 [13:48<04:20,  1.09s/it]
Epoch 760 | postive loss : 0.78, negtive loss : 4.38, worst lambd: 2.73, worst gap: 0.05:  76%|███████▌  | 761/1000 [13:49<04:19,  1.09s/it]
Epoch 761 | postive loss : 0.78, negtive loss : 4.38, worst lambd: 2.81, worst gap: 0.05:  76%|███████▌  | 762/1000 [13:50<04:18,  1.09s/it]
Epoch 762 | postive loss : 0.78, negtive loss : 4.38, worst lambd: 2.80, worst gap: 0.04:  76%|███████▋  | 763/1000 [13:51<04:17,  1.09s/it]
Epoch 763 | postive loss : 0.78, negtive loss : 4.38, worst lambd: 2.92, worst gap: 0.05:  76%|███████▋  | 764/1000 [13:52<04:16,  1.09s/it]
Epoch 764 | postive loss : 0.78, negtive loss : 4.37, worst lambd: 2.84, worst gap: 0.04:  76%|███████▋  | 765/1000 [13:53<04:15,  1.09s/it]
Epoch 765 | postive loss : 0.78, negtive loss : 4.38, worst lambd: 2.94, worst gap: 0.05:  77%|███████▋  | 766/1000 [13:54<04:14,  1.09s/it]
Epoch 766 | postive loss : 0.78, negtive loss : 4.38, worst lambd: 2.84, worst gap: 0.03:  77%|███████▋  | 767/1000 [13:55<04:13,  1.09s/it]
Epoch 767 | postive loss : 0.78, negtive loss : 4.38, worst lambd: 2.83, worst gap: 0.05:  77%|███████▋  | 768/1000 [13:57<04:12,  1.09s/it]
Epoch 768 | postive loss : 0.78, negtive loss : 4.38, worst lambd: 2.75, worst gap: 0.04:  77%|███████▋  | 769/1000 [13:58<04:11,  1.09s/it]
Epoch 769 | postive loss : 0.78, negtive loss : 4.38, worst lambd: 2.84, worst gap: 0.05:  77%|███████▋  | 770/1000 [13:59<04:10,  1.09s/it]
Epoch 770 | postive loss : 0.78, negtive loss : 4.37, worst lambd: 2.70, worst gap: 0.04:  77%|███████▋  | 771/1000 [14:00<04:09,  1.09s/it]
Epoch 771 | postive loss : 0.78, negtive loss : 4.39, worst lambd: 2.83, worst gap: 0.04:  77%|███████▋  | 772/1000 [14:01<04:08,  1.09s/it]
Epoch 772 | postive loss : 0.78, negtive loss : 4.38, worst lambd: 2.78, worst gap: 0.05:  77%|███████▋  | 773/1000 [14:02<04:06,  1.09s/it]
Epoch 773 | postive loss : 0.78, negtive loss : 4.38, worst lambd: 2.81, worst gap: 0.03:  77%|███████▋  | 774/1000 [14:03<04:05,  1.09s/it]
Epoch 774 | postive loss : 0.78, negtive loss : 4.38, worst lambd: 2.83, worst gap: 0.04:  78%|███████▊  | 775/1000 [14:04<04:04,  1.09s/it]
Epoch 775 | postive loss : 0.78, negtive loss : 4.39, worst lambd: 2.80, worst gap: 0.05:  78%|███████▊  | 776/1000 [14:05<04:03,  1.09s/it]
Epoch 776 | postive loss : 0.78, negtive loss : 4.39, worst lambd: 2.77, worst gap: 0.03:  78%|███████▊  | 777/1000 [14:06<04:02,  1.09s/it]
Epoch 777 | postive loss : 0.78, negtive loss : 4.39, worst lambd: 2.76, worst gap: 0.03:  78%|███████▊  | 778/1000 [14:07<04:01,  1.09s/it]
Epoch 778 | postive loss : 0.78, negtive loss : 4.40, worst lambd: 2.83, worst gap: 0.05:  78%|███████▊  | 779/1000 [14:09<04:00,  1.09s/it]
Epoch 779 | postive loss : 0.78, negtive loss : 4.39, worst lambd: 2.72, worst gap: 0.03:  78%|███████▊  | 780/1000 [14:10<03:59,  1.09s/it]
Epoch 780 | postive loss : 0.78, negtive loss : 4.39, worst lambd: 2.81, worst gap: 0.04:  78%|███████▊  | 781/1000 [14:11<03:58,  1.09s/it]
Epoch 781 | postive loss : 0.78, negtive loss : 4.39, worst lambd: 2.76, worst gap: 0.03:  78%|███████▊  | 782/1000 [14:12<03:57,  1.09s/it]
Epoch 782 | postive loss : 0.78, negtive loss : 4.39, worst lambd: 2.79, worst gap: 0.04:  78%|███████▊  | 783/1000 [14:13<03:56,  1.09s/it]
Epoch 783 | postive loss : 0.78, negtive loss : 4.39, worst lambd: 2.76, worst gap: 0.05:  78%|███████▊  | 784/1000 [14:14<03:54,  1.09s/it]
Epoch 784 | postive loss : 0.78, negtive loss : 4.39, worst lambd: 2.85, worst gap: 0.05:  78%|███████▊  | 785/1000 [14:15<03:54,  1.09s/it]
Epoch 785 | postive loss : 0.77, negtive loss : 4.39, worst lambd: 2.70, worst gap: 0.04:  79%|███████▊  | 786/1000 [14:16<03:53,  1.09s/it]
Epoch 786 | postive loss : 0.78, negtive loss : 4.41, worst lambd: 2.89, worst gap: 0.04:  79%|███████▊  | 787/1000 [14:17<03:51,  1.09s/it]
Epoch 787 | postive loss : 0.77, negtive loss : 4.39, worst lambd: 2.83, worst gap: 0.04:  79%|███████▉  | 788/1000 [14:18<03:50,  1.09s/it]
Epoch 788 | postive loss : 0.77, negtive loss : 4.38, worst lambd: 2.86, worst gap: 0.03:  79%|███████▉  | 789/1000 [14:19<03:49,  1.09s/it]
Epoch 789 | postive loss : 0.78, negtive loss : 4.40, worst lambd: 2.76, worst gap: 0.06:  79%|███████▉  | 790/1000 [14:21<03:47,  1.09s/it]
Epoch 790 | postive loss : 0.77, negtive loss : 4.40, worst lambd: 2.59, worst gap: 0.04:  79%|███████▉  | 791/1000 [14:22<03:46,  1.09s/it]
Epoch 791 | postive loss : 0.77, negtive loss : 4.40, worst lambd: 2.79, worst gap: 0.04:  79%|███████▉  | 792/1000 [14:23<03:45,  1.09s/it]
Epoch 792 | postive loss : 0.78, negtive loss : 4.40, worst lambd: 2.80, worst gap: 0.03:  79%|███████▉  | 793/1000 [14:24<03:44,  1.09s/it]
Epoch 793 | postive loss : 0.77, negtive loss : 4.39, worst lambd: 2.77, worst gap: 0.04:  79%|███████▉  | 794/1000 [14:25<03:43,  1.09s/it]
Epoch 794 | postive loss : 0.78, negtive loss : 4.40, worst lambd: 2.84, worst gap: 0.05:  80%|███████▉  | 795/1000 [14:26<03:42,  1.09s/it]
Epoch 795 | postive loss : 0.78, negtive loss : 4.40, worst lambd: 2.71, worst gap: 0.05:  80%|███████▉  | 796/1000 [14:27<03:41,  1.09s/it]
Epoch 796 | postive loss : 0.77, negtive loss : 4.40, worst lambd: 2.84, worst gap: 0.05:  80%|███████▉  | 797/1000 [14:28<03:40,  1.09s/it]
Epoch 797 | postive loss : 0.77, negtive loss : 4.40, worst lambd: 2.72, worst gap: 0.04:  80%|███████▉  | 798/1000 [14:29<03:39,  1.09s/it]
Epoch 798 | postive loss : 0.77, negtive loss : 4.40, worst lambd: 2.79, worst gap: 0.03:  80%|███████▉  | 799/1000 [14:30<03:38,  1.09s/it]
Epoch 799 | postive loss : 0.77, negtive loss : 4.40, worst lambd: 2.84, worst gap: 0.04:  80%|████████  | 800/1000 [14:31<03:37,  1.09s/it]
Epoch 800 | postive loss : 0.77, negtive loss : 4.40, worst lambd: 2.80, worst gap: 0.04:  80%|████████  | 801/1000 [14:32<03:35,  1.08s/it]
Epoch 801 | postive loss : 0.77, negtive loss : 4.41, worst lambd: 2.77, worst gap: 0.03:  80%|████████  | 802/1000 [14:34<03:34,  1.08s/it]
Epoch 802 | postive loss : 0.77, negtive loss : 4.41, worst lambd: 2.73, worst gap: 0.06:  80%|████████  | 803/1000 [14:35<03:33,  1.08s/it]
Epoch 803 | postive loss : 0.77, negtive loss : 4.40, worst lambd: 2.85, worst gap: 0.04:  80%|████████  | 804/1000 [14:36<03:32,  1.09s/it]
Epoch 804 | postive loss : 0.77, negtive loss : 4.40, worst lambd: 2.80, worst gap: 0.04:  80%|████████  | 805/1000 [14:37<03:31,  1.09s/it]
Epoch 805 | postive loss : 0.77, negtive loss : 4.41, worst lambd: 2.81, worst gap: 0.05:  81%|████████  | 806/1000 [14:38<03:30,  1.08s/it]
Epoch 806 | postive loss : 0.77, negtive loss : 4.41, worst lambd: 2.76, worst gap: 0.04:  81%|████████  | 807/1000 [14:39<03:29,  1.08s/it]
Epoch 807 | postive loss : 0.77, negtive loss : 4.40, worst lambd: 2.81, worst gap: 0.03:  81%|████████  | 808/1000 [14:40<03:28,  1.08s/it]
Epoch 808 | postive loss : 0.77, negtive loss : 4.41, worst lambd: 2.78, worst gap: 0.03:  81%|████████  | 809/1000 [14:41<03:27,  1.08s/it]
Epoch 809 | postive loss : 0.77, negtive loss : 4.41, worst lambd: 2.70, worst gap: 0.04:  81%|████████  | 810/1000 [14:42<03:26,  1.08s/it]
Epoch 810 | postive loss : 0.77, negtive loss : 4.41, worst lambd: 2.85, worst gap: 0.04:  81%|████████  | 811/1000 [14:43<03:26,  1.09s/it]
Epoch 811 | postive loss : 0.77, negtive loss : 4.41, worst lambd: 2.85, worst gap: 0.04:  81%|████████  | 812/1000 [14:44<03:28,  1.11s/it]
Epoch 812 | postive loss : 0.77, negtive loss : 4.40, worst lambd: 2.83, worst gap: 0.05:  81%|████████▏ | 813/1000 [14:46<03:26,  1.10s/it]
Epoch 813 | postive loss : 0.77, negtive loss : 4.40, worst lambd: 2.74, worst gap: 0.04:  81%|████████▏ | 814/1000 [14:47<03:24,  1.10s/it]
Epoch 814 | postive loss : 0.77, negtive loss : 4.41, worst lambd: 2.83, worst gap: 0.04:  82%|████████▏ | 815/1000 [14:48<03:22,  1.10s/it]
Epoch 815 | postive loss : 0.77, negtive loss : 4.42, worst lambd: 2.82, worst gap: 0.05:  82%|████████▏ | 816/1000 [14:49<03:21,  1.09s/it]
Epoch 816 | postive loss : 0.77, negtive loss : 4.42, worst lambd: 2.87, worst gap: 0.04:  82%|████████▏ | 817/1000 [14:50<03:19,  1.09s/it]
Epoch 817 | postive loss : 0.77, negtive loss : 4.41, worst lambd: 2.86, worst gap: 0.05:  82%|████████▏ | 818/1000 [14:51<03:18,  1.09s/it]
Epoch 818 | postive loss : 0.77, negtive loss : 4.42, worst lambd: 2.76, worst gap: 0.04:  82%|████████▏ | 819/1000 [14:52<03:16,  1.09s/it]
Epoch 819 | postive loss : 0.77, negtive loss : 4.42, worst lambd: 2.86, worst gap: 0.04:  82%|████████▏ | 820/1000 [14:53<03:15,  1.09s/it]
Epoch 820 | postive loss : 0.77, negtive loss : 4.42, worst lambd: 2.75, worst gap: 0.05:  82%|████████▏ | 821/1000 [14:54<03:14,  1.09s/it]
Epoch 821 | postive loss : 0.77, negtive loss : 4.42, worst lambd: 2.85, worst gap: 0.03:  82%|████████▏ | 822/1000 [14:55<03:13,  1.09s/it]
Epoch 822 | postive loss : 0.77, negtive loss : 4.41, worst lambd: 2.85, worst gap: 0.04:  82%|████████▏ | 823/1000 [14:56<03:12,  1.08s/it]
Epoch 823 | postive loss : 0.77, negtive loss : 4.42, worst lambd: 2.86, worst gap: 0.05:  82%|████████▏ | 824/1000 [14:57<03:10,  1.08s/it]
Epoch 824 | postive loss : 0.77, negtive loss : 4.42, worst lambd: 2.75, worst gap: 0.04:  82%|████████▎ | 825/1000 [14:59<03:09,  1.08s/it]
Epoch 825 | postive loss : 0.77, negtive loss : 4.42, worst lambd: 2.75, worst gap: 0.03:  83%|████████▎ | 826/1000 [15:00<03:08,  1.08s/it]
Epoch 826 | postive loss : 0.77, negtive loss : 4.43, worst lambd: 2.76, worst gap: 0.05:  83%|████████▎ | 827/1000 [15:01<03:07,  1.08s/it]
Epoch 827 | postive loss : 0.77, negtive loss : 4.41, worst lambd: 2.69, worst gap: 0.04:  83%|████████▎ | 828/1000 [15:02<03:06,  1.08s/it]
Epoch 828 | postive loss : 0.77, negtive loss : 4.41, worst lambd: 2.71, worst gap: 0.03:  83%|████████▎ | 829/1000 [15:03<03:05,  1.08s/it]
Epoch 829 | postive loss : 0.77, negtive loss : 4.43, worst lambd: 2.88, worst gap: 0.04:  83%|████████▎ | 830/1000 [15:04<03:04,  1.08s/it]
Epoch 830 | postive loss : 0.77, negtive loss : 4.43, worst lambd: 2.81, worst gap: 0.05:  83%|████████▎ | 831/1000 [15:05<03:03,  1.08s/it]
Epoch 831 | postive loss : 0.77, negtive loss : 4.42, worst lambd: 2.88, worst gap: 0.03:  83%|████████▎ | 832/1000 [15:06<03:02,  1.08s/it]
Epoch 832 | postive loss : 0.77, negtive loss : 4.42, worst lambd: 2.88, worst gap: 0.03:  83%|████████▎ | 833/1000 [15:07<03:00,  1.08s/it]
Epoch 833 | postive loss : 0.77, negtive loss : 4.42, worst lambd: 2.78, worst gap: 0.04:  83%|████████▎ | 834/1000 [15:08<02:59,  1.08s/it]
Epoch 834 | postive loss : 0.77, negtive loss : 4.43, worst lambd: 2.82, worst gap: 0.03:  84%|████████▎ | 835/1000 [15:09<02:58,  1.08s/it]
Epoch 835 | postive loss : 0.77, negtive loss : 4.42, worst lambd: 2.73, worst gap: 0.05:  84%|████████▎ | 836/1000 [15:11<02:57,  1.08s/it]
Epoch 836 | postive loss : 0.77, negtive loss : 4.43, worst lambd: 2.82, worst gap: 0.05:  84%|████████▎ | 837/1000 [15:12<02:56,  1.08s/it]
Epoch 837 | postive loss : 0.77, negtive loss : 4.43, worst lambd: 2.82, worst gap: 0.05:  84%|████████▍ | 838/1000 [15:13<02:55,  1.08s/it]
Epoch 838 | postive loss : 0.77, negtive loss : 4.44, worst lambd: 2.78, worst gap: 0.04:  84%|████████▍ | 839/1000 [15:14<02:54,  1.08s/it]
Epoch 839 | postive loss : 0.77, negtive loss : 4.42, worst lambd: 2.86, worst gap: 0.05:  84%|████████▍ | 840/1000 [15:15<02:53,  1.08s/it]
Epoch 840 | postive loss : 0.77, negtive loss : 4.43, worst lambd: 2.77, worst gap: 0.05:  84%|████████▍ | 841/1000 [15:16<02:52,  1.08s/it]
Epoch 841 | postive loss : 0.77, negtive loss : 4.43, worst lambd: 2.81, worst gap: 0.04:  84%|████████▍ | 842/1000 [15:17<02:51,  1.08s/it]
Epoch 842 | postive loss : 0.77, negtive loss : 4.43, worst lambd: 2.70, worst gap: 0.05:  84%|████████▍ | 843/1000 [15:18<02:50,  1.08s/it]
Epoch 843 | postive loss : 0.77, negtive loss : 4.43, worst lambd: 2.82, worst gap: 0.05:  84%|████████▍ | 844/1000 [15:19<02:49,  1.08s/it]
Epoch 844 | postive loss : 0.77, negtive loss : 4.43, worst lambd: 2.77, worst gap: 0.03:  84%|████████▍ | 845/1000 [15:20<02:48,  1.08s/it]
Epoch 845 | postive loss : 0.77, negtive loss : 4.42, worst lambd: 2.74, worst gap: 0.05:  85%|████████▍ | 846/1000 [15:21<02:47,  1.08s/it]
Epoch 846 | postive loss : 0.77, negtive loss : 4.43, worst lambd: 2.73, worst gap: 0.03:  85%|████████▍ | 847/1000 [15:22<02:46,  1.09s/it]
Epoch 847 | postive loss : 0.77, negtive loss : 4.43, worst lambd: 2.81, worst gap: 0.05:  85%|████████▍ | 848/1000 [15:24<02:44,  1.09s/it]
Epoch 848 | postive loss : 0.77, negtive loss : 4.44, worst lambd: 2.76, worst gap: 0.05:  85%|████████▍ | 849/1000 [15:25<02:43,  1.09s/it]
Epoch 849 | postive loss : 0.77, negtive loss : 4.44, worst lambd: 2.77, worst gap: 0.04:  85%|████████▌ | 850/1000 [15:26<02:42,  1.09s/it]
Epoch 850 | postive loss : 0.77, negtive loss : 4.43, worst lambd: 2.80, worst gap: 0.04:  85%|████████▌ | 851/1000 [15:27<02:41,  1.09s/it]
Epoch 851 | postive loss : 0.77, negtive loss : 4.43, worst lambd: 2.76, worst gap: 0.04:  85%|████████▌ | 852/1000 [15:28<02:40,  1.09s/it]
Epoch 852 | postive loss : 0.77, negtive loss : 4.45, worst lambd: 2.81, worst gap: 0.05:  85%|████████▌ | 853/1000 [15:29<02:39,  1.09s/it]
Epoch 853 | postive loss : 0.77, negtive loss : 4.44, worst lambd: 2.78, worst gap: 0.05:  85%|████████▌ | 854/1000 [15:30<02:38,  1.09s/it]
Epoch 854 | postive loss : 0.77, negtive loss : 4.44, worst lambd: 2.81, worst gap: 0.04:  86%|████████▌ | 855/1000 [15:31<02:37,  1.09s/it]
Epoch 855 | postive loss : 0.77, negtive loss : 4.44, worst lambd: 2.75, worst gap: 0.05:  86%|████████▌ | 856/1000 [15:32<02:36,  1.09s/it]
Epoch 856 | postive loss : 0.77, negtive loss : 4.44, worst lambd: 2.84, worst gap: 0.05:  86%|████████▌ | 857/1000 [15:33<02:35,  1.09s/it]
Epoch 857 | postive loss : 0.77, negtive loss : 4.44, worst lambd: 2.79, worst gap: 0.04:  86%|████████▌ | 858/1000 [15:34<02:34,  1.09s/it]
Epoch 858 | postive loss : 0.77, negtive loss : 4.45, worst lambd: 2.82, worst gap: 0.04:  86%|████████▌ | 859/1000 [15:35<02:33,  1.09s/it]
Epoch 859 | postive loss : 0.77, negtive loss : 4.45, worst lambd: 2.90, worst gap: 0.03:  86%|████████▌ | 860/1000 [15:37<02:31,  1.09s/it]
Epoch 860 | postive loss : 0.77, negtive loss : 4.45, worst lambd: 2.78, worst gap: 0.04:  86%|████████▌ | 861/1000 [15:38<02:30,  1.09s/it]
Epoch 861 | postive loss : 0.77, negtive loss : 4.44, worst lambd: 2.75, worst gap: 0.05:  86%|████████▌ | 862/1000 [15:39<02:29,  1.09s/it]
Epoch 862 | postive loss : 0.77, negtive loss : 4.44, worst lambd: 2.83, worst gap: 0.05:  86%|████████▋ | 863/1000 [15:40<02:28,  1.09s/it]
Epoch 863 | postive loss : 0.77, negtive loss : 4.45, worst lambd: 2.81, worst gap: 0.04:  86%|████████▋ | 864/1000 [15:41<02:27,  1.09s/it]
Epoch 864 | postive loss : 0.76, negtive loss : 4.45, worst lambd: 2.77, worst gap: 0.04:  86%|████████▋ | 865/1000 [15:42<02:26,  1.09s/it]
Epoch 865 | postive loss : 0.76, negtive loss : 4.45, worst lambd: 2.73, worst gap: 0.04:  87%|████████▋ | 866/1000 [15:43<02:25,  1.09s/it]
Epoch 866 | postive loss : 0.76, negtive loss : 4.44, worst lambd: 2.74, worst gap: 0.05:  87%|████████▋ | 867/1000 [15:44<02:24,  1.09s/it]
Epoch 867 | postive loss : 0.77, negtive loss : 4.46, worst lambd: 2.77, worst gap: 0.05:  87%|████████▋ | 868/1000 [15:45<02:23,  1.09s/it]
Epoch 868 | postive loss : 0.76, negtive loss : 4.45, worst lambd: 2.81, worst gap: 0.04:  87%|████████▋ | 869/1000 [15:46<02:22,  1.09s/it]
Epoch 869 | postive loss : 0.76, negtive loss : 4.45, worst lambd: 2.84, worst gap: 0.03:  87%|████████▋ | 870/1000 [15:47<02:21,  1.08s/it]
Epoch 870 | postive loss : 0.77, negtive loss : 4.45, worst lambd: 2.80, worst gap: 0.04:  87%|████████▋ | 871/1000 [15:48<02:19,  1.09s/it]
Epoch 871 | postive loss : 0.76, negtive loss : 4.45, worst lambd: 2.87, worst gap: 0.04:  87%|████████▋ | 872/1000 [15:50<02:18,  1.09s/it]
Epoch 872 | postive loss : 0.77, negtive loss : 4.45, worst lambd: 2.75, worst gap: 0.05:  87%|████████▋ | 873/1000 [15:51<02:17,  1.09s/it]
Epoch 873 | postive loss : 0.76, negtive loss : 4.45, worst lambd: 2.81, worst gap: 0.04:  87%|████████▋ | 874/1000 [15:52<02:16,  1.09s/it]
Epoch 874 | postive loss : 0.76, negtive loss : 4.45, worst lambd: 2.88, worst gap: 0.04:  88%|████████▊ | 875/1000 [15:53<02:15,  1.09s/it]
Epoch 875 | postive loss : 0.76, negtive loss : 4.45, worst lambd: 2.80, worst gap: 0.04:  88%|████████▊ | 876/1000 [15:54<02:14,  1.09s/it]
Epoch 876 | postive loss : 0.76, negtive loss : 4.46, worst lambd: 2.67, worst gap: 0.04:  88%|████████▊ | 877/1000 [15:55<02:13,  1.09s/it]
Epoch 877 | postive loss : 0.77, negtive loss : 4.47, worst lambd: 2.81, worst gap: 0.04:  88%|████████▊ | 878/1000 [15:56<02:12,  1.09s/it]
Epoch 878 | postive loss : 0.76, negtive loss : 4.45, worst lambd: 2.85, worst gap: 0.04:  88%|████████▊ | 879/1000 [15:57<02:11,  1.09s/it]
Epoch 879 | postive loss : 0.76, negtive loss : 4.46, worst lambd: 2.73, worst gap: 0.04:  88%|████████▊ | 880/1000 [15:58<02:10,  1.09s/it]
Epoch 880 | postive loss : 0.76, negtive loss : 4.46, worst lambd: 2.74, worst gap: 0.03:  88%|████████▊ | 881/1000 [15:59<02:10,  1.09s/it]
Epoch 881 | postive loss : 0.76, negtive loss : 4.46, worst lambd: 2.78, worst gap: 0.04:  88%|████████▊ | 882/1000 [16:00<02:10,  1.11s/it]
Epoch 882 | postive loss : 0.76, negtive loss : 4.47, worst lambd: 2.84, worst gap: 0.04:  88%|████████▊ | 883/1000 [16:02<02:08,  1.10s/it]
Epoch 883 | postive loss : 0.76, negtive loss : 4.46, worst lambd: 2.77, worst gap: 0.04:  88%|████████▊ | 884/1000 [16:03<02:07,  1.10s/it]
Epoch 884 | postive loss : 0.76, negtive loss : 4.45, worst lambd: 2.80, worst gap: 0.03:  88%|████████▊ | 885/1000 [16:04<02:05,  1.09s/it]
Epoch 885 | postive loss : 0.76, negtive loss : 4.47, worst lambd: 2.76, worst gap: 0.05:  89%|████████▊ | 886/1000 [16:05<02:04,  1.09s/it]
Epoch 886 | postive loss : 0.76, negtive loss : 4.46, worst lambd: 2.81, worst gap: 0.04:  89%|████████▊ | 887/1000 [16:06<02:02,  1.09s/it]
Epoch 887 | postive loss : 0.76, negtive loss : 4.47, worst lambd: 2.75, worst gap: 0.05:  89%|████████▉ | 888/1000 [16:07<02:01,  1.09s/it]
Epoch 888 | postive loss : 0.76, negtive loss : 4.46, worst lambd: 2.70, worst gap: 0.04:  89%|████████▉ | 889/1000 [16:08<02:00,  1.09s/it]
Epoch 889 | postive loss : 0.76, negtive loss : 4.46, worst lambd: 2.77, worst gap: 0.05:  89%|████████▉ | 890/1000 [16:09<01:59,  1.09s/it]
Epoch 890 | postive loss : 0.76, negtive loss : 4.47, worst lambd: 2.80, worst gap: 0.04:  89%|████████▉ | 891/1000 [16:10<01:58,  1.09s/it]
Epoch 891 | postive loss : 0.76, negtive loss : 4.46, worst lambd: 2.76, worst gap: 0.05:  89%|████████▉ | 892/1000 [16:11<01:57,  1.09s/it]
Epoch 892 | postive loss : 0.76, negtive loss : 4.47, worst lambd: 2.80, worst gap: 0.04:  89%|████████▉ | 893/1000 [16:12<01:56,  1.09s/it]
Epoch 893 | postive loss : 0.76, negtive loss : 4.46, worst lambd: 2.75, worst gap: 0.04:  89%|████████▉ | 894/1000 [16:14<01:55,  1.09s/it]
Epoch 894 | postive loss : 0.76, negtive loss : 4.46, worst lambd: 2.78, worst gap: 0.04:  90%|████████▉ | 895/1000 [16:15<01:54,  1.09s/it]
Epoch 895 | postive loss : 0.76, negtive loss : 4.48, worst lambd: 2.80, worst gap: 0.04:  90%|████████▉ | 896/1000 [16:16<01:52,  1.09s/it]
Epoch 896 | postive loss : 0.76, negtive loss : 4.46, worst lambd: 2.72, worst gap: 0.04:  90%|████████▉ | 897/1000 [16:17<01:51,  1.09s/it]
Epoch 897 | postive loss : 0.76, negtive loss : 4.48, worst lambd: 2.81, worst gap: 0.04:  90%|████████▉ | 898/1000 [16:18<01:50,  1.09s/it]
Epoch 898 | postive loss : 0.76, negtive loss : 4.47, worst lambd: 2.82, worst gap: 0.03:  90%|████████▉ | 899/1000 [16:19<01:49,  1.08s/it]
Epoch 899 | postive loss : 0.76, negtive loss : 4.47, worst lambd: 2.77, worst gap: 0.03:  90%|█████████ | 900/1000 [16:20<01:48,  1.08s/it]
Epoch 900 | postive loss : 0.76, negtive loss : 4.47, worst lambd: 2.83, worst gap: 0.05:  90%|█████████ | 901/1000 [16:21<01:47,  1.08s/it]
Epoch 901 | postive loss : 0.76, negtive loss : 4.47, worst lambd: 2.70, worst gap: 0.04:  90%|█████████ | 902/1000 [16:22<01:46,  1.08s/it]
Epoch 902 | postive loss : 0.76, negtive loss : 4.47, worst lambd: 2.73, worst gap: 0.04:  90%|█████████ | 903/1000 [16:23<01:45,  1.08s/it]
Epoch 903 | postive loss : 0.76, negtive loss : 4.47, worst lambd: 2.85, worst gap: 0.06:  90%|█████████ | 904/1000 [16:24<01:44,  1.08s/it]
Epoch 904 | postive loss : 0.76, negtive loss : 4.47, worst lambd: 2.78, worst gap: 0.05:  90%|█████████ | 905/1000 [16:25<01:42,  1.08s/it]
Epoch 905 | postive loss : 0.76, negtive loss : 4.48, worst lambd: 2.87, worst gap: 0.05:  91%|█████████ | 906/1000 [16:27<01:41,  1.08s/it]
Epoch 906 | postive loss : 0.76, negtive loss : 4.47, worst lambd: 2.82, worst gap: 0.05:  91%|█████████ | 907/1000 [16:28<01:40,  1.08s/it]
Epoch 907 | postive loss : 0.76, negtive loss : 4.48, worst lambd: 2.87, worst gap: 0.04:  91%|█████████ | 908/1000 [16:29<01:39,  1.08s/it]
Epoch 908 | postive loss : 0.76, negtive loss : 4.48, worst lambd: 2.87, worst gap: 0.04:  91%|█████████ | 909/1000 [16:30<01:38,  1.08s/it]
Epoch 909 | postive loss : 0.76, negtive loss : 4.48, worst lambd: 2.77, worst gap: 0.05:  91%|█████████ | 910/1000 [16:31<01:37,  1.08s/it]
Epoch 910 | postive loss : 0.76, negtive loss : 4.48, worst lambd: 2.79, worst gap: 0.06:  91%|█████████ | 911/1000 [16:32<01:36,  1.08s/it]
Epoch 911 | postive loss : 0.76, negtive loss : 4.48, worst lambd: 2.79, worst gap: 0.05:  91%|█████████ | 912/1000 [16:33<01:35,  1.08s/it]
Epoch 912 | postive loss : 0.76, negtive loss : 4.47, worst lambd: 2.76, worst gap: 0.04:  91%|█████████▏| 913/1000 [16:34<01:34,  1.08s/it]
Epoch 913 | postive loss : 0.76, negtive loss : 4.48, worst lambd: 2.80, worst gap: 0.04:  91%|█████████▏| 914/1000 [16:35<01:33,  1.08s/it]
Epoch 914 | postive loss : 0.76, negtive loss : 4.48, worst lambd: 2.80, worst gap: 0.05:  92%|█████████▏| 915/1000 [16:36<01:32,  1.08s/it]
Epoch 915 | postive loss : 0.76, negtive loss : 4.48, worst lambd: 2.69, worst gap: 0.05:  92%|█████████▏| 916/1000 [16:37<01:31,  1.08s/it]
Epoch 916 | postive loss : 0.76, negtive loss : 4.47, worst lambd: 2.75, worst gap: 0.04:  92%|█████████▏| 917/1000 [16:38<01:30,  1.08s/it]
Epoch 917 | postive loss : 0.76, negtive loss : 4.48, worst lambd: 2.65, worst gap: 0.04:  92%|█████████▏| 918/1000 [16:40<01:28,  1.08s/it]
Epoch 918 | postive loss : 0.76, negtive loss : 4.47, worst lambd: 2.74, worst gap: 0.04:  92%|█████████▏| 919/1000 [16:41<01:27,  1.08s/it]
Epoch 919 | postive loss : 0.76, negtive loss : 4.49, worst lambd: 2.78, worst gap: 0.05:  92%|█████████▏| 920/1000 [16:42<01:29,  1.12s/it]
Epoch 920 | postive loss : 0.76, negtive loss : 4.48, worst lambd: 2.81, worst gap: 0.04:  92%|█████████▏| 921/1000 [16:43<01:28,  1.12s/it]
Epoch 921 | postive loss : 0.76, negtive loss : 4.49, worst lambd: 2.76, worst gap: 0.04:  92%|█████████▏| 922/1000 [16:44<01:27,  1.12s/it]
Epoch 922 | postive loss : 0.76, negtive loss : 4.48, worst lambd: 2.73, worst gap: 0.03:  92%|█████████▏| 923/1000 [16:45<01:26,  1.13s/it]
Epoch 923 | postive loss : 0.76, negtive loss : 4.49, worst lambd: 2.69, worst gap: 0.04:  92%|█████████▏| 924/1000 [16:46<01:28,  1.16s/it]
Epoch 924 | postive loss : 0.76, negtive loss : 4.49, worst lambd: 2.72, worst gap: 0.04:  92%|█████████▎| 925/1000 [16:48<01:27,  1.16s/it]
Epoch 925 | postive loss : 0.76, negtive loss : 4.47, worst lambd: 2.81, worst gap: 0.04:  93%|█████████▎| 926/1000 [16:49<01:24,  1.14s/it]
Epoch 926 | postive loss : 0.76, negtive loss : 4.49, worst lambd: 2.84, worst gap: 0.04:  93%|█████████▎| 927/1000 [16:50<01:22,  1.13s/it]
Epoch 927 | postive loss : 0.76, negtive loss : 4.49, worst lambd: 2.70, worst gap: 0.04:  93%|█████████▎| 928/1000 [16:51<01:21,  1.13s/it]
Epoch 928 | postive loss : 0.76, negtive loss : 4.48, worst lambd: 2.87, worst gap: 0.03:  93%|█████████▎| 929/1000 [16:52<01:19,  1.12s/it]
Epoch 929 | postive loss : 0.76, negtive loss : 4.48, worst lambd: 2.76, worst gap: 0.04:  93%|█████████▎| 930/1000 [16:53<01:18,  1.12s/it]
Epoch 930 | postive loss : 0.76, negtive loss : 4.49, worst lambd: 2.70, worst gap: 0.04:  93%|█████████▎| 931/1000 [16:54<01:16,  1.11s/it]
Epoch 931 | postive loss : 0.76, negtive loss : 4.49, worst lambd: 2.89, worst gap: 0.05:  93%|█████████▎| 932/1000 [16:55<01:15,  1.11s/it]
Epoch 932 | postive loss : 0.76, negtive loss : 4.49, worst lambd: 2.73, worst gap: 0.03:  93%|█████████▎| 933/1000 [16:56<01:14,  1.11s/it]
Epoch 933 | postive loss : 0.76, negtive loss : 4.49, worst lambd: 2.75, worst gap: 0.03:  93%|█████████▎| 934/1000 [16:58<01:13,  1.11s/it]
Epoch 934 | postive loss : 0.76, negtive loss : 4.48, worst lambd: 2.75, worst gap: 0.05:  94%|█████████▎| 935/1000 [16:59<01:12,  1.11s/it]
Epoch 935 | postive loss : 0.76, negtive loss : 4.49, worst lambd: 2.73, worst gap: 0.05:  94%|█████████▎| 936/1000 [17:00<01:10,  1.11s/it]
Epoch 936 | postive loss : 0.76, negtive loss : 4.49, worst lambd: 2.72, worst gap: 0.05:  94%|█████████▎| 937/1000 [17:01<01:09,  1.10s/it]
Epoch 937 | postive loss : 0.76, negtive loss : 4.48, worst lambd: 2.78, worst gap: 0.05:  94%|█████████▍| 938/1000 [17:02<01:08,  1.10s/it]
Epoch 938 | postive loss : 0.76, negtive loss : 4.50, worst lambd: 2.83, worst gap: 0.04:  94%|█████████▍| 939/1000 [17:03<01:06,  1.10s/it]
Epoch 939 | postive loss : 0.76, negtive loss : 4.49, worst lambd: 2.79, worst gap: 0.03:  94%|█████████▍| 940/1000 [17:04<01:05,  1.09s/it]
Epoch 940 | postive loss : 0.76, negtive loss : 4.50, worst lambd: 2.76, worst gap: 0.03:  94%|█████████▍| 941/1000 [17:05<01:04,  1.09s/it]
Epoch 941 | postive loss : 0.75, negtive loss : 4.49, worst lambd: 2.76, worst gap: 0.05:  94%|█████████▍| 942/1000 [17:06<01:03,  1.09s/it]
Epoch 942 | postive loss : 0.76, negtive loss : 4.49, worst lambd: 2.77, worst gap: 0.04:  94%|█████████▍| 943/1000 [17:07<01:02,  1.09s/it]
Epoch 943 | postive loss : 0.76, negtive loss : 4.50, worst lambd: 2.71, worst gap: 0.04:  94%|█████████▍| 944/1000 [17:09<01:01,  1.09s/it]
Epoch 944 | postive loss : 0.76, negtive loss : 4.49, worst lambd: 2.73, worst gap: 0.04:  94%|█████████▍| 945/1000 [17:10<00:59,  1.09s/it]
Epoch 945 | postive loss : 0.75, negtive loss : 4.49, worst lambd: 2.77, worst gap: 0.04:  95%|█████████▍| 946/1000 [17:11<00:58,  1.09s/it]
Epoch 946 | postive loss : 0.76, negtive loss : 4.51, worst lambd: 2.89, worst gap: 0.03:  95%|█████████▍| 947/1000 [17:12<00:57,  1.09s/it]
Epoch 947 | postive loss : 0.75, negtive loss : 4.50, worst lambd: 2.83, worst gap: 0.03:  95%|█████████▍| 948/1000 [17:13<00:56,  1.09s/it]
Epoch 948 | postive loss : 0.76, negtive loss : 4.50, worst lambd: 2.84, worst gap: 0.04:  95%|█████████▍| 949/1000 [17:14<00:55,  1.09s/it]
Epoch 949 | postive loss : 0.75, negtive loss : 4.49, worst lambd: 2.67, worst gap: 0.04:  95%|█████████▌| 950/1000 [17:15<00:54,  1.09s/it]
Epoch 950 | postive loss : 0.75, negtive loss : 4.50, worst lambd: 2.79, worst gap: 0.06:  95%|█████████▌| 951/1000 [17:16<00:53,  1.09s/it]
Epoch 951 | postive loss : 0.76, negtive loss : 4.50, worst lambd: 2.84, worst gap: 0.05:  95%|█████████▌| 952/1000 [17:17<00:52,  1.09s/it]
Epoch 952 | postive loss : 0.75, negtive loss : 4.49, worst lambd: 2.79, worst gap: 0.05:  95%|█████████▌| 953/1000 [17:18<00:51,  1.09s/it]
Epoch 953 | postive loss : 0.75, negtive loss : 4.49, worst lambd: 2.89, worst gap: 0.05:  95%|█████████▌| 954/1000 [17:19<00:50,  1.09s/it]
Epoch 954 | postive loss : 0.75, negtive loss : 4.51, worst lambd: 2.71, worst gap: 0.05:  96%|█████████▌| 955/1000 [17:21<00:49,  1.09s/it]
Epoch 955 | postive loss : 0.76, negtive loss : 4.51, worst lambd: 2.84, worst gap: 0.04:  96%|█████████▌| 956/1000 [17:22<00:48,  1.09s/it]
Epoch 956 | postive loss : 0.75, negtive loss : 4.50, worst lambd: 2.88, worst gap: 0.05:  96%|█████████▌| 957/1000 [17:23<00:46,  1.09s/it]
Epoch 957 | postive loss : 0.75, negtive loss : 4.50, worst lambd: 2.79, worst gap: 0.05:  96%|█████████▌| 958/1000 [17:24<00:45,  1.09s/it]
Epoch 958 | postive loss : 0.75, negtive loss : 4.50, worst lambd: 2.71, worst gap: 0.04:  96%|█████████▌| 959/1000 [17:25<00:44,  1.09s/it]
Epoch 959 | postive loss : 0.75, negtive loss : 4.51, worst lambd: 2.90, worst gap: 0.06:  96%|█████████▌| 960/1000 [17:26<00:43,  1.09s/it]
Epoch 960 | postive loss : 0.75, negtive loss : 4.50, worst lambd: 2.76, worst gap: 0.04:  96%|█████████▌| 961/1000 [17:27<00:42,  1.09s/it]
Epoch 961 | postive loss : 0.75, negtive loss : 4.51, worst lambd: 2.81, worst gap: 0.04:  96%|█████████▌| 962/1000 [17:28<00:41,  1.09s/it]
Epoch 962 | postive loss : 0.75, negtive loss : 4.50, worst lambd: 2.91, worst gap: 0.04:  96%|█████████▋| 963/1000 [17:29<00:40,  1.10s/it]
Epoch 963 | postive loss : 0.75, negtive loss : 4.50, worst lambd: 2.83, worst gap: 0.05:  96%|█████████▋| 964/1000 [17:30<00:39,  1.10s/it]
Epoch 964 | postive loss : 0.75, negtive loss : 4.51, worst lambd: 2.77, worst gap: 0.05:  96%|█████████▋| 965/1000 [17:31<00:38,  1.10s/it]
Epoch 965 | postive loss : 0.75, negtive loss : 4.51, worst lambd: 2.76, worst gap: 0.04:  97%|█████████▋| 966/1000 [17:33<00:40,  1.20s/it]
Epoch 966 | postive loss : 0.75, negtive loss : 4.51, worst lambd: 2.83, worst gap: 0.05:  97%|█████████▋| 967/1000 [17:34<00:42,  1.27s/it]
Epoch 967 | postive loss : 0.75, negtive loss : 4.50, worst lambd: 2.94, worst gap: 0.04:  97%|█████████▋| 968/1000 [17:35<00:39,  1.23s/it]
Epoch 968 | postive loss : 0.75, negtive loss : 4.50, worst lambd: 2.69, worst gap: 0.04:  97%|█████████▋| 969/1000 [17:37<00:36,  1.19s/it]
Epoch 969 | postive loss : 0.75, negtive loss : 4.52, worst lambd: 2.87, worst gap: 0.04:  97%|█████████▋| 970/1000 [17:38<00:34,  1.16s/it]
Epoch 970 | postive loss : 0.75, negtive loss : 4.50, worst lambd: 2.75, worst gap: 0.04:  97%|█████████▋| 971/1000 [17:39<00:33,  1.14s/it]
Epoch 971 | postive loss : 0.75, negtive loss : 4.51, worst lambd: 2.79, worst gap: 0.03:  97%|█████████▋| 972/1000 [17:40<00:31,  1.13s/it]
Epoch 972 | postive loss : 0.75, negtive loss : 4.51, worst lambd: 2.76, worst gap: 0.03:  97%|█████████▋| 973/1000 [17:41<00:31,  1.16s/it]
Epoch 973 | postive loss : 0.75, negtive loss : 4.51, worst lambd: 2.83, worst gap: 0.04:  97%|█████████▋| 974/1000 [17:42<00:29,  1.14s/it]
Epoch 974 | postive loss : 0.75, negtive loss : 4.51, worst lambd: 2.83, worst gap: 0.04:  98%|█████████▊| 975/1000 [17:43<00:28,  1.13s/it]
Epoch 975 | postive loss : 0.75, negtive loss : 4.51, worst lambd: 2.66, worst gap: 0.04:  98%|█████████▊| 976/1000 [17:44<00:26,  1.12s/it]
Epoch 976 | postive loss : 0.75, negtive loss : 4.51, worst lambd: 2.93, worst gap: 0.04:  98%|█████████▊| 977/1000 [17:46<00:25,  1.11s/it]
Epoch 977 | postive loss : 0.75, negtive loss : 4.51, worst lambd: 2.85, worst gap: 0.04:  98%|█████████▊| 978/1000 [17:47<00:24,  1.12s/it]
Epoch 978 | postive loss : 0.75, negtive loss : 4.51, worst lambd: 2.70, worst gap: 0.05:  98%|█████████▊| 979/1000 [17:48<00:23,  1.11s/it]
Epoch 979 | postive loss : 0.75, negtive loss : 4.51, worst lambd: 2.92, worst gap: 0.03:  98%|█████████▊| 980/1000 [17:49<00:22,  1.11s/it]
Epoch 980 | postive loss : 0.75, negtive loss : 4.51, worst lambd: 2.76, worst gap: 0.04:  98%|█████████▊| 981/1000 [17:50<00:21,  1.11s/it]
Epoch 981 | postive loss : 0.75, negtive loss : 4.51, worst lambd: 2.81, worst gap: 0.04:  98%|█████████▊| 982/1000 [17:51<00:20,  1.12s/it]
Epoch 982 | postive loss : 0.75, negtive loss : 4.52, worst lambd: 2.79, worst gap: 0.03:  98%|█████████▊| 983/1000 [17:52<00:18,  1.11s/it]
Epoch 983 | postive loss : 0.75, negtive loss : 4.51, worst lambd: 2.70, worst gap: 0.05:  98%|█████████▊| 984/1000 [17:53<00:17,  1.10s/it]
Epoch 984 | postive loss : 0.75, negtive loss : 4.51, worst lambd: 2.79, worst gap: 0.04:  98%|█████████▊| 985/1000 [17:54<00:16,  1.09s/it]
Epoch 985 | postive loss : 0.75, negtive loss : 4.51, worst lambd: 2.88, worst gap: 0.05:  99%|█████████▊| 986/1000 [17:55<00:15,  1.09s/it]
Epoch 986 | postive loss : 0.75, negtive loss : 4.52, worst lambd: 2.89, worst gap: 0.04:  99%|█████████▊| 987/1000 [17:57<00:14,  1.10s/it]
Epoch 987 | postive loss : 0.75, negtive loss : 4.51, worst lambd: 2.80, worst gap: 0.04:  99%|█████████▉| 988/1000 [17:58<00:13,  1.10s/it]
Epoch 988 | postive loss : 0.75, negtive loss : 4.52, worst lambd: 2.90, worst gap: 0.04:  99%|█████████▉| 989/1000 [17:59<00:12,  1.10s/it]
Epoch 989 | postive loss : 0.75, negtive loss : 4.51, worst lambd: 2.77, worst gap: 0.04:  99%|█████████▉| 990/1000 [18:00<00:10,  1.10s/it]
Epoch 990 | postive loss : 0.75, negtive loss : 4.52, worst lambd: 2.90, worst gap: 0.04:  99%|█████████▉| 991/1000 [18:01<00:09,  1.10s/it]
Epoch 991 | postive loss : 0.75, negtive loss : 4.51, worst lambd: 2.92, worst gap: 0.06:  99%|█████████▉| 992/1000 [18:02<00:08,  1.10s/it]
Epoch 992 | postive loss : 0.75, negtive loss : 4.52, worst lambd: 2.78, worst gap: 0.03:  99%|█████████▉| 993/1000 [18:03<00:07,  1.10s/it]
Epoch 993 | postive loss : 0.75, negtive loss : 4.53, worst lambd: 2.80, worst gap: 0.06:  99%|█████████▉| 994/1000 [18:04<00:06,  1.10s/it]
Epoch 994 | postive loss : 0.75, negtive loss : 4.51, worst lambd: 2.74, worst gap: 0.04: 100%|█████████▉| 995/1000 [18:05<00:05,  1.10s/it]
Epoch 995 | postive loss : 0.75, negtive loss : 4.52, worst lambd: 2.89, worst gap: 0.05: 100%|█████████▉| 996/1000 [18:06<00:04,  1.10s/it]
Epoch 996 | postive loss : 0.75, negtive loss : 4.52, worst lambd: 2.93, worst gap: 0.04: 100%|█████████▉| 997/1000 [18:08<00:03,  1.10s/it]
Epoch 997 | postive loss : 0.75, negtive loss : 4.52, worst lambd: 2.77, worst gap: 0.03: 100%|█████████▉| 998/1000 [18:09<00:02,  1.11s/it]
Epoch 998 | postive loss : 0.75, negtive loss : 4.52, worst lambd: 2.85, worst gap: 0.03: 100%|█████████▉| 999/1000 [18:10<00:01,  1.10s/it]
Epoch 999 | postive loss : 0.75, negtive loss : 4.51, worst lambd: 2.70, worst gap: 0.06: 100%|██████████| 1000/1000 [18:11<00:00,  1.10s/it]
Epoch 999 | postive loss : 0.75, negtive loss : 4.51, worst lambd: 2.70, worst gap: 0.06: 100%|██████████| 1000/1000 [18:11<00:00,  1.09s/it]
Info : finish model training
Info : save model sucessfully
Info : save sucessfully

2023-03-16 09:38:21
alpha: 0.01    batchsize: 8    dim: 64    epoch: 1000    gapMax_defi: -1    gapMax_prim: -0.5    lambdaMax: 0.2    learningrate: 0.002    lrdecay: 0.5    lrdecayEpoch: 750    modelname: SN2E    momentum: 0    negtsamplenum: 128    optimizer: Adam    vmax: 10    vmin: 0.1    weightdecay: 0    
the validation begin
set batchsize with 8  --------------------------------------------------
INFO -- prepare : Init model SN2E
INFO -- prepare : set model cuda: 1
INFO -- prepare : Model initialization complete
INFO -- prepare : Init optimizer
INFO -- prepare : Finish preparing Optimizer...
Info -- : start model training

  0%|          | 0/1000 [00:00<?, ?it/s]
Epoch 9 | postive loss : 2.34, negtive loss : 3.03, worst lambd: 65.74, worst gap: 0.16:   1%|          | 10/1000 [00:18<30:28,  1.85s/it]
Epoch 15 | postive loss : 1.72, negtive loss : 2.50, worst lambd: 34.55, worst gap: 0.07:   1%|          | 10/1000 [00:30<30:28,  1.85s/it]
Epoch 16 | postive loss : 1.70, negtive loss : 2.51, worst lambd: 30.29, worst gap: 0.06:   2%|▏         | 17/1000 [00:31<30:10,  1.84s/it]
Epoch 17 | postive loss : 1.68, negtive loss : 2.53, worst lambd: 26.38, worst gap: 0.07:   2%|▏         | 18/1000 [00:33<30:11,  1.84s/it]
Epoch 18 | postive loss : 1.66, negtive loss : 2.53, worst lambd: 23.01, worst gap: 0.07:   2%|▏         | 19/1000 [00:35<30:11,  1.85s/it]
Epoch 19 | postive loss : 1.64, negtive loss : 2.55, worst lambd: 19.92, worst gap: 0.04:   2%|▏         | 20/1000 [00:36<30:11,  1.85s/it]
Epoch 20 | postive loss : 1.62, negtive loss : 2.55, worst lambd: 17.17, worst gap: 0.05:   2%|▏         | 21/1000 [00:38<30:07,  1.85s/it]
Epoch 21 | postive loss : 1.61, negtive loss : 2.58, worst lambd: 14.61, worst gap: 0.04:   2%|▏         | 22/1000 [00:40<30:03,  1.84s/it]
Epoch 22 | postive loss : 1.59, negtive loss : 2.57, worst lambd: 12.33, worst gap: 0.05:   2%|▏         | 23/1000 [00:42<30:00,  1.84s/it]
Epoch 23 | postive loss : 1.57, negtive loss : 2.60, worst lambd: 10.33, worst gap: 0.04:   2%|▏         | 24/1000 [00:44<29:57,  1.84s/it]
Epoch 24 | postive loss : 1.56, negtive loss : 2.60, worst lambd: 8.69, worst gap: 0.04:   2%|▎         | 25/1000 [00:46<29:45,  1.83s/it] 
Epoch 25 | postive loss : 1.55, negtive loss : 2.62, worst lambd: 7.22, worst gap: 0.04:   3%|▎         | 26/1000 [00:47<29:45,  1.83s/it]
Epoch 26 | postive loss : 1.54, negtive loss : 2.63, worst lambd: 6.01, worst gap: 0.06:   3%|▎         | 27/1000 [00:49<29:47,  1.84s/it]
Epoch 27 | postive loss : 1.53, negtive loss : 2.64, worst lambd: 5.80, worst gap: 0.06:   3%|▎         | 28/1000 [00:51<29:50,  1.84s/it]
Epoch 28 | postive loss : 1.52, negtive loss : 2.65, worst lambd: 4.92, worst gap: 0.04:   3%|▎         | 29/1000 [00:53<29:55,  1.85s/it]
Epoch 29 | postive loss : 1.51, negtive loss : 2.67, worst lambd: 4.97, worst gap: 0.06:   3%|▎         | 30/1000 [00:55<29:58,  1.85s/it]
Epoch 30 | postive loss : 1.50, negtive loss : 2.67, worst lambd: 4.50, worst gap: 0.05:   3%|▎         | 31/1000 [00:57<29:59,  1.86s/it]
Epoch 31 | postive loss : 1.49, negtive loss : 2.68, worst lambd: 4.99, worst gap: 0.06:   3%|▎         | 32/1000 [00:59<29:55,  1.85s/it]
Epoch 32 | postive loss : 1.49, negtive loss : 2.69, worst lambd: 3.85, worst gap: 0.02:   3%|▎         | 33/1000 [01:00<29:52,  1.85s/it]
Epoch 33 | postive loss : 1.48, negtive loss : 2.70, worst lambd: 4.60, worst gap: 0.06:   3%|▎         | 34/1000 [01:02<29:57,  1.86s/it]
Epoch 34 | postive loss : 1.48, negtive loss : 2.71, worst lambd: 4.77, worst gap: 0.05:   4%|▎         | 35/1000 [01:04<29:53,  1.86s/it]
Epoch 35 | postive loss : 1.47, negtive loss : 2.72, worst lambd: 4.14, worst gap: 0.03:   4%|▎         | 36/1000 [01:06<29:49,  1.86s/it]
Epoch 36 | postive loss : 1.46, negtive loss : 2.73, worst lambd: 4.37, worst gap: 0.03:   4%|▎         | 37/1000 [01:08<29:54,  1.86s/it]
Epoch 37 | postive loss : 1.45, negtive loss : 2.73, worst lambd: 4.08, worst gap: 0.04:   4%|▍         | 38/1000 [01:10<29:57,  1.87s/it]
Epoch 38 | postive loss : 1.46, negtive loss : 2.75, worst lambd: 4.06, worst gap: 0.03:   4%|▍         | 39/1000 [01:12<29:50,  1.86s/it]
Epoch 39 | postive loss : 1.44, negtive loss : 2.75, worst lambd: 4.30, worst gap: 0.05:   4%|▍         | 40/1000 [01:13<29:50,  1.86s/it]
Epoch 40 | postive loss : 1.44, negtive loss : 2.76, worst lambd: 4.12, worst gap: 0.05:   4%|▍         | 41/1000 [01:15<29:52,  1.87s/it]
Epoch 41 | postive loss : 1.44, negtive loss : 2.77, worst lambd: 3.71, worst gap: 0.05:   4%|▍         | 42/1000 [01:17<29:45,  1.86s/it]
Epoch 42 | postive loss : 1.43, negtive loss : 2.78, worst lambd: 3.73, worst gap: 0.03:   4%|▍         | 43/1000 [01:19<29:38,  1.86s/it]
Epoch 43 | postive loss : 1.42, negtive loss : 2.78, worst lambd: 3.98, worst gap: 0.06:   4%|▍         | 44/1000 [01:21<29:31,  1.85s/it]
Epoch 44 | postive loss : 1.42, negtive loss : 2.79, worst lambd: 3.94, worst gap: 0.02:   4%|▍         | 45/1000 [01:23<29:27,  1.85s/it]
Epoch 45 | postive loss : 1.42, negtive loss : 2.80, worst lambd: 3.90, worst gap: 0.01:   5%|▍         | 46/1000 [01:25<29:25,  1.85s/it]
Epoch 46 | postive loss : 1.41, negtive loss : 2.80, worst lambd: 3.91, worst gap: 0.04:   5%|▍         | 47/1000 [01:26<29:26,  1.85s/it]
Epoch 47 | postive loss : 1.41, negtive loss : 2.81, worst lambd: 3.75, worst gap: 0.03:   5%|▍         | 48/1000 [01:28<29:35,  1.87s/it]
Epoch 48 | postive loss : 1.41, negtive loss : 2.82, worst lambd: 3.75, worst gap: 0.04:   5%|▍         | 49/1000 [01:30<29:41,  1.87s/it]
Epoch 49 | postive loss : 1.40, negtive loss : 2.82, worst lambd: 3.96, worst gap: 0.02:   5%|▌         | 50/1000 [01:32<29:45,  1.88s/it]
Epoch 50 | postive loss : 1.40, negtive loss : 2.83, worst lambd: 3.93, worst gap: 0.02:   5%|▌         | 51/1000 [01:34<29:47,  1.88s/it]
Epoch 51 | postive loss : 1.39, negtive loss : 2.84, worst lambd: 4.06, worst gap: 0.03:   5%|▌         | 52/1000 [01:36<29:48,  1.89s/it]
Epoch 52 | postive loss : 1.38, negtive loss : 2.83, worst lambd: 3.57, worst gap: 0.03:   5%|▌         | 53/1000 [01:38<29:40,  1.88s/it]
Epoch 53 | postive loss : 1.38, negtive loss : 2.85, worst lambd: 3.63, worst gap: 0.04:   5%|▌         | 54/1000 [01:40<29:33,  1.87s/it]
Epoch 54 | postive loss : 1.38, negtive loss : 2.85, worst lambd: 3.72, worst gap: 0.05:   6%|▌         | 55/1000 [01:41<29:27,  1.87s/it]
Epoch 55 | postive loss : 1.38, negtive loss : 2.86, worst lambd: 3.64, worst gap: 0.02:   6%|▌         | 56/1000 [01:43<29:14,  1.86s/it]
Epoch 56 | postive loss : 1.37, negtive loss : 2.86, worst lambd: 3.61, worst gap: 0.03:   6%|▌         | 57/1000 [01:45<29:10,  1.86s/it]
Epoch 57 | postive loss : 1.37, negtive loss : 2.88, worst lambd: 4.00, worst gap: 0.03:   6%|▌         | 58/1000 [01:47<29:08,  1.86s/it]
Epoch 58 | postive loss : 1.36, negtive loss : 2.88, worst lambd: 3.74, worst gap: 0.04:   6%|▌         | 59/1000 [01:49<29:05,  1.86s/it]
Epoch 59 | postive loss : 1.36, negtive loss : 2.89, worst lambd: 3.58, worst gap: 0.05:   6%|▌         | 60/1000 [01:51<29:12,  1.86s/it]
Epoch 60 | postive loss : 1.36, negtive loss : 2.88, worst lambd: 3.79, worst gap: 0.02:   6%|▌         | 61/1000 [01:53<29:17,  1.87s/it]
Epoch 61 | postive loss : 1.36, negtive loss : 2.90, worst lambd: 3.56, worst gap: 0.05:   6%|▌         | 62/1000 [01:55<29:21,  1.88s/it]
Epoch 62 | postive loss : 1.35, negtive loss : 2.90, worst lambd: 3.53, worst gap: 0.04:   6%|▋         | 63/1000 [01:56<29:20,  1.88s/it]
Epoch 63 | postive loss : 1.35, negtive loss : 2.91, worst lambd: 3.57, worst gap: 0.03:   6%|▋         | 64/1000 [01:58<29:28,  1.89s/it]
Epoch 64 | postive loss : 1.34, negtive loss : 2.90, worst lambd: 3.59, worst gap: 0.02:   6%|▋         | 65/1000 [02:00<29:29,  1.89s/it]
Epoch 65 | postive loss : 1.34, negtive loss : 2.93, worst lambd: 3.72, worst gap: 0.03:   7%|▋         | 66/1000 [02:02<29:06,  1.87s/it]
Epoch 66 | postive loss : 1.33, negtive loss : 2.92, worst lambd: 3.62, worst gap: 0.03:   7%|▋         | 67/1000 [02:04<28:41,  1.85s/it]
Epoch 67 | postive loss : 1.33, negtive loss : 2.93, worst lambd: 3.35, worst gap: 0.04:   7%|▋         | 68/1000 [02:06<28:42,  1.85s/it]
Epoch 68 | postive loss : 1.33, negtive loss : 2.94, worst lambd: 3.45, worst gap: 0.05:   7%|▋         | 69/1000 [02:08<28:45,  1.85s/it]
Epoch 69 | postive loss : 1.33, negtive loss : 2.94, worst lambd: 3.61, worst gap: 0.03:   7%|▋         | 70/1000 [02:09<28:55,  1.87s/it]
Epoch 70 | postive loss : 1.32, negtive loss : 2.95, worst lambd: 3.64, worst gap: 0.04:   7%|▋         | 71/1000 [02:11<29:07,  1.88s/it]
Epoch 71 | postive loss : 1.32, negtive loss : 2.95, worst lambd: 3.76, worst gap: 0.04:   7%|▋         | 72/1000 [02:13<29:11,  1.89s/it]
Epoch 72 | postive loss : 1.32, negtive loss : 2.96, worst lambd: 3.56, worst gap: 0.05:   7%|▋         | 73/1000 [02:15<29:11,  1.89s/it]
Epoch 73 | postive loss : 1.32, negtive loss : 2.97, worst lambd: 3.59, worst gap: 0.03:   7%|▋         | 74/1000 [02:17<28:50,  1.87s/it]
Epoch 74 | postive loss : 1.31, negtive loss : 2.97, worst lambd: 3.55, worst gap: 0.02:   8%|▊         | 75/1000 [02:19<28:29,  1.85s/it]
Epoch 75 | postive loss : 1.32, negtive loss : 2.98, worst lambd: 3.71, worst gap: 0.02:   8%|▊         | 76/1000 [02:21<28:07,  1.83s/it]
Epoch 76 | postive loss : 1.31, negtive loss : 2.98, worst lambd: 3.44, worst gap: 0.05:   8%|▊         | 77/1000 [02:22<27:53,  1.81s/it]
Epoch 77 | postive loss : 1.30, negtive loss : 2.98, worst lambd: 3.70, worst gap: 0.05:   8%|▊         | 78/1000 [02:24<27:41,  1.80s/it]
Epoch 78 | postive loss : 1.30, negtive loss : 3.00, worst lambd: 3.24, worst gap: 0.02:   8%|▊         | 79/1000 [02:26<27:32,  1.79s/it]
Epoch 79 | postive loss : 1.30, negtive loss : 3.00, worst lambd: 3.55, worst gap: 0.04:   8%|▊         | 80/1000 [02:28<27:26,  1.79s/it]
Epoch 80 | postive loss : 1.29, negtive loss : 3.01, worst lambd: 3.35, worst gap: 0.03:   8%|▊         | 81/1000 [02:29<27:22,  1.79s/it]
Epoch 81 | postive loss : 1.29, negtive loss : 3.01, worst lambd: 3.66, worst gap: 0.04:   8%|▊         | 82/1000 [02:31<27:23,  1.79s/it]
Epoch 82 | postive loss : 1.29, negtive loss : 3.02, worst lambd: 3.52, worst gap: 0.02:   8%|▊         | 83/1000 [02:33<27:26,  1.80s/it]
Epoch 83 | postive loss : 1.28, negtive loss : 3.02, worst lambd: 3.80, worst gap: 0.04:   8%|▊         | 84/1000 [02:35<27:26,  1.80s/it]
Epoch 84 | postive loss : 1.29, negtive loss : 3.03, worst lambd: 3.45, worst gap: 0.05:   8%|▊         | 85/1000 [02:37<28:09,  1.85s/it]
Epoch 85 | postive loss : 1.28, negtive loss : 3.04, worst lambd: 3.72, worst gap: 0.03:   9%|▊         | 86/1000 [02:39<28:30,  1.87s/it]
Epoch 86 | postive loss : 1.28, negtive loss : 3.03, worst lambd: 3.41, worst gap: 0.02:   9%|▊         | 87/1000 [02:41<28:33,  1.88s/it]
Epoch 87 | postive loss : 1.28, negtive loss : 3.05, worst lambd: 3.54, worst gap: 0.03:   9%|▉         | 88/1000 [02:43<28:29,  1.87s/it]
Epoch 88 | postive loss : 1.27, negtive loss : 3.05, worst lambd: 3.63, worst gap: 0.04:   9%|▉         | 89/1000 [02:44<28:27,  1.87s/it]
Epoch 89 | postive loss : 1.27, negtive loss : 3.06, worst lambd: 3.48, worst gap: 0.05:   9%|▉         | 90/1000 [02:46<28:51,  1.90s/it]
Epoch 90 | postive loss : 1.27, negtive loss : 3.06, worst lambd: 3.31, worst gap: 0.04:   9%|▉         | 91/1000 [02:48<28:46,  1.90s/it]
Epoch 91 | postive loss : 1.27, negtive loss : 3.07, worst lambd: 3.52, worst gap: 0.03:   9%|▉         | 92/1000 [02:50<28:44,  1.90s/it]
Epoch 92 | postive loss : 1.27, negtive loss : 3.08, worst lambd: 3.23, worst gap: 0.04:   9%|▉         | 93/1000 [02:52<28:45,  1.90s/it]
Epoch 93 | postive loss : 1.26, negtive loss : 3.08, worst lambd: 3.81, worst gap: 0.04:   9%|▉         | 94/1000 [02:54<28:41,  1.90s/it]
Epoch 94 | postive loss : 1.26, negtive loss : 3.08, worst lambd: 3.67, worst gap: 0.02:  10%|▉         | 95/1000 [02:56<28:36,  1.90s/it]
Epoch 95 | postive loss : 1.25, negtive loss : 3.09, worst lambd: 3.22, worst gap: 0.05:  10%|▉         | 96/1000 [02:58<28:35,  1.90s/it]
Epoch 96 | postive loss : 1.25, negtive loss : 3.10, worst lambd: 3.61, worst gap: 0.03:  10%|▉         | 97/1000 [03:00<28:56,  1.92s/it]
Epoch 97 | postive loss : 1.25, negtive loss : 3.09, worst lambd: 3.41, worst gap: 0.04:  10%|▉         | 98/1000 [03:02<28:46,  1.91s/it]
Epoch 98 | postive loss : 1.26, negtive loss : 3.12, worst lambd: 3.66, worst gap: 0.04:  10%|▉         | 99/1000 [03:04<28:36,  1.91s/it]
Epoch 99 | postive loss : 1.25, negtive loss : 3.11, worst lambd: 3.89, worst gap: 0.02:  10%|█         | 100/1000 [03:05<28:26,  1.90s/it]
Epoch 100 | postive loss : 1.24, negtive loss : 3.12, worst lambd: 3.49, worst gap: 0.04:  10%|█         | 101/1000 [03:07<28:42,  1.92s/it]
Epoch 101 | postive loss : 1.24, negtive loss : 3.13, worst lambd: 3.24, worst gap: 0.03:  10%|█         | 102/1000 [03:09<28:33,  1.91s/it]
Epoch 102 | postive loss : 1.24, negtive loss : 3.13, worst lambd: 3.60, worst gap: 0.05:  10%|█         | 103/1000 [03:11<28:24,  1.90s/it]
Epoch 103 | postive loss : 1.24, negtive loss : 3.14, worst lambd: 3.09, worst gap: 0.04:  10%|█         | 104/1000 [03:13<28:18,  1.90s/it]
Epoch 104 | postive loss : 1.24, negtive loss : 3.14, worst lambd: 3.27, worst gap: 0.04:  10%|█         | 105/1000 [03:15<28:13,  1.89s/it]
Epoch 105 | postive loss : 1.23, negtive loss : 3.15, worst lambd: 3.58, worst gap: 0.06:  11%|█         | 106/1000 [03:17<28:08,  1.89s/it]
Epoch 106 | postive loss : 1.23, negtive loss : 3.15, worst lambd: 3.73, worst gap: 0.04:  11%|█         | 107/1000 [03:19<28:06,  1.89s/it]
Epoch 107 | postive loss : 1.23, negtive loss : 3.15, worst lambd: 3.31, worst gap: 0.04:  11%|█         | 108/1000 [03:21<28:03,  1.89s/it]
Epoch 108 | postive loss : 1.22, negtive loss : 3.16, worst lambd: 3.69, worst gap: 0.05:  11%|█         | 109/1000 [03:22<28:02,  1.89s/it]
Epoch 109 | postive loss : 1.22, negtive loss : 3.17, worst lambd: 3.96, worst gap: 0.03:  11%|█         | 110/1000 [03:24<27:46,  1.87s/it]
Epoch 110 | postive loss : 1.22, negtive loss : 3.18, worst lambd: 3.59, worst gap: 0.03:  11%|█         | 111/1000 [03:26<27:37,  1.86s/it]
Epoch 111 | postive loss : 1.22, negtive loss : 3.18, worst lambd: 3.29, worst gap: 0.05:  11%|█         | 112/1000 [03:28<27:39,  1.87s/it]
Epoch 112 | postive loss : 1.21, negtive loss : 3.19, worst lambd: 3.30, worst gap: 0.05:  11%|█▏        | 113/1000 [03:30<27:43,  1.88s/it]
Epoch 113 | postive loss : 1.21, negtive loss : 3.19, worst lambd: 3.53, worst gap: 0.02:  11%|█▏        | 114/1000 [03:32<27:33,  1.87s/it]
Epoch 114 | postive loss : 1.21, negtive loss : 3.20, worst lambd: 3.33, worst gap: 0.05:  12%|█▏        | 115/1000 [03:34<27:32,  1.87s/it]
Epoch 115 | postive loss : 1.21, negtive loss : 3.20, worst lambd: 3.40, worst gap: 0.04:  12%|█▏        | 116/1000 [03:35<27:24,  1.86s/it]
Epoch 116 | postive loss : 1.21, negtive loss : 3.20, worst lambd: 3.59, worst gap: 0.05:  12%|█▏        | 117/1000 [03:37<27:23,  1.86s/it]
Epoch 117 | postive loss : 1.20, negtive loss : 3.21, worst lambd: 3.28, worst gap: 0.04:  12%|█▏        | 118/1000 [03:39<27:22,  1.86s/it]
Epoch 118 | postive loss : 1.20, negtive loss : 3.22, worst lambd: 3.60, worst gap: 0.03:  12%|█▏        | 119/1000 [03:41<27:21,  1.86s/it]
Epoch 119 | postive loss : 1.20, negtive loss : 3.23, worst lambd: 3.70, worst gap: 0.03:  12%|█▏        | 120/1000 [03:43<27:25,  1.87s/it]
Epoch 120 | postive loss : 1.20, negtive loss : 3.23, worst lambd: 3.41, worst gap: 0.02:  12%|█▏        | 121/1000 [03:45<27:11,  1.86s/it]
Epoch 121 | postive loss : 1.20, negtive loss : 3.23, worst lambd: 3.61, worst gap: 0.03:  12%|█▏        | 122/1000 [03:47<27:08,  1.85s/it]
Epoch 122 | postive loss : 1.19, negtive loss : 3.24, worst lambd: 3.34, worst gap: 0.05:  12%|█▏        | 123/1000 [03:48<27:06,  1.85s/it]
Epoch 123 | postive loss : 1.19, negtive loss : 3.24, worst lambd: 3.71, worst gap: 0.04:  12%|█▏        | 124/1000 [03:50<27:05,  1.86s/it]
Epoch 124 | postive loss : 1.19, negtive loss : 3.26, worst lambd: 3.14, worst gap: 0.03:  12%|█▎        | 125/1000 [03:52<27:04,  1.86s/it]
Epoch 125 | postive loss : 1.19, negtive loss : 3.26, worst lambd: 3.65, worst gap: 0.04:  13%|█▎        | 126/1000 [03:54<27:05,  1.86s/it]
Epoch 126 | postive loss : 1.19, negtive loss : 3.26, worst lambd: 3.80, worst gap: 0.02:  13%|█▎        | 127/1000 [03:56<27:07,  1.86s/it]
Epoch 127 | postive loss : 1.18, negtive loss : 3.27, worst lambd: 3.77, worst gap: 0.04:  13%|█▎        | 128/1000 [03:58<27:04,  1.86s/it]
Epoch 128 | postive loss : 1.18, negtive loss : 3.28, worst lambd: 3.39, worst gap: 0.04:  13%|█▎        | 129/1000 [04:00<26:55,  1.85s/it]
Epoch 129 | postive loss : 1.18, negtive loss : 3.27, worst lambd: 3.40, worst gap: 0.05:  13%|█▎        | 130/1000 [04:01<27:00,  1.86s/it]
Epoch 130 | postive loss : 1.18, negtive loss : 3.29, worst lambd: 3.44, worst gap: 0.05:  13%|█▎        | 131/1000 [04:03<27:04,  1.87s/it]
Epoch 131 | postive loss : 1.18, negtive loss : 3.29, worst lambd: 3.00, worst gap: 0.04:  13%|█▎        | 132/1000 [04:05<27:07,  1.87s/it]
Epoch 132 | postive loss : 1.17, negtive loss : 3.29, worst lambd: 3.51, worst gap: 0.05:  13%|█▎        | 133/1000 [04:07<27:08,  1.88s/it]
Epoch 133 | postive loss : 1.17, negtive loss : 3.30, worst lambd: 3.49, worst gap: 0.03:  13%|█▎        | 134/1000 [04:09<27:08,  1.88s/it]
Epoch 134 | postive loss : 1.17, negtive loss : 3.31, worst lambd: 3.20, worst gap: 0.05:  14%|█▎        | 135/1000 [04:11<27:09,  1.88s/it]
Epoch 135 | postive loss : 1.17, negtive loss : 3.30, worst lambd: 3.29, worst gap: 0.03:  14%|█▎        | 136/1000 [04:13<26:51,  1.86s/it]
Epoch 136 | postive loss : 1.17, negtive loss : 3.32, worst lambd: 3.61, worst gap: 0.04:  14%|█▎        | 137/1000 [04:15<26:27,  1.84s/it]
Epoch 137 | postive loss : 1.17, negtive loss : 3.32, worst lambd: 3.37, worst gap: 0.04:  14%|█▍        | 138/1000 [04:16<26:17,  1.83s/it]
Epoch 138 | postive loss : 1.16, negtive loss : 3.32, worst lambd: 3.49, worst gap: 0.03:  14%|█▍        | 139/1000 [04:18<26:08,  1.82s/it]
Epoch 139 | postive loss : 1.16, negtive loss : 3.33, worst lambd: 3.38, worst gap: 0.03:  14%|█▍        | 140/1000 [04:20<26:17,  1.83s/it]
Epoch 140 | postive loss : 1.16, negtive loss : 3.34, worst lambd: 3.44, worst gap: 0.04:  14%|█▍        | 141/1000 [04:22<26:23,  1.84s/it]
Epoch 141 | postive loss : 1.16, negtive loss : 3.33, worst lambd: 3.30, worst gap: 0.03:  14%|█▍        | 142/1000 [04:24<26:28,  1.85s/it]
Epoch 142 | postive loss : 1.16, negtive loss : 3.35, worst lambd: 3.45, worst gap: 0.03:  14%|█▍        | 143/1000 [04:26<26:35,  1.86s/it]
Epoch 143 | postive loss : 1.15, negtive loss : 3.34, worst lambd: 3.62, worst gap: 0.03:  14%|█▍        | 144/1000 [04:28<26:42,  1.87s/it]
Epoch 144 | postive loss : 1.15, negtive loss : 3.36, worst lambd: 2.96, worst gap: 0.04:  14%|█▍        | 145/1000 [04:29<26:47,  1.88s/it]
Epoch 145 | postive loss : 1.15, negtive loss : 3.36, worst lambd: 3.35, worst gap: 0.05:  15%|█▍        | 146/1000 [04:31<26:50,  1.89s/it]
Epoch 146 | postive loss : 1.15, negtive loss : 3.36, worst lambd: 3.31, worst gap: 0.04:  15%|█▍        | 147/1000 [04:33<26:52,  1.89s/it]
Epoch 147 | postive loss : 1.15, negtive loss : 3.37, worst lambd: 3.20, worst gap: 0.03:  15%|█▍        | 148/1000 [04:35<26:36,  1.87s/it]
Epoch 148 | postive loss : 1.14, negtive loss : 3.37, worst lambd: 3.19, worst gap: 0.04:  15%|█▍        | 149/1000 [04:37<26:24,  1.86s/it]
Epoch 149 | postive loss : 1.14, negtive loss : 3.37, worst lambd: 3.17, worst gap: 0.05:  15%|█▌        | 150/1000 [04:39<26:15,  1.85s/it]
Epoch 150 | postive loss : 1.14, negtive loss : 3.40, worst lambd: 3.23, worst gap: 0.03:  15%|█▌        | 151/1000 [04:41<26:09,  1.85s/it]
Epoch 151 | postive loss : 1.14, negtive loss : 3.39, worst lambd: 3.03, worst gap: 0.03:  15%|█▌        | 152/1000 [04:42<26:03,  1.84s/it]
Epoch 152 | postive loss : 1.14, negtive loss : 3.40, worst lambd: 3.20, worst gap: 0.03:  15%|█▌        | 153/1000 [04:44<25:55,  1.84s/it]
Epoch 153 | postive loss : 1.13, negtive loss : 3.40, worst lambd: 3.49, worst gap: 0.05:  15%|█▌        | 154/1000 [04:46<25:52,  1.83s/it]
Epoch 154 | postive loss : 1.14, negtive loss : 3.41, worst lambd: 3.32, worst gap: 0.04:  16%|█▌        | 155/1000 [04:48<25:48,  1.83s/it]
Epoch 155 | postive loss : 1.13, negtive loss : 3.41, worst lambd: 3.28, worst gap: 0.04:  16%|█▌        | 156/1000 [04:50<25:46,  1.83s/it]
Epoch 156 | postive loss : 1.13, negtive loss : 3.41, worst lambd: 3.23, worst gap: 0.04:  16%|█▌        | 157/1000 [04:52<25:40,  1.83s/it]
Epoch 157 | postive loss : 1.13, negtive loss : 3.43, worst lambd: 3.35, worst gap: 0.06:  16%|█▌        | 158/1000 [04:53<25:46,  1.84s/it]
Epoch 158 | postive loss : 1.13, negtive loss : 3.42, worst lambd: 3.24, worst gap: 0.03:  16%|█▌        | 159/1000 [04:55<25:43,  1.84s/it]
Epoch 159 | postive loss : 1.13, negtive loss : 3.43, worst lambd: 3.07, worst gap: 0.04:  16%|█▌        | 160/1000 [04:57<25:42,  1.84s/it]
Epoch 160 | postive loss : 1.13, negtive loss : 3.43, worst lambd: 3.31, worst gap: 0.04:  16%|█▌        | 161/1000 [04:59<25:41,  1.84s/it]
Epoch 161 | postive loss : 1.12, negtive loss : 3.43, worst lambd: 3.06, worst gap: 0.03:  16%|█▌        | 162/1000 [05:01<25:42,  1.84s/it]
Epoch 162 | postive loss : 1.12, negtive loss : 3.44, worst lambd: 2.95, worst gap: 0.04:  16%|█▋        | 163/1000 [05:03<25:40,  1.84s/it]
Epoch 163 | postive loss : 1.12, negtive loss : 3.45, worst lambd: 3.17, worst gap: 0.03:  16%|█▋        | 164/1000 [05:04<25:40,  1.84s/it]
Epoch 164 | postive loss : 1.12, negtive loss : 3.45, worst lambd: 3.11, worst gap: 0.02:  16%|█▋        | 165/1000 [05:06<25:32,  1.84s/it]
Epoch 165 | postive loss : 1.12, negtive loss : 3.47, worst lambd: 3.21, worst gap: 0.04:  17%|█▋        | 166/1000 [05:08<25:28,  1.83s/it]
Epoch 166 | postive loss : 1.11, negtive loss : 3.46, worst lambd: 3.13, worst gap: 0.05:  17%|█▋        | 167/1000 [05:10<25:26,  1.83s/it]
Epoch 167 | postive loss : 1.11, negtive loss : 3.46, worst lambd: 3.18, worst gap: 0.03:  17%|█▋        | 168/1000 [05:12<25:31,  1.84s/it]
Epoch 168 | postive loss : 1.11, negtive loss : 3.48, worst lambd: 3.14, worst gap: 0.03:  17%|█▋        | 169/1000 [05:14<25:29,  1.84s/it]
Epoch 169 | postive loss : 1.11, negtive loss : 3.48, worst lambd: 3.06, worst gap: 0.03:  17%|█▋        | 170/1000 [05:15<25:29,  1.84s/it]
Epoch 170 | postive loss : 1.11, negtive loss : 3.48, worst lambd: 3.29, worst gap: 0.03:  17%|█▋        | 171/1000 [05:17<25:22,  1.84s/it]
Epoch 171 | postive loss : 1.11, negtive loss : 3.49, worst lambd: 3.16, worst gap: 0.03:  17%|█▋        | 172/1000 [05:19<25:19,  1.83s/it]
Epoch 172 | postive loss : 1.11, negtive loss : 3.49, worst lambd: 2.98, worst gap: 0.04:  17%|█▋        | 173/1000 [05:21<25:21,  1.84s/it]
Epoch 173 | postive loss : 1.11, negtive loss : 3.50, worst lambd: 3.26, worst gap: 0.03:  17%|█▋        | 174/1000 [05:23<25:24,  1.85s/it]
Epoch 174 | postive loss : 1.10, negtive loss : 3.50, worst lambd: 3.13, worst gap: 0.03:  18%|█▊        | 175/1000 [05:25<25:31,  1.86s/it]
Epoch 175 | postive loss : 1.10, negtive loss : 3.50, worst lambd: 3.11, worst gap: 0.03:  18%|█▊        | 176/1000 [05:27<25:34,  1.86s/it]
Epoch 176 | postive loss : 1.10, negtive loss : 3.50, worst lambd: 3.36, worst gap: 0.03:  18%|█▊        | 177/1000 [05:28<25:31,  1.86s/it]
Epoch 177 | postive loss : 1.10, negtive loss : 3.51, worst lambd: 3.32, worst gap: 0.03:  18%|█▊        | 178/1000 [05:30<25:32,  1.86s/it]
Epoch 178 | postive loss : 1.10, negtive loss : 3.53, worst lambd: 3.29, worst gap: 0.03:  18%|█▊        | 179/1000 [05:32<25:12,  1.84s/it]
Epoch 179 | postive loss : 1.09, negtive loss : 3.51, worst lambd: 3.34, worst gap: 0.04:  18%|█▊        | 180/1000 [05:34<25:16,  1.85s/it]
Epoch 180 | postive loss : 1.09, negtive loss : 3.51, worst lambd: 3.28, worst gap: 0.04:  18%|█▊        | 181/1000 [05:36<25:04,  1.84s/it]
Epoch 181 | postive loss : 1.09, negtive loss : 3.52, worst lambd: 3.23, worst gap: 0.03:  18%|█▊        | 182/1000 [05:38<25:16,  1.85s/it]
Epoch 182 | postive loss : 1.09, negtive loss : 3.53, worst lambd: 3.23, worst gap: 0.04:  18%|█▊        | 183/1000 [05:40<25:25,  1.87s/it]
Epoch 183 | postive loss : 1.09, negtive loss : 3.53, worst lambd: 3.09, worst gap: 0.04:  18%|█▊        | 184/1000 [05:41<25:16,  1.86s/it]
Epoch 184 | postive loss : 1.09, negtive loss : 3.54, worst lambd: 3.30, worst gap: 0.04:  18%|█▊        | 185/1000 [05:43<25:03,  1.84s/it]
Epoch 185 | postive loss : 1.09, negtive loss : 3.53, worst lambd: 3.35, worst gap: 0.04:  19%|█▊        | 186/1000 [05:45<25:04,  1.85s/it]
Epoch 186 | postive loss : 1.09, negtive loss : 3.55, worst lambd: 3.13, worst gap: 0.04:  19%|█▊        | 187/1000 [05:47<25:06,  1.85s/it]
Epoch 187 | postive loss : 1.09, negtive loss : 3.54, worst lambd: 3.42, worst gap: 0.05:  19%|█▉        | 188/1000 [05:49<24:59,  1.85s/it]
Epoch 188 | postive loss : 1.08, negtive loss : 3.55, worst lambd: 3.31, worst gap: 0.03:  19%|█▉        | 189/1000 [05:51<24:58,  1.85s/it]
Epoch 189 | postive loss : 1.08, negtive loss : 3.55, worst lambd: 3.32, worst gap: 0.04:  19%|█▉        | 190/1000 [05:52<24:53,  1.84s/it]
Epoch 190 | postive loss : 1.08, negtive loss : 3.56, worst lambd: 3.32, worst gap: 0.03:  19%|█▉        | 191/1000 [05:54<24:54,  1.85s/it]
Epoch 191 | postive loss : 1.08, negtive loss : 3.56, worst lambd: 3.33, worst gap: 0.03:  19%|█▉        | 192/1000 [05:56<24:56,  1.85s/it]
Epoch 192 | postive loss : 1.08, negtive loss : 3.56, worst lambd: 3.09, worst gap: 0.04:  19%|█▉        | 193/1000 [05:58<24:58,  1.86s/it]
Epoch 193 | postive loss : 1.07, negtive loss : 3.57, worst lambd: 3.13, worst gap: 0.04:  19%|█▉        | 194/1000 [06:00<24:51,  1.85s/it]
Epoch 194 | postive loss : 1.07, negtive loss : 3.57, worst lambd: 3.33, worst gap: 0.05:  20%|█▉        | 195/1000 [06:02<24:44,  1.84s/it]
Epoch 195 | postive loss : 1.07, negtive loss : 3.58, worst lambd: 3.26, worst gap: 0.04:  20%|█▉        | 196/1000 [06:04<24:46,  1.85s/it]
Epoch 196 | postive loss : 1.07, negtive loss : 3.59, worst lambd: 3.50, worst gap: 0.04:  20%|█▉        | 197/1000 [06:05<24:49,  1.85s/it]
Epoch 197 | postive loss : 1.07, negtive loss : 3.58, worst lambd: 3.19, worst gap: 0.04:  20%|█▉        | 198/1000 [06:07<24:49,  1.86s/it]
Epoch 198 | postive loss : 1.07, negtive loss : 3.59, worst lambd: 3.41, worst gap: 0.04:  20%|█▉        | 199/1000 [06:09<24:50,  1.86s/it]
Epoch 199 | postive loss : 1.07, negtive loss : 3.60, worst lambd: 3.25, worst gap: 0.03:  20%|██        | 200/1000 [06:11<24:50,  1.86s/it]
Epoch 200 | postive loss : 1.07, negtive loss : 3.59, worst lambd: 3.20, worst gap: 0.04:  20%|██        | 201/1000 [06:13<24:49,  1.86s/it]
Epoch 201 | postive loss : 1.06, negtive loss : 3.60, worst lambd: 3.26, worst gap: 0.03:  20%|██        | 202/1000 [06:15<24:43,  1.86s/it]
Epoch 202 | postive loss : 1.06, negtive loss : 3.60, worst lambd: 3.27, worst gap: 0.05:  20%|██        | 203/1000 [06:17<24:30,  1.85s/it]
Epoch 203 | postive loss : 1.06, negtive loss : 3.60, worst lambd: 3.14, worst gap: 0.04:  20%|██        | 204/1000 [06:18<24:27,  1.84s/it]
Epoch 204 | postive loss : 1.06, negtive loss : 3.61, worst lambd: 3.34, worst gap: 0.04:  20%|██        | 205/1000 [06:20<24:31,  1.85s/it]
Epoch 205 | postive loss : 1.06, negtive loss : 3.62, worst lambd: 3.32, worst gap: 0.04:  21%|██        | 206/1000 [06:22<24:33,  1.86s/it]
Epoch 206 | postive loss : 1.06, negtive loss : 3.61, worst lambd: 3.35, worst gap: 0.05:  21%|██        | 207/1000 [06:24<24:35,  1.86s/it]
Epoch 207 | postive loss : 1.06, negtive loss : 3.62, worst lambd: 3.30, worst gap: 0.04:  21%|██        | 208/1000 [06:26<24:35,  1.86s/it]
Epoch 208 | postive loss : 1.06, negtive loss : 3.61, worst lambd: 3.30, worst gap: 0.04:  21%|██        | 209/1000 [06:28<24:32,  1.86s/it]
Epoch 209 | postive loss : 1.06, negtive loss : 3.62, worst lambd: 3.35, worst gap: 0.03:  21%|██        | 210/1000 [06:30<24:28,  1.86s/it]
Epoch 210 | postive loss : 1.05, negtive loss : 3.62, worst lambd: 3.24, worst gap: 0.04:  21%|██        | 211/1000 [06:31<24:24,  1.86s/it]
Epoch 211 | postive loss : 1.05, negtive loss : 3.62, worst lambd: 3.33, worst gap: 0.05:  21%|██        | 212/1000 [06:33<24:17,  1.85s/it]
Epoch 212 | postive loss : 1.05, negtive loss : 3.63, worst lambd: 3.45, worst gap: 0.03:  21%|██▏       | 213/1000 [06:35<24:16,  1.85s/it]
Epoch 213 | postive loss : 1.05, negtive loss : 3.63, worst lambd: 3.09, worst gap: 0.05:  21%|██▏       | 214/1000 [06:37<24:16,  1.85s/it]
Epoch 214 | postive loss : 1.05, negtive loss : 3.64, worst lambd: 3.28, worst gap: 0.04:  22%|██▏       | 215/1000 [06:39<24:09,  1.85s/it]
Epoch 215 | postive loss : 1.05, negtive loss : 3.63, worst lambd: 3.20, worst gap: 0.04:  22%|██▏       | 216/1000 [06:41<24:12,  1.85s/it]
Epoch 216 | postive loss : 1.05, negtive loss : 3.64, worst lambd: 3.41, worst gap: 0.03:  22%|██▏       | 217/1000 [06:43<24:14,  1.86s/it]
Epoch 217 | postive loss : 1.04, negtive loss : 3.65, worst lambd: 3.42, worst gap: 0.04:  22%|██▏       | 218/1000 [06:44<24:17,  1.86s/it]
Epoch 218 | postive loss : 1.05, negtive loss : 3.65, worst lambd: 3.33, worst gap: 0.04:  22%|██▏       | 219/1000 [06:46<24:26,  1.88s/it]
Epoch 219 | postive loss : 1.04, negtive loss : 3.65, worst lambd: 3.31, worst gap: 0.05:  22%|██▏       | 220/1000 [06:48<24:32,  1.89s/it]
Epoch 220 | postive loss : 1.04, negtive loss : 3.65, worst lambd: 3.29, worst gap: 0.04:  22%|██▏       | 221/1000 [06:50<24:36,  1.90s/it]
Epoch 221 | postive loss : 1.04, negtive loss : 3.65, worst lambd: 3.19, worst gap: 0.02:  22%|██▏       | 222/1000 [06:52<24:38,  1.90s/it]
Epoch 222 | postive loss : 1.04, negtive loss : 3.66, worst lambd: 3.18, worst gap: 0.03:  22%|██▏       | 223/1000 [06:54<24:24,  1.89s/it]
Epoch 223 | postive loss : 1.04, negtive loss : 3.66, worst lambd: 3.27, worst gap: 0.03:  22%|██▏       | 224/1000 [06:56<24:22,  1.88s/it]
Epoch 224 | postive loss : 1.04, negtive loss : 3.65, worst lambd: 3.37, worst gap: 0.04:  22%|██▎       | 225/1000 [06:58<24:21,  1.89s/it]
Epoch 225 | postive loss : 1.04, negtive loss : 3.67, worst lambd: 3.21, worst gap: 0.04:  23%|██▎       | 226/1000 [07:00<24:17,  1.88s/it]
Epoch 226 | postive loss : 1.03, negtive loss : 3.66, worst lambd: 3.31, worst gap: 0.03:  23%|██▎       | 227/1000 [07:01<24:11,  1.88s/it]
Epoch 227 | postive loss : 1.03, negtive loss : 3.66, worst lambd: 3.39, worst gap: 0.04:  23%|██▎       | 228/1000 [07:03<24:09,  1.88s/it]
Epoch 228 | postive loss : 1.03, negtive loss : 3.67, worst lambd: 3.37, worst gap: 0.04:  23%|██▎       | 229/1000 [07:05<23:54,  1.86s/it]
Epoch 229 | postive loss : 1.03, negtive loss : 3.67, worst lambd: 3.14, worst gap: 0.04:  23%|██▎       | 230/1000 [07:07<23:48,  1.85s/it]
Epoch 230 | postive loss : 1.03, negtive loss : 3.67, worst lambd: 3.40, worst gap: 0.04:  23%|██▎       | 231/1000 [07:09<23:43,  1.85s/it]
Epoch 231 | postive loss : 1.03, negtive loss : 3.68, worst lambd: 3.40, worst gap: 0.02:  23%|██▎       | 232/1000 [07:11<23:32,  1.84s/it]
Epoch 232 | postive loss : 1.03, negtive loss : 3.67, worst lambd: 3.41, worst gap: 0.05:  23%|██▎       | 233/1000 [07:12<23:31,  1.84s/it]
Epoch 233 | postive loss : 1.02, negtive loss : 3.68, worst lambd: 3.45, worst gap: 0.05:  23%|██▎       | 234/1000 [07:14<23:36,  1.85s/it]
Epoch 234 | postive loss : 1.02, negtive loss : 3.69, worst lambd: 3.27, worst gap: 0.03:  24%|██▎       | 235/1000 [07:16<23:40,  1.86s/it]
Epoch 235 | postive loss : 1.02, negtive loss : 3.68, worst lambd: 3.21, worst gap: 0.04:  24%|██▎       | 236/1000 [07:18<23:42,  1.86s/it]
Epoch 236 | postive loss : 1.02, negtive loss : 3.70, worst lambd: 3.50, worst gap: 0.03:  24%|██▎       | 237/1000 [07:20<23:44,  1.87s/it]
Epoch 237 | postive loss : 1.02, negtive loss : 3.70, worst lambd: 3.32, worst gap: 0.04:  24%|██▍       | 238/1000 [07:22<23:37,  1.86s/it]
Epoch 238 | postive loss : 1.02, negtive loss : 3.69, worst lambd: 3.44, worst gap: 0.03:  24%|██▍       | 239/1000 [07:24<23:32,  1.86s/it]
Epoch 239 | postive loss : 1.02, negtive loss : 3.70, worst lambd: 3.13, worst gap: 0.05:  24%|██▍       | 240/1000 [07:25<23:27,  1.85s/it]
Epoch 240 | postive loss : 1.02, negtive loss : 3.69, worst lambd: 3.30, worst gap: 0.05:  24%|██▍       | 241/1000 [07:27<23:20,  1.85s/it]
Epoch 241 | postive loss : 1.01, negtive loss : 3.71, worst lambd: 3.38, worst gap: 0.04:  24%|██▍       | 242/1000 [07:29<23:10,  1.83s/it]
Epoch 242 | postive loss : 1.01, negtive loss : 3.71, worst lambd: 3.14, worst gap: 0.02:  24%|██▍       | 243/1000 [07:31<23:16,  1.85s/it]
Epoch 243 | postive loss : 1.01, negtive loss : 3.72, worst lambd: 3.25, worst gap: 0.05:  24%|██▍       | 244/1000 [07:33<23:21,  1.85s/it]
Epoch 244 | postive loss : 1.01, negtive loss : 3.72, worst lambd: 3.33, worst gap: 0.03:  24%|██▍       | 245/1000 [07:35<23:22,  1.86s/it]
Epoch 245 | postive loss : 1.01, negtive loss : 3.71, worst lambd: 3.58, worst gap: 0.04:  25%|██▍       | 246/1000 [07:37<23:24,  1.86s/it]
Epoch 246 | postive loss : 1.01, negtive loss : 3.73, worst lambd: 3.52, worst gap: 0.03:  25%|██▍       | 247/1000 [07:38<23:15,  1.85s/it]
Epoch 247 | postive loss : 1.01, negtive loss : 3.73, worst lambd: 3.34, worst gap: 0.05:  25%|██▍       | 248/1000 [07:40<23:11,  1.85s/it]
Epoch 248 | postive loss : 1.00, negtive loss : 3.73, worst lambd: 3.46, worst gap: 0.03:  25%|██▍       | 249/1000 [07:42<23:08,  1.85s/it]
Epoch 249 | postive loss : 1.00, negtive loss : 3.73, worst lambd: 3.20, worst gap: 0.03:  25%|██▌       | 250/1000 [07:44<23:05,  1.85s/it]
Epoch 250 | postive loss : 1.00, negtive loss : 3.74, worst lambd: 3.43, worst gap: 0.04:  25%|██▌       | 251/1000 [07:46<23:02,  1.85s/it]
Epoch 251 | postive loss : 1.00, negtive loss : 3.74, worst lambd: 3.36, worst gap: 0.04:  25%|██▌       | 252/1000 [07:48<22:58,  1.84s/it]
Epoch 252 | postive loss : 1.00, negtive loss : 3.74, worst lambd: 3.15, worst gap: 0.04:  25%|██▌       | 253/1000 [07:49<22:56,  1.84s/it]
Epoch 253 | postive loss : 1.00, negtive loss : 3.75, worst lambd: 3.54, worst gap: 0.03:  25%|██▌       | 254/1000 [07:51<22:54,  1.84s/it]
Epoch 254 | postive loss : 1.00, negtive loss : 3.75, worst lambd: 3.24, worst gap: 0.06:  26%|██▌       | 255/1000 [07:53<23:00,  1.85s/it]
Epoch 255 | postive loss : 0.99, negtive loss : 3.75, worst lambd: 3.48, worst gap: 0.02:  26%|██▌       | 256/1000 [07:55<22:51,  1.84s/it]
Epoch 256 | postive loss : 0.99, negtive loss : 3.76, worst lambd: 3.20, worst gap: 0.03:  26%|██▌       | 257/1000 [07:57<22:43,  1.84s/it]
Epoch 257 | postive loss : 0.99, negtive loss : 3.75, worst lambd: 3.35, worst gap: 0.03:  26%|██▌       | 258/1000 [07:59<22:44,  1.84s/it]
Epoch 258 | postive loss : 0.99, negtive loss : 3.76, worst lambd: 3.36, worst gap: 0.03:  26%|██▌       | 259/1000 [08:01<22:43,  1.84s/it]
Epoch 259 | postive loss : 0.99, negtive loss : 3.77, worst lambd: 3.48, worst gap: 0.04:  26%|██▌       | 260/1000 [08:02<22:43,  1.84s/it]
Epoch 260 | postive loss : 0.99, negtive loss : 3.77, worst lambd: 3.29, worst gap: 0.05:  26%|██▌       | 261/1000 [08:04<22:30,  1.83s/it]
Epoch 261 | postive loss : 0.99, negtive loss : 3.77, worst lambd: 3.42, worst gap: 0.03:  26%|██▌       | 262/1000 [08:06<22:28,  1.83s/it]
Epoch 262 | postive loss : 0.99, negtive loss : 3.77, worst lambd: 3.45, worst gap: 0.05:  26%|██▋       | 263/1000 [08:08<22:29,  1.83s/it]
Epoch 263 | postive loss : 0.98, negtive loss : 3.78, worst lambd: 3.31, worst gap: 0.03:  26%|██▋       | 264/1000 [08:10<22:29,  1.83s/it]
Epoch 264 | postive loss : 0.98, negtive loss : 3.78, worst lambd: 3.39, worst gap: 0.02:  26%|██▋       | 265/1000 [08:12<22:28,  1.83s/it]
Epoch 265 | postive loss : 0.98, negtive loss : 3.78, worst lambd: 3.46, worst gap: 0.03:  27%|██▋       | 266/1000 [08:13<22:30,  1.84s/it]
Epoch 266 | postive loss : 0.98, negtive loss : 3.80, worst lambd: 3.33, worst gap: 0.03:  27%|██▋       | 267/1000 [08:15<22:34,  1.85s/it]
Epoch 267 | postive loss : 0.98, negtive loss : 3.78, worst lambd: 3.29, worst gap: 0.04:  27%|██▋       | 268/1000 [08:17<22:29,  1.84s/it]
Epoch 268 | postive loss : 0.98, negtive loss : 3.79, worst lambd: 3.32, worst gap: 0.04:  27%|██▋       | 269/1000 [08:19<22:19,  1.83s/it]
Epoch 269 | postive loss : 0.98, negtive loss : 3.80, worst lambd: 3.34, worst gap: 0.03:  27%|██▋       | 270/1000 [08:21<22:22,  1.84s/it]
Epoch 270 | postive loss : 0.98, negtive loss : 3.81, worst lambd: 3.36, worst gap: 0.05:  27%|██▋       | 271/1000 [08:23<22:27,  1.85s/it]
Epoch 271 | postive loss : 0.97, negtive loss : 3.80, worst lambd: 3.40, worst gap: 0.03:  27%|██▋       | 272/1000 [08:24<22:31,  1.86s/it]
Epoch 272 | postive loss : 0.97, negtive loss : 3.80, worst lambd: 3.38, worst gap: 0.05:  27%|██▋       | 273/1000 [08:26<22:31,  1.86s/it]
Epoch 273 | postive loss : 0.98, negtive loss : 3.83, worst lambd: 3.40, worst gap: 0.04:  27%|██▋       | 274/1000 [08:28<22:16,  1.84s/it]
Epoch 274 | postive loss : 0.97, negtive loss : 3.81, worst lambd: 3.34, worst gap: 0.02:  28%|██▊       | 275/1000 [08:30<22:15,  1.84s/it]
Epoch 275 | postive loss : 0.97, negtive loss : 3.82, worst lambd: 3.38, worst gap: 0.03:  28%|██▊       | 276/1000 [08:32<22:20,  1.85s/it]
Epoch 276 | postive loss : 0.97, negtive loss : 3.81, worst lambd: 3.30, worst gap: 0.05:  28%|██▊       | 277/1000 [08:34<22:25,  1.86s/it]
Epoch 277 | postive loss : 0.97, negtive loss : 3.83, worst lambd: 3.13, worst gap: 0.05:  28%|██▊       | 278/1000 [08:36<22:18,  1.85s/it]
Epoch 278 | postive loss : 0.97, negtive loss : 3.84, worst lambd: 3.20, worst gap: 0.04:  28%|██▊       | 279/1000 [08:37<22:18,  1.86s/it]
Epoch 279 | postive loss : 0.96, negtive loss : 3.82, worst lambd: 3.54, worst gap: 0.04:  28%|██▊       | 280/1000 [08:39<22:17,  1.86s/it]
Epoch 280 | postive loss : 0.96, negtive loss : 3.82, worst lambd: 3.33, worst gap: 0.04:  28%|██▊       | 281/1000 [08:41<22:15,  1.86s/it]
Epoch 281 | postive loss : 0.96, negtive loss : 3.83, worst lambd: 3.33, worst gap: 0.05:  28%|██▊       | 282/1000 [08:43<22:13,  1.86s/it]
Epoch 282 | postive loss : 0.96, negtive loss : 3.84, worst lambd: 3.54, worst gap: 0.04:  28%|██▊       | 283/1000 [08:45<22:05,  1.85s/it]
Epoch 283 | postive loss : 0.96, negtive loss : 3.84, worst lambd: 3.47, worst gap: 0.03:  28%|██▊       | 284/1000 [08:47<22:04,  1.85s/it]
Epoch 284 | postive loss : 0.96, negtive loss : 3.85, worst lambd: 3.16, worst gap: 0.04:  28%|██▊       | 285/1000 [08:49<22:03,  1.85s/it]
Epoch 285 | postive loss : 0.96, negtive loss : 3.85, worst lambd: 3.26, worst gap: 0.03:  29%|██▊       | 286/1000 [08:50<21:58,  1.85s/it]
Epoch 286 | postive loss : 0.95, negtive loss : 3.85, worst lambd: 3.17, worst gap: 0.05:  29%|██▊       | 287/1000 [08:52<22:01,  1.85s/it]
Epoch 287 | postive loss : 0.96, negtive loss : 3.86, worst lambd: 3.38, worst gap: 0.04:  29%|██▉       | 288/1000 [08:54<22:08,  1.87s/it]
Epoch 288 | postive loss : 0.95, negtive loss : 3.86, worst lambd: 3.42, worst gap: 0.04:  29%|██▉       | 289/1000 [08:56<22:10,  1.87s/it]
Epoch 289 | postive loss : 0.96, negtive loss : 3.87, worst lambd: 3.41, worst gap: 0.04:  29%|██▉       | 290/1000 [08:58<22:03,  1.86s/it]
Epoch 290 | postive loss : 0.95, negtive loss : 3.87, worst lambd: 3.27, worst gap: 0.04:  29%|██▉       | 291/1000 [09:00<22:05,  1.87s/it]
Epoch 291 | postive loss : 0.95, negtive loss : 3.86, worst lambd: 3.19, worst gap: 0.05:  29%|██▉       | 292/1000 [09:02<22:02,  1.87s/it]
Epoch 292 | postive loss : 0.95, negtive loss : 3.88, worst lambd: 3.21, worst gap: 0.03:  29%|██▉       | 293/1000 [09:04<22:03,  1.87s/it]
Epoch 293 | postive loss : 0.95, negtive loss : 3.87, worst lambd: 3.49, worst gap: 0.03:  29%|██▉       | 294/1000 [09:05<22:00,  1.87s/it]
Epoch 294 | postive loss : 0.95, negtive loss : 3.88, worst lambd: 3.25, worst gap: 0.05:  30%|██▉       | 295/1000 [09:07<21:52,  1.86s/it]
Epoch 295 | postive loss : 0.95, negtive loss : 3.89, worst lambd: 3.24, worst gap: 0.03:  30%|██▉       | 296/1000 [09:09<21:51,  1.86s/it]
Epoch 296 | postive loss : 0.95, negtive loss : 3.88, worst lambd: 3.41, worst gap: 0.05:  30%|██▉       | 297/1000 [09:11<21:50,  1.86s/it]
Epoch 297 | postive loss : 0.95, negtive loss : 3.89, worst lambd: 3.28, worst gap: 0.03:  30%|██▉       | 298/1000 [09:13<21:51,  1.87s/it]
Epoch 298 | postive loss : 0.94, negtive loss : 3.88, worst lambd: 3.13, worst gap: 0.04:  30%|██▉       | 299/1000 [09:15<21:41,  1.86s/it]
Epoch 299 | postive loss : 0.94, negtive loss : 3.91, worst lambd: 3.25, worst gap: 0.04:  30%|███       | 300/1000 [09:16<21:31,  1.85s/it]
Epoch 300 | postive loss : 0.94, negtive loss : 3.89, worst lambd: 3.34, worst gap: 0.05:  30%|███       | 301/1000 [09:18<21:25,  1.84s/it]
Epoch 301 | postive loss : 0.94, negtive loss : 3.91, worst lambd: 3.16, worst gap: 0.02:  30%|███       | 302/1000 [09:20<21:10,  1.82s/it]
Epoch 302 | postive loss : 0.94, negtive loss : 3.89, worst lambd: 3.33, worst gap: 0.03:  30%|███       | 303/1000 [09:22<21:15,  1.83s/it]
Epoch 303 | postive loss : 0.94, negtive loss : 3.91, worst lambd: 3.09, worst gap: 0.04:  30%|███       | 304/1000 [09:24<21:28,  1.85s/it]
Epoch 304 | postive loss : 0.94, negtive loss : 3.90, worst lambd: 3.26, worst gap: 0.04:  30%|███       | 305/1000 [09:26<21:38,  1.87s/it]
Epoch 305 | postive loss : 0.94, negtive loss : 3.91, worst lambd: 3.29, worst gap: 0.03:  31%|███       | 306/1000 [09:28<21:44,  1.88s/it]
Epoch 306 | postive loss : 0.93, negtive loss : 3.91, worst lambd: 3.20, worst gap: 0.03:  31%|███       | 307/1000 [09:30<21:48,  1.89s/it]
Epoch 307 | postive loss : 0.94, negtive loss : 3.93, worst lambd: 3.38, worst gap: 0.04:  31%|███       | 308/1000 [09:31<21:50,  1.89s/it]
Epoch 308 | postive loss : 0.93, negtive loss : 3.91, worst lambd: 3.38, worst gap: 0.05:  31%|███       | 309/1000 [09:33<21:50,  1.90s/it]
Epoch 309 | postive loss : 0.93, negtive loss : 3.93, worst lambd: 3.26, worst gap: 0.04:  31%|███       | 310/1000 [09:35<21:50,  1.90s/it]
Epoch 310 | postive loss : 0.93, negtive loss : 3.92, worst lambd: 3.14, worst gap: 0.05:  31%|███       | 311/1000 [09:37<21:50,  1.90s/it]
Epoch 311 | postive loss : 0.93, negtive loss : 3.92, worst lambd: 3.09, worst gap: 0.02:  31%|███       | 312/1000 [09:39<21:49,  1.90s/it]
Epoch 312 | postive loss : 0.93, negtive loss : 3.92, worst lambd: 3.23, worst gap: 0.05:  31%|███▏      | 313/1000 [09:41<21:48,  1.90s/it]
Epoch 313 | postive loss : 0.93, negtive loss : 3.94, worst lambd: 3.40, worst gap: 0.06:  31%|███▏      | 314/1000 [09:43<21:46,  1.90s/it]
Epoch 314 | postive loss : 0.93, negtive loss : 3.94, worst lambd: 3.23, worst gap: 0.04:  32%|███▏      | 315/1000 [09:45<21:44,  1.90s/it]
Epoch 315 | postive loss : 0.92, negtive loss : 3.92, worst lambd: 3.24, worst gap: 0.05:  32%|███▏      | 316/1000 [09:47<21:44,  1.91s/it]
Epoch 316 | postive loss : 0.93, negtive loss : 3.95, worst lambd: 3.29, worst gap: 0.04:  32%|███▏      | 317/1000 [09:49<21:44,  1.91s/it]
Epoch 317 | postive loss : 0.92, negtive loss : 3.95, worst lambd: 3.10, worst gap: 0.04:  32%|███▏      | 318/1000 [09:51<21:43,  1.91s/it]
Epoch 318 | postive loss : 0.92, negtive loss : 3.95, worst lambd: 3.18, worst gap: 0.04:  32%|███▏      | 319/1000 [09:52<21:32,  1.90s/it]
Epoch 319 | postive loss : 0.92, negtive loss : 3.96, worst lambd: 3.09, worst gap: 0.04:  32%|███▏      | 320/1000 [09:54<21:06,  1.86s/it]
Epoch 320 | postive loss : 0.92, negtive loss : 3.96, worst lambd: 3.40, worst gap: 0.04:  32%|███▏      | 321/1000 [09:56<20:41,  1.83s/it]
Epoch 321 | postive loss : 0.92, negtive loss : 3.96, worst lambd: 3.08, worst gap: 0.03:  32%|███▏      | 322/1000 [09:58<20:23,  1.80s/it]
Epoch 322 | postive loss : 0.92, negtive loss : 3.96, worst lambd: 3.17, worst gap: 0.03:  32%|███▏      | 323/1000 [09:59<20:09,  1.79s/it]
Epoch 323 | postive loss : 0.92, negtive loss : 3.95, worst lambd: 3.27, worst gap: 0.03:  32%|███▏      | 324/1000 [10:01<20:00,  1.78s/it]
Epoch 324 | postive loss : 0.92, negtive loss : 3.96, worst lambd: 3.29, worst gap: 0.04:  32%|███▎      | 325/1000 [10:03<19:52,  1.77s/it]
Epoch 325 | postive loss : 0.92, negtive loss : 3.98, worst lambd: 3.06, worst gap: 0.04:  33%|███▎      | 326/1000 [10:05<19:46,  1.76s/it]
Epoch 326 | postive loss : 0.91, negtive loss : 3.96, worst lambd: 3.04, worst gap: 0.05:  33%|███▎      | 327/1000 [10:06<19:42,  1.76s/it]
Epoch 327 | postive loss : 0.91, negtive loss : 3.97, worst lambd: 3.22, worst gap: 0.05:  33%|███▎      | 328/1000 [10:08<19:38,  1.75s/it]
Epoch 328 | postive loss : 0.91, negtive loss : 3.98, worst lambd: 3.17, worst gap: 0.04:  33%|███▎      | 329/1000 [10:10<19:33,  1.75s/it]
Epoch 329 | postive loss : 0.91, negtive loss : 3.99, worst lambd: 3.13, worst gap: 0.03:  33%|███▎      | 330/1000 [10:12<19:31,  1.75s/it]
Epoch 330 | postive loss : 0.91, negtive loss : 3.98, worst lambd: 3.35, worst gap: 0.03:  33%|███▎      | 331/1000 [10:13<19:28,  1.75s/it]
Epoch 331 | postive loss : 0.91, negtive loss : 3.98, worst lambd: 3.00, worst gap: 0.04:  33%|███▎      | 332/1000 [10:15<19:24,  1.74s/it]
Epoch 332 | postive loss : 0.91, negtive loss : 4.00, worst lambd: 2.98, worst gap: 0.05:  33%|███▎      | 333/1000 [10:17<19:23,  1.74s/it]
Epoch 333 | postive loss : 0.91, negtive loss : 3.99, worst lambd: 3.30, worst gap: 0.04:  33%|███▎      | 334/1000 [10:19<19:20,  1.74s/it]
Epoch 334 | postive loss : 0.90, negtive loss : 3.98, worst lambd: 3.07, worst gap: 0.03:  34%|███▎      | 335/1000 [10:20<19:19,  1.74s/it]
Epoch 335 | postive loss : 0.91, negtive loss : 4.00, worst lambd: 3.24, worst gap: 0.05:  34%|███▎      | 336/1000 [10:22<19:18,  1.75s/it]
Epoch 336 | postive loss : 0.90, negtive loss : 4.01, worst lambd: 3.26, worst gap: 0.05:  34%|███▎      | 337/1000 [10:24<19:16,  1.74s/it]
Epoch 337 | postive loss : 0.90, negtive loss : 4.00, worst lambd: 3.19, worst gap: 0.03:  34%|███▍      | 338/1000 [10:26<19:17,  1.75s/it]
Epoch 338 | postive loss : 0.90, negtive loss : 4.02, worst lambd: 3.06, worst gap: 0.03:  34%|███▍      | 339/1000 [10:27<19:40,  1.79s/it]
Epoch 339 | postive loss : 0.90, negtive loss : 4.01, worst lambd: 3.24, worst gap: 0.03:  34%|███▍      | 340/1000 [10:29<19:50,  1.80s/it]
Epoch 340 | postive loss : 0.90, negtive loss : 4.02, worst lambd: 3.10, worst gap: 0.04:  34%|███▍      | 341/1000 [10:31<20:02,  1.83s/it]
Epoch 341 | postive loss : 0.90, negtive loss : 4.02, worst lambd: 3.18, worst gap: 0.05:  34%|███▍      | 342/1000 [10:33<20:21,  1.86s/it]
Epoch 342 | postive loss : 0.90, negtive loss : 4.01, worst lambd: 3.24, worst gap: 0.03:  34%|███▍      | 343/1000 [10:35<20:34,  1.88s/it]
Epoch 343 | postive loss : 0.90, negtive loss : 4.02, worst lambd: 2.98, worst gap: 0.03:  34%|███▍      | 344/1000 [10:37<20:31,  1.88s/it]
Epoch 344 | postive loss : 0.90, negtive loss : 4.03, worst lambd: 3.08, worst gap: 0.05:  34%|███▍      | 345/1000 [10:39<20:28,  1.88s/it]
Epoch 345 | postive loss : 0.90, negtive loss : 4.03, worst lambd: 3.12, worst gap: 0.04:  35%|███▍      | 346/1000 [10:41<20:45,  1.90s/it]
Epoch 346 | postive loss : 0.90, negtive loss : 4.04, worst lambd: 3.10, worst gap: 0.04:  35%|███▍      | 347/1000 [10:43<20:39,  1.90s/it]
Epoch 347 | postive loss : 0.89, negtive loss : 4.03, worst lambd: 3.11, worst gap: 0.03:  35%|███▍      | 348/1000 [10:44<20:21,  1.87s/it]
Epoch 348 | postive loss : 0.89, negtive loss : 4.04, worst lambd: 3.13, worst gap: 0.02:  35%|███▍      | 349/1000 [10:46<20:22,  1.88s/it]
Epoch 349 | postive loss : 0.89, negtive loss : 4.04, worst lambd: 3.26, worst gap: 0.02:  35%|███▌      | 350/1000 [10:48<20:19,  1.88s/it]
Epoch 350 | postive loss : 0.89, negtive loss : 4.05, worst lambd: 3.25, worst gap: 0.04:  35%|███▌      | 351/1000 [10:50<20:08,  1.86s/it]
Epoch 351 | postive loss : 0.89, negtive loss : 4.06, worst lambd: 3.17, worst gap: 0.04:  35%|███▌      | 352/1000 [10:52<20:06,  1.86s/it]
Epoch 352 | postive loss : 0.89, negtive loss : 4.05, worst lambd: 3.12, worst gap: 0.03:  35%|███▌      | 353/1000 [10:54<20:16,  1.88s/it]
Epoch 353 | postive loss : 0.89, negtive loss : 4.06, worst lambd: 3.05, worst gap: 0.03:  35%|███▌      | 354/1000 [10:56<20:08,  1.87s/it]
Epoch 354 | postive loss : 0.89, negtive loss : 4.06, worst lambd: 2.98, worst gap: 0.03:  36%|███▌      | 355/1000 [10:58<20:11,  1.88s/it]
Epoch 355 | postive loss : 0.89, negtive loss : 4.06, worst lambd: 3.24, worst gap: 0.04:  36%|███▌      | 356/1000 [10:59<20:02,  1.87s/it]
Epoch 356 | postive loss : 0.89, negtive loss : 4.06, worst lambd: 3.04, worst gap: 0.04:  36%|███▌      | 357/1000 [11:01<20:03,  1.87s/it]
Epoch 357 | postive loss : 0.89, negtive loss : 4.07, worst lambd: 3.16, worst gap: 0.04:  36%|███▌      | 358/1000 [11:03<19:49,  1.85s/it]
Epoch 358 | postive loss : 0.88, negtive loss : 4.07, worst lambd: 3.18, worst gap: 0.03:  36%|███▌      | 359/1000 [11:05<19:47,  1.85s/it]
Epoch 359 | postive loss : 0.88, negtive loss : 4.07, worst lambd: 3.13, worst gap: 0.04:  36%|███▌      | 360/1000 [11:07<19:49,  1.86s/it]
Epoch 360 | postive loss : 0.88, negtive loss : 4.08, worst lambd: 3.17, worst gap: 0.04:  36%|███▌      | 361/1000 [11:09<19:49,  1.86s/it]
Epoch 361 | postive loss : 0.88, negtive loss : 4.07, worst lambd: 3.00, worst gap: 0.05:  36%|███▌      | 362/1000 [11:11<19:45,  1.86s/it]
Epoch 362 | postive loss : 0.88, negtive loss : 4.08, worst lambd: 2.97, worst gap: 0.05:  36%|███▋      | 363/1000 [11:12<19:40,  1.85s/it]
Epoch 363 | postive loss : 0.88, negtive loss : 4.08, worst lambd: 3.19, worst gap: 0.04:  36%|███▋      | 364/1000 [11:14<19:43,  1.86s/it]
Epoch 364 | postive loss : 0.88, negtive loss : 4.09, worst lambd: 3.08, worst gap: 0.03:  36%|███▋      | 365/1000 [11:16<19:46,  1.87s/it]
Epoch 365 | postive loss : 0.88, negtive loss : 4.09, worst lambd: 3.18, worst gap: 0.04:  37%|███▋      | 366/1000 [11:18<19:44,  1.87s/it]
Epoch 366 | postive loss : 0.88, negtive loss : 4.10, worst lambd: 3.03, worst gap: 0.03:  37%|███▋      | 367/1000 [11:20<19:42,  1.87s/it]
Epoch 367 | postive loss : 0.88, negtive loss : 4.10, worst lambd: 3.16, worst gap: 0.05:  37%|███▋      | 368/1000 [11:22<19:41,  1.87s/it]
Epoch 368 | postive loss : 0.88, negtive loss : 4.10, worst lambd: 3.04, worst gap: 0.02:  37%|███▋      | 369/1000 [11:24<19:33,  1.86s/it]
Epoch 369 | postive loss : 0.88, negtive loss : 4.11, worst lambd: 3.11, worst gap: 0.06:  37%|███▋      | 370/1000 [11:25<19:27,  1.85s/it]
Epoch 370 | postive loss : 0.88, negtive loss : 4.10, worst lambd: 3.00, worst gap: 0.04:  37%|███▋      | 371/1000 [11:27<19:23,  1.85s/it]
Epoch 371 | postive loss : 0.87, negtive loss : 4.10, worst lambd: 3.09, worst gap: 0.05:  37%|███▋      | 372/1000 [11:29<19:19,  1.85s/it]
Epoch 372 | postive loss : 0.87, negtive loss : 4.10, worst lambd: 3.15, worst gap: 0.05:  37%|███▋      | 373/1000 [11:31<19:16,  1.85s/it]
Epoch 373 | postive loss : 0.88, negtive loss : 4.12, worst lambd: 3.08, worst gap: 0.05:  37%|███▋      | 374/1000 [11:33<19:13,  1.84s/it]
Epoch 374 | postive loss : 0.87, negtive loss : 4.12, worst lambd: 3.00, worst gap: 0.05:  38%|███▊      | 375/1000 [11:35<19:11,  1.84s/it]
Epoch 375 | postive loss : 0.87, negtive loss : 4.12, worst lambd: 3.10, worst gap: 0.03:  38%|███▊      | 376/1000 [11:37<19:10,  1.84s/it]
Epoch 376 | postive loss : 0.87, negtive loss : 4.12, worst lambd: 3.02, worst gap: 0.05:  38%|███▊      | 377/1000 [11:38<19:09,  1.85s/it]
Epoch 377 | postive loss : 0.87, negtive loss : 4.12, worst lambd: 3.02, worst gap: 0.03:  38%|███▊      | 378/1000 [11:40<19:08,  1.85s/it]
Epoch 378 | postive loss : 0.87, negtive loss : 4.12, worst lambd: 3.21, worst gap: 0.05:  38%|███▊      | 379/1000 [11:42<19:09,  1.85s/it]
Epoch 379 | postive loss : 0.87, negtive loss : 4.13, worst lambd: 3.21, worst gap: 0.04:  38%|███▊      | 380/1000 [11:44<19:11,  1.86s/it]
Epoch 380 | postive loss : 0.87, negtive loss : 4.13, worst lambd: 3.09, worst gap: 0.03:  38%|███▊      | 381/1000 [11:46<19:12,  1.86s/it]
Epoch 381 | postive loss : 0.87, negtive loss : 4.12, worst lambd: 2.97, worst gap: 0.03:  38%|███▊      | 382/1000 [11:48<19:12,  1.86s/it]
Epoch 382 | postive loss : 0.87, negtive loss : 4.14, worst lambd: 3.16, worst gap: 0.03:  38%|███▊      | 383/1000 [11:50<19:11,  1.87s/it]
Epoch 383 | postive loss : 0.87, negtive loss : 4.15, worst lambd: 3.14, worst gap: 0.04:  38%|███▊      | 384/1000 [11:51<19:10,  1.87s/it]
Epoch 384 | postive loss : 0.86, negtive loss : 4.13, worst lambd: 2.99, worst gap: 0.05:  38%|███▊      | 385/1000 [11:53<19:03,  1.86s/it]
Epoch 385 | postive loss : 0.87, negtive loss : 4.15, worst lambd: 2.94, worst gap: 0.02:  39%|███▊      | 386/1000 [11:55<18:54,  1.85s/it]
Epoch 386 | postive loss : 0.87, negtive loss : 4.16, worst lambd: 3.04, worst gap: 0.03:  39%|███▊      | 387/1000 [11:57<18:52,  1.85s/it]
Epoch 387 | postive loss : 0.86, negtive loss : 4.16, worst lambd: 3.09, worst gap: 0.03:  39%|███▉      | 388/1000 [11:59<18:54,  1.85s/it]
Epoch 388 | postive loss : 0.86, negtive loss : 4.15, worst lambd: 2.99, worst gap: 0.04:  39%|███▉      | 389/1000 [12:01<18:50,  1.85s/it]
Epoch 389 | postive loss : 0.86, negtive loss : 4.16, worst lambd: 3.02, worst gap: 0.03:  39%|███▉      | 390/1000 [12:03<18:46,  1.85s/it]
Epoch 390 | postive loss : 0.86, negtive loss : 4.16, worst lambd: 2.84, worst gap: 0.03:  39%|███▉      | 391/1000 [12:04<18:45,  1.85s/it]
Epoch 391 | postive loss : 0.86, negtive loss : 4.17, worst lambd: 3.07, worst gap: 0.04:  39%|███▉      | 392/1000 [12:06<18:48,  1.86s/it]
Epoch 392 | postive loss : 0.86, negtive loss : 4.16, worst lambd: 3.12, worst gap: 0.03:  39%|███▉      | 393/1000 [12:08<18:50,  1.86s/it]
Epoch 393 | postive loss : 0.86, negtive loss : 4.17, worst lambd: 3.02, worst gap: 0.04:  39%|███▉      | 394/1000 [12:10<18:50,  1.87s/it]
Epoch 394 | postive loss : 0.86, negtive loss : 4.17, worst lambd: 2.97, worst gap: 0.03:  40%|███▉      | 395/1000 [12:12<18:50,  1.87s/it]
Epoch 395 | postive loss : 0.86, negtive loss : 4.19, worst lambd: 3.10, worst gap: 0.04:  40%|███▉      | 396/1000 [12:14<18:47,  1.87s/it]
Epoch 396 | postive loss : 0.86, negtive loss : 4.17, worst lambd: 2.95, worst gap: 0.03:  40%|███▉      | 397/1000 [12:15<18:26,  1.83s/it]
Epoch 397 | postive loss : 0.86, negtive loss : 4.19, worst lambd: 2.97, worst gap: 0.03:  40%|███▉      | 398/1000 [12:17<18:10,  1.81s/it]
Epoch 398 | postive loss : 0.85, negtive loss : 4.18, worst lambd: 3.08, worst gap: 0.04:  40%|███▉      | 399/1000 [12:19<18:00,  1.80s/it]
Epoch 399 | postive loss : 0.86, negtive loss : 4.18, worst lambd: 3.06, worst gap: 0.03:  40%|████      | 400/1000 [12:21<17:53,  1.79s/it]
Epoch 400 | postive loss : 0.86, negtive loss : 4.19, worst lambd: 2.99, worst gap: 0.05:  40%|████      | 401/1000 [12:23<17:53,  1.79s/it]
Epoch 401 | postive loss : 0.85, negtive loss : 4.19, worst lambd: 3.11, worst gap: 0.04:  40%|████      | 402/1000 [12:24<18:04,  1.81s/it]
Epoch 402 | postive loss : 0.85, negtive loss : 4.18, worst lambd: 3.09, worst gap: 0.04:  40%|████      | 403/1000 [12:26<18:01,  1.81s/it]
Epoch 403 | postive loss : 0.85, negtive loss : 4.20, worst lambd: 2.91, worst gap: 0.05:  40%|████      | 404/1000 [12:28<17:58,  1.81s/it]
Epoch 404 | postive loss : 0.85, negtive loss : 4.19, worst lambd: 3.15, worst gap: 0.04:  40%|████      | 405/1000 [12:30<18:01,  1.82s/it]
Epoch 405 | postive loss : 0.85, negtive loss : 4.21, worst lambd: 3.09, worst gap: 0.04:  41%|████      | 406/1000 [12:32<18:03,  1.82s/it]
Epoch 406 | postive loss : 0.85, negtive loss : 4.21, worst lambd: 3.06, worst gap: 0.03:  41%|████      | 407/1000 [12:34<18:11,  1.84s/it]
Epoch 407 | postive loss : 0.85, negtive loss : 4.20, worst lambd: 3.09, worst gap: 0.03:  41%|████      | 408/1000 [12:35<18:12,  1.84s/it]
Epoch 408 | postive loss : 0.85, negtive loss : 4.21, worst lambd: 3.07, worst gap: 0.04:  41%|████      | 409/1000 [12:37<18:12,  1.85s/it]
Epoch 409 | postive loss : 0.85, negtive loss : 4.21, worst lambd: 3.05, worst gap: 0.04:  41%|████      | 410/1000 [12:39<18:09,  1.85s/it]
Epoch 410 | postive loss : 0.85, negtive loss : 4.20, worst lambd: 3.10, worst gap: 0.05:  41%|████      | 411/1000 [12:41<18:14,  1.86s/it]
Epoch 411 | postive loss : 0.85, negtive loss : 4.21, worst lambd: 2.97, worst gap: 0.03:  41%|████      | 412/1000 [12:43<17:55,  1.83s/it]
Epoch 412 | postive loss : 0.85, negtive loss : 4.23, worst lambd: 3.05, worst gap: 0.04:  41%|████▏     | 413/1000 [12:45<17:43,  1.81s/it]
Epoch 413 | postive loss : 0.85, negtive loss : 4.22, worst lambd: 3.01, worst gap: 0.04:  41%|████▏     | 414/1000 [12:46<17:31,  1.80s/it]
Epoch 414 | postive loss : 0.85, negtive loss : 4.24, worst lambd: 3.09, worst gap: 0.04:  42%|████▏     | 415/1000 [12:48<17:23,  1.78s/it]
Epoch 415 | postive loss : 0.84, negtive loss : 4.22, worst lambd: 2.99, worst gap: 0.03:  42%|████▏     | 416/1000 [12:50<17:17,  1.78s/it]
Epoch 416 | postive loss : 0.85, negtive loss : 4.21, worst lambd: 3.04, worst gap: 0.03:  42%|████▏     | 417/1000 [12:52<17:13,  1.77s/it]
Epoch 417 | postive loss : 0.85, negtive loss : 4.23, worst lambd: 2.97, worst gap: 0.04:  42%|████▏     | 418/1000 [12:53<17:09,  1.77s/it]
Epoch 418 | postive loss : 0.84, negtive loss : 4.23, worst lambd: 3.13, worst gap: 0.05:  42%|████▏     | 419/1000 [12:55<17:04,  1.76s/it]
Epoch 419 | postive loss : 0.84, negtive loss : 4.23, worst lambd: 2.98, worst gap: 0.04:  42%|████▏     | 420/1000 [12:57<17:01,  1.76s/it]
Epoch 420 | postive loss : 0.84, negtive loss : 4.24, worst lambd: 3.11, worst gap: 0.03:  42%|████▏     | 421/1000 [12:59<16:59,  1.76s/it]
Epoch 421 | postive loss : 0.84, negtive loss : 4.24, worst lambd: 2.95, worst gap: 0.04:  42%|████▏     | 422/1000 [13:00<16:56,  1.76s/it]
Epoch 422 | postive loss : 0.84, negtive loss : 4.24, worst lambd: 2.91, worst gap: 0.04:  42%|████▏     | 423/1000 [13:02<16:54,  1.76s/it]
Epoch 423 | postive loss : 0.84, negtive loss : 4.25, worst lambd: 3.07, worst gap: 0.03:  42%|████▏     | 424/1000 [13:04<16:54,  1.76s/it]
Epoch 424 | postive loss : 0.84, negtive loss : 4.24, worst lambd: 3.08, worst gap: 0.04:  42%|████▎     | 425/1000 [13:06<16:52,  1.76s/it]
Epoch 425 | postive loss : 0.84, negtive loss : 4.25, worst lambd: 2.94, worst gap: 0.04:  43%|████▎     | 426/1000 [13:07<16:50,  1.76s/it]
Epoch 426 | postive loss : 0.84, negtive loss : 4.25, worst lambd: 2.97, worst gap: 0.05:  43%|████▎     | 427/1000 [13:09<16:49,  1.76s/it]
Epoch 427 | postive loss : 0.84, negtive loss : 4.25, worst lambd: 3.01, worst gap: 0.04:  43%|████▎     | 428/1000 [13:11<16:46,  1.76s/it]
Epoch 428 | postive loss : 0.84, negtive loss : 4.26, worst lambd: 3.14, worst gap: 0.03:  43%|████▎     | 429/1000 [13:13<16:45,  1.76s/it]
Epoch 429 | postive loss : 0.84, negtive loss : 4.25, worst lambd: 3.07, worst gap: 0.04:  43%|████▎     | 430/1000 [13:14<16:44,  1.76s/it]
Epoch 430 | postive loss : 0.84, negtive loss : 4.25, worst lambd: 3.04, worst gap: 0.03:  43%|████▎     | 431/1000 [13:16<16:42,  1.76s/it]
Epoch 431 | postive loss : 0.84, negtive loss : 4.26, worst lambd: 3.02, worst gap: 0.03:  43%|████▎     | 432/1000 [13:18<16:40,  1.76s/it]
Epoch 432 | postive loss : 0.84, negtive loss : 4.26, worst lambd: 3.12, worst gap: 0.05:  43%|████▎     | 433/1000 [13:20<16:38,  1.76s/it]
Epoch 433 | postive loss : 0.84, negtive loss : 4.27, worst lambd: 2.97, worst gap: 0.04:  43%|████▎     | 434/1000 [13:22<16:37,  1.76s/it]
Epoch 434 | postive loss : 0.83, negtive loss : 4.27, worst lambd: 2.92, worst gap: 0.05:  44%|████▎     | 435/1000 [13:23<16:36,  1.76s/it]
Epoch 435 | postive loss : 0.83, negtive loss : 4.27, worst lambd: 3.21, worst gap: 0.03:  44%|████▎     | 436/1000 [13:25<16:44,  1.78s/it]
Epoch 436 | postive loss : 0.84, negtive loss : 4.27, worst lambd: 3.08, worst gap: 0.05:  44%|████▎     | 437/1000 [13:27<16:43,  1.78s/it]
Epoch 437 | postive loss : 0.83, negtive loss : 4.29, worst lambd: 2.99, worst gap: 0.05:  44%|████▍     | 438/1000 [13:29<16:50,  1.80s/it]
Epoch 438 | postive loss : 0.83, negtive loss : 4.28, worst lambd: 3.10, worst gap: 0.04:  44%|████▍     | 439/1000 [13:31<16:55,  1.81s/it]
Epoch 439 | postive loss : 0.83, negtive loss : 4.28, worst lambd: 3.01, worst gap: 0.05:  44%|████▍     | 440/1000 [13:32<16:57,  1.82s/it]
Epoch 440 | postive loss : 0.83, negtive loss : 4.29, worst lambd: 3.04, worst gap: 0.04:  44%|████▍     | 441/1000 [13:34<17:01,  1.83s/it]
Epoch 441 | postive loss : 0.83, negtive loss : 4.28, worst lambd: 2.96, worst gap: 0.03:  44%|████▍     | 442/1000 [13:36<17:05,  1.84s/it]
Epoch 442 | postive loss : 0.83, negtive loss : 4.28, worst lambd: 3.04, worst gap: 0.04:  44%|████▍     | 443/1000 [13:38<17:08,  1.85s/it]
Epoch 443 | postive loss : 0.83, negtive loss : 4.29, worst lambd: 2.95, worst gap: 0.03:  44%|████▍     | 444/1000 [13:40<17:11,  1.85s/it]
Epoch 444 | postive loss : 0.83, negtive loss : 4.30, worst lambd: 2.99, worst gap: 0.03:  44%|████▍     | 445/1000 [13:42<17:26,  1.89s/it]
Epoch 445 | postive loss : 0.83, negtive loss : 4.29, worst lambd: 3.01, worst gap: 0.05:  45%|████▍     | 446/1000 [13:44<17:19,  1.88s/it]
Epoch 446 | postive loss : 0.83, negtive loss : 4.30, worst lambd: 3.18, worst gap: 0.04:  45%|████▍     | 447/1000 [13:45<17:05,  1.85s/it]
Epoch 447 | postive loss : 0.83, negtive loss : 4.31, worst lambd: 3.17, worst gap: 0.04:  45%|████▍     | 448/1000 [13:47<17:04,  1.86s/it]
Epoch 448 | postive loss : 0.83, negtive loss : 4.29, worst lambd: 3.01, worst gap: 0.04:  45%|████▍     | 449/1000 [13:49<17:03,  1.86s/it]
Epoch 449 | postive loss : 0.83, negtive loss : 4.30, worst lambd: 2.91, worst gap: 0.04:  45%|████▌     | 450/1000 [13:51<17:09,  1.87s/it]
Epoch 450 | postive loss : 0.83, negtive loss : 4.30, worst lambd: 3.03, worst gap: 0.03:  45%|████▌     | 451/1000 [13:53<17:05,  1.87s/it]
Epoch 451 | postive loss : 0.82, negtive loss : 4.29, worst lambd: 3.10, worst gap: 0.04:  45%|████▌     | 452/1000 [13:55<17:01,  1.86s/it]
Epoch 452 | postive loss : 0.83, negtive loss : 4.32, worst lambd: 3.03, worst gap: 0.04:  45%|████▌     | 453/1000 [13:57<16:58,  1.86s/it]
Epoch 453 | postive loss : 0.83, negtive loss : 4.30, worst lambd: 2.95, worst gap: 0.04:  45%|████▌     | 454/1000 [13:59<16:59,  1.87s/it]
Epoch 454 | postive loss : 0.83, negtive loss : 4.31, worst lambd: 3.01, worst gap: 0.04:  46%|████▌     | 455/1000 [14:00<16:55,  1.86s/it]
Epoch 455 | postive loss : 0.83, negtive loss : 4.31, worst lambd: 2.96, worst gap: 0.04:  46%|████▌     | 456/1000 [14:02<16:53,  1.86s/it]
Epoch 456 | postive loss : 0.83, negtive loss : 4.31, worst lambd: 3.17, worst gap: 0.03:  46%|████▌     | 457/1000 [14:04<16:55,  1.87s/it]
Epoch 457 | postive loss : 0.83, negtive loss : 4.32, worst lambd: 2.98, worst gap: 0.04:  46%|████▌     | 458/1000 [14:06<16:54,  1.87s/it]
Epoch 458 | postive loss : 0.82, negtive loss : 4.32, worst lambd: 3.00, worst gap: 0.04:  46%|████▌     | 459/1000 [14:08<16:54,  1.87s/it]
Epoch 459 | postive loss : 0.82, negtive loss : 4.32, worst lambd: 2.92, worst gap: 0.03:  46%|████▌     | 460/1000 [14:10<16:53,  1.88s/it]
Epoch 460 | postive loss : 0.82, negtive loss : 4.33, worst lambd: 3.03, worst gap: 0.04:  46%|████▌     | 461/1000 [14:12<16:51,  1.88s/it]
Epoch 461 | postive loss : 0.82, negtive loss : 4.32, worst lambd: 3.05, worst gap: 0.05:  46%|████▌     | 462/1000 [14:14<16:49,  1.88s/it]
Epoch 462 | postive loss : 0.83, negtive loss : 4.35, worst lambd: 2.91, worst gap: 0.04:  46%|████▋     | 463/1000 [14:15<16:51,  1.88s/it]
Epoch 463 | postive loss : 0.82, negtive loss : 4.32, worst lambd: 2.93, worst gap: 0.04:  46%|████▋     | 464/1000 [14:17<16:47,  1.88s/it]
Epoch 464 | postive loss : 0.82, negtive loss : 4.33, worst lambd: 3.11, worst gap: 0.04:  46%|████▋     | 465/1000 [14:19<16:44,  1.88s/it]
Epoch 465 | postive loss : 0.82, negtive loss : 4.34, worst lambd: 3.05, worst gap: 0.03:  47%|████▋     | 466/1000 [14:21<16:42,  1.88s/it]
Epoch 466 | postive loss : 0.82, negtive loss : 4.34, worst lambd: 3.05, worst gap: 0.04:  47%|████▋     | 467/1000 [14:23<16:38,  1.87s/it]
Epoch 467 | postive loss : 0.82, negtive loss : 4.32, worst lambd: 3.01, worst gap: 0.03:  47%|████▋     | 468/1000 [14:25<16:40,  1.88s/it]
Epoch 468 | postive loss : 0.82, negtive loss : 4.33, worst lambd: 3.01, worst gap: 0.04:  47%|████▋     | 469/1000 [14:27<16:34,  1.87s/it]
Epoch 469 | postive loss : 0.82, negtive loss : 4.35, worst lambd: 2.91, worst gap: 0.03:  47%|████▋     | 470/1000 [14:29<16:30,  1.87s/it]
Epoch 470 | postive loss : 0.82, negtive loss : 4.35, worst lambd: 3.02, worst gap: 0.05:  47%|████▋     | 471/1000 [14:30<16:25,  1.86s/it]
Epoch 471 | postive loss : 0.81, negtive loss : 4.34, worst lambd: 2.98, worst gap: 0.03:  47%|████▋     | 472/1000 [14:32<16:24,  1.86s/it]
Epoch 472 | postive loss : 0.82, negtive loss : 4.35, worst lambd: 3.04, worst gap: 0.03:  47%|████▋     | 473/1000 [14:34<16:23,  1.87s/it]
Epoch 473 | postive loss : 0.82, negtive loss : 4.37, worst lambd: 3.11, worst gap: 0.04:  47%|████▋     | 474/1000 [14:36<16:22,  1.87s/it]
Epoch 474 | postive loss : 0.82, negtive loss : 4.36, worst lambd: 3.03, worst gap: 0.05:  48%|████▊     | 475/1000 [14:38<16:20,  1.87s/it]
Epoch 475 | postive loss : 0.82, negtive loss : 4.35, worst lambd: 3.06, worst gap: 0.03:  48%|████▊     | 476/1000 [14:40<16:16,  1.86s/it]
Epoch 476 | postive loss : 0.82, negtive loss : 4.36, worst lambd: 3.07, worst gap: 0.03:  48%|████▊     | 477/1000 [14:42<16:12,  1.86s/it]
Epoch 477 | postive loss : 0.82, negtive loss : 4.36, worst lambd: 3.06, worst gap: 0.03:  48%|████▊     | 478/1000 [14:43<16:08,  1.86s/it]
Epoch 478 | postive loss : 0.82, negtive loss : 4.37, worst lambd: 2.96, worst gap: 0.04:  48%|████▊     | 479/1000 [14:45<16:11,  1.86s/it]
Epoch 479 | postive loss : 0.82, negtive loss : 4.36, worst lambd: 2.83, worst gap: 0.03:  48%|████▊     | 480/1000 [14:47<16:08,  1.86s/it]
Epoch 480 | postive loss : 0.81, negtive loss : 4.37, worst lambd: 3.13, worst gap: 0.04:  48%|████▊     | 481/1000 [14:49<16:07,  1.86s/it]
Epoch 481 | postive loss : 0.81, negtive loss : 4.38, worst lambd: 3.01, worst gap: 0.04:  48%|████▊     | 482/1000 [14:51<16:03,  1.86s/it]
Epoch 482 | postive loss : 0.82, negtive loss : 4.37, worst lambd: 3.05, worst gap: 0.03:  48%|████▊     | 483/1000 [14:53<16:00,  1.86s/it]
Epoch 483 | postive loss : 0.81, negtive loss : 4.38, worst lambd: 2.94, worst gap: 0.03:  48%|████▊     | 484/1000 [14:55<15:57,  1.86s/it]
Epoch 484 | postive loss : 0.81, negtive loss : 4.38, worst lambd: 2.95, worst gap: 0.04:  48%|████▊     | 485/1000 [14:56<15:55,  1.85s/it]
Epoch 485 | postive loss : 0.81, negtive loss : 4.38, worst lambd: 3.25, worst gap: 0.04:  49%|████▊     | 486/1000 [14:58<15:52,  1.85s/it]
Epoch 486 | postive loss : 0.81, negtive loss : 4.38, worst lambd: 3.15, worst gap: 0.03:  49%|████▊     | 487/1000 [15:00<15:53,  1.86s/it]
Epoch 487 | postive loss : 0.81, negtive loss : 4.38, worst lambd: 2.90, worst gap: 0.05:  49%|████▉     | 488/1000 [15:02<15:49,  1.86s/it]
Epoch 488 | postive loss : 0.81, negtive loss : 4.38, worst lambd: 2.84, worst gap: 0.04:  49%|████▉     | 489/1000 [15:04<15:55,  1.87s/it]
Epoch 489 | postive loss : 0.81, negtive loss : 4.38, worst lambd: 2.89, worst gap: 0.05:  49%|████▉     | 490/1000 [15:06<15:53,  1.87s/it]
Epoch 490 | postive loss : 0.81, negtive loss : 4.38, worst lambd: 3.03, worst gap: 0.03:  49%|████▉     | 491/1000 [15:08<15:53,  1.87s/it]
Epoch 491 | postive loss : 0.81, negtive loss : 4.39, worst lambd: 2.97, worst gap: 0.04:  49%|████▉     | 492/1000 [15:10<15:51,  1.87s/it]
Epoch 492 | postive loss : 0.81, negtive loss : 4.39, worst lambd: 2.96, worst gap: 0.04:  49%|████▉     | 493/1000 [15:11<15:49,  1.87s/it]
Epoch 493 | postive loss : 0.81, negtive loss : 4.39, worst lambd: 3.05, worst gap: 0.04:  49%|████▉     | 494/1000 [15:13<15:48,  1.87s/it]
Epoch 494 | postive loss : 0.81, negtive loss : 4.39, worst lambd: 2.96, worst gap: 0.04:  50%|████▉     | 495/1000 [15:15<15:45,  1.87s/it]
Epoch 495 | postive loss : 0.81, negtive loss : 4.41, worst lambd: 3.03, worst gap: 0.04:  50%|████▉     | 496/1000 [15:17<15:40,  1.87s/it]
Epoch 496 | postive loss : 0.81, negtive loss : 4.39, worst lambd: 3.01, worst gap: 0.03:  50%|████▉     | 497/1000 [15:19<15:32,  1.85s/it]
Epoch 497 | postive loss : 0.81, negtive loss : 4.40, worst lambd: 3.02, worst gap: 0.04:  50%|████▉     | 498/1000 [15:21<15:29,  1.85s/it]
Epoch 498 | postive loss : 0.81, negtive loss : 4.40, worst lambd: 2.90, worst gap: 0.03:  50%|████▉     | 499/1000 [15:23<15:27,  1.85s/it]
Epoch 499 | postive loss : 0.81, negtive loss : 4.41, worst lambd: 2.94, worst gap: 0.05:  50%|█████     | 500/1000 [15:24<15:25,  1.85s/it]
Epoch 500 | postive loss : 0.81, negtive loss : 4.39, worst lambd: 3.08, worst gap: 0.04:  50%|█████     | 501/1000 [15:26<15:26,  1.86s/it]
Epoch 501 | postive loss : 0.81, negtive loss : 4.39, worst lambd: 2.93, worst gap: 0.04:  50%|█████     | 502/1000 [15:28<15:28,  1.87s/it]
Epoch 502 | postive loss : 0.81, negtive loss : 4.41, worst lambd: 3.05, worst gap: 0.04:  50%|█████     | 503/1000 [15:30<15:30,  1.87s/it]
Epoch 503 | postive loss : 0.81, negtive loss : 4.40, worst lambd: 2.95, worst gap: 0.04:  50%|█████     | 504/1000 [15:32<15:32,  1.88s/it]
Epoch 504 | postive loss : 0.81, negtive loss : 4.42, worst lambd: 2.94, worst gap: 0.04:  50%|█████     | 505/1000 [15:34<15:30,  1.88s/it]
Epoch 505 | postive loss : 0.81, negtive loss : 4.40, worst lambd: 2.98, worst gap: 0.04:  51%|█████     | 506/1000 [15:36<15:22,  1.87s/it]
Epoch 506 | postive loss : 0.81, negtive loss : 4.42, worst lambd: 2.90, worst gap: 0.05:  51%|█████     | 507/1000 [15:38<15:24,  1.87s/it]
Epoch 507 | postive loss : 0.81, negtive loss : 4.42, worst lambd: 3.07, worst gap: 0.03:  51%|█████     | 508/1000 [15:39<15:24,  1.88s/it]
Epoch 508 | postive loss : 0.80, negtive loss : 4.42, worst lambd: 3.00, worst gap: 0.04:  51%|█████     | 509/1000 [15:41<15:25,  1.88s/it]
Epoch 509 | postive loss : 0.80, negtive loss : 4.41, worst lambd: 2.84, worst gap: 0.03:  51%|█████     | 510/1000 [15:43<15:25,  1.89s/it]
Epoch 510 | postive loss : 0.81, negtive loss : 4.43, worst lambd: 3.11, worst gap: 0.03:  51%|█████     | 511/1000 [15:45<15:24,  1.89s/it]
Epoch 511 | postive loss : 0.80, negtive loss : 4.42, worst lambd: 3.18, worst gap: 0.04:  51%|█████     | 512/1000 [15:47<15:23,  1.89s/it]
Epoch 512 | postive loss : 0.80, negtive loss : 4.44, worst lambd: 3.09, worst gap: 0.03:  51%|█████▏    | 513/1000 [15:49<15:21,  1.89s/it]
Epoch 513 | postive loss : 0.80, negtive loss : 4.42, worst lambd: 2.84, worst gap: 0.04:  51%|█████▏    | 514/1000 [15:51<15:11,  1.87s/it]
Epoch 514 | postive loss : 0.80, negtive loss : 4.43, worst lambd: 3.19, worst gap: 0.04:  52%|█████▏    | 515/1000 [15:53<15:08,  1.87s/it]
Epoch 515 | postive loss : 0.80, negtive loss : 4.43, worst lambd: 2.97, worst gap: 0.05:  52%|█████▏    | 516/1000 [15:54<15:09,  1.88s/it]
Epoch 516 | postive loss : 0.80, negtive loss : 4.42, worst lambd: 3.12, worst gap: 0.04:  52%|█████▏    | 517/1000 [15:56<15:09,  1.88s/it]
Epoch 517 | postive loss : 0.80, negtive loss : 4.43, worst lambd: 2.94, worst gap: 0.05:  52%|█████▏    | 518/1000 [15:58<15:10,  1.89s/it]
Epoch 518 | postive loss : 0.80, negtive loss : 4.45, worst lambd: 2.98, worst gap: 0.05:  52%|█████▏    | 519/1000 [16:00<15:09,  1.89s/it]
Epoch 519 | postive loss : 0.80, negtive loss : 4.41, worst lambd: 3.02, worst gap: 0.04:  52%|█████▏    | 520/1000 [16:02<15:09,  1.89s/it]
Epoch 520 | postive loss : 0.80, negtive loss : 4.46, worst lambd: 2.96, worst gap: 0.03:  52%|█████▏    | 521/1000 [16:04<15:07,  1.89s/it]
Epoch 521 | postive loss : 0.80, negtive loss : 4.43, worst lambd: 2.97, worst gap: 0.03:  52%|█████▏    | 522/1000 [16:06<15:04,  1.89s/it]
Epoch 522 | postive loss : 0.80, negtive loss : 4.44, worst lambd: 3.08, worst gap: 0.04:  52%|█████▏    | 523/1000 [16:08<14:59,  1.89s/it]
Epoch 523 | postive loss : 0.80, negtive loss : 4.43, worst lambd: 2.92, worst gap: 0.04:  52%|█████▏    | 524/1000 [16:10<15:25,  1.94s/it]
Epoch 524 | postive loss : 0.80, negtive loss : 4.45, worst lambd: 2.91, worst gap: 0.04:  52%|█████▎    | 525/1000 [16:12<15:43,  1.99s/it]
Epoch 525 | postive loss : 0.80, negtive loss : 4.44, worst lambd: 3.07, worst gap: 0.03:  53%|█████▎    | 526/1000 [16:14<15:54,  2.01s/it]
Epoch 526 | postive loss : 0.80, negtive loss : 4.45, worst lambd: 3.02, worst gap: 0.05:  53%|█████▎    | 527/1000 [16:16<15:49,  2.01s/it]
Epoch 527 | postive loss : 0.80, negtive loss : 4.47, worst lambd: 2.92, worst gap: 0.03:  53%|█████▎    | 528/1000 [16:18<15:26,  1.96s/it]
Epoch 528 | postive loss : 0.80, negtive loss : 4.46, worst lambd: 3.00, worst gap: 0.04:  53%|█████▎    | 529/1000 [16:20<15:09,  1.93s/it]
Epoch 529 | postive loss : 0.80, negtive loss : 4.45, worst lambd: 3.00, worst gap: 0.04:  53%|█████▎    | 530/1000 [16:22<14:54,  1.90s/it]
Epoch 530 | postive loss : 0.80, negtive loss : 4.46, worst lambd: 2.98, worst gap: 0.04:  53%|█████▎    | 531/1000 [16:23<14:46,  1.89s/it]
Epoch 531 | postive loss : 0.79, negtive loss : 4.45, worst lambd: 2.99, worst gap: 0.04:  53%|█████▎    | 532/1000 [16:25<14:40,  1.88s/it]
Epoch 532 | postive loss : 0.80, negtive loss : 4.47, worst lambd: 2.96, worst gap: 0.03:  53%|█████▎    | 533/1000 [16:27<14:36,  1.88s/it]
Epoch 533 | postive loss : 0.80, negtive loss : 4.45, worst lambd: 3.07, worst gap: 0.04:  53%|█████▎    | 534/1000 [16:29<14:33,  1.88s/it]
Epoch 534 | postive loss : 0.80, negtive loss : 4.46, worst lambd: 3.19, worst gap: 0.04:  54%|█████▎    | 535/1000 [16:31<14:30,  1.87s/it]
Epoch 535 | postive loss : 0.80, negtive loss : 4.46, worst lambd: 2.96, worst gap: 0.04:  54%|█████▎    | 536/1000 [16:33<14:29,  1.87s/it]
Epoch 536 | postive loss : 0.80, negtive loss : 4.47, worst lambd: 2.97, worst gap: 0.05:  54%|█████▎    | 537/1000 [16:35<14:26,  1.87s/it]
Epoch 537 | postive loss : 0.80, negtive loss : 4.47, worst lambd: 3.06, worst gap: 0.04:  54%|█████▍    | 538/1000 [16:36<14:24,  1.87s/it]
Epoch 538 | postive loss : 0.80, negtive loss : 4.46, worst lambd: 3.03, worst gap: 0.03:  54%|█████▍    | 539/1000 [16:38<14:23,  1.87s/it]
Epoch 539 | postive loss : 0.80, negtive loss : 4.48, worst lambd: 3.01, worst gap: 0.03:  54%|█████▍    | 540/1000 [16:40<14:21,  1.87s/it]
Epoch 540 | postive loss : 0.79, negtive loss : 4.46, worst lambd: 3.07, worst gap: 0.05:  54%|█████▍    | 541/1000 [16:42<14:19,  1.87s/it]
Epoch 541 | postive loss : 0.79, negtive loss : 4.47, worst lambd: 3.07, worst gap: 0.03:  54%|█████▍    | 542/1000 [16:44<14:17,  1.87s/it]
Epoch 542 | postive loss : 0.79, negtive loss : 4.48, worst lambd: 3.02, worst gap: 0.04:  54%|█████▍    | 543/1000 [16:46<14:14,  1.87s/it]
Epoch 543 | postive loss : 0.79, negtive loss : 4.47, worst lambd: 3.01, worst gap: 0.04:  54%|█████▍    | 544/1000 [16:48<14:14,  1.87s/it]
Epoch 544 | postive loss : 0.80, negtive loss : 4.48, worst lambd: 2.90, worst gap: 0.05:  55%|█████▍    | 545/1000 [16:50<14:12,  1.87s/it]
Epoch 545 | postive loss : 0.79, negtive loss : 4.47, worst lambd: 2.94, worst gap: 0.04:  55%|█████▍    | 546/1000 [16:51<14:14,  1.88s/it]
Epoch 546 | postive loss : 0.79, negtive loss : 4.47, worst lambd: 2.97, worst gap: 0.04:  55%|█████▍    | 547/1000 [16:53<14:15,  1.89s/it]
Epoch 547 | postive loss : 0.79, negtive loss : 4.48, worst lambd: 3.07, worst gap: 0.03:  55%|█████▍    | 548/1000 [16:55<14:13,  1.89s/it]
Epoch 548 | postive loss : 0.79, negtive loss : 4.48, worst lambd: 3.02, worst gap: 0.05:  55%|█████▍    | 549/1000 [16:57<14:07,  1.88s/it]
Epoch 549 | postive loss : 0.79, negtive loss : 4.49, worst lambd: 2.95, worst gap: 0.04:  55%|█████▌    | 550/1000 [16:59<14:04,  1.88s/it]
Epoch 550 | postive loss : 0.79, negtive loss : 4.49, worst lambd: 2.99, worst gap: 0.04:  55%|█████▌    | 551/1000 [17:01<13:58,  1.87s/it]
Epoch 551 | postive loss : 0.79, negtive loss : 4.49, worst lambd: 3.01, worst gap: 0.03:  55%|█████▌    | 552/1000 [17:03<13:54,  1.86s/it]
Epoch 552 | postive loss : 0.79, negtive loss : 4.49, worst lambd: 2.93, worst gap: 0.04:  55%|█████▌    | 553/1000 [17:05<13:51,  1.86s/it]
Epoch 553 | postive loss : 0.79, negtive loss : 4.50, worst lambd: 2.96, worst gap: 0.05:  55%|█████▌    | 554/1000 [17:06<13:47,  1.86s/it]
Epoch 554 | postive loss : 0.79, negtive loss : 4.49, worst lambd: 2.95, worst gap: 0.03:  56%|█████▌    | 555/1000 [17:08<13:45,  1.85s/it]
Epoch 555 | postive loss : 0.79, negtive loss : 4.49, worst lambd: 3.11, worst gap: 0.03:  56%|█████▌    | 556/1000 [17:10<13:43,  1.85s/it]
Epoch 556 | postive loss : 0.79, negtive loss : 4.49, worst lambd: 2.91, worst gap: 0.04:  56%|█████▌    | 557/1000 [17:12<13:38,  1.85s/it]
Epoch 557 | postive loss : 0.79, negtive loss : 4.49, worst lambd: 3.10, worst gap: 0.05:  56%|█████▌    | 558/1000 [17:14<13:35,  1.85s/it]
Epoch 558 | postive loss : 0.80, negtive loss : 4.50, worst lambd: 3.01, worst gap: 0.04:  56%|█████▌    | 559/1000 [17:16<13:34,  1.85s/it]
Epoch 559 | postive loss : 0.79, negtive loss : 4.50, worst lambd: 2.96, worst gap: 0.04:  56%|█████▌    | 560/1000 [17:17<13:34,  1.85s/it]
Epoch 560 | postive loss : 0.79, negtive loss : 4.49, worst lambd: 2.98, worst gap: 0.04:  56%|█████▌    | 561/1000 [17:19<13:34,  1.86s/it]
Epoch 561 | postive loss : 0.79, negtive loss : 4.51, worst lambd: 3.08, worst gap: 0.04:  56%|█████▌    | 562/1000 [17:21<13:35,  1.86s/it]
Epoch 562 | postive loss : 0.79, negtive loss : 4.48, worst lambd: 2.86, worst gap: 0.04:  56%|█████▋    | 563/1000 [17:23<13:36,  1.87s/it]
Epoch 563 | postive loss : 0.79, negtive loss : 4.51, worst lambd: 2.98, worst gap: 0.03:  56%|█████▋    | 564/1000 [17:25<13:35,  1.87s/it]
Epoch 564 | postive loss : 0.79, negtive loss : 4.51, worst lambd: 3.09, worst gap: 0.05:  56%|█████▋    | 565/1000 [17:27<13:35,  1.87s/it]
Epoch 565 | postive loss : 0.79, negtive loss : 4.51, worst lambd: 2.96, worst gap: 0.04:  57%|█████▋    | 566/1000 [17:29<13:35,  1.88s/it]
Epoch 566 | postive loss : 0.79, negtive loss : 4.49, worst lambd: 3.13, worst gap: 0.04:  57%|█████▋    | 567/1000 [17:31<13:32,  1.88s/it]
Epoch 567 | postive loss : 0.79, negtive loss : 4.51, worst lambd: 2.95, worst gap: 0.05:  57%|█████▋    | 568/1000 [17:33<13:31,  1.88s/it]
Epoch 568 | postive loss : 0.79, negtive loss : 4.51, worst lambd: 2.97, worst gap: 0.04:  57%|█████▋    | 569/1000 [17:34<13:29,  1.88s/it]
Epoch 569 | postive loss : 0.79, negtive loss : 4.51, worst lambd: 3.04, worst gap: 0.03:  57%|█████▋    | 570/1000 [17:36<13:28,  1.88s/it]
Epoch 570 | postive loss : 0.79, negtive loss : 4.50, worst lambd: 2.95, worst gap: 0.03:  57%|█████▋    | 571/1000 [17:38<13:26,  1.88s/it]
Epoch 571 | postive loss : 0.79, negtive loss : 4.51, worst lambd: 2.92, worst gap: 0.04:  57%|█████▋    | 572/1000 [17:40<13:23,  1.88s/it]
Epoch 572 | postive loss : 0.78, negtive loss : 4.51, worst lambd: 2.98, worst gap: 0.04:  57%|█████▋    | 573/1000 [17:42<13:19,  1.87s/it]
Epoch 573 | postive loss : 0.79, negtive loss : 4.52, worst lambd: 3.00, worst gap: 0.03:  57%|█████▋    | 574/1000 [17:44<13:16,  1.87s/it]
Epoch 574 | postive loss : 0.78, negtive loss : 4.51, worst lambd: 3.00, worst gap: 0.05:  57%|█████▊    | 575/1000 [17:46<13:17,  1.88s/it]
Epoch 575 | postive loss : 0.79, negtive loss : 4.53, worst lambd: 3.04, worst gap: 0.03:  58%|█████▊    | 576/1000 [17:48<13:13,  1.87s/it]
Epoch 576 | postive loss : 0.78, negtive loss : 4.52, worst lambd: 3.08, worst gap: 0.04:  58%|█████▊    | 577/1000 [17:49<13:10,  1.87s/it]
Epoch 577 | postive loss : 0.79, negtive loss : 4.53, worst lambd: 3.06, worst gap: 0.03:  58%|█████▊    | 578/1000 [17:51<13:07,  1.87s/it]
Epoch 578 | postive loss : 0.78, negtive loss : 4.53, worst lambd: 3.01, worst gap: 0.05:  58%|█████▊    | 579/1000 [17:53<13:06,  1.87s/it]
Epoch 579 | postive loss : 0.79, negtive loss : 4.53, worst lambd: 2.93, worst gap: 0.05:  58%|█████▊    | 580/1000 [17:55<13:06,  1.87s/it]
Epoch 580 | postive loss : 0.78, negtive loss : 4.53, worst lambd: 3.05, worst gap: 0.04:  58%|█████▊    | 581/1000 [17:57<13:05,  1.88s/it]
Epoch 581 | postive loss : 0.78, negtive loss : 4.51, worst lambd: 3.05, worst gap: 0.04:  58%|█████▊    | 582/1000 [17:59<13:05,  1.88s/it]
Epoch 582 | postive loss : 0.79, negtive loss : 4.54, worst lambd: 2.95, worst gap: 0.04:  58%|█████▊    | 583/1000 [18:01<13:03,  1.88s/it]
Epoch 583 | postive loss : 0.79, negtive loss : 4.53, worst lambd: 2.89, worst gap: 0.04:  58%|█████▊    | 584/1000 [18:02<13:00,  1.88s/it]
Epoch 584 | postive loss : 0.78, negtive loss : 4.53, worst lambd: 3.05, worst gap: 0.04:  58%|█████▊    | 585/1000 [18:04<13:02,  1.89s/it]
Epoch 585 | postive loss : 0.78, negtive loss : 4.54, worst lambd: 2.97, worst gap: 0.03:  59%|█████▊    | 586/1000 [18:06<13:05,  1.90s/it]
Epoch 586 | postive loss : 0.78, negtive loss : 4.52, worst lambd: 2.96, worst gap: 0.03:  59%|█████▊    | 587/1000 [18:08<13:09,  1.91s/it]
Epoch 587 | postive loss : 0.79, negtive loss : 4.53, worst lambd: 2.96, worst gap: 0.03:  59%|█████▉    | 588/1000 [18:10<13:10,  1.92s/it]
Epoch 588 | postive loss : 0.78, negtive loss : 4.53, worst lambd: 2.96, worst gap: 0.04:  59%|█████▉    | 589/1000 [18:12<13:06,  1.91s/it]
Epoch 589 | postive loss : 0.78, negtive loss : 4.52, worst lambd: 2.91, worst gap: 0.04:  59%|█████▉    | 590/1000 [18:14<13:05,  1.92s/it]
Epoch 590 | postive loss : 0.78, negtive loss : 4.53, worst lambd: 2.90, worst gap: 0.04:  59%|█████▉    | 591/1000 [18:16<13:02,  1.91s/it]
Epoch 591 | postive loss : 0.78, negtive loss : 4.53, worst lambd: 2.99, worst gap: 0.04:  59%|█████▉    | 592/1000 [18:18<13:13,  1.95s/it]
Epoch 592 | postive loss : 0.78, negtive loss : 4.52, worst lambd: 3.11, worst gap: 0.05:  59%|█████▉    | 593/1000 [18:20<13:15,  1.96s/it]
Epoch 593 | postive loss : 0.78, negtive loss : 4.54, worst lambd: 2.95, worst gap: 0.04:  59%|█████▉    | 594/1000 [18:22<13:09,  1.94s/it]
Epoch 594 | postive loss : 0.78, negtive loss : 4.54, worst lambd: 2.99, worst gap: 0.04:  60%|█████▉    | 595/1000 [18:24<13:03,  1.93s/it]
Epoch 595 | postive loss : 0.78, negtive loss : 4.54, worst lambd: 3.04, worst gap: 0.03:  60%|█████▉    | 596/1000 [18:26<12:58,  1.93s/it]
Epoch 596 | postive loss : 0.78, negtive loss : 4.54, worst lambd: 3.10, worst gap: 0.04:  60%|█████▉    | 597/1000 [18:28<13:17,  1.98s/it]
Epoch 597 | postive loss : 0.78, negtive loss : 4.53, worst lambd: 2.93, worst gap: 0.04:  60%|█████▉    | 598/1000 [18:30<13:34,  2.03s/it]
Epoch 598 | postive loss : 0.78, negtive loss : 4.54, worst lambd: 3.09, worst gap: 0.04:  60%|█████▉    | 599/1000 [18:32<13:23,  2.00s/it]
Epoch 599 | postive loss : 0.78, negtive loss : 4.55, worst lambd: 2.95, worst gap: 0.04:  60%|██████    | 600/1000 [18:34<13:11,  1.98s/it]
Epoch 600 | postive loss : 0.78, negtive loss : 4.55, worst lambd: 2.92, worst gap: 0.04:  60%|██████    | 601/1000 [18:36<12:59,  1.95s/it]
Epoch 601 | postive loss : 0.78, negtive loss : 4.55, worst lambd: 2.96, worst gap: 0.02:  60%|██████    | 602/1000 [18:38<12:49,  1.93s/it]
Epoch 602 | postive loss : 0.78, negtive loss : 4.54, worst lambd: 2.97, worst gap: 0.05:  60%|██████    | 603/1000 [18:39<12:46,  1.93s/it]
Epoch 603 | postive loss : 0.78, negtive loss : 4.55, worst lambd: 3.02, worst gap: 0.03:  60%|██████    | 604/1000 [18:41<12:49,  1.94s/it]
Epoch 604 | postive loss : 0.78, negtive loss : 4.56, worst lambd: 2.93, worst gap: 0.04:  60%|██████    | 605/1000 [18:43<12:42,  1.93s/it]
Epoch 605 | postive loss : 0.78, negtive loss : 4.54, worst lambd: 3.00, worst gap: 0.03:  61%|██████    | 606/1000 [18:45<12:38,  1.92s/it]
Epoch 606 | postive loss : 0.78, negtive loss : 4.56, worst lambd: 3.01, worst gap: 0.04:  61%|██████    | 607/1000 [18:47<12:47,  1.95s/it]
Epoch 607 | postive loss : 0.78, negtive loss : 4.54, worst lambd: 2.98, worst gap: 0.04:  61%|██████    | 608/1000 [18:49<12:50,  1.97s/it]
Epoch 608 | postive loss : 0.78, negtive loss : 4.55, worst lambd: 2.93, worst gap: 0.04:  61%|██████    | 609/1000 [18:51<12:48,  1.96s/it]
Epoch 609 | postive loss : 0.78, negtive loss : 4.56, worst lambd: 2.86, worst gap: 0.04:  61%|██████    | 610/1000 [18:53<12:40,  1.95s/it]
Epoch 610 | postive loss : 0.78, negtive loss : 4.56, worst lambd: 3.03, worst gap: 0.05:  61%|██████    | 611/1000 [18:55<12:49,  1.98s/it]
Epoch 611 | postive loss : 0.78, negtive loss : 4.55, worst lambd: 2.98, worst gap: 0.04:  61%|██████    | 612/1000 [18:57<12:51,  1.99s/it]
Epoch 612 | postive loss : 0.78, negtive loss : 4.56, worst lambd: 3.03, worst gap: 0.05:  61%|██████▏   | 613/1000 [18:59<12:53,  2.00s/it]
Epoch 613 | postive loss : 0.78, negtive loss : 4.56, worst lambd: 2.98, worst gap: 0.04:  61%|██████▏   | 614/1000 [19:01<13:01,  2.02s/it]
Epoch 614 | postive loss : 0.78, negtive loss : 4.56, worst lambd: 2.91, worst gap: 0.05:  62%|██████▏   | 615/1000 [19:03<13:01,  2.03s/it]
Epoch 615 | postive loss : 0.78, negtive loss : 4.56, worst lambd: 2.98, worst gap: 0.03:  62%|██████▏   | 616/1000 [19:05<12:56,  2.02s/it]
Epoch 616 | postive loss : 0.78, negtive loss : 4.56, worst lambd: 2.89, worst gap: 0.04:  62%|██████▏   | 617/1000 [19:07<12:49,  2.01s/it]
Epoch 617 | postive loss : 0.78, negtive loss : 4.56, worst lambd: 2.92, worst gap: 0.03:  62%|██████▏   | 618/1000 [19:09<12:40,  1.99s/it]
Epoch 618 | postive loss : 0.78, negtive loss : 4.56, worst lambd: 2.85, worst gap: 0.04:  62%|██████▏   | 619/1000 [19:11<12:32,  1.98s/it]
Epoch 619 | postive loss : 0.77, negtive loss : 4.55, worst lambd: 2.90, worst gap: 0.03:  62%|██████▏   | 620/1000 [19:13<12:25,  1.96s/it]
Epoch 620 | postive loss : 0.78, negtive loss : 4.57, worst lambd: 2.79, worst gap: 0.04:  62%|██████▏   | 621/1000 [19:15<12:20,  1.95s/it]
Epoch 621 | postive loss : 0.78, negtive loss : 4.56, worst lambd: 2.99, worst gap: 0.03:  62%|██████▏   | 622/1000 [19:17<12:16,  1.95s/it]
Epoch 622 | postive loss : 0.77, negtive loss : 4.58, worst lambd: 3.05, worst gap: 0.04:  62%|██████▏   | 623/1000 [19:19<12:08,  1.93s/it]
Epoch 623 | postive loss : 0.77, negtive loss : 4.57, worst lambd: 2.94, worst gap: 0.05:  62%|██████▏   | 624/1000 [19:21<12:02,  1.92s/it]
Epoch 624 | postive loss : 0.77, negtive loss : 4.56, worst lambd: 2.87, worst gap: 0.04:  62%|██████▎   | 625/1000 [19:23<11:55,  1.91s/it]
Epoch 625 | postive loss : 0.77, negtive loss : 4.57, worst lambd: 3.03, worst gap: 0.05:  63%|██████▎   | 626/1000 [19:25<11:51,  1.90s/it]
Epoch 626 | postive loss : 0.78, negtive loss : 4.57, worst lambd: 3.06, worst gap: 0.04:  63%|██████▎   | 627/1000 [19:27<11:52,  1.91s/it]
Epoch 627 | postive loss : 0.77, negtive loss : 4.58, worst lambd: 2.89, worst gap: 0.03:  63%|██████▎   | 628/1000 [19:28<11:48,  1.91s/it]
Epoch 628 | postive loss : 0.77, negtive loss : 4.58, worst lambd: 3.16, worst gap: 0.04:  63%|██████▎   | 629/1000 [19:30<11:44,  1.90s/it]
Epoch 629 | postive loss : 0.77, negtive loss : 4.57, worst lambd: 2.93, worst gap: 0.03:  63%|██████▎   | 630/1000 [19:32<11:41,  1.90s/it]
Epoch 630 | postive loss : 0.77, negtive loss : 4.58, worst lambd: 3.02, worst gap: 0.04:  63%|██████▎   | 631/1000 [19:34<11:39,  1.90s/it]
Epoch 631 | postive loss : 0.77, negtive loss : 4.57, worst lambd: 2.83, worst gap: 0.05:  63%|██████▎   | 632/1000 [19:36<11:38,  1.90s/it]
Epoch 632 | postive loss : 0.77, negtive loss : 4.57, worst lambd: 2.87, worst gap: 0.05:  63%|██████▎   | 633/1000 [19:38<11:36,  1.90s/it]
Epoch 633 | postive loss : 0.77, negtive loss : 4.59, worst lambd: 2.90, worst gap: 0.05:  63%|██████▎   | 634/1000 [19:40<11:33,  1.89s/it]
Epoch 634 | postive loss : 0.77, negtive loss : 4.57, worst lambd: 2.96, worst gap: 0.04:  64%|██████▎   | 635/1000 [19:42<11:33,  1.90s/it]
Epoch 635 | postive loss : 0.77, negtive loss : 4.58, worst lambd: 2.93, worst gap: 0.04:  64%|██████▎   | 636/1000 [19:44<11:31,  1.90s/it]
Epoch 636 | postive loss : 0.77, negtive loss : 4.58, worst lambd: 2.95, worst gap: 0.03:  64%|██████▎   | 637/1000 [19:46<11:32,  1.91s/it]
Epoch 637 | postive loss : 0.77, negtive loss : 4.60, worst lambd: 3.22, worst gap: 0.03:  64%|██████▍   | 638/1000 [19:47<11:29,  1.91s/it]
Epoch 638 | postive loss : 0.77, negtive loss : 4.58, worst lambd: 2.95, worst gap: 0.05:  64%|██████▍   | 639/1000 [19:49<11:26,  1.90s/it]
Epoch 639 | postive loss : 0.77, negtive loss : 4.59, worst lambd: 2.94, worst gap: 0.04:  64%|██████▍   | 640/1000 [19:51<11:20,  1.89s/it]
Epoch 640 | postive loss : 0.77, negtive loss : 4.58, worst lambd: 2.86, worst gap: 0.04:  64%|██████▍   | 641/1000 [19:53<11:19,  1.89s/it]
Epoch 641 | postive loss : 0.77, negtive loss : 4.58, worst lambd: 2.93, worst gap: 0.04:  64%|██████▍   | 642/1000 [19:55<11:13,  1.88s/it]
Epoch 642 | postive loss : 0.77, negtive loss : 4.58, worst lambd: 3.00, worst gap: 0.05:  64%|██████▍   | 643/1000 [19:57<11:10,  1.88s/it]
Epoch 643 | postive loss : 0.77, negtive loss : 4.59, worst lambd: 2.84, worst gap: 0.05:  64%|██████▍   | 644/1000 [19:59<11:08,  1.88s/it]
Epoch 644 | postive loss : 0.77, negtive loss : 4.60, worst lambd: 2.91, worst gap: 0.05:  64%|██████▍   | 645/1000 [20:01<11:06,  1.88s/it]
Epoch 645 | postive loss : 0.77, negtive loss : 4.59, worst lambd: 2.96, worst gap: 0.04:  65%|██████▍   | 646/1000 [20:02<11:05,  1.88s/it]
Epoch 646 | postive loss : 0.77, negtive loss : 4.60, worst lambd: 3.18, worst gap: 0.04:  65%|██████▍   | 647/1000 [20:04<11:08,  1.89s/it]
Epoch 647 | postive loss : 0.77, negtive loss : 4.60, worst lambd: 2.98, worst gap: 0.04:  65%|██████▍   | 648/1000 [20:06<11:07,  1.90s/it]
Epoch 648 | postive loss : 0.77, negtive loss : 4.59, worst lambd: 2.90, worst gap: 0.04:  65%|██████▍   | 649/1000 [20:08<11:06,  1.90s/it]
Epoch 649 | postive loss : 0.77, negtive loss : 4.61, worst lambd: 2.92, worst gap: 0.04:  65%|██████▌   | 650/1000 [20:10<11:04,  1.90s/it]
Epoch 650 | postive loss : 0.77, negtive loss : 4.60, worst lambd: 2.91, worst gap: 0.04:  65%|██████▌   | 651/1000 [20:12<11:06,  1.91s/it]
Epoch 651 | postive loss : 0.77, negtive loss : 4.60, worst lambd: 2.94, worst gap: 0.04:  65%|██████▌   | 652/1000 [20:14<11:04,  1.91s/it]
Epoch 652 | postive loss : 0.77, negtive loss : 4.60, worst lambd: 2.98, worst gap: 0.03:  65%|██████▌   | 653/1000 [20:16<11:01,  1.91s/it]
Epoch 653 | postive loss : 0.77, negtive loss : 4.60, worst lambd: 2.95, worst gap: 0.04:  65%|██████▌   | 654/1000 [20:18<10:59,  1.91s/it]
Epoch 654 | postive loss : 0.77, negtive loss : 4.60, worst lambd: 2.99, worst gap: 0.03:  66%|██████▌   | 655/1000 [20:20<10:59,  1.91s/it]
Epoch 655 | postive loss : 0.77, negtive loss : 4.60, worst lambd: 3.05, worst gap: 0.05:  66%|██████▌   | 656/1000 [20:22<10:57,  1.91s/it]
Epoch 656 | postive loss : 0.76, negtive loss : 4.60, worst lambd: 2.78, worst gap: 0.04:  66%|██████▌   | 657/1000 [20:23<10:55,  1.91s/it]
Epoch 657 | postive loss : 0.77, negtive loss : 4.61, worst lambd: 3.01, worst gap: 0.04:  66%|██████▌   | 658/1000 [20:25<10:51,  1.90s/it]
Epoch 658 | postive loss : 0.77, negtive loss : 4.61, worst lambd: 2.94, worst gap: 0.05:  66%|██████▌   | 659/1000 [20:27<10:46,  1.90s/it]
Epoch 659 | postive loss : 0.77, negtive loss : 4.60, worst lambd: 3.01, worst gap: 0.04:  66%|██████▌   | 660/1000 [20:29<10:44,  1.89s/it]
Epoch 660 | postive loss : 0.76, negtive loss : 4.59, worst lambd: 2.80, worst gap: 0.05:  66%|██████▌   | 661/1000 [20:31<10:41,  1.89s/it]
Epoch 661 | postive loss : 0.77, negtive loss : 4.61, worst lambd: 2.89, worst gap: 0.04:  66%|██████▌   | 662/1000 [20:33<10:41,  1.90s/it]
Epoch 662 | postive loss : 0.77, negtive loss : 4.63, worst lambd: 2.94, worst gap: 0.04:  66%|██████▋   | 663/1000 [20:35<10:40,  1.90s/it]
Epoch 663 | postive loss : 0.76, negtive loss : 4.60, worst lambd: 2.94, worst gap: 0.04:  66%|██████▋   | 664/1000 [20:37<10:38,  1.90s/it]
Epoch 664 | postive loss : 0.77, negtive loss : 4.61, worst lambd: 2.93, worst gap: 0.04:  66%|██████▋   | 665/1000 [20:39<10:34,  1.89s/it]
Epoch 665 | postive loss : 0.77, negtive loss : 4.61, worst lambd: 2.91, worst gap: 0.05:  67%|██████▋   | 666/1000 [20:41<10:33,  1.90s/it]
Epoch 666 | postive loss : 0.76, negtive loss : 4.61, worst lambd: 2.82, worst gap: 0.04:  67%|██████▋   | 667/1000 [20:42<10:29,  1.89s/it]
Epoch 667 | postive loss : 0.77, negtive loss : 4.62, worst lambd: 2.89, worst gap: 0.04:  67%|██████▋   | 668/1000 [20:44<10:33,  1.91s/it]
Epoch 668 | postive loss : 0.76, negtive loss : 4.61, worst lambd: 2.82, worst gap: 0.03:  67%|██████▋   | 669/1000 [20:46<10:32,  1.91s/it]
Epoch 669 | postive loss : 0.77, negtive loss : 4.61, worst lambd: 2.93, worst gap: 0.04:  67%|██████▋   | 670/1000 [20:48<10:31,  1.91s/it]
Epoch 670 | postive loss : 0.76, negtive loss : 4.62, worst lambd: 2.89, worst gap: 0.05:  67%|██████▋   | 671/1000 [20:50<10:25,  1.90s/it]
Epoch 671 | postive loss : 0.76, negtive loss : 4.61, worst lambd: 3.01, worst gap: 0.03:  67%|██████▋   | 672/1000 [20:52<10:22,  1.90s/it]
Epoch 672 | postive loss : 0.76, negtive loss : 4.61, worst lambd: 2.89, worst gap: 0.04:  67%|██████▋   | 673/1000 [20:54<10:20,  1.90s/it]
Epoch 673 | postive loss : 0.77, negtive loss : 4.62, worst lambd: 3.08, worst gap: 0.04:  67%|██████▋   | 674/1000 [20:56<10:18,  1.90s/it]
Epoch 674 | postive loss : 0.77, negtive loss : 4.63, worst lambd: 3.05, worst gap: 0.03:  68%|██████▊   | 675/1000 [20:58<10:16,  1.90s/it]
Epoch 675 | postive loss : 0.76, negtive loss : 4.61, worst lambd: 2.96, worst gap: 0.04:  68%|██████▊   | 676/1000 [21:00<10:13,  1.89s/it]
Epoch 676 | postive loss : 0.76, negtive loss : 4.62, worst lambd: 2.82, worst gap: 0.05:  68%|██████▊   | 677/1000 [21:01<10:11,  1.89s/it]
Epoch 677 | postive loss : 0.76, negtive loss : 4.62, worst lambd: 2.83, worst gap: 0.03:  68%|██████▊   | 678/1000 [21:03<10:05,  1.88s/it]
Epoch 678 | postive loss : 0.76, negtive loss : 4.62, worst lambd: 2.84, worst gap: 0.05:  68%|██████▊   | 679/1000 [21:05<09:58,  1.87s/it]
Epoch 679 | postive loss : 0.76, negtive loss : 4.62, worst lambd: 3.02, worst gap: 0.04:  68%|██████▊   | 680/1000 [21:07<09:54,  1.86s/it]
Epoch 680 | postive loss : 0.76, negtive loss : 4.63, worst lambd: 2.97, worst gap: 0.04:  68%|██████▊   | 681/1000 [21:09<09:52,  1.86s/it]
Epoch 681 | postive loss : 0.76, negtive loss : 4.62, worst lambd: 3.06, worst gap: 0.04:  68%|██████▊   | 682/1000 [21:11<09:47,  1.85s/it]
Epoch 682 | postive loss : 0.76, negtive loss : 4.63, worst lambd: 2.92, worst gap: 0.05:  68%|██████▊   | 683/1000 [21:12<09:48,  1.86s/it]
Epoch 683 | postive loss : 0.76, negtive loss : 4.63, worst lambd: 3.00, worst gap: 0.03:  68%|██████▊   | 684/1000 [21:14<09:47,  1.86s/it]
Epoch 684 | postive loss : 0.76, negtive loss : 4.63, worst lambd: 2.97, worst gap: 0.03:  68%|██████▊   | 685/1000 [21:16<09:47,  1.87s/it]
Epoch 685 | postive loss : 0.76, negtive loss : 4.62, worst lambd: 2.93, worst gap: 0.04:  69%|██████▊   | 686/1000 [21:18<09:46,  1.87s/it]
Epoch 686 | postive loss : 0.76, negtive loss : 4.62, worst lambd: 2.87, worst gap: 0.04:  69%|██████▊   | 687/1000 [21:20<09:45,  1.87s/it]
Epoch 687 | postive loss : 0.76, negtive loss : 4.63, worst lambd: 3.01, worst gap: 0.03:  69%|██████▉   | 688/1000 [21:22<09:46,  1.88s/it]
Epoch 688 | postive loss : 0.76, negtive loss : 4.64, worst lambd: 2.87, worst gap: 0.04:  69%|██████▉   | 689/1000 [21:24<09:49,  1.90s/it]
Epoch 689 | postive loss : 0.76, negtive loss : 4.64, worst lambd: 3.00, worst gap: 0.04:  69%|██████▉   | 690/1000 [21:26<09:55,  1.92s/it]
Epoch 690 | postive loss : 0.76, negtive loss : 4.61, worst lambd: 2.87, worst gap: 0.05:  69%|██████▉   | 691/1000 [21:28<09:48,  1.90s/it]
Epoch 691 | postive loss : 0.76, negtive loss : 4.63, worst lambd: 2.87, worst gap: 0.04:  69%|██████▉   | 692/1000 [21:30<09:42,  1.89s/it]
Epoch 692 | postive loss : 0.76, negtive loss : 4.63, worst lambd: 2.86, worst gap: 0.04:  69%|██████▉   | 693/1000 [21:31<09:39,  1.89s/it]
Epoch 693 | postive loss : 0.76, negtive loss : 4.63, worst lambd: 3.04, worst gap: 0.04:  69%|██████▉   | 694/1000 [21:33<09:35,  1.88s/it]
Epoch 694 | postive loss : 0.76, negtive loss : 4.64, worst lambd: 2.83, worst gap: 0.04:  70%|██████▉   | 695/1000 [21:35<09:31,  1.88s/it]
Epoch 695 | postive loss : 0.76, negtive loss : 4.64, worst lambd: 2.99, worst gap: 0.04:  70%|██████▉   | 696/1000 [21:37<09:30,  1.88s/it]
Epoch 696 | postive loss : 0.76, negtive loss : 4.63, worst lambd: 2.86, worst gap: 0.04:  70%|██████▉   | 697/1000 [21:39<09:27,  1.87s/it]
Epoch 697 | postive loss : 0.76, negtive loss : 4.65, worst lambd: 3.12, worst gap: 0.04:  70%|██████▉   | 698/1000 [21:41<09:25,  1.87s/it]
Epoch 698 | postive loss : 0.76, negtive loss : 4.63, worst lambd: 2.86, worst gap: 0.04:  70%|██████▉   | 699/1000 [21:43<09:22,  1.87s/it]
Epoch 699 | postive loss : 0.76, negtive loss : 4.63, worst lambd: 2.97, worst gap: 0.04:  70%|███████   | 700/1000 [21:44<09:21,  1.87s/it]
Epoch 700 | postive loss : 0.76, negtive loss : 4.65, worst lambd: 2.84, worst gap: 0.04:  70%|███████   | 701/1000 [21:46<09:20,  1.87s/it]
Epoch 701 | postive loss : 0.76, negtive loss : 4.64, worst lambd: 2.95, worst gap: 0.04:  70%|███████   | 702/1000 [21:48<09:27,  1.91s/it]
Epoch 702 | postive loss : 0.76, negtive loss : 4.64, worst lambd: 2.91, worst gap: 0.04:  70%|███████   | 703/1000 [21:50<09:25,  1.90s/it]
Epoch 703 | postive loss : 0.76, negtive loss : 4.64, worst lambd: 2.83, worst gap: 0.03:  70%|███████   | 704/1000 [21:52<09:22,  1.90s/it]
Epoch 704 | postive loss : 0.76, negtive loss : 4.65, worst lambd: 2.85, worst gap: 0.04:  70%|███████   | 705/1000 [21:54<09:23,  1.91s/it]
Epoch 705 | postive loss : 0.76, negtive loss : 4.64, worst lambd: 2.96, worst gap: 0.04:  71%|███████   | 706/1000 [21:56<09:21,  1.91s/it]
Epoch 706 | postive loss : 0.76, negtive loss : 4.63, worst lambd: 3.02, worst gap: 0.05:  71%|███████   | 707/1000 [21:58<09:16,  1.90s/it]
Epoch 707 | postive loss : 0.76, negtive loss : 4.65, worst lambd: 3.00, worst gap: 0.03:  71%|███████   | 708/1000 [22:00<09:10,  1.89s/it]
Epoch 708 | postive loss : 0.76, negtive loss : 4.64, worst lambd: 3.08, worst gap: 0.04:  71%|███████   | 709/1000 [22:02<09:03,  1.87s/it]
Epoch 709 | postive loss : 0.76, negtive loss : 4.64, worst lambd: 2.93, worst gap: 0.05:  71%|███████   | 710/1000 [22:03<08:58,  1.86s/it]
Epoch 710 | postive loss : 0.76, negtive loss : 4.64, worst lambd: 2.97, worst gap: 0.04:  71%|███████   | 711/1000 [22:05<08:53,  1.85s/it]
Epoch 711 | postive loss : 0.75, negtive loss : 4.64, worst lambd: 2.99, worst gap: 0.04:  71%|███████   | 712/1000 [22:07<08:49,  1.84s/it]
Epoch 712 | postive loss : 0.76, negtive loss : 4.64, worst lambd: 2.90, worst gap: 0.02:  71%|███████▏  | 713/1000 [22:09<08:45,  1.83s/it]
Epoch 713 | postive loss : 0.76, negtive loss : 4.65, worst lambd: 2.92, worst gap: 0.05:  71%|███████▏  | 714/1000 [22:11<08:42,  1.83s/it]
Epoch 714 | postive loss : 0.75, negtive loss : 4.65, worst lambd: 2.93, worst gap: 0.03:  72%|███████▏  | 715/1000 [22:12<08:40,  1.83s/it]
Epoch 715 | postive loss : 0.75, negtive loss : 4.65, worst lambd: 2.89, worst gap: 0.04:  72%|███████▏  | 716/1000 [22:14<08:37,  1.82s/it]
Epoch 716 | postive loss : 0.76, negtive loss : 4.66, worst lambd: 2.92, worst gap: 0.04:  72%|███████▏  | 717/1000 [22:16<08:35,  1.82s/it]
Epoch 717 | postive loss : 0.76, negtive loss : 4.65, worst lambd: 2.98, worst gap: 0.04:  72%|███████▏  | 718/1000 [22:18<08:38,  1.84s/it]
Epoch 718 | postive loss : 0.76, negtive loss : 4.64, worst lambd: 2.88, worst gap: 0.04:  72%|███████▏  | 719/1000 [22:20<08:48,  1.88s/it]
Epoch 719 | postive loss : 0.76, negtive loss : 4.66, worst lambd: 3.01, worst gap: 0.03:  72%|███████▏  | 720/1000 [22:22<08:54,  1.91s/it]
Epoch 720 | postive loss : 0.75, negtive loss : 4.64, worst lambd: 3.04, worst gap: 0.03:  72%|███████▏  | 721/1000 [22:24<09:00,  1.94s/it]
Epoch 721 | postive loss : 0.76, negtive loss : 4.67, worst lambd: 2.97, worst gap: 0.04:  72%|███████▏  | 722/1000 [22:26<09:03,  1.95s/it]
Epoch 722 | postive loss : 0.75, negtive loss : 4.66, worst lambd: 2.88, worst gap: 0.03:  72%|███████▏  | 723/1000 [22:28<09:02,  1.96s/it]
Epoch 723 | postive loss : 0.75, negtive loss : 4.66, worst lambd: 3.03, worst gap: 0.04:  72%|███████▏  | 724/1000 [22:30<08:52,  1.93s/it]
Epoch 724 | postive loss : 0.76, negtive loss : 4.66, worst lambd: 3.02, worst gap: 0.04:  72%|███████▎  | 725/1000 [22:32<08:45,  1.91s/it]
Epoch 725 | postive loss : 0.75, negtive loss : 4.66, worst lambd: 2.95, worst gap: 0.04:  73%|███████▎  | 726/1000 [22:33<08:38,  1.89s/it]
Epoch 726 | postive loss : 0.75, negtive loss : 4.66, worst lambd: 3.03, worst gap: 0.04:  73%|███████▎  | 727/1000 [22:35<08:34,  1.88s/it]
Epoch 727 | postive loss : 0.76, negtive loss : 4.67, worst lambd: 3.02, worst gap: 0.03:  73%|███████▎  | 728/1000 [22:37<08:31,  1.88s/it]
Epoch 728 | postive loss : 0.75, negtive loss : 4.66, worst lambd: 2.93, worst gap: 0.03:  73%|███████▎  | 729/1000 [22:39<08:29,  1.88s/it]
Epoch 729 | postive loss : 0.75, negtive loss : 4.67, worst lambd: 2.97, worst gap: 0.05:  73%|███████▎  | 730/1000 [22:41<08:25,  1.87s/it]
Epoch 730 | postive loss : 0.75, negtive loss : 4.67, worst lambd: 3.10, worst gap: 0.03:  73%|███████▎  | 731/1000 [22:43<08:25,  1.88s/it]
Epoch 731 | postive loss : 0.75, negtive loss : 4.67, worst lambd: 2.95, worst gap: 0.03:  73%|███████▎  | 732/1000 [22:45<08:26,  1.89s/it]
Epoch 732 | postive loss : 0.75, negtive loss : 4.67, worst lambd: 2.99, worst gap: 0.04:  73%|███████▎  | 733/1000 [22:47<08:37,  1.94s/it]
Epoch 733 | postive loss : 0.75, negtive loss : 4.67, worst lambd: 2.96, worst gap: 0.03:  73%|███████▎  | 734/1000 [22:49<08:43,  1.97s/it]
Epoch 734 | postive loss : 0.75, negtive loss : 4.66, worst lambd: 2.89, worst gap: 0.03:  74%|███████▎  | 735/1000 [22:51<08:45,  1.98s/it]
Epoch 735 | postive loss : 0.75, negtive loss : 4.66, worst lambd: 2.94, worst gap: 0.04:  74%|███████▎  | 736/1000 [22:53<08:39,  1.97s/it]
Epoch 736 | postive loss : 0.75, negtive loss : 4.67, worst lambd: 2.89, worst gap: 0.03:  74%|███████▎  | 737/1000 [22:55<08:34,  1.96s/it]
Epoch 737 | postive loss : 0.75, negtive loss : 4.67, worst lambd: 2.99, worst gap: 0.04:  74%|███████▍  | 738/1000 [22:57<08:25,  1.93s/it]
Epoch 738 | postive loss : 0.75, negtive loss : 4.67, worst lambd: 2.97, worst gap: 0.05:  74%|███████▍  | 739/1000 [22:58<08:16,  1.90s/it]
Epoch 739 | postive loss : 0.75, negtive loss : 4.66, worst lambd: 2.95, worst gap: 0.03:  74%|███████▍  | 740/1000 [23:00<08:12,  1.89s/it]
Epoch 740 | postive loss : 0.75, negtive loss : 4.67, worst lambd: 3.04, worst gap: 0.04:  74%|███████▍  | 741/1000 [23:02<08:07,  1.88s/it]
Epoch 741 | postive loss : 0.75, negtive loss : 4.68, worst lambd: 3.03, worst gap: 0.03:  74%|███████▍  | 742/1000 [23:04<08:05,  1.88s/it]
Epoch 742 | postive loss : 0.75, negtive loss : 4.67, worst lambd: 2.95, worst gap: 0.04:  74%|███████▍  | 743/1000 [23:06<08:04,  1.88s/it]
Epoch 743 | postive loss : 0.75, negtive loss : 4.66, worst lambd: 2.96, worst gap: 0.04:  74%|███████▍  | 744/1000 [23:08<08:01,  1.88s/it]
Epoch 744 | postive loss : 0.75, negtive loss : 4.66, worst lambd: 3.13, worst gap: 0.03:  74%|███████▍  | 745/1000 [23:10<07:58,  1.88s/it]
Epoch 745 | postive loss : 0.75, negtive loss : 4.70, worst lambd: 3.00, worst gap: 0.04:  75%|███████▍  | 746/1000 [23:12<07:56,  1.87s/it]
Epoch 746 | postive loss : 0.75, negtive loss : 4.67, worst lambd: 3.04, worst gap: 0.03:  75%|███████▍  | 747/1000 [23:13<07:52,  1.87s/it]
Epoch 747 | postive loss : 0.75, negtive loss : 4.68, worst lambd: 3.10, worst gap: 0.05:  75%|███████▍  | 748/1000 [23:15<07:51,  1.87s/it]
Epoch 748 | postive loss : 0.75, negtive loss : 4.68, worst lambd: 3.02, worst gap: 0.04:  75%|███████▍  | 749/1000 [23:17<07:51,  1.88s/it]
Epoch 749 | postive loss : 0.75, negtive loss : 4.69, worst lambd: 3.11, worst gap: 0.04:  75%|███████▌  | 750/1000 [23:19<08:00,  1.92s/it]
Epoch 750 | postive loss : 0.70, negtive loss : 4.67, worst lambd: 2.77, worst gap: 0.05:  75%|███████▌  | 751/1000 [23:21<07:57,  1.92s/it]
Epoch 751 | postive loss : 0.69, negtive loss : 4.71, worst lambd: 3.03, worst gap: 0.04:  75%|███████▌  | 752/1000 [23:23<07:57,  1.92s/it]
Epoch 752 | postive loss : 0.70, negtive loss : 4.74, worst lambd: 2.92, worst gap: 0.04:  75%|███████▌  | 753/1000 [23:25<08:08,  1.98s/it]
Epoch 753 | postive loss : 0.70, negtive loss : 4.74, worst lambd: 3.02, worst gap: 0.03:  75%|███████▌  | 754/1000 [23:27<08:10,  1.99s/it]
Epoch 754 | postive loss : 0.70, negtive loss : 4.73, worst lambd: 3.03, worst gap: 0.05:  76%|███████▌  | 755/1000 [23:29<08:00,  1.96s/it]
Epoch 755 | postive loss : 0.70, negtive loss : 4.74, worst lambd: 2.99, worst gap: 0.03:  76%|███████▌  | 756/1000 [23:31<07:50,  1.93s/it]
Epoch 756 | postive loss : 0.70, negtive loss : 4.73, worst lambd: 2.84, worst gap: 0.04:  76%|███████▌  | 757/1000 [23:33<07:46,  1.92s/it]
Epoch 757 | postive loss : 0.70, negtive loss : 4.73, worst lambd: 2.83, worst gap: 0.03:  76%|███████▌  | 758/1000 [23:35<07:44,  1.92s/it]
Epoch 758 | postive loss : 0.70, negtive loss : 4.73, worst lambd: 3.04, worst gap: 0.05:  76%|███████▌  | 759/1000 [23:37<07:45,  1.93s/it]
Epoch 759 | postive loss : 0.70, negtive loss : 4.74, worst lambd: 3.03, worst gap: 0.04:  76%|███████▌  | 760/1000 [23:39<07:48,  1.95s/it]
Epoch 760 | postive loss : 0.70, negtive loss : 4.73, worst lambd: 2.95, worst gap: 0.03:  76%|███████▌  | 761/1000 [23:41<07:40,  1.93s/it]
Epoch 761 | postive loss : 0.70, negtive loss : 4.74, worst lambd: 2.95, worst gap: 0.03:  76%|███████▌  | 762/1000 [23:42<07:35,  1.91s/it]
Epoch 762 | postive loss : 0.70, negtive loss : 4.75, worst lambd: 2.96, worst gap: 0.03:  76%|███████▋  | 763/1000 [23:44<07:30,  1.90s/it]
Epoch 763 | postive loss : 0.70, negtive loss : 4.75, worst lambd: 2.95, worst gap: 0.04:  76%|███████▋  | 764/1000 [23:46<07:25,  1.89s/it]
Epoch 764 | postive loss : 0.70, negtive loss : 4.74, worst lambd: 3.01, worst gap: 0.05:  76%|███████▋  | 765/1000 [23:48<07:29,  1.91s/it]
Epoch 765 | postive loss : 0.70, negtive loss : 4.73, worst lambd: 2.94, worst gap: 0.04:  77%|███████▋  | 766/1000 [23:50<07:29,  1.92s/it]
Epoch 766 | postive loss : 0.70, negtive loss : 4.74, worst lambd: 3.06, worst gap: 0.04:  77%|███████▋  | 767/1000 [23:52<07:25,  1.91s/it]
Epoch 767 | postive loss : 0.70, negtive loss : 4.75, worst lambd: 3.00, worst gap: 0.03:  77%|███████▋  | 768/1000 [23:54<07:35,  1.96s/it]
Epoch 768 | postive loss : 0.70, negtive loss : 4.75, worst lambd: 2.90, worst gap: 0.05:  77%|███████▋  | 769/1000 [23:56<07:41,  2.00s/it]
Epoch 769 | postive loss : 0.70, negtive loss : 4.74, worst lambd: 2.94, worst gap: 0.03:  77%|███████▋  | 770/1000 [23:58<07:30,  1.96s/it]
Epoch 770 | postive loss : 0.70, negtive loss : 4.74, worst lambd: 2.91, worst gap: 0.04:  77%|███████▋  | 771/1000 [24:00<07:21,  1.93s/it]
Epoch 771 | postive loss : 0.70, negtive loss : 4.74, worst lambd: 3.04, worst gap: 0.04:  77%|███████▋  | 772/1000 [24:02<07:16,  1.91s/it]
Epoch 772 | postive loss : 0.70, negtive loss : 4.75, worst lambd: 3.04, worst gap: 0.04:  77%|███████▋  | 773/1000 [24:04<07:09,  1.89s/it]
Epoch 773 | postive loss : 0.70, negtive loss : 4.74, worst lambd: 2.90, worst gap: 0.05:  77%|███████▋  | 774/1000 [24:05<07:06,  1.89s/it]
Epoch 774 | postive loss : 0.70, negtive loss : 4.73, worst lambd: 2.99, worst gap: 0.03:  78%|███████▊  | 775/1000 [24:07<07:03,  1.88s/it]
Epoch 775 | postive loss : 0.70, negtive loss : 4.76, worst lambd: 3.05, worst gap: 0.04:  78%|███████▊  | 776/1000 [24:09<07:00,  1.88s/it]
Epoch 776 | postive loss : 0.70, negtive loss : 4.75, worst lambd: 3.00, worst gap: 0.04:  78%|███████▊  | 777/1000 [24:11<07:00,  1.89s/it]
Epoch 777 | postive loss : 0.70, negtive loss : 4.75, worst lambd: 2.99, worst gap: 0.05:  78%|███████▊  | 778/1000 [24:13<07:00,  1.90s/it]
Epoch 778 | postive loss : 0.70, negtive loss : 4.75, worst lambd: 3.02, worst gap: 0.03:  78%|███████▊  | 779/1000 [24:15<07:01,  1.91s/it]
Epoch 779 | postive loss : 0.70, negtive loss : 4.75, worst lambd: 3.00, worst gap: 0.03:  78%|███████▊  | 780/1000 [24:17<06:59,  1.91s/it]
Epoch 780 | postive loss : 0.70, negtive loss : 4.75, worst lambd: 2.89, worst gap: 0.04:  78%|███████▊  | 781/1000 [24:19<06:55,  1.90s/it]
Epoch 781 | postive loss : 0.70, negtive loss : 4.75, worst lambd: 3.09, worst gap: 0.03:  78%|███████▊  | 782/1000 [24:21<06:48,  1.88s/it]
Epoch 782 | postive loss : 0.70, negtive loss : 4.75, worst lambd: 3.05, worst gap: 0.05:  78%|███████▊  | 783/1000 [24:22<06:44,  1.86s/it]
Epoch 783 | postive loss : 0.70, negtive loss : 4.75, worst lambd: 3.01, worst gap: 0.04:  78%|███████▊  | 784/1000 [24:24<06:45,  1.88s/it]
Epoch 784 | postive loss : 0.70, negtive loss : 4.76, worst lambd: 2.90, worst gap: 0.04:  78%|███████▊  | 785/1000 [24:26<06:42,  1.87s/it]
Epoch 785 | postive loss : 0.70, negtive loss : 4.75, worst lambd: 2.92, worst gap: 0.05:  79%|███████▊  | 786/1000 [24:28<06:40,  1.87s/it]
Epoch 786 | postive loss : 0.70, negtive loss : 4.76, worst lambd: 2.99, worst gap: 0.04:  79%|███████▊  | 787/1000 [24:30<06:37,  1.87s/it]
Epoch 787 | postive loss : 0.70, negtive loss : 4.75, worst lambd: 2.94, worst gap: 0.04:  79%|███████▉  | 788/1000 [24:32<06:36,  1.87s/it]
Epoch 788 | postive loss : 0.70, negtive loss : 4.76, worst lambd: 2.96, worst gap: 0.03:  79%|███████▉  | 789/1000 [24:34<06:35,  1.88s/it]
Epoch 789 | postive loss : 0.70, negtive loss : 4.75, worst lambd: 2.86, worst gap: 0.04:  79%|███████▉  | 790/1000 [24:35<06:33,  1.87s/it]
Epoch 790 | postive loss : 0.70, negtive loss : 4.75, worst lambd: 3.06, worst gap: 0.04:  79%|███████▉  | 791/1000 [24:37<06:30,  1.87s/it]
Epoch 791 | postive loss : 0.70, negtive loss : 4.76, worst lambd: 2.86, worst gap: 0.04:  79%|███████▉  | 792/1000 [24:39<06:29,  1.87s/it]
Epoch 792 | postive loss : 0.70, negtive loss : 4.75, worst lambd: 2.92, worst gap: 0.03:  79%|███████▉  | 793/1000 [24:41<06:31,  1.89s/it]
Epoch 793 | postive loss : 0.70, negtive loss : 4.76, worst lambd: 3.02, worst gap: 0.04:  79%|███████▉  | 794/1000 [24:43<06:36,  1.92s/it]
Epoch 794 | postive loss : 0.70, negtive loss : 4.76, worst lambd: 3.03, worst gap: 0.04:  80%|███████▉  | 795/1000 [24:45<06:35,  1.93s/it]
Epoch 795 | postive loss : 0.70, negtive loss : 4.76, worst lambd: 3.03, worst gap: 0.04:  80%|███████▉  | 796/1000 [24:47<06:32,  1.93s/it]
Epoch 796 | postive loss : 0.70, negtive loss : 4.75, worst lambd: 3.03, worst gap: 0.04:  80%|███████▉  | 797/1000 [24:49<06:31,  1.93s/it]
Epoch 797 | postive loss : 0.70, negtive loss : 4.77, worst lambd: 2.91, worst gap: 0.03:  80%|███████▉  | 798/1000 [24:51<06:40,  1.98s/it]
Epoch 798 | postive loss : 0.70, negtive loss : 4.76, worst lambd: 3.02, worst gap: 0.03:  80%|███████▉  | 799/1000 [24:53<06:34,  1.96s/it]
Epoch 799 | postive loss : 0.70, negtive loss : 4.75, worst lambd: 2.98, worst gap: 0.04:  80%|████████  | 800/1000 [24:55<06:28,  1.94s/it]
Epoch 800 | postive loss : 0.70, negtive loss : 4.75, worst lambd: 2.97, worst gap: 0.03:  80%|████████  | 801/1000 [24:57<06:24,  1.93s/it]
Epoch 801 | postive loss : 0.70, negtive loss : 4.76, worst lambd: 3.01, worst gap: 0.03:  80%|████████  | 802/1000 [24:59<06:18,  1.91s/it]
Epoch 802 | postive loss : 0.70, negtive loss : 4.76, worst lambd: 2.92, worst gap: 0.03:  80%|████████  | 803/1000 [25:01<06:14,  1.90s/it]
Epoch 803 | postive loss : 0.70, negtive loss : 4.76, worst lambd: 2.95, worst gap: 0.04:  80%|████████  | 804/1000 [25:02<06:10,  1.89s/it]
Epoch 804 | postive loss : 0.70, negtive loss : 4.76, worst lambd: 2.94, worst gap: 0.04:  80%|████████  | 805/1000 [25:04<06:07,  1.88s/it]
Epoch 805 | postive loss : 0.70, negtive loss : 4.77, worst lambd: 3.01, worst gap: 0.03:  81%|████████  | 806/1000 [25:06<06:05,  1.89s/it]
Epoch 806 | postive loss : 0.70, negtive loss : 4.76, worst lambd: 3.05, worst gap: 0.03:  81%|████████  | 807/1000 [25:08<06:04,  1.89s/it]
Epoch 807 | postive loss : 0.70, negtive loss : 4.77, worst lambd: 3.02, worst gap: 0.04:  81%|████████  | 808/1000 [25:10<06:02,  1.89s/it]
Epoch 808 | postive loss : 0.70, negtive loss : 4.77, worst lambd: 3.02, worst gap: 0.04:  81%|████████  | 809/1000 [25:12<06:00,  1.89s/it]
Epoch 809 | postive loss : 0.70, negtive loss : 4.76, worst lambd: 2.92, worst gap: 0.04:  81%|████████  | 810/1000 [25:14<05:57,  1.88s/it]
Epoch 810 | postive loss : 0.70, negtive loss : 4.77, worst lambd: 2.94, worst gap: 0.03:  81%|████████  | 811/1000 [25:16<05:56,  1.89s/it]
Epoch 811 | postive loss : 0.69, negtive loss : 4.76, worst lambd: 2.97, worst gap: 0.04:  81%|████████  | 812/1000 [25:17<05:53,  1.88s/it]
Epoch 812 | postive loss : 0.70, negtive loss : 4.76, worst lambd: 2.93, worst gap: 0.05:  81%|████████▏ | 813/1000 [25:19<05:51,  1.88s/it]
Epoch 813 | postive loss : 0.70, negtive loss : 4.77, worst lambd: 2.94, worst gap: 0.03:  81%|████████▏ | 814/1000 [25:21<05:49,  1.88s/it]
Epoch 814 | postive loss : 0.70, negtive loss : 4.76, worst lambd: 3.02, worst gap: 0.04:  82%|████████▏ | 815/1000 [25:23<05:47,  1.88s/it]
Epoch 815 | postive loss : 0.70, negtive loss : 4.78, worst lambd: 3.03, worst gap: 0.04:  82%|████████▏ | 816/1000 [25:25<05:45,  1.88s/it]
Epoch 816 | postive loss : 0.69, negtive loss : 4.76, worst lambd: 3.05, worst gap: 0.05:  82%|████████▏ | 817/1000 [25:27<05:43,  1.88s/it]
Epoch 817 | postive loss : 0.70, negtive loss : 4.77, worst lambd: 2.93, worst gap: 0.05:  82%|████████▏ | 818/1000 [25:29<05:39,  1.87s/it]
Epoch 818 | postive loss : 0.70, negtive loss : 4.77, worst lambd: 2.93, worst gap: 0.03:  82%|████████▏ | 819/1000 [25:31<05:36,  1.86s/it]
Epoch 819 | postive loss : 0.69, negtive loss : 4.76, worst lambd: 2.95, worst gap: 0.04:  82%|████████▏ | 820/1000 [25:32<05:34,  1.86s/it]
Epoch 820 | postive loss : 0.69, negtive loss : 4.77, worst lambd: 3.01, worst gap: 0.04:  82%|████████▏ | 821/1000 [25:34<05:32,  1.86s/it]
Epoch 821 | postive loss : 0.70, negtive loss : 4.77, worst lambd: 2.98, worst gap: 0.04:  82%|████████▏ | 822/1000 [25:36<05:31,  1.86s/it]
Epoch 822 | postive loss : 0.70, negtive loss : 4.77, worst lambd: 2.96, worst gap: 0.04:  82%|████████▏ | 823/1000 [25:38<05:28,  1.86s/it]
Epoch 823 | postive loss : 0.69, negtive loss : 4.76, worst lambd: 2.98, worst gap: 0.05:  82%|████████▏ | 824/1000 [25:40<05:26,  1.86s/it]
Epoch 824 | postive loss : 0.69, negtive loss : 4.77, worst lambd: 3.04, worst gap: 0.05:  82%|████████▎ | 825/1000 [25:42<05:29,  1.89s/it]
Epoch 825 | postive loss : 0.69, negtive loss : 4.77, worst lambd: 2.99, worst gap: 0.04:  83%|████████▎ | 826/1000 [25:44<05:26,  1.88s/it]
Epoch 826 | postive loss : 0.70, negtive loss : 4.77, worst lambd: 2.87, worst gap: 0.04:  83%|████████▎ | 827/1000 [25:45<05:23,  1.87s/it]
Epoch 827 | postive loss : 0.70, negtive loss : 4.77, worst lambd: 2.94, worst gap: 0.03:  83%|████████▎ | 828/1000 [25:47<05:21,  1.87s/it]
Epoch 828 | postive loss : 0.69, negtive loss : 4.77, worst lambd: 2.99, worst gap: 0.04:  83%|████████▎ | 829/1000 [25:49<05:18,  1.86s/it]
Epoch 829 | postive loss : 0.70, negtive loss : 4.78, worst lambd: 2.89, worst gap: 0.05:  83%|████████▎ | 830/1000 [25:51<05:16,  1.86s/it]
Epoch 830 | postive loss : 0.69, negtive loss : 4.77, worst lambd: 2.96, worst gap: 0.04:  83%|████████▎ | 831/1000 [25:53<05:14,  1.86s/it]
Epoch 831 | postive loss : 0.69, negtive loss : 4.77, worst lambd: 2.90, worst gap: 0.05:  83%|████████▎ | 832/1000 [25:55<05:13,  1.86s/it]
Epoch 832 | postive loss : 0.69, negtive loss : 4.78, worst lambd: 2.97, worst gap: 0.04:  83%|████████▎ | 833/1000 [25:57<05:10,  1.86s/it]
Epoch 833 | postive loss : 0.69, negtive loss : 4.77, worst lambd: 3.04, worst gap: 0.04:  83%|████████▎ | 834/1000 [25:58<05:08,  1.86s/it]
Epoch 834 | postive loss : 0.69, negtive loss : 4.77, worst lambd: 3.02, worst gap: 0.03:  84%|████████▎ | 835/1000 [26:00<05:07,  1.86s/it]
Epoch 835 | postive loss : 0.70, negtive loss : 4.78, worst lambd: 2.87, worst gap: 0.03:  84%|████████▎ | 836/1000 [26:02<05:05,  1.86s/it]
Epoch 836 | postive loss : 0.70, negtive loss : 4.78, worst lambd: 3.04, worst gap: 0.04:  84%|████████▎ | 837/1000 [26:04<05:03,  1.86s/it]
Epoch 837 | postive loss : 0.69, negtive loss : 4.78, worst lambd: 3.08, worst gap: 0.04:  84%|████████▍ | 838/1000 [26:06<05:01,  1.86s/it]
Epoch 838 | postive loss : 0.69, negtive loss : 4.77, worst lambd: 3.07, worst gap: 0.03:  84%|████████▍ | 839/1000 [26:08<04:59,  1.86s/it]
Epoch 839 | postive loss : 0.70, negtive loss : 4.78, worst lambd: 2.91, worst gap: 0.05:  84%|████████▍ | 840/1000 [26:10<04:58,  1.86s/it]
Epoch 840 | postive loss : 0.69, negtive loss : 4.77, worst lambd: 2.97, worst gap: 0.04:  84%|████████▍ | 841/1000 [26:12<04:56,  1.86s/it]
Epoch 841 | postive loss : 0.69, negtive loss : 4.78, worst lambd: 2.93, worst gap: 0.03:  84%|████████▍ | 842/1000 [26:13<04:53,  1.86s/it]
Epoch 842 | postive loss : 0.69, negtive loss : 4.77, worst lambd: 3.02, worst gap: 0.04:  84%|████████▍ | 843/1000 [26:15<04:52,  1.86s/it]
Epoch 843 | postive loss : 0.69, negtive loss : 4.78, worst lambd: 3.04, worst gap: 0.03:  84%|████████▍ | 844/1000 [26:17<04:50,  1.86s/it]
Epoch 844 | postive loss : 0.69, negtive loss : 4.77, worst lambd: 3.04, worst gap: 0.03:  84%|████████▍ | 845/1000 [26:19<04:48,  1.86s/it]
Epoch 845 | postive loss : 0.69, negtive loss : 4.78, worst lambd: 2.83, worst gap: 0.03:  85%|████████▍ | 846/1000 [26:21<04:46,  1.86s/it]
Epoch 846 | postive loss : 0.69, negtive loss : 4.78, worst lambd: 2.94, worst gap: 0.04:  85%|████████▍ | 847/1000 [26:23<04:44,  1.86s/it]
Epoch 847 | postive loss : 0.69, negtive loss : 4.78, worst lambd: 2.99, worst gap: 0.04:  85%|████████▍ | 848/1000 [26:25<04:42,  1.86s/it]
Epoch 848 | postive loss : 0.69, negtive loss : 4.78, worst lambd: 3.02, worst gap: 0.05:  85%|████████▍ | 849/1000 [26:26<04:41,  1.86s/it]
Epoch 849 | postive loss : 0.69, negtive loss : 4.79, worst lambd: 2.92, worst gap: 0.05:  85%|████████▌ | 850/1000 [26:28<04:39,  1.86s/it]
Epoch 850 | postive loss : 0.69, negtive loss : 4.78, worst lambd: 2.96, worst gap: 0.05:  85%|████████▌ | 851/1000 [26:30<04:37,  1.86s/it]
Epoch 851 | postive loss : 0.70, negtive loss : 4.79, worst lambd: 3.01, worst gap: 0.04:  85%|████████▌ | 852/1000 [26:32<04:35,  1.86s/it]
Epoch 852 | postive loss : 0.69, negtive loss : 4.78, worst lambd: 3.03, worst gap: 0.03:  85%|████████▌ | 853/1000 [26:34<04:33,  1.86s/it]
Epoch 853 | postive loss : 0.69, negtive loss : 4.78, worst lambd: 3.02, worst gap: 0.05:  85%|████████▌ | 854/1000 [26:36<04:31,  1.86s/it]
Epoch 854 | postive loss : 0.69, negtive loss : 4.77, worst lambd: 2.90, worst gap: 0.05:  86%|████████▌ | 855/1000 [26:38<04:29,  1.86s/it]
Epoch 855 | postive loss : 0.69, negtive loss : 4.78, worst lambd: 3.03, worst gap: 0.03:  86%|████████▌ | 856/1000 [26:39<04:27,  1.86s/it]
Epoch 856 | postive loss : 0.69, negtive loss : 4.78, worst lambd: 2.92, worst gap: 0.04:  86%|████████▌ | 857/1000 [26:41<04:25,  1.86s/it]
Epoch 857 | postive loss : 0.69, negtive loss : 4.78, worst lambd: 3.02, worst gap: 0.04:  86%|████████▌ | 858/1000 [26:43<04:23,  1.85s/it]
Epoch 858 | postive loss : 0.69, negtive loss : 4.78, worst lambd: 2.89, worst gap: 0.05:  86%|████████▌ | 859/1000 [26:45<04:21,  1.85s/it]
Epoch 859 | postive loss : 0.69, negtive loss : 4.78, worst lambd: 3.08, worst gap: 0.04:  86%|████████▌ | 860/1000 [26:47<04:19,  1.85s/it]
Epoch 860 | postive loss : 0.69, negtive loss : 4.78, worst lambd: 2.99, worst gap: 0.04:  86%|████████▌ | 861/1000 [26:49<04:17,  1.85s/it]
Epoch 861 | postive loss : 0.69, negtive loss : 4.78, worst lambd: 2.96, worst gap: 0.05:  86%|████████▌ | 862/1000 [26:51<04:16,  1.86s/it]
Epoch 862 | postive loss : 0.69, negtive loss : 4.79, worst lambd: 3.02, worst gap: 0.04:  86%|████████▋ | 863/1000 [26:52<04:15,  1.86s/it]
Epoch 863 | postive loss : 0.69, negtive loss : 4.79, worst lambd: 3.05, worst gap: 0.04:  86%|████████▋ | 864/1000 [26:54<04:13,  1.86s/it]
Epoch 864 | postive loss : 0.69, negtive loss : 4.78, worst lambd: 3.05, worst gap: 0.04:  86%|████████▋ | 865/1000 [26:56<04:11,  1.86s/it]
Epoch 865 | postive loss : 0.69, negtive loss : 4.79, worst lambd: 2.88, worst gap: 0.05:  87%|████████▋ | 866/1000 [26:58<04:10,  1.87s/it]
Epoch 866 | postive loss : 0.69, negtive loss : 4.78, worst lambd: 2.99, worst gap: 0.03:  87%|████████▋ | 867/1000 [27:00<04:08,  1.87s/it]
Epoch 867 | postive loss : 0.69, negtive loss : 4.79, worst lambd: 2.95, worst gap: 0.03:  87%|████████▋ | 868/1000 [27:02<04:06,  1.87s/it]
Epoch 868 | postive loss : 0.69, negtive loss : 4.78, worst lambd: 2.97, worst gap: 0.04:  87%|████████▋ | 869/1000 [27:04<04:04,  1.87s/it]
Epoch 869 | postive loss : 0.69, negtive loss : 4.79, worst lambd: 3.13, worst gap: 0.05:  87%|████████▋ | 870/1000 [27:06<04:03,  1.88s/it]
Epoch 870 | postive loss : 0.69, negtive loss : 4.78, worst lambd: 3.02, worst gap: 0.03:  87%|████████▋ | 871/1000 [27:07<04:02,  1.88s/it]
Epoch 871 | postive loss : 0.69, negtive loss : 4.79, worst lambd: 3.05, worst gap: 0.03:  87%|████████▋ | 872/1000 [27:09<04:00,  1.88s/it]
Epoch 872 | postive loss : 0.69, negtive loss : 4.79, worst lambd: 2.97, worst gap: 0.04:  87%|████████▋ | 873/1000 [27:11<03:57,  1.87s/it]
Epoch 873 | postive loss : 0.69, negtive loss : 4.79, worst lambd: 3.12, worst gap: 0.05:  87%|████████▋ | 874/1000 [27:13<03:55,  1.87s/it]
Epoch 874 | postive loss : 0.69, negtive loss : 4.79, worst lambd: 3.01, worst gap: 0.05:  88%|████████▊ | 875/1000 [27:15<03:53,  1.86s/it]
Epoch 875 | postive loss : 0.69, negtive loss : 4.79, worst lambd: 3.00, worst gap: 0.04:  88%|████████▊ | 876/1000 [27:17<03:51,  1.86s/it]
Epoch 876 | postive loss : 0.69, negtive loss : 4.79, worst lambd: 3.09, worst gap: 0.04:  88%|████████▊ | 877/1000 [27:19<03:49,  1.86s/it]
Epoch 877 | postive loss : 0.69, negtive loss : 4.79, worst lambd: 2.90, worst gap: 0.04:  88%|████████▊ | 878/1000 [27:20<03:47,  1.86s/it]
Epoch 878 | postive loss : 0.69, negtive loss : 4.80, worst lambd: 2.98, worst gap: 0.03:  88%|████████▊ | 879/1000 [27:22<03:45,  1.86s/it]
Epoch 879 | postive loss : 0.69, negtive loss : 4.79, worst lambd: 3.08, worst gap: 0.04:  88%|████████▊ | 880/1000 [27:24<03:43,  1.86s/it]
Epoch 880 | postive loss : 0.69, negtive loss : 4.78, worst lambd: 2.99, worst gap: 0.05:  88%|████████▊ | 881/1000 [27:26<03:42,  1.87s/it]
Epoch 881 | postive loss : 0.69, negtive loss : 4.79, worst lambd: 2.94, worst gap: 0.04:  88%|████████▊ | 882/1000 [27:28<03:44,  1.90s/it]
Epoch 882 | postive loss : 0.69, negtive loss : 4.79, worst lambd: 3.11, worst gap: 0.04:  88%|████████▊ | 883/1000 [27:30<03:40,  1.88s/it]
Epoch 883 | postive loss : 0.69, negtive loss : 4.80, worst lambd: 3.08, worst gap: 0.05:  88%|████████▊ | 884/1000 [27:32<03:39,  1.89s/it]
Epoch 884 | postive loss : 0.69, negtive loss : 4.78, worst lambd: 2.96, worst gap: 0.03:  88%|████████▊ | 885/1000 [27:34<03:36,  1.88s/it]
Epoch 885 | postive loss : 0.69, negtive loss : 4.79, worst lambd: 2.91, worst gap: 0.04:  89%|████████▊ | 886/1000 [27:36<03:33,  1.87s/it]
Epoch 886 | postive loss : 0.69, negtive loss : 4.79, worst lambd: 3.11, worst gap: 0.03:  89%|████████▊ | 887/1000 [27:37<03:31,  1.87s/it]
Epoch 887 | postive loss : 0.69, negtive loss : 4.79, worst lambd: 2.97, worst gap: 0.04:  89%|████████▉ | 888/1000 [27:39<03:31,  1.89s/it]
Epoch 888 | postive loss : 0.69, negtive loss : 4.79, worst lambd: 3.01, worst gap: 0.04:  89%|████████▉ | 889/1000 [27:41<03:30,  1.89s/it]
Epoch 889 | postive loss : 0.69, negtive loss : 4.80, worst lambd: 2.82, worst gap: 0.04:  89%|████████▉ | 890/1000 [27:43<03:26,  1.87s/it]
Epoch 890 | postive loss : 0.69, negtive loss : 4.80, worst lambd: 2.91, worst gap: 0.04:  89%|████████▉ | 891/1000 [27:45<03:22,  1.86s/it]
Epoch 891 | postive loss : 0.69, negtive loss : 4.80, worst lambd: 3.01, worst gap: 0.04:  89%|████████▉ | 892/1000 [27:47<03:19,  1.85s/it]
Epoch 892 | postive loss : 0.69, negtive loss : 4.80, worst lambd: 3.02, worst gap: 0.05:  89%|████████▉ | 893/1000 [27:49<03:17,  1.85s/it]
Epoch 893 | postive loss : 0.69, negtive loss : 4.80, worst lambd: 2.98, worst gap: 0.03:  89%|████████▉ | 894/1000 [27:50<03:17,  1.87s/it]
Epoch 894 | postive loss : 0.69, negtive loss : 4.80, worst lambd: 3.15, worst gap: 0.04:  90%|████████▉ | 895/1000 [27:52<03:15,  1.86s/it]
Epoch 895 | postive loss : 0.69, negtive loss : 4.79, worst lambd: 3.09, worst gap: 0.04:  90%|████████▉ | 896/1000 [27:54<03:12,  1.85s/it]
Epoch 896 | postive loss : 0.69, negtive loss : 4.81, worst lambd: 2.95, worst gap: 0.04:  90%|████████▉ | 897/1000 [27:56<03:09,  1.84s/it]
Epoch 897 | postive loss : 0.69, negtive loss : 4.80, worst lambd: 3.01, worst gap: 0.05:  90%|████████▉ | 898/1000 [27:58<03:07,  1.84s/it]
Epoch 898 | postive loss : 0.69, negtive loss : 4.80, worst lambd: 3.03, worst gap: 0.04:  90%|████████▉ | 899/1000 [28:00<03:06,  1.84s/it]
Epoch 899 | postive loss : 0.69, negtive loss : 4.79, worst lambd: 3.15, worst gap: 0.04:  90%|█████████ | 900/1000 [28:01<03:04,  1.85s/it]
Epoch 900 | postive loss : 0.69, negtive loss : 4.80, worst lambd: 3.06, worst gap: 0.04:  90%|█████████ | 901/1000 [28:03<03:04,  1.86s/it]
Epoch 901 | postive loss : 0.69, negtive loss : 4.80, worst lambd: 2.99, worst gap: 0.05:  90%|█████████ | 902/1000 [28:05<03:03,  1.87s/it]
Epoch 902 | postive loss : 0.69, negtive loss : 4.80, worst lambd: 3.10, worst gap: 0.04:  90%|█████████ | 903/1000 [28:07<03:02,  1.89s/it]
Epoch 903 | postive loss : 0.69, negtive loss : 4.79, worst lambd: 3.01, worst gap: 0.03:  90%|█████████ | 904/1000 [28:09<03:01,  1.89s/it]
Epoch 904 | postive loss : 0.69, negtive loss : 4.80, worst lambd: 3.00, worst gap: 0.04:  90%|█████████ | 905/1000 [28:11<02:58,  1.88s/it]
Epoch 905 | postive loss : 0.69, negtive loss : 4.81, worst lambd: 2.88, worst gap: 0.05:  91%|█████████ | 906/1000 [28:13<02:57,  1.88s/it]
Epoch 906 | postive loss : 0.69, negtive loss : 4.80, worst lambd: 3.05, worst gap: 0.03:  91%|█████████ | 907/1000 [28:15<02:55,  1.88s/it]
Epoch 907 | postive loss : 0.69, negtive loss : 4.81, worst lambd: 3.00, worst gap: 0.03:  91%|█████████ | 908/1000 [28:17<02:52,  1.88s/it]
Epoch 908 | postive loss : 0.69, negtive loss : 4.80, worst lambd: 2.96, worst gap: 0.04:  91%|█████████ | 909/1000 [28:18<02:50,  1.88s/it]
Epoch 909 | postive loss : 0.69, negtive loss : 4.79, worst lambd: 3.08, worst gap: 0.04:  91%|█████████ | 910/1000 [28:20<02:47,  1.86s/it]
Epoch 910 | postive loss : 0.69, negtive loss : 4.80, worst lambd: 3.12, worst gap: 0.04:  91%|█████████ | 911/1000 [28:22<02:46,  1.87s/it]
Epoch 911 | postive loss : 0.69, negtive loss : 4.80, worst lambd: 2.92, worst gap: 0.03:  91%|█████████ | 912/1000 [28:24<02:44,  1.87s/it]
Epoch 912 | postive loss : 0.69, negtive loss : 4.79, worst lambd: 3.10, worst gap: 0.03:  91%|█████████▏| 913/1000 [28:26<02:41,  1.85s/it]
Epoch 913 | postive loss : 0.69, negtive loss : 4.80, worst lambd: 3.07, worst gap: 0.04:  91%|█████████▏| 914/1000 [28:28<02:39,  1.85s/it]
Epoch 914 | postive loss : 0.69, negtive loss : 4.80, worst lambd: 3.08, worst gap: 0.04:  92%|█████████▏| 915/1000 [28:30<02:38,  1.86s/it]
Epoch 915 | postive loss : 0.69, negtive loss : 4.80, worst lambd: 3.01, worst gap: 0.03:  92%|█████████▏| 916/1000 [28:32<02:37,  1.87s/it]
Epoch 916 | postive loss : 0.69, negtive loss : 4.81, worst lambd: 2.90, worst gap: 0.04:  92%|█████████▏| 917/1000 [28:33<02:36,  1.88s/it]
Epoch 917 | postive loss : 0.69, negtive loss : 4.80, worst lambd: 3.06, worst gap: 0.04:  92%|█████████▏| 918/1000 [28:35<02:34,  1.88s/it]
Epoch 918 | postive loss : 0.69, negtive loss : 4.81, worst lambd: 2.94, worst gap: 0.03:  92%|█████████▏| 919/1000 [28:37<02:32,  1.88s/it]
Epoch 919 | postive loss : 0.69, negtive loss : 4.81, worst lambd: 3.10, worst gap: 0.04:  92%|█████████▏| 920/1000 [28:39<02:30,  1.89s/it]
Epoch 920 | postive loss : 0.69, negtive loss : 4.80, worst lambd: 2.92, worst gap: 0.04:  92%|█████████▏| 921/1000 [28:41<02:28,  1.88s/it]
Epoch 921 | postive loss : 0.69, negtive loss : 4.80, worst lambd: 3.01, worst gap: 0.04:  92%|█████████▏| 922/1000 [28:43<02:25,  1.87s/it]
Epoch 922 | postive loss : 0.69, negtive loss : 4.81, worst lambd: 3.05, worst gap: 0.04:  92%|█████████▏| 923/1000 [28:45<02:23,  1.86s/it]
Epoch 923 | postive loss : 0.69, negtive loss : 4.80, worst lambd: 3.12, worst gap: 0.04:  92%|█████████▏| 924/1000 [28:46<02:21,  1.86s/it]
Epoch 924 | postive loss : 0.69, negtive loss : 4.80, worst lambd: 2.97, worst gap: 0.04:  92%|█████████▎| 925/1000 [28:48<02:19,  1.85s/it]
Epoch 925 | postive loss : 0.69, negtive loss : 4.80, worst lambd: 3.08, worst gap: 0.04:  93%|█████████▎| 926/1000 [28:50<02:17,  1.85s/it]
Epoch 926 | postive loss : 0.69, negtive loss : 4.81, worst lambd: 3.08, worst gap: 0.04:  93%|█████████▎| 927/1000 [28:52<02:15,  1.85s/it]
Epoch 927 | postive loss : 0.69, negtive loss : 4.80, worst lambd: 2.87, worst gap: 0.04:  93%|█████████▎| 928/1000 [28:54<02:13,  1.85s/it]
Epoch 928 | postive loss : 0.69, negtive loss : 4.82, worst lambd: 2.98, worst gap: 0.05:  93%|█████████▎| 929/1000 [28:56<02:11,  1.85s/it]
Epoch 929 | postive loss : 0.69, negtive loss : 4.80, worst lambd: 2.98, worst gap: 0.04:  93%|█████████▎| 930/1000 [28:58<02:08,  1.84s/it]
Epoch 930 | postive loss : 0.69, negtive loss : 4.80, worst lambd: 3.04, worst gap: 0.05:  93%|█████████▎| 931/1000 [28:59<02:06,  1.83s/it]
Epoch 931 | postive loss : 0.69, negtive loss : 4.80, worst lambd: 3.11, worst gap: 0.04:  93%|█████████▎| 932/1000 [29:01<02:03,  1.81s/it]
Epoch 932 | postive loss : 0.69, negtive loss : 4.82, worst lambd: 3.01, worst gap: 0.03:  93%|█████████▎| 933/1000 [29:03<02:00,  1.80s/it]
Epoch 933 | postive loss : 0.69, negtive loss : 4.81, worst lambd: 2.98, worst gap: 0.03:  93%|█████████▎| 934/1000 [29:05<01:58,  1.80s/it]
Epoch 934 | postive loss : 0.69, negtive loss : 4.81, worst lambd: 2.99, worst gap: 0.04:  94%|█████████▎| 935/1000 [29:06<01:56,  1.80s/it]
Epoch 935 | postive loss : 0.69, negtive loss : 4.79, worst lambd: 3.01, worst gap: 0.04:  94%|█████████▎| 936/1000 [29:08<01:54,  1.79s/it]
Epoch 936 | postive loss : 0.69, negtive loss : 4.80, worst lambd: 2.96, worst gap: 0.04:  94%|█████████▎| 937/1000 [29:10<01:52,  1.79s/it]
Epoch 937 | postive loss : 0.69, negtive loss : 4.81, worst lambd: 3.13, worst gap: 0.04:  94%|█████████▍| 938/1000 [29:12<01:50,  1.78s/it]
Epoch 938 | postive loss : 0.69, negtive loss : 4.81, worst lambd: 2.92, worst gap: 0.05:  94%|█████████▍| 939/1000 [29:14<01:48,  1.78s/it]
Epoch 939 | postive loss : 0.69, negtive loss : 4.80, worst lambd: 3.13, worst gap: 0.05:  94%|█████████▍| 940/1000 [29:15<01:46,  1.78s/it]
Epoch 940 | postive loss : 0.69, negtive loss : 4.80, worst lambd: 3.02, worst gap: 0.04:  94%|█████████▍| 941/1000 [29:17<01:44,  1.78s/it]
Epoch 941 | postive loss : 0.69, negtive loss : 4.81, worst lambd: 3.08, worst gap: 0.03:  94%|█████████▍| 942/1000 [29:19<01:43,  1.78s/it]
Epoch 942 | postive loss : 0.69, negtive loss : 4.81, worst lambd: 2.98, worst gap: 0.05:  94%|█████████▍| 943/1000 [29:21<01:41,  1.79s/it]
Epoch 943 | postive loss : 0.69, negtive loss : 4.80, worst lambd: 2.98, worst gap: 0.04:  94%|█████████▍| 944/1000 [29:23<01:41,  1.81s/it]
Epoch 944 | postive loss : 0.69, negtive loss : 4.81, worst lambd: 3.05, worst gap: 0.04:  94%|█████████▍| 945/1000 [29:24<01:39,  1.81s/it]
Epoch 945 | postive loss : 0.69, negtive loss : 4.81, worst lambd: 2.95, worst gap: 0.04:  95%|█████████▍| 946/1000 [29:26<01:38,  1.82s/it]
Epoch 946 | postive loss : 0.69, negtive loss : 4.80, worst lambd: 3.06, worst gap: 0.05:  95%|█████████▍| 947/1000 [29:28<01:36,  1.82s/it]
Epoch 947 | postive loss : 0.69, negtive loss : 4.81, worst lambd: 3.09, worst gap: 0.03:  95%|█████████▍| 948/1000 [29:30<01:35,  1.83s/it]
Epoch 948 | postive loss : 0.69, negtive loss : 4.81, worst lambd: 3.08, worst gap: 0.05:  95%|█████████▍| 949/1000 [29:32<01:33,  1.83s/it]
Epoch 949 | postive loss : 0.69, negtive loss : 4.81, worst lambd: 2.98, worst gap: 0.03:  95%|█████████▌| 950/1000 [29:34<01:32,  1.86s/it]
Epoch 950 | postive loss : 0.69, negtive loss : 4.81, worst lambd: 3.01, worst gap: 0.04:  95%|█████████▌| 951/1000 [29:36<01:31,  1.86s/it]
Epoch 951 | postive loss : 0.69, negtive loss : 4.81, worst lambd: 2.90, worst gap: 0.03:  95%|█████████▌| 952/1000 [29:37<01:29,  1.86s/it]
Epoch 952 | postive loss : 0.69, negtive loss : 4.80, worst lambd: 3.09, worst gap: 0.05:  95%|█████████▌| 953/1000 [29:39<01:27,  1.86s/it]
Epoch 953 | postive loss : 0.69, negtive loss : 4.81, worst lambd: 3.08, worst gap: 0.04:  95%|█████████▌| 954/1000 [29:41<01:26,  1.88s/it]
Epoch 954 | postive loss : 0.69, negtive loss : 4.81, worst lambd: 2.94, worst gap: 0.03:  96%|█████████▌| 955/1000 [29:43<01:24,  1.87s/it]
Epoch 955 | postive loss : 0.69, negtive loss : 4.81, worst lambd: 3.03, worst gap: 0.05:  96%|█████████▌| 956/1000 [29:45<01:23,  1.90s/it]
Epoch 956 | postive loss : 0.69, negtive loss : 4.83, worst lambd: 3.01, worst gap: 0.04:  96%|█████████▌| 957/1000 [29:47<01:21,  1.89s/it]
Epoch 957 | postive loss : 0.69, negtive loss : 4.82, worst lambd: 3.10, worst gap: 0.04:  96%|█████████▌| 958/1000 [29:49<01:19,  1.89s/it]
Epoch 958 | postive loss : 0.69, negtive loss : 4.81, worst lambd: 2.97, worst gap: 0.03:  96%|█████████▌| 959/1000 [29:51<01:17,  1.89s/it]
Epoch 959 | postive loss : 0.69, negtive loss : 4.83, worst lambd: 3.10, worst gap: 0.04:  96%|█████████▌| 960/1000 [29:53<01:15,  1.89s/it]
Epoch 960 | postive loss : 0.69, negtive loss : 4.81, worst lambd: 3.05, worst gap: 0.03:  96%|█████████▌| 961/1000 [29:54<01:13,  1.90s/it]
Epoch 961 | postive loss : 0.69, negtive loss : 4.82, worst lambd: 2.94, worst gap: 0.03:  96%|█████████▌| 962/1000 [29:56<01:11,  1.89s/it]
Epoch 962 | postive loss : 0.69, negtive loss : 4.82, worst lambd: 3.08, worst gap: 0.04:  96%|█████████▋| 963/1000 [29:58<01:09,  1.88s/it]
Epoch 963 | postive loss : 0.69, negtive loss : 4.83, worst lambd: 3.02, worst gap: 0.03:  96%|█████████▋| 964/1000 [30:00<01:07,  1.88s/it]
Epoch 964 | postive loss : 0.69, negtive loss : 4.82, worst lambd: 2.97, worst gap: 0.03:  96%|█████████▋| 965/1000 [30:02<01:05,  1.88s/it]
Epoch 965 | postive loss : 0.69, negtive loss : 4.81, worst lambd: 3.14, worst gap: 0.03:  97%|█████████▋| 966/1000 [30:04<01:03,  1.87s/it]
Epoch 966 | postive loss : 0.69, negtive loss : 4.82, worst lambd: 2.96, worst gap: 0.03:  97%|█████████▋| 967/1000 [30:06<01:01,  1.85s/it]
Epoch 967 | postive loss : 0.69, negtive loss : 4.83, worst lambd: 3.00, worst gap: 0.05:  97%|█████████▋| 968/1000 [30:07<00:59,  1.85s/it]
Epoch 968 | postive loss : 0.69, negtive loss : 4.82, worst lambd: 2.99, worst gap: 0.03:  97%|█████████▋| 969/1000 [30:09<00:57,  1.85s/it]
Epoch 969 | postive loss : 0.69, negtive loss : 4.83, worst lambd: 3.05, worst gap: 0.04:  97%|█████████▋| 970/1000 [30:11<00:55,  1.85s/it]
Epoch 970 | postive loss : 0.69, negtive loss : 4.81, worst lambd: 3.04, worst gap: 0.03:  97%|█████████▋| 971/1000 [30:13<00:53,  1.83s/it]
Epoch 971 | postive loss : 0.69, negtive loss : 4.81, worst lambd: 3.09, worst gap: 0.04:  97%|█████████▋| 972/1000 [30:15<00:51,  1.84s/it]
Epoch 972 | postive loss : 0.69, negtive loss : 4.82, worst lambd: 2.96, worst gap: 0.04:  97%|█████████▋| 973/1000 [30:17<00:49,  1.85s/it]
Epoch 973 | postive loss : 0.69, negtive loss : 4.83, worst lambd: 2.97, worst gap: 0.04:  97%|█████████▋| 974/1000 [30:18<00:48,  1.85s/it]
Epoch 974 | postive loss : 0.69, negtive loss : 4.82, worst lambd: 3.03, worst gap: 0.04:  98%|█████████▊| 975/1000 [30:20<00:46,  1.85s/it]
Epoch 975 | postive loss : 0.69, negtive loss : 4.82, worst lambd: 2.96, worst gap: 0.04:  98%|█████████▊| 976/1000 [30:22<00:44,  1.85s/it]
Epoch 976 | postive loss : 0.69, negtive loss : 4.82, worst lambd: 3.07, worst gap: 0.04:  98%|█████████▊| 977/1000 [30:24<00:42,  1.86s/it]
Epoch 977 | postive loss : 0.69, negtive loss : 4.82, worst lambd: 3.11, worst gap: 0.04:  98%|█████████▊| 978/1000 [30:26<00:40,  1.86s/it]
Epoch 978 | postive loss : 0.69, negtive loss : 4.82, worst lambd: 3.10, worst gap: 0.04:  98%|█████████▊| 979/1000 [30:28<00:38,  1.86s/it]
Epoch 979 | postive loss : 0.69, negtive loss : 4.82, worst lambd: 3.01, worst gap: 0.04:  98%|█████████▊| 980/1000 [30:30<00:37,  1.85s/it]
Epoch 980 | postive loss : 0.69, negtive loss : 4.82, worst lambd: 2.93, worst gap: 0.05:  98%|█████████▊| 981/1000 [30:31<00:35,  1.86s/it]
Epoch 981 | postive loss : 0.68, negtive loss : 4.82, worst lambd: 2.89, worst gap: 0.04:  98%|█████████▊| 982/1000 [30:33<00:33,  1.86s/it]
Epoch 982 | postive loss : 0.69, negtive loss : 4.83, worst lambd: 3.11, worst gap: 0.04:  98%|█████████▊| 983/1000 [30:35<00:31,  1.86s/it]
Epoch 983 | postive loss : 0.69, negtive loss : 4.82, worst lambd: 3.09, worst gap: 0.05:  98%|█████████▊| 984/1000 [30:37<00:29,  1.87s/it]
Epoch 984 | postive loss : 0.69, negtive loss : 4.82, worst lambd: 3.06, worst gap: 0.03:  98%|█████████▊| 985/1000 [30:39<00:28,  1.87s/it]
Epoch 985 | postive loss : 0.69, negtive loss : 4.83, worst lambd: 3.02, worst gap: 0.04:  99%|█████████▊| 986/1000 [30:41<00:26,  1.86s/it]
Epoch 986 | postive loss : 0.69, negtive loss : 4.82, worst lambd: 3.06, worst gap: 0.03:  99%|█████████▊| 987/1000 [30:43<00:24,  1.86s/it]
Epoch 987 | postive loss : 0.69, negtive loss : 4.83, worst lambd: 3.02, worst gap: 0.05:  99%|█████████▉| 988/1000 [30:45<00:22,  1.85s/it]
Epoch 988 | postive loss : 0.69, negtive loss : 4.83, worst lambd: 3.02, worst gap: 0.04:  99%|█████████▉| 989/1000 [30:46<00:20,  1.86s/it]
Epoch 989 | postive loss : 0.69, negtive loss : 4.82, worst lambd: 3.00, worst gap: 0.03:  99%|█████████▉| 990/1000 [30:48<00:18,  1.86s/it]
Epoch 990 | postive loss : 0.69, negtive loss : 4.83, worst lambd: 3.15, worst gap: 0.04:  99%|█████████▉| 991/1000 [30:50<00:16,  1.86s/it]
Epoch 991 | postive loss : 0.69, negtive loss : 4.82, worst lambd: 2.94, worst gap: 0.04:  99%|█████████▉| 992/1000 [30:52<00:14,  1.87s/it]
Epoch 992 | postive loss : 0.69, negtive loss : 4.82, worst lambd: 3.14, worst gap: 0.03:  99%|█████████▉| 993/1000 [30:54<00:13,  1.87s/it]
Epoch 993 | postive loss : 0.69, negtive loss : 4.84, worst lambd: 3.19, worst gap: 0.04:  99%|█████████▉| 994/1000 [30:56<00:11,  1.84s/it]
Epoch 994 | postive loss : 0.69, negtive loss : 4.82, worst lambd: 3.12, worst gap: 0.04: 100%|█████████▉| 995/1000 [30:57<00:09,  1.84s/it]
Epoch 995 | postive loss : 0.69, negtive loss : 4.82, worst lambd: 3.06, worst gap: 0.03: 100%|█████████▉| 996/1000 [30:59<00:07,  1.84s/it]
Epoch 996 | postive loss : 0.69, negtive loss : 4.83, worst lambd: 3.06, worst gap: 0.04: 100%|█████████▉| 997/1000 [31:01<00:05,  1.84s/it]
Epoch 997 | postive loss : 0.69, negtive loss : 4.83, worst lambd: 3.02, worst gap: 0.05: 100%|█████████▉| 998/1000 [31:03<00:03,  1.85s/it]
Epoch 998 | postive loss : 0.68, negtive loss : 4.82, worst lambd: 3.06, worst gap: 0.04: 100%|█████████▉| 999/1000 [31:05<00:01,  1.85s/it]
Epoch 999 | postive loss : 0.69, negtive loss : 4.82, worst lambd: 2.88, worst gap: 0.03: 100%|██████████| 1000/1000 [31:07<00:00,  1.86s/it]
Epoch 999 | postive loss : 0.69, negtive loss : 4.82, worst lambd: 2.88, worst gap: 0.03: 100%|██████████| 1000/1000 [31:07<00:00,  1.87s/it]
Info : finish model training
Info : save model sucessfully
Info : save sucessfully