INFO : Init model SN2E
Finish preparing Optimizer...

  0%|          | 0/1000 [00:00<?, ?it/s]
Epoch 0 | loss : 235669.98, postive loss : 206434.99, negtive loss : 29234.99:   0%|          | 0/1000 [00:10<?, ?it/s]
Epoch 0 | loss : 235669.98, postive loss : 206434.99, negtive loss : 29234.99:   0%|          | 1/1000 [00:10<2:49:01, 10.15s/it]
Epoch 1 | loss : 232788.84, postive loss : 203554.19, negtive loss : 29234.65:   0%|          | 1/1000 [00:17<2:49:01, 10.15s/it]
Epoch 1 | loss : 232788.84, postive loss : 203554.19, negtive loss : 29234.65:   0%|          | 2/1000 [00:17<2:24:24,  8.68s/it]
Epoch 2 | loss : 229908.60, postive loss : 200674.07, negtive loss : 29234.52:   0%|          | 2/1000 [00:25<2:24:24,  8.68s/it]
Epoch 2 | loss : 229908.60, postive loss : 200674.07, negtive loss : 29234.52:   0%|          | 3/1000 [00:25<2:16:40,  8.23s/it]
Epoch 3 | loss : 227067.01, postive loss : 197831.95, negtive loss : 29235.06:   0%|          | 3/1000 [00:33<2:16:40,  8.23s/it]
Epoch 3 | loss : 227067.01, postive loss : 197831.95, negtive loss : 29235.06:   0%|          | 4/1000 [00:33<2:12:16,  7.97s/it]
Epoch 4 | loss : 224280.82, postive loss : 195047.12, negtive loss : 29233.70:   0%|          | 4/1000 [00:40<2:12:16,  7.97s/it]
Epoch 4 | loss : 224280.82, postive loss : 195047.12, negtive loss : 29233.70:   0%|          | 5/1000 [00:40<2:10:17,  7.86s/it]
Epoch 5 | loss : 221515.42, postive loss : 192281.02, negtive loss : 29234.40:   0%|          | 5/1000 [00:48<2:10:17,  7.86s/it]
Epoch 5 | loss : 221515.42, postive loss : 192281.02, negtive loss : 29234.40:   1%|          | 6/1000 [00:48<2:09:12,  7.80s/it]
Epoch 6 | loss : 218809.61, postive loss : 189575.83, negtive loss : 29233.78:   1%|          | 6/1000 [00:56<2:09:12,  7.80s/it]
Epoch 6 | loss : 218809.61, postive loss : 189575.83, negtive loss : 29233.78:   1%|          | 7/1000 [00:56<2:08:19,  7.75s/it]
Epoch 7 | loss : 216137.33, postive loss : 186903.27, negtive loss : 29234.06:   1%|          | 7/1000 [01:03<2:08:19,  7.75s/it]
Epoch 7 | loss : 216137.33, postive loss : 186903.27, negtive loss : 29234.06:   1%|          | 8/1000 [01:03<2:05:51,  7.61s/it]
Epoch 8 | loss : 213504.94, postive loss : 184270.92, negtive loss : 29234.02:   1%|          | 8/1000 [01:11<2:05:51,  7.61s/it]
Epoch 8 | loss : 213504.94, postive loss : 184270.92, negtive loss : 29234.02:   1%|          | 9/1000 [01:11<2:05:51,  7.62s/it]
Epoch 9 | loss : 210916.69, postive loss : 181682.51, negtive loss : 29234.18:   1%|          | 9/1000 [01:18<2:05:51,  7.62s/it]
Epoch 9 | loss : 210916.69, postive loss : 181682.51, negtive loss : 29234.18:   1%|          | 10/1000 [01:18<2:04:41,  7.56s/it]
Epoch 10 | loss : 208362.42, postive loss : 179128.11, negtive loss : 29234.31:   1%|          | 10/1000 [01:25<2:04:41,  7.56s/it]
Epoch 10 | loss : 208362.42, postive loss : 179128.11, negtive loss : 29234.31:   1%|          | 11/1000 [01:25<2:03:09,  7.47s/it]
Epoch 11 | loss : 205849.30, postive loss : 176615.41, negtive loss : 29233.89:   1%|          | 11/1000 [01:33<2:03:09,  7.47s/it]
Epoch 11 | loss : 205849.30, postive loss : 176615.41, negtive loss : 29233.89:   1%|          | 12/1000 [01:33<2:03:01,  7.47s/it]
Epoch 12 | loss : 203367.66, postive loss : 174133.10, negtive loss : 29234.57:   1%|          | 12/1000 [01:40<2:03:01,  7.47s/it]
Epoch 12 | loss : 203367.66, postive loss : 174133.10, negtive loss : 29234.57:   1%|▏         | 13/1000 [01:40<2:04:04,  7.54s/it]
Epoch 13 | loss : 200932.79, postive loss : 171698.58, negtive loss : 29234.21:   1%|▏         | 13/1000 [01:48<2:04:04,  7.54s/it]
Epoch 13 | loss : 200932.79, postive loss : 171698.58, negtive loss : 29234.21:   1%|▏         | 14/1000 [01:48<2:04:27,  7.57s/it]
Epoch 14 | loss : 198526.73, postive loss : 169292.79, negtive loss : 29233.94:   1%|▏         | 14/1000 [01:56<2:04:27,  7.57s/it]
Epoch 14 | loss : 198526.73, postive loss : 169292.79, negtive loss : 29233.94:   2%|▏         | 15/1000 [01:56<2:04:40,  7.59s/it]
Epoch 15 | loss : 196161.72, postive loss : 166927.65, negtive loss : 29234.06:   2%|▏         | 15/1000 [02:03<2:04:40,  7.59s/it]
Epoch 15 | loss : 196161.72, postive loss : 166927.65, negtive loss : 29234.06:   2%|▏         | 16/1000 [02:03<2:02:39,  7.48s/it]
Epoch 16 | loss : 193824.75, postive loss : 164590.40, negtive loss : 29234.35:   2%|▏         | 16/1000 [02:10<2:02:39,  7.48s/it]
Epoch 16 | loss : 193824.75, postive loss : 164590.40, negtive loss : 29234.35:   2%|▏         | 17/1000 [02:10<2:01:43,  7.43s/it]
Epoch 17 | loss : 191531.32, postive loss : 162297.18, negtive loss : 29234.14:   2%|▏         | 17/1000 [02:18<2:01:43,  7.43s/it]
Epoch 17 | loss : 191531.32, postive loss : 162297.18, negtive loss : 29234.14:   2%|▏         | 18/1000 [02:18<2:02:53,  7.51s/it]
Epoch 18 | loss : 189271.30, postive loss : 160036.83, negtive loss : 29234.47:   2%|▏         | 18/1000 [02:28<2:02:53,  7.51s/it]
Epoch 18 | loss : 189271.30, postive loss : 160036.83, negtive loss : 29234.47:   2%|▏         | 19/1000 [02:28<2:16:45,  8.36s/it]
Epoch 19 | loss : 187041.77, postive loss : 157807.23, negtive loss : 29234.53:   2%|▏         | 19/1000 [02:45<2:16:45,  8.36s/it]
Epoch 19 | loss : 187041.77, postive loss : 157807.23, negtive loss : 29234.53:   2%|▏         | 20/1000 [02:45<2:59:28, 10.99s/it]
Epoch 20 | loss : 184844.80, postive loss : 155611.10, negtive loss : 29233.69:   2%|▏         | 20/1000 [02:54<2:59:28, 10.99s/it]
Epoch 20 | loss : 184844.80, postive loss : 155611.10, negtive loss : 29233.69:   2%|▏         | 21/1000 [02:54<2:47:29, 10.26s/it]
Epoch 21 | loss : 182681.26, postive loss : 153447.47, negtive loss : 29233.79:   2%|▏         | 21/1000 [03:02<2:47:29, 10.26s/it]
Epoch 21 | loss : 182681.26, postive loss : 153447.47, negtive loss : 29233.79:   2%|▏         | 22/1000 [03:02<2:34:36,  9.48s/it]
Epoch 22 | loss : 180549.39, postive loss : 151315.78, negtive loss : 29233.60:   2%|▏         | 22/1000 [03:09<2:34:36,  9.48s/it]
Epoch 22 | loss : 180549.39, postive loss : 151315.78, negtive loss : 29233.60:   2%|▏         | 23/1000 [03:09<2:25:35,  8.94s/it]
Epoch 23 | loss : 178450.85, postive loss : 149216.82, negtive loss : 29234.03:   2%|▏         | 23/1000 [03:17<2:25:35,  8.94s/it]
Epoch 23 | loss : 178450.85, postive loss : 149216.82, negtive loss : 29234.03:   2%|▏         | 24/1000 [03:17<2:19:21,  8.57s/it]
Epoch 24 | loss : 176383.66, postive loss : 147149.56, negtive loss : 29234.10:   2%|▏         | 24/1000 [03:25<2:19:21,  8.57s/it]
Epoch 24 | loss : 176383.66, postive loss : 147149.56, negtive loss : 29234.10:   2%|▎         | 25/1000 [03:25<2:14:50,  8.30s/it]
Epoch 25 | loss : 174349.78, postive loss : 145115.62, negtive loss : 29234.15:   2%|▎         | 25/1000 [03:32<2:14:50,  8.30s/it]
Epoch 25 | loss : 174349.78, postive loss : 145115.62, negtive loss : 29234.15:   3%|▎         | 26/1000 [03:32<2:11:50,  8.12s/it]
Epoch 26 | loss : 172344.50, postive loss : 143110.59, negtive loss : 29233.91:   3%|▎         | 26/1000 [03:41<2:11:50,  8.12s/it]
Epoch 26 | loss : 172344.50, postive loss : 143110.59, negtive loss : 29233.91:   3%|▎         | 27/1000 [03:41<2:12:54,  8.20s/it]
Epoch 27 | loss : 170364.05, postive loss : 141129.80, negtive loss : 29234.25:   3%|▎         | 27/1000 [03:49<2:12:54,  8.20s/it]
Epoch 27 | loss : 170364.05, postive loss : 141129.80, negtive loss : 29234.25:   3%|▎         | 28/1000 [03:49<2:14:52,  8.33s/it]
Epoch 28 | loss : 168423.80, postive loss : 139189.26, negtive loss : 29234.54:   3%|▎         | 28/1000 [04:09<2:14:52,  8.33s/it]
Epoch 28 | loss : 168423.80, postive loss : 139189.26, negtive loss : 29234.54:   3%|▎         | 29/1000 [04:09<3:07:37, 11.59s/it]
Epoch 29 | loss : 166505.51, postive loss : 137271.07, negtive loss : 29234.44:   3%|▎         | 29/1000 [04:16<3:07:37, 11.59s/it]
Epoch 29 | loss : 166505.51, postive loss : 137271.07, negtive loss : 29234.44:   3%|▎         | 30/1000 [04:16<2:47:36, 10.37s/it]
Epoch 30 | loss : 164613.99, postive loss : 135380.37, negtive loss : 29233.62:   3%|▎         | 30/1000 [04:23<2:47:36, 10.37s/it]
Epoch 30 | loss : 164613.99, postive loss : 135380.37, negtive loss : 29233.62:   3%|▎         | 31/1000 [04:23<2:32:23,  9.44s/it]
Epoch 31 | loss : 162753.55, postive loss : 133520.33, negtive loss : 29233.21:   3%|▎         | 31/1000 [04:31<2:32:23,  9.44s/it]
Epoch 31 | loss : 162753.55, postive loss : 133520.33, negtive loss : 29233.21:   3%|▎         | 32/1000 [04:31<2:21:42,  8.78s/it]
Epoch 32 | loss : 160920.22, postive loss : 131686.37, negtive loss : 29233.85:   3%|▎         | 32/1000 [04:38<2:21:42,  8.78s/it]
Epoch 32 | loss : 160920.22, postive loss : 131686.37, negtive loss : 29233.85:   3%|▎         | 33/1000 [04:38<2:14:10,  8.33s/it]
Epoch 33 | loss : 159116.64, postive loss : 129883.52, negtive loss : 29233.13:   3%|▎         | 33/1000 [04:45<2:14:10,  8.33s/it]
Epoch 33 | loss : 159116.64, postive loss : 129883.52, negtive loss : 29233.13:   3%|▎         | 34/1000 [04:45<2:08:49,  8.00s/it]
Epoch 34 | loss : 157340.47, postive loss : 128106.50, negtive loss : 29233.97:   3%|▎         | 34/1000 [04:52<2:08:49,  8.00s/it]
Epoch 34 | loss : 157340.47, postive loss : 128106.50, negtive loss : 29233.97:   4%|▎         | 35/1000 [04:52<2:04:56,  7.77s/it]
Epoch 35 | loss : 155589.31, postive loss : 126355.32, negtive loss : 29233.99:   4%|▎         | 35/1000 [05:00<2:04:56,  7.77s/it]
Epoch 35 | loss : 155589.31, postive loss : 126355.32, negtive loss : 29233.99:   4%|▎         | 36/1000 [05:00<2:02:14,  7.61s/it]
Epoch 36 | loss : 153864.74, postive loss : 124630.73, negtive loss : 29234.00:   4%|▎         | 36/1000 [05:07<2:02:14,  7.61s/it]
Epoch 36 | loss : 153864.74, postive loss : 124630.73, negtive loss : 29234.00:   4%|▎         | 37/1000 [05:07<2:00:18,  7.50s/it]
Epoch 37 | loss : 152162.24, postive loss : 122928.35, negtive loss : 29233.89:   4%|▎         | 37/1000 [05:15<2:00:18,  7.50s/it]
Epoch 37 | loss : 152162.24, postive loss : 122928.35, negtive loss : 29233.89:   4%|▍         | 38/1000 [05:15<2:02:37,  7.65s/it]
Epoch 38 | loss : 150492.18, postive loss : 121257.44, negtive loss : 29234.74:   4%|▍         | 38/1000 [05:25<2:02:37,  7.65s/it]
Epoch 38 | loss : 150492.18, postive loss : 121257.44, negtive loss : 29234.74:   4%|▍         | 39/1000 [05:25<2:13:27,  8.33s/it]
Epoch 39 | loss : 148843.25, postive loss : 119609.61, negtive loss : 29233.64:   4%|▍         | 39/1000 [05:43<2:13:27,  8.33s/it]
Epoch 39 | loss : 148843.25, postive loss : 119609.61, negtive loss : 29233.64:   4%|▍         | 40/1000 [05:43<2:59:47, 11.24s/it]
Epoch 40 | loss : 147217.44, postive loss : 117983.31, negtive loss : 29234.13:   4%|▍         | 40/1000 [05:50<2:59:47, 11.24s/it]
Epoch 40 | loss : 147217.44, postive loss : 117983.31, negtive loss : 29234.13:   4%|▍         | 41/1000 [05:50<2:40:51, 10.06s/it]
Epoch 41 | loss : 145617.89, postive loss : 116383.99, negtive loss : 29233.90:   4%|▍         | 41/1000 [05:57<2:40:51, 10.06s/it]
Epoch 41 | loss : 145617.89, postive loss : 116383.99, negtive loss : 29233.90:   4%|▍         | 42/1000 [05:57<2:27:20,  9.23s/it]
Epoch 42 | loss : 144040.28, postive loss : 114807.05, negtive loss : 29233.23:   4%|▍         | 42/1000 [06:05<2:27:20,  9.23s/it]
Epoch 42 | loss : 144040.28, postive loss : 114807.05, negtive loss : 29233.23:   4%|▍         | 43/1000 [06:05<2:19:22,  8.74s/it]
Epoch 43 | loss : 142485.89, postive loss : 113253.05, negtive loss : 29232.84:   4%|▍         | 43/1000 [06:13<2:19:22,  8.74s/it]
Epoch 43 | loss : 142485.89, postive loss : 113253.05, negtive loss : 29232.84:   4%|▍         | 44/1000 [06:13<2:14:20,  8.43s/it]
Epoch 44 | loss : 140956.17, postive loss : 111723.12, negtive loss : 29233.05:   4%|▍         | 44/1000 [06:20<2:14:20,  8.43s/it]
Epoch 44 | loss : 140956.17, postive loss : 111723.12, negtive loss : 29233.05:   4%|▍         | 45/1000 [06:20<2:09:52,  8.16s/it]
Epoch 45 | loss : 139451.34, postive loss : 110217.69, negtive loss : 29233.64:   4%|▍         | 45/1000 [06:28<2:09:52,  8.16s/it]
Epoch 45 | loss : 139451.34, postive loss : 110217.69, negtive loss : 29233.64:   5%|▍         | 46/1000 [06:28<2:07:17,  8.01s/it]
Epoch 46 | loss : 137970.51, postive loss : 108736.61, negtive loss : 29233.89:   5%|▍         | 46/1000 [06:35<2:07:17,  8.01s/it]
Epoch 46 | loss : 137970.51, postive loss : 108736.61, negtive loss : 29233.89:   5%|▍         | 47/1000 [06:35<2:04:28,  7.84s/it]
Epoch 47 | loss : 136507.52, postive loss : 107274.11, negtive loss : 29233.41:   5%|▍         | 47/1000 [06:43<2:04:28,  7.84s/it]
Epoch 47 | loss : 136507.52, postive loss : 107274.11, negtive loss : 29233.41:   5%|▍         | 48/1000 [06:43<2:02:16,  7.71s/it]
Epoch 48 | loss : 135069.88, postive loss : 105835.41, negtive loss : 29234.47:   5%|▍         | 48/1000 [06:50<2:02:16,  7.71s/it]
Epoch 48 | loss : 135069.88, postive loss : 105835.41, negtive loss : 29234.47:   5%|▍         | 49/1000 [06:50<2:00:06,  7.58s/it]
Epoch 49 | loss : 133650.35, postive loss : 104416.65, negtive loss : 29233.71:   5%|▍         | 49/1000 [06:57<2:00:06,  7.58s/it]
Epoch 49 | loss : 133650.35, postive loss : 104416.65, negtive loss : 29233.71:   5%|▌         | 50/1000 [06:57<1:59:26,  7.54s/it]
Epoch 50 | loss : 132251.27, postive loss : 103017.99, negtive loss : 29233.28:   5%|▌         | 50/1000 [07:05<1:59:26,  7.54s/it]
Epoch 50 | loss : 132251.27, postive loss : 103017.99, negtive loss : 29233.28:   5%|▌         | 51/1000 [07:05<1:58:29,  7.49s/it]
Epoch 51 | loss : 130873.51, postive loss : 101640.50, negtive loss : 29233.01:   5%|▌         | 51/1000 [07:12<1:58:29,  7.49s/it]
Epoch 51 | loss : 130873.51, postive loss : 101640.50, negtive loss : 29233.01:   5%|▌         | 52/1000 [07:12<1:57:19,  7.43s/it]
Epoch 52 | loss : 129520.23, postive loss : 100286.68, negtive loss : 29233.55:   5%|▌         | 52/1000 [07:19<1:57:19,  7.43s/it]
Epoch 52 | loss : 129520.23, postive loss : 100286.68, negtive loss : 29233.55:   5%|▌         | 53/1000 [07:19<1:57:02,  7.42s/it]
Epoch 53 | loss : 128185.92, postive loss : 98952.21, negtive loss : 29233.72:   5%|▌         | 53/1000 [07:27<1:57:02,  7.42s/it] 
Epoch 53 | loss : 128185.92, postive loss : 98952.21, negtive loss : 29233.72:   5%|▌         | 54/1000 [07:27<1:57:07,  7.43s/it]
Epoch 54 | loss : 126871.25, postive loss : 97637.47, negtive loss : 29233.78:   5%|▌         | 54/1000 [07:34<1:57:07,  7.43s/it]
Epoch 54 | loss : 126871.25, postive loss : 97637.47, negtive loss : 29233.78:   6%|▌         | 55/1000 [07:34<1:57:02,  7.43s/it]
Epoch 55 | loss : 125575.59, postive loss : 96341.77, negtive loss : 29233.83:   6%|▌         | 55/1000 [07:42<1:57:02,  7.43s/it]
Epoch 55 | loss : 125575.59, postive loss : 96341.77, negtive loss : 29233.83:   6%|▌         | 56/1000 [07:42<1:56:41,  7.42s/it]
Epoch 56 | loss : 124295.78, postive loss : 95062.92, negtive loss : 29232.86:   6%|▌         | 56/1000 [07:49<1:56:41,  7.42s/it]
Epoch 56 | loss : 124295.78, postive loss : 95062.92, negtive loss : 29232.86:   6%|▌         | 57/1000 [07:49<1:56:37,  7.42s/it]
Epoch 57 | loss : 123039.38, postive loss : 93806.50, negtive loss : 29232.88:   6%|▌         | 57/1000 [07:57<1:56:37,  7.42s/it]
Epoch 57 | loss : 123039.38, postive loss : 93806.50, negtive loss : 29232.88:   6%|▌         | 58/1000 [07:57<1:56:23,  7.41s/it]
Epoch 58 | loss : 121801.88, postive loss : 92568.17, negtive loss : 29233.71:   6%|▌         | 58/1000 [08:04<1:56:23,  7.41s/it]
Epoch 58 | loss : 121801.88, postive loss : 92568.17, negtive loss : 29233.71:   6%|▌         | 59/1000 [08:04<1:55:35,  7.37s/it]
Epoch 59 | loss : 120583.81, postive loss : 91350.08, negtive loss : 29233.74:   6%|▌         | 59/1000 [08:11<1:55:35,  7.37s/it]
Epoch 59 | loss : 120583.81, postive loss : 91350.08, negtive loss : 29233.74:   6%|▌         | 60/1000 [08:11<1:55:03,  7.34s/it]
Epoch 60 | loss : 119378.73, postive loss : 90145.53, negtive loss : 29233.19:   6%|▌         | 60/1000 [08:18<1:55:03,  7.34s/it]
Epoch 60 | loss : 119378.73, postive loss : 90145.53, negtive loss : 29233.19:   6%|▌         | 61/1000 [08:18<1:54:47,  7.34s/it]
Epoch 61 | loss : 118197.08, postive loss : 88963.51, negtive loss : 29233.57:   6%|▌         | 61/1000 [08:26<1:54:47,  7.34s/it]
Epoch 61 | loss : 118197.08, postive loss : 88963.51, negtive loss : 29233.57:   6%|▌         | 62/1000 [08:26<1:55:32,  7.39s/it]
Epoch 62 | loss : 117030.17, postive loss : 87797.19, negtive loss : 29232.99:   6%|▌         | 62/1000 [08:33<1:55:32,  7.39s/it]
Epoch 62 | loss : 117030.17, postive loss : 87797.19, negtive loss : 29232.99:   6%|▋         | 63/1000 [08:33<1:55:46,  7.41s/it]
Epoch 63 | loss : 115882.60, postive loss : 86648.44, negtive loss : 29234.15:   6%|▋         | 63/1000 [08:41<1:55:46,  7.41s/it]
Epoch 63 | loss : 115882.60, postive loss : 86648.44, negtive loss : 29234.15:   6%|▋         | 64/1000 [08:41<1:55:52,  7.43s/it]
Epoch 64 | loss : 114752.24, postive loss : 85518.46, negtive loss : 29233.78:   6%|▋         | 64/1000 [08:48<1:55:52,  7.43s/it]
Epoch 64 | loss : 114752.24, postive loss : 85518.46, negtive loss : 29233.78:   6%|▋         | 65/1000 [08:48<1:55:45,  7.43s/it]
Epoch 65 | loss : 113637.21, postive loss : 84403.80, negtive loss : 29233.41:   6%|▋         | 65/1000 [08:56<1:55:45,  7.43s/it]
Epoch 65 | loss : 113637.21, postive loss : 84403.80, negtive loss : 29233.41:   7%|▋         | 66/1000 [08:56<1:55:03,  7.39s/it]
Epoch 66 | loss : 112540.38, postive loss : 83306.76, negtive loss : 29233.63:   7%|▋         | 66/1000 [09:03<1:55:03,  7.39s/it]
Epoch 66 | loss : 112540.38, postive loss : 83306.76, negtive loss : 29233.63:   7%|▋         | 67/1000 [09:03<1:54:22,  7.35s/it]
Epoch 67 | loss : 111458.03, postive loss : 82225.17, negtive loss : 29232.86:   7%|▋         | 67/1000 [09:10<1:54:22,  7.35s/it]
Epoch 67 | loss : 111458.03, postive loss : 82225.17, negtive loss : 29232.86:   7%|▋         | 68/1000 [09:10<1:53:54,  7.33s/it]
Epoch 68 | loss : 110393.53, postive loss : 81159.48, negtive loss : 29234.05:   7%|▋         | 68/1000 [09:17<1:53:54,  7.33s/it]
Epoch 68 | loss : 110393.53, postive loss : 81159.48, negtive loss : 29234.05:   7%|▋         | 69/1000 [09:17<1:53:31,  7.32s/it]
Epoch 69 | loss : 109344.00, postive loss : 80110.06, negtive loss : 29233.95:   7%|▋         | 69/1000 [09:25<1:53:31,  7.32s/it]
Epoch 69 | loss : 109344.00, postive loss : 80110.06, negtive loss : 29233.95:   7%|▋         | 70/1000 [09:25<1:53:12,  7.30s/it]
Epoch 70 | loss : 108308.54, postive loss : 79075.25, negtive loss : 29233.29:   7%|▋         | 70/1000 [09:32<1:53:12,  7.30s/it]
Epoch 70 | loss : 108308.54, postive loss : 79075.25, negtive loss : 29233.29:   7%|▋         | 71/1000 [09:32<1:53:11,  7.31s/it]
Epoch 71 | loss : 107292.32, postive loss : 78057.99, negtive loss : 29234.33:   7%|▋         | 71/1000 [09:39<1:53:11,  7.31s/it]
Epoch 71 | loss : 107292.32, postive loss : 78057.99, negtive loss : 29234.33:   7%|▋         | 72/1000 [09:39<1:53:28,  7.34s/it]
Epoch 72 | loss : 106288.87, postive loss : 77055.68, negtive loss : 29233.20:   7%|▋         | 72/1000 [09:47<1:53:28,  7.34s/it]
Epoch 72 | loss : 106288.87, postive loss : 77055.68, negtive loss : 29233.20:   7%|▋         | 73/1000 [09:47<1:53:33,  7.35s/it]
Epoch 73 | loss : 105299.49, postive loss : 76066.31, negtive loss : 29233.19:   7%|▋         | 73/1000 [09:54<1:53:33,  7.35s/it]
Epoch 73 | loss : 105299.49, postive loss : 76066.31, negtive loss : 29233.19:   7%|▋         | 74/1000 [09:54<1:53:14,  7.34s/it]
Epoch 74 | loss : 104327.49, postive loss : 75094.19, negtive loss : 29233.30:   7%|▋         | 74/1000 [10:01<1:53:14,  7.34s/it]
Epoch 74 | loss : 104327.49, postive loss : 75094.19, negtive loss : 29233.30:   8%|▊         | 75/1000 [10:01<1:52:50,  7.32s/it]
Epoch 75 | loss : 103370.24, postive loss : 74136.63, negtive loss : 29233.60:   8%|▊         | 75/1000 [10:09<1:52:50,  7.32s/it]
Epoch 75 | loss : 103370.24, postive loss : 74136.63, negtive loss : 29233.60:   8%|▊         | 76/1000 [10:09<1:52:27,  7.30s/it]
Epoch 76 | loss : 102423.77, postive loss : 73190.88, negtive loss : 29232.90:   8%|▊         | 76/1000 [10:16<1:52:27,  7.30s/it]
Epoch 76 | loss : 102423.77, postive loss : 73190.88, negtive loss : 29232.90:   8%|▊         | 77/1000 [10:16<1:52:10,  7.29s/it]
Epoch 77 | loss : 101495.19, postive loss : 72261.35, negtive loss : 29233.84:   8%|▊         | 77/1000 [10:23<1:52:10,  7.29s/it]
Epoch 77 | loss : 101495.19, postive loss : 72261.35, negtive loss : 29233.84:   8%|▊         | 78/1000 [10:23<1:52:00,  7.29s/it]
Epoch 78 | loss : 100578.75, postive loss : 71345.05, negtive loss : 29233.70:   8%|▊         | 78/1000 [10:31<1:52:00,  7.29s/it]
Epoch 78 | loss : 100578.75, postive loss : 71345.05, negtive loss : 29233.70:   8%|▊         | 79/1000 [10:31<1:52:16,  7.31s/it]
Epoch 79 | loss : 99675.30, postive loss : 70442.71, negtive loss : 29232.59:   8%|▊         | 79/1000 [10:38<1:52:16,  7.31s/it] 
Epoch 79 | loss : 99675.30, postive loss : 70442.71, negtive loss : 29232.59:   8%|▊         | 80/1000 [10:38<1:52:32,  7.34s/it]
Epoch 80 | loss : 98784.61, postive loss : 69551.92, negtive loss : 29232.69:   8%|▊         | 80/1000 [10:45<1:52:32,  7.34s/it]
Epoch 80 | loss : 98784.61, postive loss : 69551.92, negtive loss : 29232.69:   8%|▊         | 81/1000 [10:45<1:52:12,  7.33s/it]
Epoch 81 | loss : 97910.96, postive loss : 68677.47, negtive loss : 29233.49:   8%|▊         | 81/1000 [10:53<1:52:12,  7.33s/it]
Epoch 81 | loss : 97910.96, postive loss : 68677.47, negtive loss : 29233.49:   8%|▊         | 82/1000 [10:53<1:52:24,  7.35s/it]
Epoch 82 | loss : 97048.28, postive loss : 67814.77, negtive loss : 29233.51:   8%|▊         | 82/1000 [11:00<1:52:24,  7.35s/it]
Epoch 82 | loss : 97048.28, postive loss : 67814.77, negtive loss : 29233.51:   8%|▊         | 83/1000 [11:00<1:52:29,  7.36s/it]
Epoch 83 | loss : 96199.29, postive loss : 66965.77, negtive loss : 29233.52:   8%|▊         | 83/1000 [11:07<1:52:29,  7.36s/it]
Epoch 83 | loss : 96199.29, postive loss : 66965.77, negtive loss : 29233.52:   8%|▊         | 84/1000 [11:07<1:52:18,  7.36s/it]
Epoch 84 | loss : 95360.97, postive loss : 66127.75, negtive loss : 29233.21:   8%|▊         | 84/1000 [11:15<1:52:18,  7.36s/it]
Epoch 84 | loss : 95360.97, postive loss : 66127.75, negtive loss : 29233.21:   8%|▊         | 85/1000 [11:15<1:52:09,  7.35s/it]
Epoch 85 | loss : 94536.05, postive loss : 65303.08, negtive loss : 29232.97:   8%|▊         | 85/1000 [11:23<1:52:09,  7.35s/it]
Epoch 85 | loss : 94536.05, postive loss : 65303.08, negtive loss : 29232.97:   9%|▊         | 86/1000 [11:23<1:55:03,  7.55s/it]
Epoch 86 | loss : 93725.27, postive loss : 64491.99, negtive loss : 29233.28:   9%|▊         | 86/1000 [11:31<1:55:03,  7.55s/it]
Epoch 86 | loss : 93725.27, postive loss : 64491.99, negtive loss : 29233.28:   9%|▊         | 87/1000 [11:31<1:55:57,  7.62s/it]
Epoch 87 | loss : 92925.03, postive loss : 63691.15, negtive loss : 29233.89:   9%|▊         | 87/1000 [11:39<1:55:57,  7.62s/it]
Epoch 87 | loss : 92925.03, postive loss : 63691.15, negtive loss : 29233.89:   9%|▉         | 88/1000 [11:39<1:57:45,  7.75s/it]
Epoch 88 | loss : 92135.49, postive loss : 62902.97, negtive loss : 29232.52:   9%|▉         | 88/1000 [11:46<1:57:45,  7.75s/it]
Epoch 88 | loss : 92135.49, postive loss : 62902.97, negtive loss : 29232.52:   9%|▉         | 89/1000 [11:46<1:57:01,  7.71s/it]
Epoch 89 | loss : 91359.98, postive loss : 62126.76, negtive loss : 29233.22:   9%|▉         | 89/1000 [11:54<1:57:01,  7.71s/it]
Epoch 89 | loss : 91359.98, postive loss : 62126.76, negtive loss : 29233.22:   9%|▉         | 90/1000 [11:54<1:55:19,  7.60s/it]
Epoch 90 | loss : 90596.01, postive loss : 61362.64, negtive loss : 29233.38:   9%|▉         | 90/1000 [12:01<1:55:19,  7.60s/it]
Epoch 90 | loss : 90596.01, postive loss : 61362.64, negtive loss : 29233.38:   9%|▉         | 91/1000 [12:01<1:55:41,  7.64s/it]
Epoch 91 | loss : 89842.68, postive loss : 60609.46, negtive loss : 29233.22:   9%|▉         | 91/1000 [12:09<1:55:41,  7.64s/it]
Epoch 91 | loss : 89842.68, postive loss : 60609.46, negtive loss : 29233.22:   9%|▉         | 92/1000 [12:09<1:55:08,  7.61s/it]
Epoch 92 | loss : 89099.34, postive loss : 59866.60, negtive loss : 29232.74:   9%|▉         | 92/1000 [12:17<1:55:08,  7.61s/it]
Epoch 92 | loss : 89099.34, postive loss : 59866.60, negtive loss : 29232.74:   9%|▉         | 93/1000 [12:17<1:55:37,  7.65s/it]
Epoch 93 | loss : 88369.40, postive loss : 59136.16, negtive loss : 29233.25:   9%|▉         | 93/1000 [12:24<1:55:37,  7.65s/it]
Epoch 93 | loss : 88369.40, postive loss : 59136.16, negtive loss : 29233.25:   9%|▉         | 94/1000 [12:24<1:56:03,  7.69s/it]
Epoch 94 | loss : 87648.27, postive loss : 58415.79, negtive loss : 29232.48:   9%|▉         | 94/1000 [12:32<1:56:03,  7.69s/it]
Epoch 94 | loss : 87648.27, postive loss : 58415.79, negtive loss : 29232.48:  10%|▉         | 95/1000 [12:32<1:56:14,  7.71s/it]
Epoch 95 | loss : 86940.68, postive loss : 57707.23, negtive loss : 29233.46:  10%|▉         | 95/1000 [12:40<1:56:14,  7.71s/it]
Epoch 95 | loss : 86940.68, postive loss : 57707.23, negtive loss : 29233.46:  10%|▉         | 96/1000 [12:40<1:55:52,  7.69s/it]
Epoch 96 | loss : 86241.93, postive loss : 57009.01, negtive loss : 29232.92:  10%|▉         | 96/1000 [12:47<1:55:52,  7.69s/it]
Epoch 96 | loss : 86241.93, postive loss : 57009.01, negtive loss : 29232.92:  10%|▉         | 97/1000 [12:47<1:55:58,  7.71s/it]
Epoch 97 | loss : 85553.12, postive loss : 56319.70, negtive loss : 29233.41:  10%|▉         | 97/1000 [12:55<1:55:58,  7.71s/it]
Epoch 97 | loss : 85553.12, postive loss : 56319.70, negtive loss : 29233.41:  10%|▉         | 98/1000 [12:55<1:55:44,  7.70s/it]
Epoch 98 | loss : 84875.60, postive loss : 55642.39, negtive loss : 29233.21:  10%|▉         | 98/1000 [13:03<1:55:44,  7.70s/it]
Epoch 98 | loss : 84875.60, postive loss : 55642.39, negtive loss : 29233.21:  10%|▉         | 99/1000 [13:03<1:56:09,  7.74s/it]
Epoch 99 | loss : 84207.39, postive loss : 54974.63, negtive loss : 29232.76:  10%|▉         | 99/1000 [13:10<1:56:09,  7.74s/it]
Epoch 99 | loss : 84207.39, postive loss : 54974.63, negtive loss : 29232.76:  10%|█         | 100/1000 [13:10<1:54:38,  7.64s/it]
Epoch 100 | loss : 83550.41, postive loss : 54316.93, negtive loss : 29233.48:  10%|█         | 100/1000 [13:18<1:54:38,  7.64s/it]
Epoch 100 | loss : 83550.41, postive loss : 54316.93, negtive loss : 29233.48:  10%|█         | 101/1000 [13:18<1:54:17,  7.63s/it]
Epoch 101 | loss : 82902.57, postive loss : 53668.77, negtive loss : 29233.80:  10%|█         | 101/1000 [13:25<1:54:17,  7.63s/it]
Epoch 101 | loss : 82902.57, postive loss : 53668.77, negtive loss : 29233.80:  10%|█         | 102/1000 [13:25<1:53:01,  7.55s/it]
Epoch 102 | loss : 82263.75, postive loss : 53030.85, negtive loss : 29232.91:  10%|█         | 102/1000 [13:33<1:53:01,  7.55s/it]
Epoch 102 | loss : 82263.75, postive loss : 53030.85, negtive loss : 29232.91:  10%|█         | 103/1000 [13:33<1:52:21,  7.52s/it]
Epoch 103 | loss : 81636.11, postive loss : 52402.55, negtive loss : 29233.55:  10%|█         | 103/1000 [13:40<1:52:21,  7.52s/it]
Epoch 103 | loss : 81636.11, postive loss : 52402.55, negtive loss : 29233.55:  10%|█         | 104/1000 [13:40<1:51:51,  7.49s/it]
Epoch 104 | loss : 81015.51, postive loss : 51782.68, negtive loss : 29232.83:  10%|█         | 104/1000 [13:48<1:51:51,  7.49s/it]
Epoch 104 | loss : 81015.51, postive loss : 51782.68, negtive loss : 29232.83:  10%|█         | 105/1000 [13:48<1:51:09,  7.45s/it]
Epoch 105 | loss : 80406.56, postive loss : 51172.85, negtive loss : 29233.72:  10%|█         | 105/1000 [13:55<1:51:09,  7.45s/it]
Epoch 105 | loss : 80406.56, postive loss : 51172.85, negtive loss : 29233.72:  11%|█         | 106/1000 [13:55<1:51:15,  7.47s/it]
Epoch 106 | loss : 79804.82, postive loss : 50571.75, negtive loss : 29233.07:  11%|█         | 106/1000 [14:03<1:51:15,  7.47s/it]
Epoch 106 | loss : 79804.82, postive loss : 50571.75, negtive loss : 29233.07:  11%|█         | 107/1000 [14:03<1:51:46,  7.51s/it]
Epoch 107 | loss : 79213.66, postive loss : 49980.01, negtive loss : 29233.65:  11%|█         | 107/1000 [14:10<1:51:46,  7.51s/it]
Epoch 107 | loss : 79213.66, postive loss : 49980.01, negtive loss : 29233.65:  11%|█         | 108/1000 [14:10<1:50:32,  7.44s/it]
Epoch 108 | loss : 78631.04, postive loss : 49397.65, negtive loss : 29233.39:  11%|█         | 108/1000 [14:17<1:50:32,  7.44s/it]
Epoch 108 | loss : 78631.04, postive loss : 49397.65, negtive loss : 29233.39:  11%|█         | 109/1000 [14:17<1:49:37,  7.38s/it]
Epoch 109 | loss : 78056.55, postive loss : 48823.23, negtive loss : 29233.32:  11%|█         | 109/1000 [14:25<1:49:37,  7.38s/it]
Epoch 109 | loss : 78056.55, postive loss : 48823.23, negtive loss : 29233.32:  11%|█         | 110/1000 [14:25<1:48:58,  7.35s/it]
Epoch 110 | loss : 77490.80, postive loss : 48257.33, negtive loss : 29233.47:  11%|█         | 110/1000 [14:32<1:48:58,  7.35s/it]
Epoch 110 | loss : 77490.80, postive loss : 48257.33, negtive loss : 29233.47:  11%|█         | 111/1000 [14:32<1:48:29,  7.32s/it]
Epoch 111 | loss : 76934.21, postive loss : 47700.66, negtive loss : 29233.54:  11%|█         | 111/1000 [14:39<1:48:29,  7.32s/it]
Epoch 111 | loss : 76934.21, postive loss : 47700.66, negtive loss : 29233.54:  11%|█         | 112/1000 [14:39<1:48:08,  7.31s/it]
Epoch 112 | loss : 76384.48, postive loss : 47150.75, negtive loss : 29233.73:  11%|█         | 112/1000 [14:46<1:48:08,  7.31s/it]
Epoch 112 | loss : 76384.48, postive loss : 47150.75, negtive loss : 29233.73:  11%|█▏        | 113/1000 [14:46<1:48:09,  7.32s/it]
Epoch 113 | loss : 75843.36, postive loss : 46610.11, negtive loss : 29233.25:  11%|█▏        | 113/1000 [14:54<1:48:09,  7.32s/it]
Epoch 113 | loss : 75843.36, postive loss : 46610.11, negtive loss : 29233.25:  11%|█▏        | 114/1000 [14:54<1:49:08,  7.39s/it]
Epoch 114 | loss : 75311.30, postive loss : 46077.93, negtive loss : 29233.37:  11%|█▏        | 114/1000 [15:01<1:49:08,  7.39s/it]
Epoch 114 | loss : 75311.30, postive loss : 46077.93, negtive loss : 29233.37:  12%|█▏        | 115/1000 [15:01<1:48:59,  7.39s/it]
Epoch 115 | loss : 74786.76, postive loss : 45553.11, negtive loss : 29233.65:  12%|█▏        | 115/1000 [15:09<1:48:59,  7.39s/it]
Epoch 115 | loss : 74786.76, postive loss : 45553.11, negtive loss : 29233.65:  12%|█▏        | 116/1000 [15:09<1:49:16,  7.42s/it]
Epoch 116 | loss : 74270.16, postive loss : 45036.44, negtive loss : 29233.72:  12%|█▏        | 116/1000 [15:16<1:49:16,  7.42s/it]
Epoch 116 | loss : 74270.16, postive loss : 45036.44, negtive loss : 29233.72:  12%|█▏        | 117/1000 [15:16<1:50:17,  7.49s/it]
Epoch 117 | loss : 73762.27, postive loss : 44528.04, negtive loss : 29234.23:  12%|█▏        | 117/1000 [15:24<1:50:17,  7.49s/it]
Epoch 117 | loss : 73762.27, postive loss : 44528.04, negtive loss : 29234.23:  12%|█▏        | 118/1000 [15:24<1:51:12,  7.57s/it]
Epoch 118 | loss : 73259.52, postive loss : 44026.36, negtive loss : 29233.16:  12%|█▏        | 118/1000 [15:32<1:51:12,  7.57s/it]
Epoch 118 | loss : 73259.52, postive loss : 44026.36, negtive loss : 29233.16:  12%|█▏        | 119/1000 [15:32<1:51:46,  7.61s/it]
Epoch 119 | loss : 72764.88, postive loss : 43531.67, negtive loss : 29233.21:  12%|█▏        | 119/1000 [15:40<1:51:46,  7.61s/it]
Epoch 119 | loss : 72764.88, postive loss : 43531.67, negtive loss : 29233.21:  12%|█▏        | 120/1000 [15:40<1:52:30,  7.67s/it]
Epoch 120 | loss : 72278.06, postive loss : 43044.94, negtive loss : 29233.13:  12%|█▏        | 120/1000 [15:48<1:52:30,  7.67s/it]
Epoch 120 | loss : 72278.06, postive loss : 43044.94, negtive loss : 29233.13:  12%|█▏        | 121/1000 [15:48<1:53:02,  7.72s/it]
Epoch 121 | loss : 71800.38, postive loss : 42566.14, negtive loss : 29234.24:  12%|█▏        | 121/1000 [15:55<1:53:02,  7.72s/it]
Epoch 121 | loss : 71800.38, postive loss : 42566.14, negtive loss : 29234.24:  12%|█▏        | 122/1000 [15:55<1:53:00,  7.72s/it]
Epoch 122 | loss : 71327.89, postive loss : 42094.18, negtive loss : 29233.72:  12%|█▏        | 122/1000 [16:03<1:53:00,  7.72s/it]
Epoch 122 | loss : 71327.89, postive loss : 42094.18, negtive loss : 29233.72:  12%|█▏        | 123/1000 [16:03<1:51:11,  7.61s/it]
Epoch 123 | loss : 70862.02, postive loss : 41628.62, negtive loss : 29233.40:  12%|█▏        | 123/1000 [16:11<1:51:11,  7.61s/it]
Epoch 123 | loss : 70862.02, postive loss : 41628.62, negtive loss : 29233.40:  12%|█▏        | 124/1000 [16:11<1:52:16,  7.69s/it]
Epoch 124 | loss : 70403.61, postive loss : 41170.34, negtive loss : 29233.27:  12%|█▏        | 124/1000 [16:18<1:52:16,  7.69s/it]
Epoch 124 | loss : 70403.61, postive loss : 41170.34, negtive loss : 29233.27:  12%|█▎        | 125/1000 [16:18<1:52:50,  7.74s/it]
Epoch 125 | loss : 69952.39, postive loss : 40719.13, negtive loss : 29233.26:  12%|█▎        | 125/1000 [16:26<1:52:50,  7.74s/it]
Epoch 125 | loss : 69952.39, postive loss : 40719.13, negtive loss : 29233.26:  13%|█▎        | 126/1000 [16:26<1:53:04,  7.76s/it]
Epoch 126 | loss : 69508.23, postive loss : 40274.15, negtive loss : 29234.08:  13%|█▎        | 126/1000 [16:34<1:53:04,  7.76s/it]
Epoch 126 | loss : 69508.23, postive loss : 40274.15, negtive loss : 29234.08:  13%|█▎        | 127/1000 [16:34<1:52:29,  7.73s/it]
Epoch 127 | loss : 69072.00, postive loss : 39837.89, negtive loss : 29234.11:  13%|█▎        | 127/1000 [16:42<1:52:29,  7.73s/it]
Epoch 127 | loss : 69072.00, postive loss : 39837.89, negtive loss : 29234.11:  13%|█▎        | 128/1000 [16:42<1:52:30,  7.74s/it]
Epoch 128 | loss : 68639.38, postive loss : 39405.06, negtive loss : 29234.32:  13%|█▎        | 128/1000 [16:49<1:52:30,  7.74s/it]
Epoch 128 | loss : 68639.38, postive loss : 39405.06, negtive loss : 29234.32:  13%|█▎        | 129/1000 [16:49<1:52:31,  7.75s/it]
Epoch 129 | loss : 68214.99, postive loss : 38980.49, negtive loss : 29234.49:  13%|█▎        | 129/1000 [16:57<1:52:31,  7.75s/it]
Epoch 129 | loss : 68214.99, postive loss : 38980.49, negtive loss : 29234.49:  13%|█▎        | 130/1000 [16:57<1:51:02,  7.66s/it]
Epoch 130 | loss : 67795.86, postive loss : 38561.88, negtive loss : 29233.98:  13%|█▎        | 130/1000 [17:04<1:51:02,  7.66s/it]
Epoch 130 | loss : 67795.86, postive loss : 38561.88, negtive loss : 29233.98:  13%|█▎        | 131/1000 [17:04<1:49:20,  7.55s/it]
Epoch 131 | loss : 67384.12, postive loss : 38149.34, negtive loss : 29234.78:  13%|█▎        | 131/1000 [17:11<1:49:20,  7.55s/it]
Epoch 131 | loss : 67384.12, postive loss : 38149.34, negtive loss : 29234.78:  13%|█▎        | 132/1000 [17:11<1:48:04,  7.47s/it]
Epoch 132 | loss : 66978.86, postive loss : 37743.98, negtive loss : 29234.88:  13%|█▎        | 132/1000 [17:19<1:48:04,  7.47s/it]
Epoch 132 | loss : 66978.86, postive loss : 37743.98, negtive loss : 29234.88:  13%|█▎        | 133/1000 [17:19<1:47:02,  7.41s/it]
Epoch 133 | loss : 66577.47, postive loss : 37343.18, negtive loss : 29234.29:  13%|█▎        | 133/1000 [17:26<1:47:02,  7.41s/it]
Epoch 133 | loss : 66577.47, postive loss : 37343.18, negtive loss : 29234.29:  13%|█▎        | 134/1000 [17:26<1:46:17,  7.36s/it]
Epoch 134 | loss : 66184.00, postive loss : 36949.15, negtive loss : 29234.84:  13%|█▎        | 134/1000 [17:34<1:46:17,  7.36s/it]
Epoch 134 | loss : 66184.00, postive loss : 36949.15, negtive loss : 29234.84:  14%|█▎        | 135/1000 [17:34<1:47:41,  7.47s/it]
Epoch 135 | loss : 65795.23, postive loss : 36560.74, negtive loss : 29234.49:  14%|█▎        | 135/1000 [17:42<1:47:41,  7.47s/it]
Epoch 135 | loss : 65795.23, postive loss : 36560.74, negtive loss : 29234.49:  14%|█▎        | 136/1000 [17:42<1:49:08,  7.58s/it]
Epoch 136 | loss : 65413.78, postive loss : 36178.89, negtive loss : 29234.89:  14%|█▎        | 136/1000 [17:49<1:49:08,  7.58s/it]
Epoch 136 | loss : 65413.78, postive loss : 36178.89, negtive loss : 29234.89:  14%|█▎        | 137/1000 [17:49<1:49:27,  7.61s/it]
Epoch 137 | loss : 65036.98, postive loss : 35802.04, negtive loss : 29234.95:  14%|█▎        | 137/1000 [17:57<1:49:27,  7.61s/it]
Epoch 137 | loss : 65036.98, postive loss : 35802.04, negtive loss : 29234.95:  14%|█▍        | 138/1000 [17:57<1:49:08,  7.60s/it]
Epoch 138 | loss : 64665.48, postive loss : 35430.82, negtive loss : 29234.66:  14%|█▍        | 138/1000 [18:04<1:49:08,  7.60s/it]
Epoch 138 | loss : 64665.48, postive loss : 35430.82, negtive loss : 29234.66:  14%|█▍        | 139/1000 [18:04<1:49:17,  7.62s/it]
Epoch 139 | loss : 64299.58, postive loss : 35065.23, negtive loss : 29234.35:  14%|█▍        | 139/1000 [18:13<1:49:17,  7.62s/it]
Epoch 139 | loss : 64299.58, postive loss : 35065.23, negtive loss : 29234.35:  14%|█▍        | 140/1000 [18:13<1:52:22,  7.84s/it]
Epoch 140 | loss : 63940.86, postive loss : 34705.10, negtive loss : 29235.75:  14%|█▍        | 140/1000 [18:21<1:52:22,  7.84s/it]
Epoch 140 | loss : 63940.86, postive loss : 34705.10, negtive loss : 29235.75:  14%|█▍        | 141/1000 [18:21<1:53:41,  7.94s/it]
Epoch 141 | loss : 63586.69, postive loss : 34351.22, negtive loss : 29235.47:  14%|█▍        | 141/1000 [18:40<1:53:41,  7.94s/it]
Epoch 141 | loss : 63586.69, postive loss : 34351.22, negtive loss : 29235.47:  14%|█▍        | 142/1000 [18:40<2:39:54, 11.18s/it]
Epoch 142 | loss : 63236.47, postive loss : 34001.36, negtive loss : 29235.11:  14%|█▍        | 142/1000 [18:57<2:39:54, 11.18s/it]
Epoch 142 | loss : 63236.47, postive loss : 34001.36, negtive loss : 29235.11:  14%|█▍        | 143/1000 [18:57<3:05:06, 12.96s/it]
Epoch 143 | loss : 62891.63, postive loss : 33656.79, negtive loss : 29234.84:  14%|█▍        | 143/1000 [19:16<3:05:06, 12.96s/it]
Epoch 143 | loss : 62891.63, postive loss : 33656.79, negtive loss : 29234.84:  14%|█▍        | 144/1000 [19:16<3:30:12, 14.73s/it]
Epoch 144 | loss : 62553.35, postive loss : 33318.39, negtive loss : 29234.96:  14%|█▍        | 144/1000 [19:30<3:30:12, 14.73s/it]
Epoch 144 | loss : 62553.35, postive loss : 33318.39, negtive loss : 29234.96:  14%|█▍        | 145/1000 [19:30<3:29:28, 14.70s/it]
Epoch 145 | loss : 62219.76, postive loss : 32984.45, negtive loss : 29235.31:  14%|█▍        | 145/1000 [19:38<3:29:28, 14.70s/it]
Epoch 145 | loss : 62219.76, postive loss : 32984.45, negtive loss : 29235.31:  15%|█▍        | 146/1000 [19:38<2:59:14, 12.59s/it]
Epoch 146 | loss : 61891.57, postive loss : 32655.60, negtive loss : 29235.97:  15%|█▍        | 146/1000 [19:46<2:59:14, 12.59s/it]
Epoch 146 | loss : 61891.57, postive loss : 32655.60, negtive loss : 29235.97:  15%|█▍        | 147/1000 [19:46<2:38:23, 11.14s/it]
Epoch 147 | loss : 61566.61, postive loss : 32331.18, negtive loss : 29235.42:  15%|█▍        | 147/1000 [19:53<2:38:23, 11.14s/it]
Epoch 147 | loss : 61566.61, postive loss : 32331.18, negtive loss : 29235.42:  15%|█▍        | 148/1000 [19:53<2:22:50, 10.06s/it]
Epoch 148 | loss : 61247.93, postive loss : 32012.37, negtive loss : 29235.56:  15%|█▍        | 148/1000 [20:01<2:22:50, 10.06s/it]
Epoch 148 | loss : 61247.93, postive loss : 32012.37, negtive loss : 29235.56:  15%|█▍        | 149/1000 [20:01<2:10:56,  9.23s/it]
Epoch 149 | loss : 60933.46, postive loss : 31697.49, negtive loss : 29235.98:  15%|█▍        | 149/1000 [20:08<2:10:56,  9.23s/it]
Epoch 149 | loss : 60933.46, postive loss : 31697.49, negtive loss : 29235.98:  15%|█▌        | 150/1000 [20:08<2:02:33,  8.65s/it]
Epoch 150 | loss : 60623.41, postive loss : 31388.20, negtive loss : 29235.21:  15%|█▌        | 150/1000 [20:15<2:02:33,  8.65s/it]
Epoch 150 | loss : 60623.41, postive loss : 31388.20, negtive loss : 29235.21:  15%|█▌        | 151/1000 [20:15<1:56:58,  8.27s/it]
Epoch 151 | loss : 60318.98, postive loss : 31083.07, negtive loss : 29235.92:  15%|█▌        | 151/1000 [20:23<1:56:58,  8.27s/it]
Epoch 151 | loss : 60318.98, postive loss : 31083.07, negtive loss : 29235.92:  15%|█▌        | 152/1000 [20:23<1:53:27,  8.03s/it]
Epoch 152 | loss : 60018.95, postive loss : 30782.94, negtive loss : 29236.02:  15%|█▌        | 152/1000 [20:30<1:53:27,  8.03s/it]
Epoch 152 | loss : 60018.95, postive loss : 30782.94, negtive loss : 29236.02:  15%|█▌        | 153/1000 [20:30<1:50:37,  7.84s/it]
Epoch 153 | loss : 59722.78, postive loss : 30486.72, negtive loss : 29236.07:  15%|█▌        | 153/1000 [20:37<1:50:37,  7.84s/it]
Epoch 153 | loss : 59722.78, postive loss : 30486.72, negtive loss : 29236.07:  15%|█▌        | 154/1000 [20:37<1:48:28,  7.69s/it]
Epoch 154 | loss : 59431.87, postive loss : 30195.14, negtive loss : 29236.73:  15%|█▌        | 154/1000 [20:45<1:48:28,  7.69s/it]
Epoch 154 | loss : 59431.87, postive loss : 30195.14, negtive loss : 29236.73:  16%|█▌        | 155/1000 [20:45<1:47:44,  7.65s/it]
Epoch 155 | loss : 59144.08, postive loss : 29907.95, negtive loss : 29236.13:  16%|█▌        | 155/1000 [20:53<1:47:44,  7.65s/it]
Epoch 155 | loss : 59144.08, postive loss : 29907.95, negtive loss : 29236.13:  16%|█▌        | 156/1000 [20:53<1:47:24,  7.64s/it]
Epoch 156 | loss : 58861.71, postive loss : 29625.45, negtive loss : 29236.26:  16%|█▌        | 156/1000 [21:00<1:47:24,  7.64s/it]
Epoch 156 | loss : 58861.71, postive loss : 29625.45, negtive loss : 29236.26:  16%|█▌        | 157/1000 [21:00<1:47:28,  7.65s/it]
Epoch 157 | loss : 58582.91, postive loss : 29346.10, negtive loss : 29236.81:  16%|█▌        | 157/1000 [21:08<1:47:28,  7.65s/it]
Epoch 157 | loss : 58582.91, postive loss : 29346.10, negtive loss : 29236.81:  16%|█▌        | 158/1000 [21:08<1:47:24,  7.65s/it]
Epoch 158 | loss : 58310.30, postive loss : 29072.46, negtive loss : 29237.84:  16%|█▌        | 158/1000 [21:16<1:47:24,  7.65s/it]
Epoch 158 | loss : 58310.30, postive loss : 29072.46, negtive loss : 29237.84:  16%|█▌        | 159/1000 [21:16<1:47:30,  7.67s/it]
Epoch 159 | loss : 58038.90, postive loss : 28801.62, negtive loss : 29237.28:  16%|█▌        | 159/1000 [21:23<1:47:30,  7.67s/it]
Epoch 159 | loss : 58038.90, postive loss : 28801.62, negtive loss : 29237.28:  16%|█▌        | 160/1000 [21:23<1:47:23,  7.67s/it]
Epoch 160 | loss : 57772.68, postive loss : 28535.32, negtive loss : 29237.35:  16%|█▌        | 160/1000 [21:31<1:47:23,  7.67s/it]
Epoch 160 | loss : 57772.68, postive loss : 28535.32, negtive loss : 29237.35:  16%|█▌        | 161/1000 [21:31<1:47:07,  7.66s/it]
Epoch 161 | loss : 57510.88, postive loss : 28273.13, negtive loss : 29237.75:  16%|█▌        | 161/1000 [21:39<1:47:07,  7.66s/it]
Epoch 161 | loss : 57510.88, postive loss : 28273.13, negtive loss : 29237.75:  16%|█▌        | 162/1000 [21:39<1:47:38,  7.71s/it]
Epoch 162 | loss : 57252.92, postive loss : 28014.85, negtive loss : 29238.07:  16%|█▌        | 162/1000 [21:57<1:47:38,  7.71s/it]
Epoch 162 | loss : 57252.92, postive loss : 28014.85, negtive loss : 29238.07:  16%|█▋        | 163/1000 [21:57<2:32:04, 10.90s/it]
Epoch 163 | loss : 56995.63, postive loss : 27759.49, negtive loss : 29236.14:  16%|█▋        | 163/1000 [22:15<2:32:04, 10.90s/it]
Epoch 163 | loss : 56995.63, postive loss : 27759.49, negtive loss : 29236.14:  16%|█▋        | 164/1000 [22:15<2:58:59, 12.85s/it]
Epoch 164 | loss : 56746.85, postive loss : 27509.12, negtive loss : 29237.73:  16%|█▋        | 164/1000 [22:33<2:58:59, 12.85s/it]
Epoch 164 | loss : 56746.85, postive loss : 27509.12, negtive loss : 29237.73:  16%|█▋        | 165/1000 [22:33<3:20:56, 14.44s/it]
Epoch 165 | loss : 56500.54, postive loss : 27262.28, negtive loss : 29238.26:  16%|█▋        | 165/1000 [22:48<3:20:56, 14.44s/it]
Epoch 165 | loss : 56500.54, postive loss : 27262.28, negtive loss : 29238.26:  17%|█▋        | 166/1000 [22:48<3:24:28, 14.71s/it]
Epoch 166 | loss : 56256.90, postive loss : 27019.27, negtive loss : 29237.63:  17%|█▋        | 166/1000 [22:55<3:24:28, 14.71s/it]
Epoch 166 | loss : 56256.90, postive loss : 27019.27, negtive loss : 29237.63:  17%|█▋        | 167/1000 [22:55<2:53:46, 12.52s/it]
Epoch 167 | loss : 56016.80, postive loss : 26778.89, negtive loss : 29237.91:  17%|█▋        | 167/1000 [23:03<2:53:46, 12.52s/it]
Epoch 167 | loss : 56016.80, postive loss : 26778.89, negtive loss : 29237.91:  17%|█▋        | 168/1000 [23:03<2:32:23, 10.99s/it]
Epoch 168 | loss : 55783.18, postive loss : 26543.81, negtive loss : 29239.37:  17%|█▋        | 168/1000 [23:10<2:32:23, 10.99s/it]
Epoch 168 | loss : 55783.18, postive loss : 26543.81, negtive loss : 29239.37:  17%|█▋        | 169/1000 [23:10<2:16:58,  9.89s/it]
Epoch 169 | loss : 55548.14, postive loss : 26310.38, negtive loss : 29237.76:  17%|█▋        | 169/1000 [23:17<2:16:58,  9.89s/it]
Epoch 169 | loss : 55548.14, postive loss : 26310.38, negtive loss : 29237.76:  17%|█▋        | 170/1000 [23:17<2:06:00,  9.11s/it]
Epoch 170 | loss : 55321.06, postive loss : 26081.62, negtive loss : 29239.44:  17%|█▋        | 170/1000 [23:25<2:06:00,  9.11s/it]
Epoch 170 | loss : 55321.06, postive loss : 26081.62, negtive loss : 29239.44:  17%|█▋        | 171/1000 [23:25<1:58:45,  8.60s/it]
Epoch 171 | loss : 55095.82, postive loss : 25856.42, negtive loss : 29239.41:  17%|█▋        | 171/1000 [23:32<1:58:45,  8.60s/it]
Epoch 171 | loss : 55095.82, postive loss : 25856.42, negtive loss : 29239.41:  17%|█▋        | 172/1000 [23:32<1:53:07,  8.20s/it]
Epoch 172 | loss : 54873.13, postive loss : 25634.10, negtive loss : 29239.03:  17%|█▋        | 172/1000 [23:39<1:53:07,  8.20s/it]
Epoch 172 | loss : 54873.13, postive loss : 25634.10, negtive loss : 29239.03:  17%|█▋        | 173/1000 [23:39<1:49:10,  7.92s/it]
Epoch 173 | loss : 54654.62, postive loss : 25415.10, negtive loss : 29239.52:  17%|█▋        | 173/1000 [23:47<1:49:10,  7.92s/it]
Epoch 173 | loss : 54654.62, postive loss : 25415.10, negtive loss : 29239.52:  17%|█▋        | 174/1000 [23:47<1:46:21,  7.73s/it]
Epoch 174 | loss : 54439.31, postive loss : 25199.29, negtive loss : 29240.02:  17%|█▋        | 174/1000 [23:54<1:46:21,  7.73s/it]
Epoch 174 | loss : 54439.31, postive loss : 25199.29, negtive loss : 29240.02:  18%|█▊        | 175/1000 [23:54<1:44:57,  7.63s/it]
Epoch 175 | loss : 54225.96, postive loss : 24986.64, negtive loss : 29239.32:  18%|█▊        | 175/1000 [24:01<1:44:57,  7.63s/it]
Epoch 175 | loss : 54225.96, postive loss : 24986.64, negtive loss : 29239.32:  18%|█▊        | 176/1000 [24:01<1:43:21,  7.53s/it]
Epoch 176 | loss : 54016.63, postive loss : 24777.30, negtive loss : 29239.33:  18%|█▊        | 176/1000 [24:09<1:43:21,  7.53s/it]
Epoch 176 | loss : 54016.63, postive loss : 24777.30, negtive loss : 29239.33:  18%|█▊        | 177/1000 [24:09<1:44:41,  7.63s/it]
Epoch 177 | loss : 53810.90, postive loss : 24571.26, negtive loss : 29239.64:  18%|█▊        | 177/1000 [24:17<1:44:41,  7.63s/it]
Epoch 177 | loss : 53810.90, postive loss : 24571.26, negtive loss : 29239.64:  18%|█▊        | 178/1000 [24:17<1:43:24,  7.55s/it]
Epoch 178 | loss : 53608.27, postive loss : 24368.58, negtive loss : 29239.69:  18%|█▊        | 178/1000 [24:24<1:43:24,  7.55s/it]
Epoch 178 | loss : 53608.27, postive loss : 24368.58, negtive loss : 29239.69:  18%|█▊        | 179/1000 [24:24<1:42:50,  7.52s/it]
Epoch 179 | loss : 53408.17, postive loss : 24167.92, negtive loss : 29240.25:  18%|█▊        | 179/1000 [24:31<1:42:50,  7.52s/it]
Epoch 179 | loss : 53408.17, postive loss : 24167.92, negtive loss : 29240.25:  18%|█▊        | 180/1000 [24:31<1:41:51,  7.45s/it]
Epoch 180 | loss : 53212.52, postive loss : 23971.59, negtive loss : 29240.93:  18%|█▊        | 180/1000 [24:39<1:41:51,  7.45s/it]
Epoch 180 | loss : 53212.52, postive loss : 23971.59, negtive loss : 29240.93:  18%|█▊        | 181/1000 [24:39<1:41:08,  7.41s/it]
Epoch 181 | loss : 53017.36, postive loss : 23776.93, negtive loss : 29240.43:  18%|█▊        | 181/1000 [24:46<1:41:08,  7.41s/it]
Epoch 181 | loss : 53017.36, postive loss : 23776.93, negtive loss : 29240.43:  18%|█▊        | 182/1000 [24:46<1:40:30,  7.37s/it]
Epoch 182 | loss : 52827.78, postive loss : 23586.36, negtive loss : 29241.42:  18%|█▊        | 182/1000 [24:53<1:40:30,  7.37s/it]
Epoch 182 | loss : 52827.78, postive loss : 23586.36, negtive loss : 29241.42:  18%|█▊        | 183/1000 [24:53<1:40:08,  7.35s/it]
Epoch 183 | loss : 52639.55, postive loss : 23398.15, negtive loss : 29241.40:  18%|█▊        | 183/1000 [25:01<1:40:08,  7.35s/it]
Epoch 183 | loss : 52639.55, postive loss : 23398.15, negtive loss : 29241.40:  18%|█▊        | 184/1000 [25:01<1:40:05,  7.36s/it]
Epoch 184 | loss : 52452.78, postive loss : 23211.95, negtive loss : 29240.83:  18%|█▊        | 184/1000 [25:08<1:40:05,  7.36s/it]
Epoch 184 | loss : 52452.78, postive loss : 23211.95, negtive loss : 29240.83:  18%|█▊        | 185/1000 [25:08<1:40:02,  7.37s/it]
Epoch 185 | loss : 52271.48, postive loss : 23029.76, negtive loss : 29241.71:  18%|█▊        | 185/1000 [25:15<1:40:02,  7.37s/it]
Epoch 185 | loss : 52271.48, postive loss : 23029.76, negtive loss : 29241.71:  19%|█▊        | 186/1000 [25:15<1:40:04,  7.38s/it]
Epoch 186 | loss : 52091.17, postive loss : 22849.66, negtive loss : 29241.52:  19%|█▊        | 186/1000 [25:23<1:40:04,  7.38s/it]
Epoch 186 | loss : 52091.17, postive loss : 22849.66, negtive loss : 29241.52:  19%|█▊        | 187/1000 [25:23<1:40:08,  7.39s/it]
Epoch 187 | loss : 51913.59, postive loss : 22672.61, negtive loss : 29240.99:  19%|█▊        | 187/1000 [25:30<1:40:08,  7.39s/it]
Epoch 187 | loss : 51913.59, postive loss : 22672.61, negtive loss : 29240.99:  19%|█▉        | 188/1000 [25:30<1:39:39,  7.36s/it]
Epoch 188 | loss : 51739.89, postive loss : 22497.87, negtive loss : 29242.02:  19%|█▉        | 188/1000 [25:37<1:39:39,  7.36s/it]
Epoch 188 | loss : 51739.89, postive loss : 22497.87, negtive loss : 29242.02:  19%|█▉        | 189/1000 [25:37<1:39:06,  7.33s/it]
Epoch 189 | loss : 51566.36, postive loss : 22326.04, negtive loss : 29240.32:  19%|█▉        | 189/1000 [25:45<1:39:06,  7.33s/it]
Epoch 189 | loss : 51566.36, postive loss : 22326.04, negtive loss : 29240.32:  19%|█▉        | 190/1000 [25:45<1:39:55,  7.40s/it]
Epoch 190 | loss : 51399.64, postive loss : 22156.57, negtive loss : 29243.07:  19%|█▉        | 190/1000 [25:54<1:39:55,  7.40s/it]
Epoch 190 | loss : 51399.64, postive loss : 22156.57, negtive loss : 29243.07:  19%|█▉        | 191/1000 [25:54<1:44:57,  7.78s/it]
Epoch 191 | loss : 51232.24, postive loss : 21990.05, negtive loss : 29242.20:  19%|█▉        | 191/1000 [26:05<1:44:57,  7.78s/it]
Epoch 191 | loss : 51232.24, postive loss : 21990.05, negtive loss : 29242.20:  19%|█▉        | 192/1000 [26:05<2:00:48,  8.97s/it]
Epoch 192 | loss : 51070.18, postive loss : 21826.09, negtive loss : 29244.09:  19%|█▉        | 192/1000 [26:23<2:00:48,  8.97s/it]
Epoch 192 | loss : 51070.18, postive loss : 21826.09, negtive loss : 29244.09:  19%|█▉        | 193/1000 [26:23<2:36:22, 11.63s/it]
Epoch 193 | loss : 50906.51, postive loss : 21664.12, negtive loss : 29242.39:  19%|█▉        | 193/1000 [26:40<2:36:22, 11.63s/it]
Epoch 193 | loss : 50906.51, postive loss : 21664.12, negtive loss : 29242.39:  19%|█▉        | 194/1000 [26:40<2:56:16, 13.12s/it]
Epoch 194 | loss : 50748.56, postive loss : 21504.94, negtive loss : 29243.62:  19%|█▉        | 194/1000 [26:47<2:56:16, 13.12s/it]
Epoch 194 | loss : 50748.56, postive loss : 21504.94, negtive loss : 29243.62:  20%|█▉        | 195/1000 [26:47<2:33:40, 11.45s/it]
Epoch 195 | loss : 50591.81, postive loss : 21348.21, negtive loss : 29243.61:  20%|█▉        | 195/1000 [26:55<2:33:40, 11.45s/it]
Epoch 195 | loss : 50591.81, postive loss : 21348.21, negtive loss : 29243.61:  20%|█▉        | 196/1000 [26:55<2:18:19, 10.32s/it]
Epoch 196 | loss : 50436.51, postive loss : 21193.14, negtive loss : 29243.37:  20%|█▉        | 196/1000 [27:03<2:18:19, 10.32s/it]
Epoch 196 | loss : 50436.51, postive loss : 21193.14, negtive loss : 29243.37:  20%|█▉        | 197/1000 [27:03<2:07:11,  9.50s/it]
Epoch 197 | loss : 50284.03, postive loss : 21041.30, negtive loss : 29242.72:  20%|█▉        | 197/1000 [27:10<2:07:11,  9.50s/it]
Epoch 197 | loss : 50284.03, postive loss : 21041.30, negtive loss : 29242.72:  20%|█▉        | 198/1000 [27:10<1:59:54,  8.97s/it]
Epoch 198 | loss : 50135.68, postive loss : 20891.66, negtive loss : 29244.02:  20%|█▉        | 198/1000 [27:18<1:59:54,  8.97s/it]
Epoch 198 | loss : 50135.68, postive loss : 20891.66, negtive loss : 29244.02:  20%|█▉        | 199/1000 [27:18<1:53:33,  8.51s/it]
Epoch 199 | loss : 49990.19, postive loss : 20745.03, negtive loss : 29245.16:  20%|█▉        | 199/1000 [27:25<1:53:33,  8.51s/it]
Epoch 199 | loss : 49990.19, postive loss : 20745.03, negtive loss : 29245.16:  20%|██        | 200/1000 [27:25<1:49:01,  8.18s/it]
Epoch 200 | loss : 49844.28, postive loss : 20599.45, negtive loss : 29244.83:  20%|██        | 200/1000 [27:32<1:49:01,  8.18s/it]
Epoch 200 | loss : 49844.28, postive loss : 20599.45, negtive loss : 29244.83:  20%|██        | 201/1000 [27:32<1:45:14,  7.90s/it]
Epoch 201 | loss : 49701.85, postive loss : 20457.24, negtive loss : 29244.61:  20%|██        | 201/1000 [27:40<1:45:14,  7.90s/it]
Epoch 201 | loss : 49701.85, postive loss : 20457.24, negtive loss : 29244.61:  20%|██        | 202/1000 [27:40<1:43:13,  7.76s/it]
Epoch 202 | loss : 49562.22, postive loss : 20316.62, negtive loss : 29245.60:  20%|██        | 202/1000 [27:47<1:43:13,  7.76s/it]
Epoch 202 | loss : 49562.22, postive loss : 20316.62, negtive loss : 29245.60:  20%|██        | 203/1000 [27:47<1:42:26,  7.71s/it]
Epoch 203 | loss : 49422.09, postive loss : 20178.63, negtive loss : 29243.46:  20%|██        | 203/1000 [27:55<1:42:26,  7.71s/it]
Epoch 203 | loss : 49422.09, postive loss : 20178.63, negtive loss : 29243.46:  20%|██        | 204/1000 [27:55<1:40:36,  7.58s/it]
Epoch 204 | loss : 49287.22, postive loss : 20042.45, negtive loss : 29244.76:  20%|██        | 204/1000 [28:02<1:40:36,  7.58s/it]
Epoch 204 | loss : 49287.22, postive loss : 20042.45, negtive loss : 29244.76:  20%|██        | 205/1000 [28:02<1:39:57,  7.54s/it]
Epoch 205 | loss : 49154.85, postive loss : 19909.26, negtive loss : 29245.59:  20%|██        | 205/1000 [28:10<1:39:57,  7.54s/it]
Epoch 205 | loss : 49154.85, postive loss : 19909.26, negtive loss : 29245.59:  21%|██        | 206/1000 [28:10<1:39:32,  7.52s/it]
Epoch 206 | loss : 49022.63, postive loss : 19777.56, negtive loss : 29245.07:  21%|██        | 206/1000 [28:22<1:39:32,  7.52s/it]
Epoch 206 | loss : 49022.63, postive loss : 19777.56, negtive loss : 29245.07:  21%|██        | 207/1000 [28:22<1:59:10,  9.02s/it]
Epoch 207 | loss : 48893.65, postive loss : 19648.85, negtive loss : 29244.79:  21%|██        | 207/1000 [28:40<1:59:10,  9.02s/it]
Epoch 207 | loss : 48893.65, postive loss : 19648.85, negtive loss : 29244.79:  21%|██        | 208/1000 [28:40<2:34:11, 11.68s/it]
Epoch 208 | loss : 48769.20, postive loss : 19522.35, negtive loss : 29246.86:  21%|██        | 208/1000 [28:48<2:34:11, 11.68s/it]
Epoch 208 | loss : 48769.20, postive loss : 19522.35, negtive loss : 29246.86:  21%|██        | 209/1000 [28:48<2:17:30, 10.43s/it]
Epoch 209 | loss : 48645.73, postive loss : 19398.06, negtive loss : 29247.67:  21%|██        | 209/1000 [28:55<2:17:30, 10.43s/it]
Epoch 209 | loss : 48645.73, postive loss : 19398.06, negtive loss : 29247.67:  21%|██        | 210/1000 [28:55<2:05:34,  9.54s/it]
Epoch 210 | loss : 48521.06, postive loss : 19275.41, negtive loss : 29245.65:  21%|██        | 210/1000 [29:02<2:05:34,  9.54s/it]
Epoch 210 | loss : 48521.06, postive loss : 19275.41, negtive loss : 29245.65:  21%|██        | 211/1000 [29:02<1:57:02,  8.90s/it]
Epoch 211 | loss : 48403.56, postive loss : 19155.92, negtive loss : 29247.64:  21%|██        | 211/1000 [29:10<1:57:02,  8.90s/it]
Epoch 211 | loss : 48403.56, postive loss : 19155.92, negtive loss : 29247.64:  21%|██        | 212/1000 [29:10<1:50:55,  8.45s/it]
Epoch 212 | loss : 48287.40, postive loss : 19038.71, negtive loss : 29248.69:  21%|██        | 212/1000 [29:17<1:50:55,  8.45s/it]
Epoch 212 | loss : 48287.40, postive loss : 19038.71, negtive loss : 29248.69:  21%|██▏       | 213/1000 [29:17<1:46:30,  8.12s/it]
Epoch 213 | loss : 48171.89, postive loss : 18923.70, negtive loss : 29248.19:  21%|██▏       | 213/1000 [29:25<1:46:30,  8.12s/it]
Epoch 213 | loss : 48171.89, postive loss : 18923.70, negtive loss : 29248.19:  21%|██▏       | 214/1000 [29:25<1:43:31,  7.90s/it]
Epoch 214 | loss : 48056.76, postive loss : 18810.59, negtive loss : 29246.16:  21%|██▏       | 214/1000 [29:32<1:43:31,  7.90s/it]
Epoch 214 | loss : 48056.76, postive loss : 18810.59, negtive loss : 29246.16:  22%|██▏       | 215/1000 [29:32<1:41:01,  7.72s/it]
Epoch 215 | loss : 47948.31, postive loss : 18700.27, negtive loss : 29248.05:  22%|██▏       | 215/1000 [29:40<1:41:01,  7.72s/it]
Epoch 215 | loss : 47948.31, postive loss : 18700.27, negtive loss : 29248.05:  22%|██▏       | 216/1000 [29:40<1:40:52,  7.72s/it]
Epoch 216 | loss : 47841.28, postive loss : 18592.65, negtive loss : 29248.62:  22%|██▏       | 216/1000 [29:47<1:40:52,  7.72s/it]
Epoch 216 | loss : 47841.28, postive loss : 18592.65, negtive loss : 29248.62:  22%|██▏       | 217/1000 [29:47<1:39:32,  7.63s/it]
Epoch 217 | loss : 47736.96, postive loss : 18486.56, negtive loss : 29250.40:  22%|██▏       | 217/1000 [29:54<1:39:32,  7.63s/it]
Epoch 217 | loss : 47736.96, postive loss : 18486.56, negtive loss : 29250.40:  22%|██▏       | 218/1000 [29:54<1:38:05,  7.53s/it]
Epoch 218 | loss : 47632.15, postive loss : 18383.31, negtive loss : 29248.84:  22%|██▏       | 218/1000 [30:02<1:38:05,  7.53s/it]
Epoch 218 | loss : 47632.15, postive loss : 18383.31, negtive loss : 29248.84:  22%|██▏       | 219/1000 [30:02<1:37:33,  7.49s/it]
Epoch 219 | loss : 47533.05, postive loss : 18282.40, negtive loss : 29250.65:  22%|██▏       | 219/1000 [30:09<1:37:33,  7.49s/it]
Epoch 219 | loss : 47533.05, postive loss : 18282.40, negtive loss : 29250.65:  22%|██▏       | 220/1000 [30:09<1:36:55,  7.46s/it]
Epoch 220 | loss : 47435.79, postive loss : 18183.43, negtive loss : 29252.35:  22%|██▏       | 220/1000 [30:16<1:36:55,  7.46s/it]
Epoch 220 | loss : 47435.79, postive loss : 18183.43, negtive loss : 29252.35:  22%|██▏       | 221/1000 [30:16<1:36:20,  7.42s/it]
Epoch 221 | loss : 47335.04, postive loss : 18086.83, negtive loss : 29248.21:  22%|██▏       | 221/1000 [30:24<1:36:20,  7.42s/it]
Epoch 221 | loss : 47335.04, postive loss : 18086.83, negtive loss : 29248.21:  22%|██▏       | 222/1000 [30:24<1:35:39,  7.38s/it]
Epoch 222 | loss : 47242.86, postive loss : 17992.40, negtive loss : 29250.47:  22%|██▏       | 222/1000 [30:31<1:35:39,  7.38s/it]
Epoch 222 | loss : 47242.86, postive loss : 17992.40, negtive loss : 29250.47:  22%|██▏       | 223/1000 [30:31<1:35:38,  7.39s/it]
Epoch 223 | loss : 47151.97, postive loss : 17899.92, negtive loss : 29252.05:  22%|██▏       | 223/1000 [30:39<1:35:38,  7.39s/it]
Epoch 223 | loss : 47151.97, postive loss : 17899.92, negtive loss : 29252.05:  22%|██▏       | 224/1000 [30:39<1:36:25,  7.46s/it]
Epoch 224 | loss : 47061.33, postive loss : 17810.22, negtive loss : 29251.11:  22%|██▏       | 224/1000 [30:46<1:36:25,  7.46s/it]
Epoch 224 | loss : 47061.33, postive loss : 17810.22, negtive loss : 29251.11:  22%|██▎       | 225/1000 [30:46<1:35:34,  7.40s/it]
Epoch 225 | loss : 46972.80, postive loss : 17721.79, negtive loss : 29251.01:  22%|██▎       | 225/1000 [30:54<1:35:34,  7.40s/it]
Epoch 225 | loss : 46972.80, postive loss : 17721.79, negtive loss : 29251.01:  23%|██▎       | 226/1000 [30:54<1:37:57,  7.59s/it]
Epoch 226 | loss : 46886.48, postive loss : 17635.22, negtive loss : 29251.26:  23%|██▎       | 226/1000 [31:03<1:37:57,  7.59s/it]
Epoch 226 | loss : 46886.48, postive loss : 17635.22, negtive loss : 29251.26:  23%|██▎       | 227/1000 [31:03<1:42:45,  7.98s/it]
Epoch 227 | loss : 46803.10, postive loss : 17550.84, negtive loss : 29252.26:  23%|██▎       | 227/1000 [31:20<1:42:45,  7.98s/it]
Epoch 227 | loss : 46803.10, postive loss : 17550.84, negtive loss : 29252.26:  23%|██▎       | 228/1000 [31:20<2:17:55, 10.72s/it]
Epoch 228 | loss : 46719.35, postive loss : 17467.99, negtive loss : 29251.36:  23%|██▎       | 228/1000 [31:33<2:17:55, 10.72s/it]
Epoch 228 | loss : 46719.35, postive loss : 17467.99, negtive loss : 29251.36:  23%|██▎       | 229/1000 [31:33<2:26:40, 11.41s/it]
Epoch 229 | loss : 46638.98, postive loss : 17386.68, negtive loss : 29252.31:  23%|██▎       | 229/1000 [31:49<2:26:40, 11.41s/it]
Epoch 229 | loss : 46638.98, postive loss : 17386.68, negtive loss : 29252.31:  23%|██▎       | 230/1000 [31:49<2:43:39, 12.75s/it]
Epoch 230 | loss : 46560.65, postive loss : 17307.62, negtive loss : 29253.03:  23%|██▎       | 230/1000 [32:01<2:43:39, 12.75s/it]
Epoch 230 | loss : 46560.65, postive loss : 17307.62, negtive loss : 29253.03:  23%|██▎       | 231/1000 [32:01<2:39:12, 12.42s/it]
Epoch 231 | loss : 46480.06, postive loss : 17228.75, negtive loss : 29251.31:  23%|██▎       | 231/1000 [32:08<2:39:12, 12.42s/it]
Epoch 231 | loss : 46480.06, postive loss : 17228.75, negtive loss : 29251.31:  23%|██▎       | 232/1000 [32:08<2:19:27, 10.90s/it]
Epoch 232 | loss : 46407.29, postive loss : 17152.42, negtive loss : 29254.86:  23%|██▎       | 232/1000 [32:15<2:19:27, 10.90s/it]
Epoch 232 | loss : 46407.29, postive loss : 17152.42, negtive loss : 29254.86:  23%|██▎       | 233/1000 [32:15<2:05:26,  9.81s/it]
Epoch 233 | loss : 46330.60, postive loss : 17077.22, negtive loss : 29253.38:  23%|██▎       | 233/1000 [32:23<2:05:26,  9.81s/it]
Epoch 233 | loss : 46330.60, postive loss : 17077.22, negtive loss : 29253.38:  23%|██▎       | 234/1000 [32:23<1:56:09,  9.10s/it]
Epoch 234 | loss : 46258.47, postive loss : 17003.37, negtive loss : 29255.10:  23%|██▎       | 234/1000 [32:30<1:56:09,  9.10s/it]
Epoch 234 | loss : 46258.47, postive loss : 17003.37, negtive loss : 29255.10:  24%|██▎       | 235/1000 [32:30<1:49:02,  8.55s/it]
Epoch 235 | loss : 46188.51, postive loss : 16930.93, negtive loss : 29257.58:  24%|██▎       | 235/1000 [32:37<1:49:02,  8.55s/it]
Epoch 235 | loss : 46188.51, postive loss : 16930.93, negtive loss : 29257.58:  24%|██▎       | 236/1000 [32:37<1:44:00,  8.17s/it]
Epoch 236 | loss : 46116.22, postive loss : 16859.72, negtive loss : 29256.50:  24%|██▎       | 236/1000 [32:44<1:44:00,  8.17s/it]
Epoch 236 | loss : 46116.22, postive loss : 16859.72, negtive loss : 29256.50:  24%|██▎       | 237/1000 [32:44<1:40:26,  7.90s/it]
Epoch 237 | loss : 46045.25, postive loss : 16789.47, negtive loss : 29255.79:  24%|██▎       | 237/1000 [32:52<1:40:26,  7.90s/it]
Epoch 237 | loss : 46045.25, postive loss : 16789.47, negtive loss : 29255.79:  24%|██▍       | 238/1000 [32:52<1:38:01,  7.72s/it]
Epoch 238 | loss : 45976.53, postive loss : 16720.29, negtive loss : 29256.24:  24%|██▍       | 238/1000 [33:02<1:38:01,  7.72s/it]
Epoch 238 | loss : 45976.53, postive loss : 16720.29, negtive loss : 29256.24:  24%|██▍       | 239/1000 [33:02<1:45:39,  8.33s/it]
Epoch 239 | loss : 45909.04, postive loss : 16652.20, negtive loss : 29256.85:  24%|██▍       | 239/1000 [33:09<1:45:39,  8.33s/it]
Epoch 239 | loss : 45909.04, postive loss : 16652.20, negtive loss : 29256.85:  24%|██▍       | 240/1000 [33:09<1:41:35,  8.02s/it]
Epoch 240 | loss : 45840.04, postive loss : 16585.42, negtive loss : 29254.62:  24%|██▍       | 240/1000 [33:16<1:41:35,  8.02s/it]
Epoch 240 | loss : 45840.04, postive loss : 16585.42, negtive loss : 29254.62:  24%|██▍       | 241/1000 [33:16<1:38:39,  7.80s/it]
Epoch 241 | loss : 45776.68, postive loss : 16519.80, negtive loss : 29256.88:  24%|██▍       | 241/1000 [33:23<1:38:39,  7.80s/it]
Epoch 241 | loss : 45776.68, postive loss : 16519.80, negtive loss : 29256.88:  24%|██▍       | 242/1000 [33:23<1:36:34,  7.64s/it]
Epoch 242 | loss : 45712.52, postive loss : 16455.01, negtive loss : 29257.51:  24%|██▍       | 242/1000 [33:31<1:36:34,  7.64s/it]
Epoch 242 | loss : 45712.52, postive loss : 16455.01, negtive loss : 29257.51:  24%|██▍       | 243/1000 [33:31<1:35:02,  7.53s/it]
Epoch 243 | loss : 45645.86, postive loss : 16390.78, negtive loss : 29255.08:  24%|██▍       | 243/1000 [33:38<1:35:02,  7.53s/it]
Epoch 243 | loss : 45645.86, postive loss : 16390.78, negtive loss : 29255.08:  24%|██▍       | 244/1000 [33:38<1:33:55,  7.45s/it]
Epoch 244 | loss : 45585.46, postive loss : 16328.26, negtive loss : 29257.20:  24%|██▍       | 244/1000 [33:45<1:33:55,  7.45s/it]
Epoch 244 | loss : 45585.46, postive loss : 16328.26, negtive loss : 29257.20:  24%|██▍       | 245/1000 [33:45<1:33:11,  7.41s/it]
Epoch 245 | loss : 45524.45, postive loss : 16266.02, negtive loss : 29258.43:  24%|██▍       | 245/1000 [33:53<1:33:11,  7.41s/it]
Epoch 245 | loss : 45524.45, postive loss : 16266.02, negtive loss : 29258.43:  25%|██▍       | 246/1000 [33:53<1:32:32,  7.36s/it]
Epoch 246 | loss : 45468.61, postive loss : 16206.14, negtive loss : 29262.47:  25%|██▍       | 246/1000 [34:00<1:32:32,  7.36s/it]
Epoch 246 | loss : 45468.61, postive loss : 16206.14, negtive loss : 29262.47:  25%|██▍       | 247/1000 [34:00<1:33:05,  7.42s/it]
Epoch 247 | loss : 45402.48, postive loss : 16145.80, negtive loss : 29256.67:  25%|██▍       | 247/1000 [34:08<1:33:05,  7.42s/it]
Epoch 247 | loss : 45402.48, postive loss : 16145.80, negtive loss : 29256.67:  25%|██▍       | 248/1000 [34:08<1:33:56,  7.50s/it]
Epoch 248 | loss : 45342.66, postive loss : 16086.03, negtive loss : 29256.63:  25%|██▍       | 248/1000 [34:15<1:33:56,  7.50s/it]
Epoch 248 | loss : 45342.66, postive loss : 16086.03, negtive loss : 29256.63:  25%|██▍       | 249/1000 [34:15<1:33:26,  7.47s/it]
Epoch 249 | loss : 45285.61, postive loss : 16028.56, negtive loss : 29257.05:  25%|██▍       | 249/1000 [34:23<1:33:26,  7.47s/it]
Epoch 249 | loss : 45285.61, postive loss : 16028.56, negtive loss : 29257.05:  25%|██▌       | 250/1000 [34:23<1:33:34,  7.49s/it]
Epoch 250 | loss : 45234.45, postive loss : 15971.48, negtive loss : 29262.98:  25%|██▌       | 250/1000 [34:30<1:33:34,  7.49s/it]
Epoch 250 | loss : 45234.45, postive loss : 15971.48, negtive loss : 29262.98:  25%|██▌       | 251/1000 [34:30<1:33:52,  7.52s/it]
Epoch 251 | loss : 45174.09, postive loss : 15915.53, negtive loss : 29258.56:  25%|██▌       | 251/1000 [34:37<1:33:52,  7.52s/it]
Epoch 251 | loss : 45174.09, postive loss : 15915.53, negtive loss : 29258.56:  25%|██▌       | 252/1000 [34:37<1:32:41,  7.44s/it]
Epoch 252 | loss : 45121.15, postive loss : 15860.15, negtive loss : 29261.00:  25%|██▌       | 252/1000 [34:45<1:32:41,  7.44s/it]
Epoch 252 | loss : 45121.15, postive loss : 15860.15, negtive loss : 29261.00:  25%|██▌       | 253/1000 [34:45<1:31:58,  7.39s/it]
Epoch 253 | loss : 45071.30, postive loss : 15806.33, negtive loss : 29264.97:  25%|██▌       | 253/1000 [34:52<1:31:58,  7.39s/it]
Epoch 253 | loss : 45071.30, postive loss : 15806.33, negtive loss : 29264.97:  25%|██▌       | 254/1000 [34:52<1:31:13,  7.34s/it]
Epoch 254 | loss : 45014.91, postive loss : 15753.11, negtive loss : 29261.80:  25%|██▌       | 254/1000 [34:59<1:31:13,  7.34s/it]
Epoch 254 | loss : 45014.91, postive loss : 15753.11, negtive loss : 29261.80:  26%|██▌       | 255/1000 [34:59<1:30:42,  7.31s/it]
Epoch 255 | loss : 44963.44, postive loss : 15700.66, negtive loss : 29262.78:  26%|██▌       | 255/1000 [35:06<1:30:42,  7.31s/it]
Epoch 255 | loss : 44963.44, postive loss : 15700.66, negtive loss : 29262.78:  26%|██▌       | 256/1000 [35:06<1:30:16,  7.28s/it]
Epoch 256 | loss : 44912.70, postive loss : 15649.93, negtive loss : 29262.77:  26%|██▌       | 256/1000 [35:14<1:30:16,  7.28s/it]
Epoch 256 | loss : 44912.70, postive loss : 15649.93, negtive loss : 29262.77:  26%|██▌       | 257/1000 [35:14<1:29:56,  7.26s/it]
Epoch 257 | loss : 44864.47, postive loss : 15600.45, negtive loss : 29264.02:  26%|██▌       | 257/1000 [35:21<1:29:56,  7.26s/it]
Epoch 257 | loss : 44864.47, postive loss : 15600.45, negtive loss : 29264.02:  26%|██▌       | 258/1000 [35:21<1:30:04,  7.28s/it]
Epoch 258 | loss : 44817.52, postive loss : 15552.20, negtive loss : 29265.32:  26%|██▌       | 258/1000 [35:28<1:30:04,  7.28s/it]
Epoch 258 | loss : 44817.52, postive loss : 15552.20, negtive loss : 29265.32:  26%|██▌       | 259/1000 [35:28<1:29:41,  7.26s/it]
Epoch 259 | loss : 44767.55, postive loss : 15505.35, negtive loss : 29262.20:  26%|██▌       | 259/1000 [35:35<1:29:41,  7.26s/it]
Epoch 259 | loss : 44767.55, postive loss : 15505.35, negtive loss : 29262.20:  26%|██▌       | 260/1000 [35:35<1:29:33,  7.26s/it]
Epoch 260 | loss : 44723.19, postive loss : 15459.49, negtive loss : 29263.70:  26%|██▌       | 260/1000 [35:43<1:29:33,  7.26s/it]
Epoch 260 | loss : 44723.19, postive loss : 15459.49, negtive loss : 29263.70:  26%|██▌       | 261/1000 [35:43<1:29:41,  7.28s/it]
Epoch 261 | loss : 44682.11, postive loss : 15415.87, negtive loss : 29266.24:  26%|██▌       | 261/1000 [35:50<1:29:41,  7.28s/it]
Epoch 261 | loss : 44682.11, postive loss : 15415.87, negtive loss : 29266.24:  26%|██▌       | 262/1000 [35:50<1:29:49,  7.30s/it]
Epoch 262 | loss : 44636.80, postive loss : 15373.32, negtive loss : 29263.48:  26%|██▌       | 262/1000 [35:58<1:29:49,  7.30s/it]
Epoch 262 | loss : 44636.80, postive loss : 15373.32, negtive loss : 29263.48:  26%|██▋       | 263/1000 [35:58<1:29:56,  7.32s/it]
Epoch 263 | loss : 44600.44, postive loss : 15332.50, negtive loss : 29267.94:  26%|██▋       | 263/1000 [36:05<1:29:56,  7.32s/it]
Epoch 263 | loss : 44600.44, postive loss : 15332.50, negtive loss : 29267.94:  26%|██▋       | 264/1000 [36:05<1:31:09,  7.43s/it]
Epoch 264 | loss : 44561.45, postive loss : 15294.32, negtive loss : 29267.13:  26%|██▋       | 264/1000 [36:13<1:31:09,  7.43s/it]
Epoch 264 | loss : 44561.45, postive loss : 15294.32, negtive loss : 29267.13:  26%|██▋       | 265/1000 [36:13<1:32:07,  7.52s/it]
Epoch 265 | loss : 44521.79, postive loss : 15257.13, negtive loss : 29264.66:  26%|██▋       | 265/1000 [36:21<1:32:07,  7.52s/it]
Epoch 265 | loss : 44521.79, postive loss : 15257.13, negtive loss : 29264.66:  27%|██▋       | 266/1000 [36:21<1:32:48,  7.59s/it]
Epoch 266 | loss : 44487.27, postive loss : 15221.47, negtive loss : 29265.81:  27%|██▋       | 266/1000 [36:28<1:32:48,  7.59s/it]
Epoch 266 | loss : 44487.27, postive loss : 15221.47, negtive loss : 29265.81:  27%|██▋       | 267/1000 [36:28<1:31:47,  7.51s/it]
Epoch 267 | loss : 44456.58, postive loss : 15188.20, negtive loss : 29268.39:  27%|██▋       | 267/1000 [36:35<1:31:47,  7.51s/it]
Epoch 267 | loss : 44456.58, postive loss : 15188.20, negtive loss : 29268.39:  27%|██▋       | 268/1000 [36:35<1:30:40,  7.43s/it]
Epoch 268 | loss : 44421.92, postive loss : 15155.77, negtive loss : 29266.15:  27%|██▋       | 268/1000 [36:43<1:30:40,  7.43s/it]
Epoch 268 | loss : 44421.92, postive loss : 15155.77, negtive loss : 29266.15:  27%|██▋       | 269/1000 [36:43<1:29:57,  7.38s/it]
Epoch 269 | loss : 44393.60, postive loss : 15125.08, negtive loss : 29268.52:  27%|██▋       | 269/1000 [36:50<1:29:57,  7.38s/it]
Epoch 269 | loss : 44393.60, postive loss : 15125.08, negtive loss : 29268.52:  27%|██▋       | 270/1000 [36:50<1:29:19,  7.34s/it]
Epoch 270 | loss : 44362.79, postive loss : 15095.76, negtive loss : 29267.03:  27%|██▋       | 270/1000 [36:57<1:29:19,  7.34s/it]
Epoch 270 | loss : 44362.79, postive loss : 15095.76, negtive loss : 29267.03:  27%|██▋       | 271/1000 [36:57<1:28:48,  7.31s/it]
Epoch 271 | loss : 44340.87, postive loss : 15068.22, negtive loss : 29272.65:  27%|██▋       | 271/1000 [37:04<1:28:48,  7.31s/it]
Epoch 271 | loss : 44340.87, postive loss : 15068.22, negtive loss : 29272.65:  27%|██▋       | 272/1000 [37:04<1:28:26,  7.29s/it]
Epoch 272 | loss : 44311.29, postive loss : 15041.01, negtive loss : 29270.29:  27%|██▋       | 272/1000 [37:11<1:28:26,  7.29s/it]
Epoch 272 | loss : 44311.29, postive loss : 15041.01, negtive loss : 29270.29:  27%|██▋       | 273/1000 [37:11<1:28:07,  7.27s/it]
Epoch 273 | loss : 44284.50, postive loss : 15014.92, negtive loss : 29269.58:  27%|██▋       | 273/1000 [37:19<1:28:07,  7.27s/it]
Epoch 273 | loss : 44284.50, postive loss : 15014.92, negtive loss : 29269.58:  27%|██▋       | 274/1000 [37:19<1:27:53,  7.26s/it]
Epoch 274 | loss : 44258.16, postive loss : 14989.40, negtive loss : 29268.75:  27%|██▋       | 274/1000 [37:26<1:27:53,  7.26s/it]
Epoch 274 | loss : 44258.16, postive loss : 14989.40, negtive loss : 29268.75:  28%|██▊       | 275/1000 [37:26<1:27:42,  7.26s/it]
Epoch 275 | loss : 44230.04, postive loss : 14965.30, negtive loss : 29264.75:  28%|██▊       | 275/1000 [37:33<1:27:42,  7.26s/it]
Epoch 275 | loss : 44230.04, postive loss : 14965.30, negtive loss : 29264.75:  28%|██▊       | 276/1000 [37:33<1:27:32,  7.25s/it]
Epoch 276 | loss : 44214.61, postive loss : 14941.52, negtive loss : 29273.10:  28%|██▊       | 276/1000 [37:40<1:27:32,  7.25s/it]
Epoch 276 | loss : 44214.61, postive loss : 14941.52, negtive loss : 29273.10:  28%|██▊       | 277/1000 [37:40<1:27:29,  7.26s/it]
Epoch 277 | loss : 44186.83, postive loss : 14918.49, negtive loss : 29268.33:  28%|██▊       | 277/1000 [37:48<1:27:29,  7.26s/it]
Epoch 277 | loss : 44186.83, postive loss : 14918.49, negtive loss : 29268.33:  28%|██▊       | 278/1000 [37:48<1:27:45,  7.29s/it]
Epoch 278 | loss : 44168.20, postive loss : 14895.91, negtive loss : 29272.29:  28%|██▊       | 278/1000 [37:55<1:27:45,  7.29s/it]
Epoch 278 | loss : 44168.20, postive loss : 14895.91, negtive loss : 29272.29:  28%|██▊       | 279/1000 [37:55<1:27:51,  7.31s/it]
Epoch 279 | loss : 44142.90, postive loss : 14873.57, negtive loss : 29269.33:  28%|██▊       | 279/1000 [38:03<1:27:51,  7.31s/it]
Epoch 279 | loss : 44142.90, postive loss : 14873.57, negtive loss : 29269.33:  28%|██▊       | 280/1000 [38:03<1:27:53,  7.32s/it]
Epoch 280 | loss : 44127.85, postive loss : 14852.47, negtive loss : 29275.38:  28%|██▊       | 280/1000 [38:10<1:27:53,  7.32s/it]
Epoch 280 | loss : 44127.85, postive loss : 14852.47, negtive loss : 29275.38:  28%|██▊       | 281/1000 [38:10<1:27:56,  7.34s/it]
Epoch 281 | loss : 44099.73, postive loss : 14830.98, negtive loss : 29268.74:  28%|██▊       | 281/1000 [38:17<1:27:56,  7.34s/it]
Epoch 281 | loss : 44099.73, postive loss : 14830.98, negtive loss : 29268.74:  28%|██▊       | 282/1000 [38:17<1:27:55,  7.35s/it]
Epoch 282 | loss : 44082.83, postive loss : 14810.57, negtive loss : 29272.27:  28%|██▊       | 282/1000 [38:25<1:27:55,  7.35s/it]
Epoch 282 | loss : 44082.83, postive loss : 14810.57, negtive loss : 29272.27:  28%|██▊       | 283/1000 [38:25<1:27:53,  7.35s/it]
Epoch 283 | loss : 44070.36, postive loss : 14790.77, negtive loss : 29279.59:  28%|██▊       | 283/1000 [38:32<1:27:53,  7.35s/it]
Epoch 283 | loss : 44070.36, postive loss : 14790.77, negtive loss : 29279.59:  28%|██▊       | 284/1000 [38:32<1:27:46,  7.36s/it]
Epoch 284 | loss : 44044.22, postive loss : 14770.94, negtive loss : 29273.28:  28%|██▊       | 284/1000 [38:39<1:27:46,  7.36s/it]
Epoch 284 | loss : 44044.22, postive loss : 14770.94, negtive loss : 29273.28:  28%|██▊       | 285/1000 [38:39<1:27:40,  7.36s/it]
Epoch 285 | loss : 44021.97, postive loss : 14752.35, negtive loss : 29269.62:  28%|██▊       | 285/1000 [38:47<1:27:40,  7.36s/it]
Epoch 285 | loss : 44021.97, postive loss : 14752.35, negtive loss : 29269.62:  29%|██▊       | 286/1000 [38:47<1:27:27,  7.35s/it]
Epoch 286 | loss : 44008.26, postive loss : 14734.19, negtive loss : 29274.07:  29%|██▊       | 286/1000 [38:54<1:27:27,  7.35s/it]
Epoch 286 | loss : 44008.26, postive loss : 14734.19, negtive loss : 29274.07:  29%|██▊       | 287/1000 [38:54<1:26:56,  7.32s/it]
Epoch 287 | loss : 43992.07, postive loss : 14717.31, negtive loss : 29274.76:  29%|██▊       | 287/1000 [39:01<1:26:56,  7.32s/it]
Epoch 287 | loss : 43992.07, postive loss : 14717.31, negtive loss : 29274.76:  29%|██▉       | 288/1000 [39:01<1:27:03,  7.34s/it]
Epoch 288 | loss : 43976.24, postive loss : 14701.48, negtive loss : 29274.76:  29%|██▉       | 288/1000 [39:09<1:27:03,  7.34s/it]
Epoch 288 | loss : 43976.24, postive loss : 14701.48, negtive loss : 29274.76:  29%|██▉       | 289/1000 [39:09<1:27:00,  7.34s/it]
Epoch 289 | loss : 43957.84, postive loss : 14686.60, negtive loss : 29271.24:  29%|██▉       | 289/1000 [39:16<1:27:00,  7.34s/it]
Epoch 289 | loss : 43957.84, postive loss : 14686.60, negtive loss : 29271.24:  29%|██▉       | 290/1000 [39:16<1:26:53,  7.34s/it]
Epoch 290 | loss : 43946.43, postive loss : 14673.69, negtive loss : 29272.74:  29%|██▉       | 290/1000 [39:23<1:26:53,  7.34s/it]
Epoch 290 | loss : 43946.43, postive loss : 14673.69, negtive loss : 29272.74:  29%|██▉       | 291/1000 [39:23<1:26:49,  7.35s/it]
Epoch 291 | loss : 43932.72, postive loss : 14661.70, negtive loss : 29271.02:  29%|██▉       | 291/1000 [39:31<1:26:49,  7.35s/it]
Epoch 291 | loss : 43932.72, postive loss : 14661.70, negtive loss : 29271.02:  29%|██▉       | 292/1000 [39:31<1:26:42,  7.35s/it]
Epoch 292 | loss : 43929.22, postive loss : 14651.74, negtive loss : 29277.49:  29%|██▉       | 292/1000 [39:38<1:26:42,  7.35s/it]
Epoch 292 | loss : 43929.22, postive loss : 14651.74, negtive loss : 29277.49:  29%|██▉       | 293/1000 [39:38<1:26:37,  7.35s/it]
Epoch 293 | loss : 43915.18, postive loss : 14642.66, negtive loss : 29272.52:  29%|██▉       | 293/1000 [39:46<1:26:37,  7.35s/it]
Epoch 293 | loss : 43915.18, postive loss : 14642.66, negtive loss : 29272.52:  29%|██▉       | 294/1000 [39:46<1:26:44,  7.37s/it]
Epoch 294 | loss : 43915.53, postive loss : 14635.36, negtive loss : 29280.17:  29%|██▉       | 294/1000 [39:53<1:26:44,  7.37s/it]
Epoch 294 | loss : 43915.53, postive loss : 14635.36, negtive loss : 29280.17:  30%|██▉       | 295/1000 [39:53<1:27:25,  7.44s/it]
Epoch 295 | loss : 43908.90, postive loss : 14629.87, negtive loss : 29279.03:  30%|██▉       | 295/1000 [40:01<1:27:25,  7.44s/it]
Epoch 295 | loss : 43908.90, postive loss : 14629.87, negtive loss : 29279.03:  30%|██▉       | 296/1000 [40:01<1:28:27,  7.54s/it]
Epoch 296 | loss : 43898.50, postive loss : 14625.20, negtive loss : 29273.30:  30%|██▉       | 296/1000 [40:09<1:28:27,  7.54s/it]
Epoch 296 | loss : 43898.50, postive loss : 14625.20, negtive loss : 29273.30:  30%|██▉       | 297/1000 [40:09<1:28:36,  7.56s/it]
Epoch 297 | loss : 43900.31, postive loss : 14622.00, negtive loss : 29278.30:  30%|██▉       | 297/1000 [40:16<1:28:36,  7.56s/it]
Epoch 297 | loss : 43900.31, postive loss : 14622.00, negtive loss : 29278.30:  30%|██▉       | 298/1000 [40:16<1:27:20,  7.46s/it]
Epoch 298 | loss : 43893.72, postive loss : 14619.67, negtive loss : 29274.05:  30%|██▉       | 298/1000 [40:23<1:27:20,  7.46s/it]
Epoch 298 | loss : 43893.72, postive loss : 14619.67, negtive loss : 29274.05:  30%|██▉       | 299/1000 [40:23<1:26:24,  7.40s/it]
Epoch 299 | loss : 43894.31, postive loss : 14617.97, negtive loss : 29276.33:  30%|██▉       | 299/1000 [40:30<1:26:24,  7.40s/it]
Epoch 299 | loss : 43894.31, postive loss : 14617.97, negtive loss : 29276.33:  30%|███       | 300/1000 [40:30<1:25:45,  7.35s/it]
Epoch 300 | loss : 43896.27, postive loss : 14617.11, negtive loss : 29279.16:  30%|███       | 300/1000 [40:38<1:25:45,  7.35s/it]
Epoch 300 | loss : 43896.27, postive loss : 14617.11, negtive loss : 29279.16:  30%|███       | 301/1000 [40:38<1:25:27,  7.34s/it]
Epoch 301 | loss : 43893.85, postive loss : 14616.24, negtive loss : 29277.60:  30%|███       | 301/1000 [40:45<1:25:27,  7.34s/it]
Epoch 301 | loss : 43893.85, postive loss : 14616.24, negtive loss : 29277.60:  30%|███       | 302/1000 [40:45<1:25:29,  7.35s/it]
Epoch 302 | loss : 43894.18, postive loss : 14615.93, negtive loss : 29278.25:  30%|███       | 302/1000 [40:52<1:25:29,  7.35s/it]
Epoch 302 | loss : 43894.18, postive loss : 14615.93, negtive loss : 29278.25:  30%|███       | 303/1000 [40:52<1:26:02,  7.41s/it]
Epoch 303 | loss : 43892.70, postive loss : 14615.62, negtive loss : 29277.08:  30%|███       | 303/1000 [41:00<1:26:02,  7.41s/it]
Epoch 303 | loss : 43892.70, postive loss : 14615.62, negtive loss : 29277.08:  30%|███       | 304/1000 [41:00<1:25:34,  7.38s/it]
Epoch 304 | loss : 43894.27, postive loss : 14615.36, negtive loss : 29278.91:  30%|███       | 304/1000 [41:07<1:25:34,  7.38s/it]
Epoch 304 | loss : 43894.27, postive loss : 14615.36, negtive loss : 29278.91:  30%|███       | 305/1000 [41:07<1:25:06,  7.35s/it]
Epoch 305 | loss : 43885.18, postive loss : 14615.41, negtive loss : 29269.77:  30%|███       | 305/1000 [41:15<1:25:06,  7.35s/it]
Epoch 305 | loss : 43885.18, postive loss : 14615.41, negtive loss : 29269.77:  31%|███       | 306/1000 [41:15<1:25:41,  7.41s/it]
Epoch 306 | loss : 43891.32, postive loss : 14614.96, negtive loss : 29276.36:  31%|███       | 306/1000 [41:22<1:25:41,  7.41s/it]
Epoch 306 | loss : 43891.32, postive loss : 14614.96, negtive loss : 29276.36:  31%|███       | 307/1000 [41:22<1:25:10,  7.37s/it]
Epoch 307 | loss : 43892.34, postive loss : 14615.07, negtive loss : 29277.27:  31%|███       | 307/1000 [41:29<1:25:10,  7.37s/it]
Epoch 307 | loss : 43892.34, postive loss : 14615.07, negtive loss : 29277.27:  31%|███       | 308/1000 [41:29<1:25:12,  7.39s/it]
Epoch 308 | loss : 43888.64, postive loss : 14615.21, negtive loss : 29273.43:  31%|███       | 308/1000 [41:37<1:25:12,  7.39s/it]
Epoch 308 | loss : 43888.64, postive loss : 14615.21, negtive loss : 29273.43:  31%|███       | 309/1000 [41:37<1:26:07,  7.48s/it]
Epoch 309 | loss : 43890.56, postive loss : 14615.00, negtive loss : 29275.56:  31%|███       | 309/1000 [41:45<1:26:07,  7.48s/it]
Epoch 309 | loss : 43890.56, postive loss : 14615.00, negtive loss : 29275.56:  31%|███       | 310/1000 [41:45<1:26:31,  7.52s/it]
Epoch 310 | loss : 43885.32, postive loss : 14615.17, negtive loss : 29270.15:  31%|███       | 310/1000 [41:52<1:26:31,  7.52s/it]
Epoch 310 | loss : 43885.32, postive loss : 14615.17, negtive loss : 29270.15:  31%|███       | 311/1000 [41:52<1:25:29,  7.44s/it]
Epoch 311 | loss : 43888.22, postive loss : 14615.03, negtive loss : 29273.19:  31%|███       | 311/1000 [41:59<1:25:29,  7.44s/it]
Epoch 311 | loss : 43888.22, postive loss : 14615.03, negtive loss : 29273.19:  31%|███       | 312/1000 [41:59<1:25:02,  7.42s/it]
Epoch 312 | loss : 43883.90, postive loss : 14615.10, negtive loss : 29268.80:  31%|███       | 312/1000 [42:07<1:25:02,  7.42s/it]
Epoch 312 | loss : 43883.90, postive loss : 14615.10, negtive loss : 29268.80:  31%|███▏      | 313/1000 [42:07<1:25:13,  7.44s/it]
Epoch 313 | loss : 43891.59, postive loss : 14614.98, negtive loss : 29276.61:  31%|███▏      | 313/1000 [42:14<1:25:13,  7.44s/it]
Epoch 313 | loss : 43891.59, postive loss : 14614.98, negtive loss : 29276.61:  31%|███▏      | 314/1000 [42:14<1:25:36,  7.49s/it]
Epoch 314 | loss : 43889.27, postive loss : 14614.99, negtive loss : 29274.28:  31%|███▏      | 314/1000 [42:22<1:25:36,  7.49s/it]
Epoch 314 | loss : 43889.27, postive loss : 14614.99, negtive loss : 29274.28:  32%|███▏      | 315/1000 [42:22<1:26:19,  7.56s/it]
Epoch 315 | loss : 43890.91, postive loss : 14615.09, negtive loss : 29275.83:  32%|███▏      | 315/1000 [42:29<1:26:19,  7.56s/it]
Epoch 315 | loss : 43890.91, postive loss : 14615.09, negtive loss : 29275.83:  32%|███▏      | 316/1000 [42:29<1:25:39,  7.51s/it]
Epoch 316 | loss : 43887.35, postive loss : 14614.95, negtive loss : 29272.40:  32%|███▏      | 316/1000 [42:37<1:25:39,  7.51s/it]
Epoch 316 | loss : 43887.35, postive loss : 14614.95, negtive loss : 29272.40:  32%|███▏      | 317/1000 [42:37<1:25:01,  7.47s/it]
Epoch 317 | loss : 43886.81, postive loss : 14614.82, negtive loss : 29271.98:  32%|███▏      | 317/1000 [42:44<1:25:01,  7.47s/it]
Epoch 317 | loss : 43886.81, postive loss : 14614.82, negtive loss : 29271.98:  32%|███▏      | 318/1000 [42:44<1:24:20,  7.42s/it]
Epoch 318 | loss : 43892.21, postive loss : 14615.19, negtive loss : 29277.01:  32%|███▏      | 318/1000 [42:52<1:24:20,  7.42s/it]
Epoch 318 | loss : 43892.21, postive loss : 14615.19, negtive loss : 29277.01:  32%|███▏      | 319/1000 [42:52<1:24:03,  7.41s/it]
Epoch 319 | loss : 43882.48, postive loss : 14614.99, negtive loss : 29267.50:  32%|███▏      | 319/1000 [42:59<1:24:03,  7.41s/it]
Epoch 319 | loss : 43882.48, postive loss : 14614.99, negtive loss : 29267.50:  32%|███▏      | 320/1000 [42:59<1:23:58,  7.41s/it]
Epoch 320 | loss : 43889.37, postive loss : 14614.79, negtive loss : 29274.58:  32%|███▏      | 320/1000 [43:07<1:23:58,  7.41s/it]
Epoch 320 | loss : 43889.37, postive loss : 14614.79, negtive loss : 29274.58:  32%|███▏      | 321/1000 [43:07<1:24:29,  7.47s/it]
Epoch 321 | loss : 43891.24, postive loss : 14615.00, negtive loss : 29276.24:  32%|███▏      | 321/1000 [43:14<1:24:29,  7.47s/it]
Epoch 321 | loss : 43891.24, postive loss : 14615.00, negtive loss : 29276.24:  32%|███▏      | 322/1000 [43:14<1:25:20,  7.55s/it]
Epoch 322 | loss : 43891.83, postive loss : 14615.01, negtive loss : 29276.82:  32%|███▏      | 322/1000 [43:22<1:25:20,  7.55s/it]
Epoch 322 | loss : 43891.83, postive loss : 14615.01, negtive loss : 29276.82:  32%|███▏      | 323/1000 [43:22<1:26:03,  7.63s/it]
Epoch 323 | loss : 43888.15, postive loss : 14615.10, negtive loss : 29273.05:  32%|███▏      | 323/1000 [43:30<1:26:03,  7.63s/it]
Epoch 323 | loss : 43888.15, postive loss : 14615.10, negtive loss : 29273.05:  32%|███▏      | 324/1000 [43:30<1:26:14,  7.65s/it]
Epoch 324 | loss : 43891.60, postive loss : 14615.25, negtive loss : 29276.35:  32%|███▏      | 324/1000 [43:38<1:26:14,  7.65s/it]
Epoch 324 | loss : 43891.60, postive loss : 14615.25, negtive loss : 29276.35:  32%|███▎      | 325/1000 [43:38<1:26:28,  7.69s/it]
Epoch 325 | loss : 43884.90, postive loss : 14614.95, negtive loss : 29269.95:  32%|███▎      | 325/1000 [43:45<1:26:28,  7.69s/it]
Epoch 325 | loss : 43884.90, postive loss : 14614.95, negtive loss : 29269.95:  33%|███▎      | 326/1000 [43:45<1:26:08,  7.67s/it]
Epoch 326 | loss : 43894.07, postive loss : 14614.97, negtive loss : 29279.09:  33%|███▎      | 326/1000 [43:53<1:26:08,  7.67s/it]
Epoch 326 | loss : 43894.07, postive loss : 14614.97, negtive loss : 29279.09:  33%|███▎      | 327/1000 [43:53<1:25:16,  7.60s/it]
Epoch 327 | loss : 43891.89, postive loss : 14615.02, negtive loss : 29276.87:  33%|███▎      | 327/1000 [44:00<1:25:16,  7.60s/it]
Epoch 327 | loss : 43891.89, postive loss : 14615.02, negtive loss : 29276.87:  33%|███▎      | 328/1000 [44:00<1:24:20,  7.53s/it]
Epoch 328 | loss : 43883.51, postive loss : 14614.85, negtive loss : 29268.66:  33%|███▎      | 328/1000 [44:07<1:24:20,  7.53s/it]
Epoch 328 | loss : 43883.51, postive loss : 14614.85, negtive loss : 29268.66:  33%|███▎      | 329/1000 [44:07<1:23:45,  7.49s/it]
Epoch 329 | loss : 43892.73, postive loss : 14614.93, negtive loss : 29277.81:  33%|███▎      | 329/1000 [44:15<1:23:45,  7.49s/it]
Epoch 329 | loss : 43892.73, postive loss : 14614.93, negtive loss : 29277.81:  33%|███▎      | 330/1000 [44:15<1:24:42,  7.59s/it]
Epoch 330 | loss : 43886.11, postive loss : 14614.98, negtive loss : 29271.13:  33%|███▎      | 330/1000 [44:23<1:24:42,  7.59s/it]
Epoch 330 | loss : 43886.11, postive loss : 14614.98, negtive loss : 29271.13:  33%|███▎      | 331/1000 [44:23<1:23:41,  7.51s/it]
Epoch 331 | loss : 43883.71, postive loss : 14614.89, negtive loss : 29268.82:  33%|███▎      | 331/1000 [44:30<1:23:41,  7.51s/it]
Epoch 331 | loss : 43883.71, postive loss : 14614.89, negtive loss : 29268.82:  33%|███▎      | 332/1000 [44:30<1:24:11,  7.56s/it]
Epoch 332 | loss : 43891.72, postive loss : 14614.81, negtive loss : 29276.90:  33%|███▎      | 332/1000 [44:38<1:24:11,  7.56s/it]
Epoch 332 | loss : 43891.72, postive loss : 14614.81, negtive loss : 29276.90:  33%|███▎      | 333/1000 [44:38<1:24:11,  7.57s/it]
Epoch 333 | loss : 43888.63, postive loss : 14614.78, negtive loss : 29273.84:  33%|███▎      | 333/1000 [44:45<1:24:11,  7.57s/it]
Epoch 333 | loss : 43888.63, postive loss : 14614.78, negtive loss : 29273.84:  33%|███▎      | 334/1000 [44:45<1:23:53,  7.56s/it]
Epoch 334 | loss : 43884.95, postive loss : 14614.71, negtive loss : 29270.24:  33%|███▎      | 334/1000 [44:53<1:23:53,  7.56s/it]
Epoch 334 | loss : 43884.95, postive loss : 14614.71, negtive loss : 29270.24:  34%|███▎      | 335/1000 [44:53<1:22:49,  7.47s/it]
Epoch 335 | loss : 43888.74, postive loss : 14614.78, negtive loss : 29273.96:  34%|███▎      | 335/1000 [45:00<1:22:49,  7.47s/it]
Epoch 335 | loss : 43888.74, postive loss : 14614.78, negtive loss : 29273.96:  34%|███▎      | 336/1000 [45:00<1:22:48,  7.48s/it]
Epoch 336 | loss : 43879.14, postive loss : 14614.85, negtive loss : 29264.29:  34%|███▎      | 336/1000 [45:07<1:22:48,  7.48s/it]
Epoch 336 | loss : 43879.14, postive loss : 14614.85, negtive loss : 29264.29:  34%|███▎      | 337/1000 [45:07<1:22:00,  7.42s/it]
Epoch 337 | loss : 43888.38, postive loss : 14614.81, negtive loss : 29273.56:  34%|███▎      | 337/1000 [45:15<1:22:00,  7.42s/it]
Epoch 337 | loss : 43888.38, postive loss : 14614.81, negtive loss : 29273.56:  34%|███▍      | 338/1000 [45:15<1:21:44,  7.41s/it]
Epoch 338 | loss : 43887.05, postive loss : 14614.83, negtive loss : 29272.22:  34%|███▍      | 338/1000 [45:22<1:21:44,  7.41s/it]
Epoch 338 | loss : 43887.05, postive loss : 14614.83, negtive loss : 29272.22:  34%|███▍      | 339/1000 [45:22<1:21:37,  7.41s/it]
Epoch 339 | loss : 43888.01, postive loss : 14614.91, negtive loss : 29273.10:  34%|███▍      | 339/1000 [45:29<1:21:37,  7.41s/it]
Epoch 339 | loss : 43888.01, postive loss : 14614.91, negtive loss : 29273.10:  34%|███▍      | 340/1000 [45:29<1:21:08,  7.38s/it]
Epoch 340 | loss : 43893.35, postive loss : 14614.94, negtive loss : 29278.42:  34%|███▍      | 340/1000 [45:37<1:21:08,  7.38s/it]
Epoch 340 | loss : 43893.35, postive loss : 14614.94, negtive loss : 29278.42:  34%|███▍      | 341/1000 [45:37<1:20:37,  7.34s/it]
Epoch 341 | loss : 43886.81, postive loss : 14615.02, negtive loss : 29271.79:  34%|███▍      | 341/1000 [45:44<1:20:37,  7.34s/it]
Epoch 341 | loss : 43886.81, postive loss : 14615.02, negtive loss : 29271.79:  34%|███▍      | 342/1000 [45:44<1:20:14,  7.32s/it]
Epoch 342 | loss : 43889.63, postive loss : 14614.76, negtive loss : 29274.87:  34%|███▍      | 342/1000 [45:51<1:20:14,  7.32s/it]
Epoch 342 | loss : 43889.63, postive loss : 14614.76, negtive loss : 29274.87:  34%|███▍      | 343/1000 [45:51<1:19:56,  7.30s/it]
Epoch 343 | loss : 43890.05, postive loss : 14614.79, negtive loss : 29275.26:  34%|███▍      | 343/1000 [45:59<1:19:56,  7.30s/it]
Epoch 343 | loss : 43890.05, postive loss : 14614.79, negtive loss : 29275.26:  34%|███▍      | 344/1000 [45:59<1:19:53,  7.31s/it]
Epoch 344 | loss : 43887.73, postive loss : 14614.79, negtive loss : 29272.93:  34%|███▍      | 344/1000 [46:06<1:19:53,  7.31s/it]
Epoch 344 | loss : 43887.73, postive loss : 14614.79, negtive loss : 29272.93:  34%|███▍      | 345/1000 [46:06<1:19:38,  7.30s/it]
Epoch 345 | loss : 43885.24, postive loss : 14614.82, negtive loss : 29270.42:  34%|███▍      | 345/1000 [46:13<1:19:38,  7.30s/it]
Epoch 345 | loss : 43885.24, postive loss : 14614.82, negtive loss : 29270.42:  35%|███▍      | 346/1000 [46:13<1:19:47,  7.32s/it]
Epoch 346 | loss : 43889.69, postive loss : 14614.94, negtive loss : 29274.75:  35%|███▍      | 346/1000 [46:21<1:19:47,  7.32s/it]
Epoch 346 | loss : 43889.69, postive loss : 14614.94, negtive loss : 29274.75:  35%|███▍      | 347/1000 [46:21<1:19:37,  7.32s/it]
Epoch 347 | loss : 43890.39, postive loss : 14614.63, negtive loss : 29275.77:  35%|███▍      | 347/1000 [46:28<1:19:37,  7.32s/it]
Epoch 347 | loss : 43890.39, postive loss : 14614.63, negtive loss : 29275.77:  35%|███▍      | 348/1000 [46:28<1:19:18,  7.30s/it]
Epoch 348 | loss : 43887.62, postive loss : 14614.93, negtive loss : 29272.69:  35%|███▍      | 348/1000 [46:35<1:19:18,  7.30s/it]
Epoch 348 | loss : 43887.62, postive loss : 14614.93, negtive loss : 29272.69:  35%|███▍      | 349/1000 [46:35<1:19:42,  7.35s/it]
Epoch 349 | loss : 43889.75, postive loss : 14614.94, negtive loss : 29274.81:  35%|███▍      | 349/1000 [46:43<1:19:42,  7.35s/it]
Epoch 349 | loss : 43889.75, postive loss : 14614.94, negtive loss : 29274.81:  35%|███▌      | 350/1000 [46:43<1:19:32,  7.34s/it]
Epoch 350 | loss : 43885.06, postive loss : 14614.72, negtive loss : 29270.34:  35%|███▌      | 350/1000 [46:50<1:19:32,  7.34s/it]
Epoch 350 | loss : 43885.06, postive loss : 14614.72, negtive loss : 29270.34:  35%|███▌      | 351/1000 [46:50<1:19:10,  7.32s/it]
Epoch 351 | loss : 43883.93, postive loss : 14614.50, negtive loss : 29269.43:  35%|███▌      | 351/1000 [46:57<1:19:10,  7.32s/it]
Epoch 351 | loss : 43883.93, postive loss : 14614.50, negtive loss : 29269.43:  35%|███▌      | 352/1000 [46:57<1:19:09,  7.33s/it]
Epoch 352 | loss : 43886.79, postive loss : 14614.79, negtive loss : 29272.00:  35%|███▌      | 352/1000 [47:05<1:19:09,  7.33s/it]
Epoch 352 | loss : 43886.79, postive loss : 14614.79, negtive loss : 29272.00:  35%|███▌      | 353/1000 [47:05<1:18:57,  7.32s/it]
Epoch 353 | loss : 43883.53, postive loss : 14614.77, negtive loss : 29268.75:  35%|███▌      | 353/1000 [47:12<1:18:57,  7.32s/it]
Epoch 353 | loss : 43883.53, postive loss : 14614.77, negtive loss : 29268.75:  35%|███▌      | 354/1000 [47:12<1:19:48,  7.41s/it]
Epoch 354 | loss : 43890.19, postive loss : 14614.68, negtive loss : 29275.50:  35%|███▌      | 354/1000 [47:21<1:19:48,  7.41s/it]
Epoch 354 | loss : 43890.19, postive loss : 14614.68, negtive loss : 29275.50:  36%|███▌      | 355/1000 [47:21<1:23:53,  7.80s/it]
Epoch 355 | loss : 43888.53, postive loss : 14614.70, negtive loss : 29273.83:  36%|███▌      | 355/1000 [47:30<1:23:53,  7.80s/it]
Epoch 355 | loss : 43888.53, postive loss : 14614.70, negtive loss : 29273.83:  36%|███▌      | 356/1000 [47:30<1:29:00,  8.29s/it]
Epoch 356 | loss : 43888.23, postive loss : 14614.67, negtive loss : 29273.56:  36%|███▌      | 356/1000 [47:48<1:29:00,  8.29s/it]
Epoch 356 | loss : 43888.23, postive loss : 14614.67, negtive loss : 29273.56:  36%|███▌      | 357/1000 [47:48<2:00:26, 11.24s/it]
Epoch 357 | loss : 43884.95, postive loss : 14614.73, negtive loss : 29270.22:  36%|███▌      | 357/1000 [48:07<2:00:26, 11.24s/it]
Epoch 357 | loss : 43884.95, postive loss : 14614.73, negtive loss : 29270.22:  36%|███▌      | 358/1000 [48:07<2:24:58, 13.55s/it]
Epoch 358 | loss : 43889.85, postive loss : 14614.79, negtive loss : 29275.06:  36%|███▌      | 358/1000 [48:25<2:24:58, 13.55s/it]
Epoch 358 | loss : 43889.85, postive loss : 14614.79, negtive loss : 29275.06:  36%|███▌      | 359/1000 [48:25<2:37:59, 14.79s/it]
Epoch 359 | loss : 43885.08, postive loss : 14614.83, negtive loss : 29270.26:  36%|███▌      | 359/1000 [48:45<2:37:59, 14.79s/it]
Epoch 359 | loss : 43885.08, postive loss : 14614.83, negtive loss : 29270.26:  36%|███▌      | 360/1000 [48:45<2:54:33, 16.37s/it]
Epoch 360 | loss : 43892.13, postive loss : 14614.75, negtive loss : 29277.38:  36%|███▌      | 360/1000 [49:03<2:54:33, 16.37s/it]
Epoch 360 | loss : 43892.13, postive loss : 14614.75, negtive loss : 29277.38:  36%|███▌      | 361/1000 [49:03<2:59:24, 16.85s/it]
Epoch 361 | loss : 43886.34, postive loss : 14614.71, negtive loss : 29271.63:  36%|███▌      | 361/1000 [49:23<2:59:24, 16.85s/it]
Epoch 361 | loss : 43886.34, postive loss : 14614.71, negtive loss : 29271.63:  36%|███▌      | 362/1000 [49:23<3:07:32, 17.64s/it]
Epoch 362 | loss : 43888.50, postive loss : 14614.80, negtive loss : 29273.70:  36%|███▌      | 362/1000 [49:41<3:07:32, 17.64s/it]
Epoch 362 | loss : 43888.50, postive loss : 14614.80, negtive loss : 29273.70:  36%|███▋      | 363/1000 [49:41<3:08:28, 17.75s/it]
Epoch 363 | loss : 43881.81, postive loss : 14614.62, negtive loss : 29267.20:  36%|███▋      | 363/1000 [50:00<3:08:28, 17.75s/it]
Epoch 363 | loss : 43881.81, postive loss : 14614.62, negtive loss : 29267.20:  36%|███▋      | 364/1000 [50:00<3:13:38, 18.27s/it]
Epoch 364 | loss : 43890.83, postive loss : 14615.08, negtive loss : 29275.76:  36%|███▋      | 364/1000 [50:18<3:13:38, 18.27s/it]
Epoch 364 | loss : 43890.83, postive loss : 14615.08, negtive loss : 29275.76:  36%|███▋      | 365/1000 [50:18<3:13:18, 18.27s/it]
Epoch 365 | loss : 43886.20, postive loss : 14614.68, negtive loss : 29271.53:  36%|███▋      | 365/1000 [50:37<3:13:18, 18.27s/it]
Epoch 365 | loss : 43886.20, postive loss : 14614.68, negtive loss : 29271.53:  37%|███▋      | 366/1000 [50:37<3:15:07, 18.47s/it]
Epoch 366 | loss : 43888.83, postive loss : 14614.72, negtive loss : 29274.12:  37%|███▋      | 366/1000 [50:56<3:15:07, 18.47s/it]
Epoch 366 | loss : 43888.83, postive loss : 14614.72, negtive loss : 29274.12:  37%|███▋      | 367/1000 [50:56<3:17:08, 18.69s/it]
Epoch 367 | loss : 43888.84, postive loss : 14614.74, negtive loss : 29274.10:  37%|███▋      | 367/1000 [51:15<3:17:08, 18.69s/it]
Epoch 367 | loss : 43888.84, postive loss : 14614.74, negtive loss : 29274.10:  37%|███▋      | 368/1000 [51:15<3:16:17, 18.64s/it]
Epoch 368 | loss : 43883.75, postive loss : 14614.78, negtive loss : 29268.97:  37%|███▋      | 368/1000 [51:35<3:16:17, 18.64s/it]
Epoch 368 | loss : 43883.75, postive loss : 14614.78, negtive loss : 29268.97:  37%|███▋      | 369/1000 [51:35<3:19:05, 18.93s/it]
Epoch 369 | loss : 43894.00, postive loss : 14614.84, negtive loss : 29279.16:  37%|███▋      | 369/1000 [51:52<3:19:05, 18.93s/it]
Epoch 369 | loss : 43894.00, postive loss : 14614.84, negtive loss : 29279.16:  37%|███▋      | 370/1000 [51:52<3:14:52, 18.56s/it]
Epoch 370 | loss : 43889.32, postive loss : 14614.77, negtive loss : 29274.55:  37%|███▋      | 370/1000 [52:12<3:14:52, 18.56s/it]
Epoch 370 | loss : 43889.32, postive loss : 14614.77, negtive loss : 29274.55:  37%|███▋      | 371/1000 [52:12<3:17:31, 18.84s/it]
Epoch 371 | loss : 43883.18, postive loss : 14614.74, negtive loss : 29268.44:  37%|███▋      | 371/1000 [52:30<3:17:31, 18.84s/it]
Epoch 371 | loss : 43883.18, postive loss : 14614.74, negtive loss : 29268.44:  37%|███▋      | 372/1000 [52:30<3:14:33, 18.59s/it]
Epoch 372 | loss : 43886.74, postive loss : 14614.51, negtive loss : 29272.23:  37%|███▋      | 372/1000 [52:49<3:14:33, 18.59s/it]
Epoch 372 | loss : 43886.74, postive loss : 14614.51, negtive loss : 29272.23:  37%|███▋      | 373/1000 [52:49<3:15:18, 18.69s/it]
Epoch 373 | loss : 43886.33, postive loss : 14614.76, negtive loss : 29271.56:  37%|███▋      | 373/1000 [53:07<3:15:18, 18.69s/it]
Epoch 373 | loss : 43886.33, postive loss : 14614.76, negtive loss : 29271.56:  37%|███▋      | 374/1000 [53:07<3:12:55, 18.49s/it]
Epoch 374 | loss : 43888.63, postive loss : 14614.65, negtive loss : 29273.98:  37%|███▋      | 374/1000 [53:25<3:12:55, 18.49s/it]
Epoch 374 | loss : 43888.63, postive loss : 14614.65, negtive loss : 29273.98:  38%|███▊      | 375/1000 [53:25<3:12:43, 18.50s/it]
Epoch 375 | loss : 43885.51, postive loss : 14614.64, negtive loss : 29270.86:  38%|███▊      | 375/1000 [53:44<3:12:43, 18.50s/it]
Epoch 375 | loss : 43885.51, postive loss : 14614.64, negtive loss : 29270.86:  38%|███▊      | 376/1000 [53:44<3:14:10, 18.67s/it]
Epoch 376 | loss : 43882.71, postive loss : 14614.81, negtive loss : 29267.90:  38%|███▊      | 376/1000 [54:01<3:14:10, 18.67s/it]
Epoch 376 | loss : 43882.71, postive loss : 14614.81, negtive loss : 29267.90:  38%|███▊      | 377/1000 [54:01<3:07:24, 18.05s/it]
Epoch 377 | loss : 43887.34, postive loss : 14614.51, negtive loss : 29272.83:  38%|███▊      | 377/1000 [54:18<3:07:24, 18.05s/it]
Epoch 377 | loss : 43887.34, postive loss : 14614.51, negtive loss : 29272.83:  38%|███▊      | 378/1000 [54:18<3:04:01, 17.75s/it]
Epoch 378 | loss : 43885.24, postive loss : 14614.77, negtive loss : 29270.47:  38%|███▊      | 378/1000 [54:36<3:04:01, 17.75s/it]
Epoch 378 | loss : 43885.24, postive loss : 14614.77, negtive loss : 29270.47:  38%|███▊      | 379/1000 [54:36<3:05:20, 17.91s/it]
Epoch 379 | loss : 43880.74, postive loss : 14614.73, negtive loss : 29266.02:  38%|███▊      | 379/1000 [54:55<3:05:20, 17.91s/it]
Epoch 379 | loss : 43880.74, postive loss : 14614.73, negtive loss : 29266.02:  38%|███▊      | 380/1000 [54:55<3:08:17, 18.22s/it]
Epoch 380 | loss : 43886.39, postive loss : 14614.82, negtive loss : 29271.57:  38%|███▊      | 380/1000 [55:14<3:08:17, 18.22s/it]
Epoch 380 | loss : 43886.39, postive loss : 14614.82, negtive loss : 29271.57:  38%|███▊      | 381/1000 [55:14<3:08:29, 18.27s/it]
Epoch 381 | loss : 43889.13, postive loss : 14614.71, negtive loss : 29274.43:  38%|███▊      | 381/1000 [55:33<3:08:29, 18.27s/it]
Epoch 381 | loss : 43889.13, postive loss : 14614.71, negtive loss : 29274.43:  38%|███▊      | 382/1000 [55:33<3:10:45, 18.52s/it]
Epoch 382 | loss : 43879.20, postive loss : 14614.71, negtive loss : 29264.49:  38%|███▊      | 382/1000 [55:53<3:10:45, 18.52s/it]
Epoch 382 | loss : 43879.20, postive loss : 14614.71, negtive loss : 29264.49:  38%|███▊      | 383/1000 [55:53<3:15:04, 18.97s/it]
Epoch 383 | loss : 43885.83, postive loss : 14614.48, negtive loss : 29271.35:  38%|███▊      | 383/1000 [56:11<3:15:04, 18.97s/it]
Epoch 383 | loss : 43885.83, postive loss : 14614.48, negtive loss : 29271.35:  38%|███▊      | 384/1000 [56:11<3:12:13, 18.72s/it]
Epoch 384 | loss : 43893.53, postive loss : 14614.68, negtive loss : 29278.85:  38%|███▊      | 384/1000 [56:30<3:12:13, 18.72s/it]
Epoch 384 | loss : 43893.53, postive loss : 14614.68, negtive loss : 29278.85:  38%|███▊      | 385/1000 [56:30<3:13:21, 18.86s/it]
Epoch 385 | loss : 43880.37, postive loss : 14614.69, negtive loss : 29265.68:  38%|███▊      | 385/1000 [56:49<3:13:21, 18.86s/it]
Epoch 385 | loss : 43880.37, postive loss : 14614.69, negtive loss : 29265.68:  39%|███▊      | 386/1000 [56:49<3:12:46, 18.84s/it]
Epoch 386 | loss : 43888.65, postive loss : 14614.67, negtive loss : 29273.98:  39%|███▊      | 386/1000 [57:07<3:12:46, 18.84s/it]
Epoch 386 | loss : 43888.65, postive loss : 14614.67, negtive loss : 29273.98:  39%|███▊      | 387/1000 [57:07<3:10:21, 18.63s/it]
Epoch 387 | loss : 43891.01, postive loss : 14614.68, negtive loss : 29276.33:  39%|███▊      | 387/1000 [57:26<3:10:21, 18.63s/it]
Epoch 387 | loss : 43891.01, postive loss : 14614.68, negtive loss : 29276.33:  39%|███▉      | 388/1000 [57:26<3:12:26, 18.87s/it]
Epoch 388 | loss : 43888.97, postive loss : 14614.76, negtive loss : 29274.22:  39%|███▉      | 388/1000 [57:45<3:12:26, 18.87s/it]
Epoch 388 | loss : 43888.97, postive loss : 14614.76, negtive loss : 29274.22:  39%|███▉      | 389/1000 [57:45<3:10:43, 18.73s/it]
Epoch 389 | loss : 43884.90, postive loss : 14614.70, negtive loss : 29270.21:  39%|███▉      | 389/1000 [58:04<3:10:43, 18.73s/it]
Epoch 389 | loss : 43884.90, postive loss : 14614.70, negtive loss : 29270.21:  39%|███▉      | 390/1000 [58:04<3:10:35, 18.75s/it]
Epoch 390 | loss : 43885.09, postive loss : 14614.55, negtive loss : 29270.55:  39%|███▉      | 390/1000 [58:23<3:10:35, 18.75s/it]
Epoch 390 | loss : 43885.09, postive loss : 14614.55, negtive loss : 29270.55:  39%|███▉      | 391/1000 [58:23<3:12:22, 18.95s/it]
Epoch 391 | loss : 43885.30, postive loss : 14614.60, negtive loss : 29270.70:  39%|███▉      | 391/1000 [58:41<3:12:22, 18.95s/it]
Epoch 391 | loss : 43885.30, postive loss : 14614.60, negtive loss : 29270.70:  39%|███▉      | 392/1000 [58:41<3:08:22, 18.59s/it]
Epoch 392 | loss : 43889.11, postive loss : 14614.75, negtive loss : 29274.36:  39%|███▉      | 392/1000 [59:01<3:08:22, 18.59s/it]
Epoch 392 | loss : 43889.11, postive loss : 14614.75, negtive loss : 29274.36:  39%|███▉      | 393/1000 [59:01<3:11:46, 18.96s/it]
Epoch 393 | loss : 43892.07, postive loss : 14614.96, negtive loss : 29277.11:  39%|███▉      | 393/1000 [59:19<3:11:46, 18.96s/it]
Epoch 393 | loss : 43892.07, postive loss : 14614.96, negtive loss : 29277.11:  39%|███▉      | 394/1000 [59:19<3:10:49, 18.89s/it]
Epoch 394 | loss : 43885.77, postive loss : 14614.72, negtive loss : 29271.05:  39%|███▉      | 394/1000 [59:38<3:10:49, 18.89s/it]
Epoch 394 | loss : 43885.77, postive loss : 14614.72, negtive loss : 29271.05:  40%|███▉      | 395/1000 [59:38<3:11:08, 18.96s/it]
Epoch 395 | loss : 43881.22, postive loss : 14614.51, negtive loss : 29266.72:  40%|███▉      | 395/1000 [59:58<3:11:08, 18.96s/it]
Epoch 395 | loss : 43881.22, postive loss : 14614.51, negtive loss : 29266.72:  40%|███▉      | 396/1000 [59:58<3:11:20, 19.01s/it]
Epoch 396 | loss : 43885.45, postive loss : 14614.60, negtive loss : 29270.85:  40%|███▉      | 396/1000 [1:00:16<3:11:20, 19.01s/it]
Epoch 396 | loss : 43885.45, postive loss : 14614.60, negtive loss : 29270.85:  40%|███▉      | 397/1000 [1:00:16<3:07:59, 18.71s/it]
Epoch 397 | loss : 43881.31, postive loss : 14614.72, negtive loss : 29266.58:  40%|███▉      | 397/1000 [1:00:35<3:07:59, 18.71s/it]
Epoch 397 | loss : 43881.31, postive loss : 14614.72, negtive loss : 29266.58:  40%|███▉      | 398/1000 [1:00:35<3:10:10, 18.95s/it]
Epoch 398 | loss : 43887.56, postive loss : 14614.63, negtive loss : 29272.93:  40%|███▉      | 398/1000 [1:00:53<3:10:10, 18.95s/it]
Epoch 398 | loss : 43887.56, postive loss : 14614.63, negtive loss : 29272.93:  40%|███▉      | 399/1000 [1:00:53<3:06:30, 18.62s/it]
Epoch 399 | loss : 43892.91, postive loss : 14614.89, negtive loss : 29278.02:  40%|███▉      | 399/1000 [1:01:09<3:06:30, 18.62s/it]
Epoch 399 | loss : 43892.91, postive loss : 14614.89, negtive loss : 29278.02:  40%|████      | 400/1000 [1:01:09<2:59:35, 17.96s/it]
Epoch 400 | loss : 43890.52, postive loss : 14615.05, negtive loss : 29275.47:  40%|████      | 400/1000 [1:01:28<2:59:35, 17.96s/it]
Epoch 400 | loss : 43890.52, postive loss : 14615.05, negtive loss : 29275.47:  40%|████      | 401/1000 [1:01:28<3:02:52, 18.32s/it]
Epoch 401 | loss : 43882.38, postive loss : 14614.49, negtive loss : 29267.89:  40%|████      | 401/1000 [1:01:47<3:02:52, 18.32s/it]
Epoch 401 | loss : 43882.38, postive loss : 14614.49, negtive loss : 29267.89:  40%|████      | 402/1000 [1:01:47<3:02:21, 18.30s/it]
Epoch 402 | loss : 43886.98, postive loss : 14614.48, negtive loss : 29272.50:  40%|████      | 402/1000 [1:02:04<3:02:21, 18.30s/it]
Epoch 402 | loss : 43886.98, postive loss : 14614.48, negtive loss : 29272.50:  40%|████      | 403/1000 [1:02:04<2:59:09, 18.01s/it]
Epoch 403 | loss : 43882.52, postive loss : 14614.65, negtive loss : 29267.87:  40%|████      | 403/1000 [1:02:23<2:59:09, 18.01s/it]
Epoch 403 | loss : 43882.52, postive loss : 14614.65, negtive loss : 29267.87:  40%|████      | 404/1000 [1:02:23<3:02:11, 18.34s/it]
Epoch 404 | loss : 43886.32, postive loss : 14614.66, negtive loss : 29271.66:  40%|████      | 404/1000 [1:02:42<3:02:11, 18.34s/it]
Epoch 404 | loss : 43886.32, postive loss : 14614.66, negtive loss : 29271.66:  40%|████      | 405/1000 [1:02:42<3:02:10, 18.37s/it]
Epoch 405 | loss : 43888.05, postive loss : 14614.62, negtive loss : 29273.43:  40%|████      | 405/1000 [1:03:00<3:02:10, 18.37s/it]
Epoch 405 | loss : 43888.05, postive loss : 14614.62, negtive loss : 29273.43:  41%|████      | 406/1000 [1:03:00<3:02:44, 18.46s/it]
Epoch 406 | loss : 43885.23, postive loss : 14614.64, negtive loss : 29270.59:  41%|████      | 406/1000 [1:03:19<3:02:44, 18.46s/it]
Epoch 406 | loss : 43885.23, postive loss : 14614.64, negtive loss : 29270.59:  41%|████      | 407/1000 [1:03:19<3:01:45, 18.39s/it]
Epoch 407 | loss : 43882.72, postive loss : 14614.60, negtive loss : 29268.12:  41%|████      | 407/1000 [1:03:37<3:01:45, 18.39s/it]
Epoch 407 | loss : 43882.72, postive loss : 14614.60, negtive loss : 29268.12:  41%|████      | 408/1000 [1:03:37<3:02:48, 18.53s/it]
Epoch 408 | loss : 43886.22, postive loss : 14614.55, negtive loss : 29271.67:  41%|████      | 408/1000 [1:03:57<3:02:48, 18.53s/it]
Epoch 408 | loss : 43886.22, postive loss : 14614.55, negtive loss : 29271.67:  41%|████      | 409/1000 [1:03:57<3:06:19, 18.92s/it]
Epoch 409 | loss : 43883.50, postive loss : 14614.48, negtive loss : 29269.02:  41%|████      | 409/1000 [1:04:15<3:06:19, 18.92s/it]
Epoch 409 | loss : 43883.50, postive loss : 14614.48, negtive loss : 29269.02:  41%|████      | 410/1000 [1:04:15<3:03:10, 18.63s/it]
Epoch 410 | loss : 43880.71, postive loss : 14614.69, negtive loss : 29266.03:  41%|████      | 410/1000 [1:04:34<3:03:10, 18.63s/it]
Epoch 410 | loss : 43880.71, postive loss : 14614.69, negtive loss : 29266.03:  41%|████      | 411/1000 [1:04:34<3:04:19, 18.78s/it]
Epoch 411 | loss : 43885.76, postive loss : 14614.67, negtive loss : 29271.09:  41%|████      | 411/1000 [1:04:54<3:04:19, 18.78s/it]
Epoch 411 | loss : 43885.76, postive loss : 14614.67, negtive loss : 29271.09:  41%|████      | 412/1000 [1:04:54<3:05:57, 18.98s/it]
Epoch 412 | loss : 43884.83, postive loss : 14614.54, negtive loss : 29270.29:  41%|████      | 412/1000 [1:05:12<3:05:57, 18.98s/it]
Epoch 412 | loss : 43884.83, postive loss : 14614.54, negtive loss : 29270.29:  41%|████▏     | 413/1000 [1:05:12<3:03:16, 18.73s/it]
Epoch 413 | loss : 43887.60, postive loss : 14614.62, negtive loss : 29272.98:  41%|████▏     | 413/1000 [1:05:30<3:03:16, 18.73s/it]
Epoch 413 | loss : 43887.60, postive loss : 14614.62, negtive loss : 29272.98:  41%|████▏     | 414/1000 [1:05:30<3:00:17, 18.46s/it]
Epoch 414 | loss : 43889.19, postive loss : 14614.71, negtive loss : 29274.48:  41%|████▏     | 414/1000 [1:05:49<3:00:17, 18.46s/it]
Epoch 414 | loss : 43889.19, postive loss : 14614.71, negtive loss : 29274.48:  42%|████▏     | 415/1000 [1:05:49<3:03:21, 18.81s/it]
Epoch 415 | loss : 43887.76, postive loss : 14614.76, negtive loss : 29273.00:  42%|████▏     | 415/1000 [1:06:09<3:03:21, 18.81s/it]
Epoch 415 | loss : 43887.76, postive loss : 14614.76, negtive loss : 29273.00:  42%|████▏     | 416/1000 [1:06:09<3:04:16, 18.93s/it]
Epoch 416 | loss : 43878.11, postive loss : 14614.64, negtive loss : 29263.47:  42%|████▏     | 416/1000 [1:06:26<3:04:16, 18.93s/it]
Epoch 416 | loss : 43878.11, postive loss : 14614.64, negtive loss : 29263.47:  42%|████▏     | 417/1000 [1:06:26<3:00:05, 18.53s/it]
Epoch 417 | loss : 43883.28, postive loss : 14614.47, negtive loss : 29268.81:  42%|████▏     | 417/1000 [1:06:45<3:00:05, 18.53s/it]
Epoch 417 | loss : 43883.28, postive loss : 14614.47, negtive loss : 29268.81:  42%|████▏     | 418/1000 [1:06:45<3:01:49, 18.75s/it]
Epoch 418 | loss : 43885.18, postive loss : 14614.52, negtive loss : 29270.66:  42%|████▏     | 418/1000 [1:07:05<3:01:49, 18.75s/it]
Epoch 418 | loss : 43885.18, postive loss : 14614.52, negtive loss : 29270.66:  42%|████▏     | 419/1000 [1:07:05<3:03:22, 18.94s/it]
Epoch 419 | loss : 43884.53, postive loss : 14614.69, negtive loss : 29269.83:  42%|████▏     | 419/1000 [1:07:23<3:03:22, 18.94s/it]
Epoch 419 | loss : 43884.53, postive loss : 14614.69, negtive loss : 29269.83:  42%|████▏     | 420/1000 [1:07:23<3:00:59, 18.72s/it]
Epoch 420 | loss : 43889.52, postive loss : 14614.72, negtive loss : 29274.79:  42%|████▏     | 420/1000 [1:07:43<3:00:59, 18.72s/it]
Epoch 420 | loss : 43889.52, postive loss : 14614.72, negtive loss : 29274.79:  42%|████▏     | 421/1000 [1:07:43<3:03:53, 19.06s/it]
Epoch 421 | loss : 43882.14, postive loss : 14614.67, negtive loss : 29267.47:  42%|████▏     | 421/1000 [1:08:02<3:03:53, 19.06s/it]
Epoch 421 | loss : 43882.14, postive loss : 14614.67, negtive loss : 29267.47:  42%|████▏     | 422/1000 [1:08:02<3:05:16, 19.23s/it]
Epoch 422 | loss : 43885.94, postive loss : 14614.64, negtive loss : 29271.31:  42%|████▏     | 422/1000 [1:08:20<3:05:16, 19.23s/it]
Epoch 422 | loss : 43885.94, postive loss : 14614.64, negtive loss : 29271.31:  42%|████▏     | 423/1000 [1:08:20<3:00:45, 18.80s/it]
Epoch 423 | loss : 43885.35, postive loss : 14614.85, negtive loss : 29270.51:  42%|████▏     | 423/1000 [1:08:29<3:00:45, 18.80s/it]
Epoch 423 | loss : 43885.35, postive loss : 14614.85, negtive loss : 29270.51:  42%|████▏     | 424/1000 [1:08:29<2:32:12, 15.86s/it]
Epoch 424 | loss : 43886.48, postive loss : 14614.57, negtive loss : 29271.91:  42%|████▏     | 424/1000 [1:08:37<2:32:12, 15.86s/it]
Epoch 424 | loss : 43886.48, postive loss : 14614.57, negtive loss : 29271.91:  42%|████▎     | 425/1000 [1:08:37<2:09:32, 13.52s/it]
Epoch 425 | loss : 43886.73, postive loss : 14614.57, negtive loss : 29272.16:  42%|████▎     | 425/1000 [1:08:46<2:09:32, 13.52s/it]
Epoch 425 | loss : 43886.73, postive loss : 14614.57, negtive loss : 29272.16:  43%|████▎     | 426/1000 [1:08:46<1:55:11, 12.04s/it]
Epoch 426 | loss : 43885.63, postive loss : 14614.64, negtive loss : 29270.99:  43%|████▎     | 426/1000 [1:08:54<1:55:11, 12.04s/it]
Epoch 426 | loss : 43885.63, postive loss : 14614.64, negtive loss : 29270.99:  43%|████▎     | 427/1000 [1:08:54<1:42:49, 10.77s/it]
Epoch 427 | loss : 43886.83, postive loss : 14614.53, negtive loss : 29272.29:  43%|████▎     | 427/1000 [1:09:10<1:42:49, 10.77s/it]
Epoch 427 | loss : 43886.83, postive loss : 14614.53, negtive loss : 29272.29:  43%|████▎     | 428/1000 [1:09:10<1:57:19, 12.31s/it]
Epoch 428 | loss : 43887.06, postive loss : 14614.66, negtive loss : 29272.40:  43%|████▎     | 428/1000 [1:09:27<1:57:19, 12.31s/it]
Epoch 428 | loss : 43887.06, postive loss : 14614.66, negtive loss : 29272.40:  43%|████▎     | 429/1000 [1:09:27<2:13:00, 13.98s/it]
Epoch 429 | loss : 43883.68, postive loss : 14614.78, negtive loss : 29268.91:  43%|████▎     | 429/1000 [1:09:46<2:13:00, 13.98s/it]
Epoch 429 | loss : 43883.68, postive loss : 14614.78, negtive loss : 29268.91:  43%|████▎     | 430/1000 [1:09:46<2:25:21, 15.30s/it]
Epoch 430 | loss : 43882.10, postive loss : 14614.51, negtive loss : 29267.59:  43%|████▎     | 430/1000 [1:10:04<2:25:21, 15.30s/it]
Epoch 430 | loss : 43882.10, postive loss : 14614.51, negtive loss : 29267.59:  43%|████▎     | 431/1000 [1:10:04<2:33:37, 16.20s/it]
Epoch 431 | loss : 43885.21, postive loss : 14614.70, negtive loss : 29270.52:  43%|████▎     | 431/1000 [1:10:23<2:33:37, 16.20s/it]
Epoch 431 | loss : 43885.21, postive loss : 14614.70, negtive loss : 29270.52:  43%|████▎     | 432/1000 [1:10:23<2:41:45, 17.09s/it]
Epoch 432 | loss : 43889.00, postive loss : 14614.59, negtive loss : 29274.41:  43%|████▎     | 432/1000 [1:10:42<2:41:45, 17.09s/it]
Epoch 432 | loss : 43889.00, postive loss : 14614.59, negtive loss : 29274.41:  43%|████▎     | 433/1000 [1:10:42<2:45:39, 17.53s/it]
Epoch 433 | loss : 43891.42, postive loss : 14614.69, negtive loss : 29276.72:  43%|████▎     | 433/1000 [1:11:01<2:45:39, 17.53s/it]
Epoch 433 | loss : 43891.42, postive loss : 14614.69, negtive loss : 29276.72:  43%|████▎     | 434/1000 [1:11:01<2:49:36, 17.98s/it]
Epoch 434 | loss : 43890.70, postive loss : 14614.74, negtive loss : 29275.96:  43%|████▎     | 434/1000 [1:11:20<2:49:36, 17.98s/it]
Epoch 434 | loss : 43890.70, postive loss : 14614.74, negtive loss : 29275.96:  44%|████▎     | 435/1000 [1:11:20<2:51:37, 18.23s/it]
Epoch 435 | loss : 43887.05, postive loss : 14614.71, negtive loss : 29272.34:  44%|████▎     | 435/1000 [1:11:38<2:51:37, 18.23s/it]
Epoch 435 | loss : 43887.05, postive loss : 14614.71, negtive loss : 29272.34:  44%|████▎     | 436/1000 [1:11:38<2:51:32, 18.25s/it]
Epoch 436 | loss : 43883.04, postive loss : 14614.68, negtive loss : 29268.36:  44%|████▎     | 436/1000 [1:11:57<2:51:32, 18.25s/it]
Epoch 436 | loss : 43883.04, postive loss : 14614.68, negtive loss : 29268.36:  44%|████▎     | 437/1000 [1:11:57<2:54:20, 18.58s/it]
Epoch 437 | loss : 43886.69, postive loss : 14614.59, negtive loss : 29272.09:  44%|████▎     | 437/1000 [1:12:15<2:54:20, 18.58s/it]
Epoch 437 | loss : 43886.69, postive loss : 14614.59, negtive loss : 29272.09:  44%|████▍     | 438/1000 [1:12:15<2:51:38, 18.32s/it]
Epoch 438 | loss : 43887.43, postive loss : 14614.49, negtive loss : 29272.94:  44%|████▍     | 438/1000 [1:12:35<2:51:38, 18.32s/it]
Epoch 438 | loss : 43887.43, postive loss : 14614.49, negtive loss : 29272.94:  44%|████▍     | 439/1000 [1:12:35<2:54:40, 18.68s/it]
Epoch 439 | loss : 43893.16, postive loss : 14614.76, negtive loss : 29278.41:  44%|████▍     | 439/1000 [1:12:53<2:54:40, 18.68s/it]
Epoch 439 | loss : 43893.16, postive loss : 14614.76, negtive loss : 29278.41:  44%|████▍     | 440/1000 [1:12:53<2:52:53, 18.52s/it]
Epoch 440 | loss : 43886.35, postive loss : 14614.58, negtive loss : 29271.76:  44%|████▍     | 440/1000 [1:13:12<2:52:53, 18.52s/it]
Epoch 440 | loss : 43886.35, postive loss : 14614.58, negtive loss : 29271.76:  44%|████▍     | 441/1000 [1:13:12<2:54:25, 18.72s/it]
Epoch 441 | loss : 43885.36, postive loss : 14614.57, negtive loss : 29270.80:  44%|████▍     | 441/1000 [1:13:29<2:54:25, 18.72s/it]
Epoch 441 | loss : 43885.36, postive loss : 14614.57, negtive loss : 29270.80:  44%|████▍     | 442/1000 [1:13:29<2:49:45, 18.25s/it]
Epoch 442 | loss : 43886.63, postive loss : 14614.66, negtive loss : 29271.98:  44%|████▍     | 442/1000 [1:13:48<2:49:45, 18.25s/it]
Epoch 442 | loss : 43886.63, postive loss : 14614.66, negtive loss : 29271.98:  44%|████▍     | 443/1000 [1:13:48<2:51:40, 18.49s/it]
Epoch 443 | loss : 43887.37, postive loss : 14614.58, negtive loss : 29272.78:  44%|████▍     | 443/1000 [1:14:07<2:51:40, 18.49s/it]
Epoch 443 | loss : 43887.37, postive loss : 14614.58, negtive loss : 29272.78:  44%|████▍     | 444/1000 [1:14:07<2:52:02, 18.57s/it]
Epoch 444 | loss : 43890.42, postive loss : 14614.58, negtive loss : 29275.84:  44%|████▍     | 444/1000 [1:14:25<2:52:02, 18.57s/it]
Epoch 444 | loss : 43890.42, postive loss : 14614.58, negtive loss : 29275.84:  44%|████▍     | 445/1000 [1:14:25<2:50:09, 18.40s/it]
Epoch 445 | loss : 43886.13, postive loss : 14614.63, negtive loss : 29271.50:  44%|████▍     | 445/1000 [1:14:45<2:50:09, 18.40s/it]
Epoch 445 | loss : 43886.13, postive loss : 14614.63, negtive loss : 29271.50:  45%|████▍     | 446/1000 [1:14:45<2:53:28, 18.79s/it]
Epoch 446 | loss : 43888.53, postive loss : 14614.67, negtive loss : 29273.86:  45%|████▍     | 446/1000 [1:15:02<2:53:28, 18.79s/it]
Epoch 446 | loss : 43888.53, postive loss : 14614.67, negtive loss : 29273.86:  45%|████▍     | 447/1000 [1:15:02<2:50:04, 18.45s/it]
Epoch 447 | loss : 43889.97, postive loss : 14614.53, negtive loss : 29275.45:  45%|████▍     | 447/1000 [1:15:21<2:50:04, 18.45s/it]
Epoch 447 | loss : 43889.97, postive loss : 14614.53, negtive loss : 29275.45:  45%|████▍     | 448/1000 [1:15:21<2:51:15, 18.61s/it]
Epoch 448 | loss : 43881.75, postive loss : 14614.56, negtive loss : 29267.18:  45%|████▍     | 448/1000 [1:15:37<2:51:15, 18.61s/it]
Epoch 448 | loss : 43881.75, postive loss : 14614.56, negtive loss : 29267.18:  45%|████▍     | 449/1000 [1:15:37<2:42:35, 17.70s/it]
Epoch 449 | loss : 43892.23, postive loss : 14614.67, negtive loss : 29277.55:  45%|████▍     | 449/1000 [1:15:56<2:42:35, 17.70s/it]
Epoch 449 | loss : 43892.23, postive loss : 14614.67, negtive loss : 29277.55:  45%|████▌     | 450/1000 [1:15:56<2:47:12, 18.24s/it]
Epoch 450 | loss : 43887.28, postive loss : 14614.61, negtive loss : 29272.67:  45%|████▌     | 450/1000 [1:16:14<2:47:12, 18.24s/it]
Epoch 450 | loss : 43887.28, postive loss : 14614.61, negtive loss : 29272.67:  45%|████▌     | 451/1000 [1:16:14<2:46:02, 18.15s/it]
Epoch 451 | loss : 43886.71, postive loss : 14614.75, negtive loss : 29271.96:  45%|████▌     | 451/1000 [1:16:34<2:46:02, 18.15s/it]
Epoch 451 | loss : 43886.71, postive loss : 14614.75, negtive loss : 29271.96:  45%|████▌     | 452/1000 [1:16:34<2:49:06, 18.52s/it]
Epoch 452 | loss : 43883.15, postive loss : 14614.48, negtive loss : 29268.66:  45%|████▌     | 452/1000 [1:16:52<2:49:06, 18.52s/it]
Epoch 452 | loss : 43883.15, postive loss : 14614.48, negtive loss : 29268.66:  45%|████▌     | 453/1000 [1:16:52<2:49:03, 18.54s/it]
Epoch 453 | loss : 43885.16, postive loss : 14614.47, negtive loss : 29270.69:  45%|████▌     | 453/1000 [1:17:11<2:49:03, 18.54s/it]
Epoch 453 | loss : 43885.16, postive loss : 14614.47, negtive loss : 29270.69:  45%|████▌     | 454/1000 [1:17:11<2:50:31, 18.74s/it]
Epoch 454 | loss : 43887.30, postive loss : 14614.61, negtive loss : 29272.69:  45%|████▌     | 454/1000 [1:17:31<2:50:31, 18.74s/it]
Epoch 454 | loss : 43887.30, postive loss : 14614.61, negtive loss : 29272.69:  46%|████▌     | 455/1000 [1:17:31<2:51:19, 18.86s/it]
Epoch 455 | loss : 43882.77, postive loss : 14614.82, negtive loss : 29267.95:  46%|████▌     | 455/1000 [1:17:49<2:51:19, 18.86s/it]
Epoch 455 | loss : 43882.77, postive loss : 14614.82, negtive loss : 29267.95:  46%|████▌     | 456/1000 [1:17:49<2:48:39, 18.60s/it]
Epoch 456 | loss : 43883.88, postive loss : 14614.56, negtive loss : 29269.32:  46%|████▌     | 456/1000 [1:18:08<2:48:39, 18.60s/it]
Epoch 456 | loss : 43883.88, postive loss : 14614.56, negtive loss : 29269.32:  46%|████▌     | 457/1000 [1:18:08<2:50:52, 18.88s/it]
Epoch 457 | loss : 43887.10, postive loss : 14614.65, negtive loss : 29272.46:  46%|████▌     | 457/1000 [1:18:26<2:50:52, 18.88s/it]
Epoch 457 | loss : 43887.10, postive loss : 14614.65, negtive loss : 29272.46:  46%|████▌     | 458/1000 [1:18:26<2:48:37, 18.67s/it]
Epoch 458 | loss : 43886.45, postive loss : 14614.75, negtive loss : 29271.70:  46%|████▌     | 458/1000 [1:18:44<2:48:37, 18.67s/it]
Epoch 458 | loss : 43886.45, postive loss : 14614.75, negtive loss : 29271.70:  46%|████▌     | 459/1000 [1:18:44<2:44:28, 18.24s/it]
Epoch 459 | loss : 43888.66, postive loss : 14614.64, negtive loss : 29274.02:  46%|████▌     | 459/1000 [1:19:03<2:44:28, 18.24s/it]
Epoch 459 | loss : 43888.66, postive loss : 14614.64, negtive loss : 29274.02:  46%|████▌     | 460/1000 [1:19:03<2:48:45, 18.75s/it]
Epoch 460 | loss : 43887.08, postive loss : 14614.58, negtive loss : 29272.50:  46%|████▌     | 460/1000 [1:19:21<2:48:45, 18.75s/it]
Epoch 460 | loss : 43887.08, postive loss : 14614.58, negtive loss : 29272.50:  46%|████▌     | 461/1000 [1:19:21<2:46:30, 18.54s/it]
Epoch 461 | loss : 43887.28, postive loss : 14614.46, negtive loss : 29272.83:  46%|████▌     | 461/1000 [1:19:40<2:46:30, 18.54s/it]
Epoch 461 | loss : 43887.28, postive loss : 14614.46, negtive loss : 29272.83:  46%|████▌     | 462/1000 [1:19:40<2:45:41, 18.48s/it]
Epoch 462 | loss : 43885.42, postive loss : 14614.64, negtive loss : 29270.79:  46%|████▌     | 462/1000 [1:19:59<2:45:41, 18.48s/it]
Epoch 462 | loss : 43885.42, postive loss : 14614.64, negtive loss : 29270.79:  46%|████▋     | 463/1000 [1:19:59<2:47:22, 18.70s/it]
Epoch 463 | loss : 43885.28, postive loss : 14614.57, negtive loss : 29270.71:  46%|████▋     | 463/1000 [1:20:17<2:47:22, 18.70s/it]
Epoch 463 | loss : 43885.28, postive loss : 14614.57, negtive loss : 29270.71:  46%|████▋     | 464/1000 [1:20:17<2:45:29, 18.52s/it]
Epoch 464 | loss : 43882.12, postive loss : 14614.67, negtive loss : 29267.45:  46%|████▋     | 464/1000 [1:20:36<2:45:29, 18.52s/it]
Epoch 464 | loss : 43882.12, postive loss : 14614.67, negtive loss : 29267.45:  46%|████▋     | 465/1000 [1:20:36<2:45:00, 18.51s/it]
Epoch 465 | loss : 43886.27, postive loss : 14614.65, negtive loss : 29271.62:  46%|████▋     | 465/1000 [1:20:55<2:45:00, 18.51s/it]
Epoch 465 | loss : 43886.27, postive loss : 14614.65, negtive loss : 29271.62:  47%|████▋     | 466/1000 [1:20:55<2:48:17, 18.91s/it]
Epoch 466 | loss : 43883.68, postive loss : 14614.59, negtive loss : 29269.09:  47%|████▋     | 466/1000 [1:21:14<2:48:17, 18.91s/it]
Epoch 466 | loss : 43883.68, postive loss : 14614.59, negtive loss : 29269.09:  47%|████▋     | 467/1000 [1:21:14<2:46:12, 18.71s/it]
Epoch 467 | loss : 43883.04, postive loss : 14614.59, negtive loss : 29268.45:  47%|████▋     | 467/1000 [1:21:33<2:46:12, 18.71s/it]
Epoch 467 | loss : 43883.04, postive loss : 14614.59, negtive loss : 29268.45:  47%|████▋     | 468/1000 [1:21:33<2:47:36, 18.90s/it]
Epoch 468 | loss : 43884.72, postive loss : 14614.44, negtive loss : 29270.28:  47%|████▋     | 468/1000 [1:21:52<2:47:36, 18.90s/it]
Epoch 468 | loss : 43884.72, postive loss : 14614.44, negtive loss : 29270.28:  47%|████▋     | 469/1000 [1:21:52<2:46:24, 18.80s/it]
Epoch 469 | loss : 43892.27, postive loss : 14614.69, negtive loss : 29277.57:  47%|████▋     | 469/1000 [1:22:11<2:46:24, 18.80s/it]
Epoch 469 | loss : 43892.27, postive loss : 14614.69, negtive loss : 29277.57:  47%|████▋     | 470/1000 [1:22:11<2:46:52, 18.89s/it]
Epoch 470 | loss : 43883.01, postive loss : 14614.67, negtive loss : 29268.34:  47%|████▋     | 470/1000 [1:22:26<2:46:52, 18.89s/it]
Epoch 470 | loss : 43883.01, postive loss : 14614.67, negtive loss : 29268.34:  47%|████▋     | 471/1000 [1:22:26<2:36:53, 17.79s/it]
Epoch 471 | loss : 43883.82, postive loss : 14614.63, negtive loss : 29269.18:  47%|████▋     | 471/1000 [1:22:45<2:36:53, 17.79s/it]
Epoch 471 | loss : 43883.82, postive loss : 14614.63, negtive loss : 29269.18:  47%|████▋     | 472/1000 [1:22:45<2:39:07, 18.08s/it]
Epoch 472 | loss : 43879.27, postive loss : 14614.46, negtive loss : 29264.82:  47%|████▋     | 472/1000 [1:23:04<2:39:07, 18.08s/it]
Epoch 472 | loss : 43879.27, postive loss : 14614.46, negtive loss : 29264.82:  47%|████▋     | 473/1000 [1:23:04<2:42:26, 18.49s/it]
Epoch 473 | loss : 43885.65, postive loss : 14614.58, negtive loss : 29271.07:  47%|████▋     | 473/1000 [1:23:22<2:42:26, 18.49s/it]
Epoch 473 | loss : 43885.65, postive loss : 14614.58, negtive loss : 29271.07:  47%|████▋     | 474/1000 [1:23:22<2:40:17, 18.28s/it]
Epoch 474 | loss : 43886.59, postive loss : 14614.65, negtive loss : 29271.94:  47%|████▋     | 474/1000 [1:23:39<2:40:17, 18.28s/it]
Epoch 474 | loss : 43886.59, postive loss : 14614.65, negtive loss : 29271.94:  48%|████▊     | 475/1000 [1:23:39<2:36:54, 17.93s/it]
Epoch 475 | loss : 43882.21, postive loss : 14614.68, negtive loss : 29267.53:  48%|████▊     | 475/1000 [1:23:58<2:36:54, 17.93s/it]
Epoch 475 | loss : 43882.21, postive loss : 14614.68, negtive loss : 29267.53:  48%|████▊     | 476/1000 [1:23:58<2:39:21, 18.25s/it]
Epoch 476 | loss : 43884.10, postive loss : 14614.56, negtive loss : 29269.54:  48%|████▊     | 476/1000 [1:24:17<2:39:21, 18.25s/it]
Epoch 476 | loss : 43884.10, postive loss : 14614.56, negtive loss : 29269.54:  48%|████▊     | 477/1000 [1:24:17<2:41:03, 18.48s/it]
Epoch 477 | loss : 43888.65, postive loss : 14614.69, negtive loss : 29273.96:  48%|████▊     | 477/1000 [1:24:35<2:41:03, 18.48s/it]
Epoch 477 | loss : 43888.65, postive loss : 14614.69, negtive loss : 29273.96:  48%|████▊     | 478/1000 [1:24:35<2:39:53, 18.38s/it]
Epoch 478 | loss : 43886.80, postive loss : 14614.71, negtive loss : 29272.09:  48%|████▊     | 478/1000 [1:24:53<2:39:53, 18.38s/it]
Epoch 478 | loss : 43886.80, postive loss : 14614.71, negtive loss : 29272.09:  48%|████▊     | 479/1000 [1:24:53<2:38:55, 18.30s/it]
Epoch 479 | loss : 43879.49, postive loss : 14614.56, negtive loss : 29264.93:  48%|████▊     | 479/1000 [1:25:13<2:38:55, 18.30s/it]
Epoch 479 | loss : 43879.49, postive loss : 14614.56, negtive loss : 29264.93:  48%|████▊     | 480/1000 [1:25:13<2:41:29, 18.63s/it]
Epoch 480 | loss : 43879.86, postive loss : 14614.66, negtive loss : 29265.20:  48%|████▊     | 480/1000 [1:25:32<2:41:29, 18.63s/it]
Epoch 480 | loss : 43879.86, postive loss : 14614.66, negtive loss : 29265.20:  48%|████▊     | 481/1000 [1:25:32<2:43:35, 18.91s/it]
Epoch 481 | loss : 43885.18, postive loss : 14614.53, negtive loss : 29270.65:  48%|████▊     | 481/1000 [1:25:50<2:43:35, 18.91s/it]
Epoch 481 | loss : 43885.18, postive loss : 14614.53, negtive loss : 29270.65:  48%|████▊     | 482/1000 [1:25:50<2:41:17, 18.68s/it]
Epoch 482 | loss : 43884.12, postive loss : 14614.46, negtive loss : 29269.66:  48%|████▊     | 482/1000 [1:26:09<2:41:17, 18.68s/it]
Epoch 482 | loss : 43884.12, postive loss : 14614.46, negtive loss : 29269.66:  48%|████▊     | 483/1000 [1:26:09<2:41:34, 18.75s/it]
Epoch 483 | loss : 43883.54, postive loss : 14614.51, negtive loss : 29269.03:  48%|████▊     | 483/1000 [1:26:29<2:41:34, 18.75s/it]
Epoch 483 | loss : 43883.54, postive loss : 14614.51, negtive loss : 29269.03:  48%|████▊     | 484/1000 [1:26:29<2:43:39, 19.03s/it]
Epoch 484 | loss : 43887.26, postive loss : 14614.53, negtive loss : 29272.73:  48%|████▊     | 484/1000 [1:26:48<2:43:39, 19.03s/it]
Epoch 484 | loss : 43887.26, postive loss : 14614.53, negtive loss : 29272.73:  48%|████▊     | 485/1000 [1:26:48<2:42:37, 18.95s/it]
Epoch 485 | loss : 43887.48, postive loss : 14614.65, negtive loss : 29272.82:  48%|████▊     | 485/1000 [1:27:06<2:42:37, 18.95s/it]
Epoch 485 | loss : 43887.48, postive loss : 14614.65, negtive loss : 29272.82:  49%|████▊     | 486/1000 [1:27:06<2:40:56, 18.79s/it]
Epoch 486 | loss : 43886.16, postive loss : 14614.74, negtive loss : 29271.42:  49%|████▊     | 486/1000 [1:27:25<2:40:56, 18.79s/it]
Epoch 486 | loss : 43886.16, postive loss : 14614.74, negtive loss : 29271.42:  49%|████▊     | 487/1000 [1:27:25<2:40:34, 18.78s/it]
Epoch 487 | loss : 43877.92, postive loss : 14614.66, negtive loss : 29263.26:  49%|████▊     | 487/1000 [1:27:45<2:40:34, 18.78s/it]
Epoch 487 | loss : 43877.92, postive loss : 14614.66, negtive loss : 29263.26:  49%|████▉     | 488/1000 [1:27:45<2:42:15, 19.01s/it]
Epoch 488 | loss : 43887.11, postive loss : 14614.56, negtive loss : 29272.55:  49%|████▉     | 488/1000 [1:28:02<2:42:15, 19.01s/it]
Epoch 488 | loss : 43887.11, postive loss : 14614.56, negtive loss : 29272.55:  49%|████▉     | 489/1000 [1:28:02<2:38:55, 18.66s/it]
Epoch 489 | loss : 43884.33, postive loss : 14614.48, negtive loss : 29269.85:  49%|████▉     | 489/1000 [1:28:21<2:38:55, 18.66s/it]
Epoch 489 | loss : 43884.33, postive loss : 14614.48, negtive loss : 29269.85:  49%|████▉     | 490/1000 [1:28:21<2:39:39, 18.78s/it]
Epoch 490 | loss : 43884.57, postive loss : 14614.60, negtive loss : 29269.97:  49%|████▉     | 490/1000 [1:28:40<2:39:39, 18.78s/it]
Epoch 490 | loss : 43884.57, postive loss : 14614.60, negtive loss : 29269.97:  49%|████▉     | 491/1000 [1:28:40<2:39:27, 18.80s/it]
Epoch 491 | loss : 43880.63, postive loss : 14614.50, negtive loss : 29266.14:  49%|████▉     | 491/1000 [1:28:59<2:39:27, 18.80s/it]
Epoch 491 | loss : 43880.63, postive loss : 14614.50, negtive loss : 29266.14:  49%|████▉     | 492/1000 [1:28:59<2:38:48, 18.76s/it]
Epoch 492 | loss : 43886.55, postive loss : 14614.69, negtive loss : 29271.86:  49%|████▉     | 492/1000 [1:29:18<2:38:48, 18.76s/it]
Epoch 492 | loss : 43886.55, postive loss : 14614.69, negtive loss : 29271.86:  49%|████▉     | 493/1000 [1:29:18<2:39:06, 18.83s/it]
Epoch 493 | loss : 43887.45, postive loss : 14614.62, negtive loss : 29272.83:  49%|████▉     | 493/1000 [1:29:36<2:39:06, 18.83s/it]
Epoch 493 | loss : 43887.45, postive loss : 14614.62, negtive loss : 29272.83:  49%|████▉     | 494/1000 [1:29:36<2:37:53, 18.72s/it]
Epoch 494 | loss : 43888.76, postive loss : 14614.50, negtive loss : 29274.26:  49%|████▉     | 494/1000 [1:29:49<2:37:53, 18.72s/it]
Epoch 494 | loss : 43888.76, postive loss : 14614.50, negtive loss : 29274.26:  50%|████▉     | 495/1000 [1:29:49<2:22:49, 16.97s/it]
Epoch 495 | loss : 43883.06, postive loss : 14614.65, negtive loss : 29268.40:  50%|████▉     | 495/1000 [1:29:57<2:22:49, 16.97s/it]
Epoch 495 | loss : 43883.06, postive loss : 14614.65, negtive loss : 29268.40:  50%|████▉     | 496/1000 [1:29:57<1:59:08, 14.18s/it]
Epoch 496 | loss : 43880.89, postive loss : 14614.39, negtive loss : 29266.50:  50%|████▉     | 496/1000 [1:30:04<1:59:08, 14.18s/it]
Epoch 496 | loss : 43880.89, postive loss : 14614.39, negtive loss : 29266.50:  50%|████▉     | 497/1000 [1:30:04<1:41:50, 12.15s/it]
Epoch 497 | loss : 43881.84, postive loss : 14614.49, negtive loss : 29267.35:  50%|████▉     | 497/1000 [1:30:12<1:41:50, 12.15s/it]
Epoch 497 | loss : 43881.84, postive loss : 14614.49, negtive loss : 29267.35:  50%|████▉     | 498/1000 [1:30:12<1:30:32, 10.82s/it]
Epoch 498 | loss : 43881.30, postive loss : 14614.41, negtive loss : 29266.89:  50%|████▉     | 498/1000 [1:30:20<1:30:32, 10.82s/it]
Epoch 498 | loss : 43881.30, postive loss : 14614.41, negtive loss : 29266.89:  50%|████▉     | 499/1000 [1:30:20<1:22:38,  9.90s/it]
Epoch 499 | loss : 43890.89, postive loss : 14614.60, negtive loss : 29276.29:  50%|████▉     | 499/1000 [1:30:27<1:22:38,  9.90s/it]
Epoch 499 | loss : 43890.89, postive loss : 14614.60, negtive loss : 29276.29:  50%|█████     | 500/1000 [1:30:27<1:16:43,  9.21s/it]
Epoch 500 | loss : 43884.78, postive loss : 14614.64, negtive loss : 29270.14:  50%|█████     | 500/1000 [1:30:35<1:16:43,  9.21s/it]
Epoch 500 | loss : 43884.78, postive loss : 14614.64, negtive loss : 29270.14:  50%|█████     | 501/1000 [1:30:35<1:11:45,  8.63s/it]
Epoch 501 | loss : 43886.08, postive loss : 14614.44, negtive loss : 29271.64:  50%|█████     | 501/1000 [1:30:42<1:11:45,  8.63s/it]
Epoch 501 | loss : 43886.08, postive loss : 14614.44, negtive loss : 29271.64:  50%|█████     | 502/1000 [1:30:42<1:08:13,  8.22s/it]
Epoch 502 | loss : 43876.95, postive loss : 14614.58, negtive loss : 29262.37:  50%|█████     | 502/1000 [1:30:49<1:08:13,  8.22s/it]
Epoch 502 | loss : 43876.95, postive loss : 14614.58, negtive loss : 29262.37:  50%|█████     | 503/1000 [1:30:49<1:05:43,  7.93s/it]
Epoch 503 | loss : 43887.08, postive loss : 14614.56, negtive loss : 29272.51:  50%|█████     | 503/1000 [1:30:57<1:05:43,  7.93s/it]
Epoch 503 | loss : 43887.08, postive loss : 14614.56, negtive loss : 29272.51:  50%|█████     | 504/1000 [1:30:57<1:04:22,  7.79s/it]
Epoch 504 | loss : 43888.50, postive loss : 14614.63, negtive loss : 29273.87:  50%|█████     | 504/1000 [1:31:06<1:04:22,  7.79s/it]
Epoch 504 | loss : 43888.50, postive loss : 14614.63, negtive loss : 29273.87:  50%|█████     | 505/1000 [1:31:06<1:06:47,  8.10s/it]
Epoch 505 | loss : 43886.11, postive loss : 14614.56, negtive loss : 29271.55:  50%|█████     | 505/1000 [1:31:13<1:06:47,  8.10s/it]
Epoch 505 | loss : 43886.11, postive loss : 14614.56, negtive loss : 29271.55:  51%|█████     | 506/1000 [1:31:13<1:05:04,  7.90s/it]
Epoch 506 | loss : 43885.48, postive loss : 14614.82, negtive loss : 29270.66:  51%|█████     | 506/1000 [1:31:23<1:05:04,  7.90s/it]
Epoch 506 | loss : 43885.48, postive loss : 14614.82, negtive loss : 29270.66:  51%|█████     | 507/1000 [1:31:23<1:09:51,  8.50s/it]
Epoch 507 | loss : 43884.26, postive loss : 14614.60, negtive loss : 29269.66:  51%|█████     | 507/1000 [1:31:41<1:09:51,  8.50s/it]
Epoch 507 | loss : 43884.26, postive loss : 14614.60, negtive loss : 29269.66:  51%|█████     | 508/1000 [1:31:41<1:34:14, 11.49s/it]
Epoch 508 | loss : 43878.38, postive loss : 14614.37, negtive loss : 29264.01:  51%|█████     | 508/1000 [1:32:00<1:34:14, 11.49s/it]
Epoch 508 | loss : 43878.38, postive loss : 14614.37, negtive loss : 29264.01:  51%|█████     | 509/1000 [1:32:00<1:52:00, 13.69s/it]
Epoch 509 | loss : 43884.88, postive loss : 14614.53, negtive loss : 29270.35:  51%|█████     | 509/1000 [1:32:18<1:52:00, 13.69s/it]
Epoch 509 | loss : 43884.88, postive loss : 14614.53, negtive loss : 29270.35:  51%|█████     | 510/1000 [1:32:18<2:02:57, 15.06s/it]
Epoch 510 | loss : 43880.23, postive loss : 14614.58, negtive loss : 29265.66:  51%|█████     | 510/1000 [1:32:37<2:02:57, 15.06s/it]
Epoch 510 | loss : 43880.23, postive loss : 14614.58, negtive loss : 29265.66:  51%|█████     | 511/1000 [1:32:37<2:12:24, 16.25s/it]
Epoch 511 | loss : 43883.85, postive loss : 14614.49, negtive loss : 29269.36:  51%|█████     | 511/1000 [1:32:55<2:12:24, 16.25s/it]
Epoch 511 | loss : 43883.85, postive loss : 14614.49, negtive loss : 29269.36:  51%|█████     | 512/1000 [1:32:55<2:16:26, 16.77s/it]
Epoch 512 | loss : 43887.35, postive loss : 14614.48, negtive loss : 29272.87:  51%|█████     | 512/1000 [1:33:15<2:16:26, 16.77s/it]
Epoch 512 | loss : 43887.35, postive loss : 14614.48, negtive loss : 29272.87:  51%|█████▏    | 513/1000 [1:33:15<2:22:36, 17.57s/it]
Epoch 513 | loss : 43880.44, postive loss : 14614.68, negtive loss : 29265.76:  51%|█████▏    | 513/1000 [1:33:33<2:22:36, 17.57s/it]
Epoch 513 | loss : 43880.44, postive loss : 14614.68, negtive loss : 29265.76:  51%|█████▏    | 514/1000 [1:33:33<2:23:58, 17.77s/it]
Epoch 514 | loss : 43882.33, postive loss : 14614.46, negtive loss : 29267.87:  51%|█████▏    | 514/1000 [1:33:53<2:23:58, 17.77s/it]
Epoch 514 | loss : 43882.33, postive loss : 14614.46, negtive loss : 29267.87:  52%|█████▏    | 515/1000 [1:33:53<2:28:13, 18.34s/it]
Epoch 515 | loss : 43880.90, postive loss : 14614.40, negtive loss : 29266.50:  52%|█████▏    | 515/1000 [1:34:11<2:28:13, 18.34s/it]
Epoch 515 | loss : 43880.90, postive loss : 14614.40, negtive loss : 29266.50:  52%|█████▏    | 516/1000 [1:34:11<2:27:33, 18.29s/it]
Epoch 516 | loss : 43890.98, postive loss : 14614.48, negtive loss : 29276.50:  52%|█████▏    | 516/1000 [1:34:30<2:27:33, 18.29s/it]
Epoch 516 | loss : 43890.98, postive loss : 14614.48, negtive loss : 29276.50:  52%|█████▏    | 517/1000 [1:34:30<2:30:04, 18.64s/it]
Epoch 517 | loss : 43879.99, postive loss : 14614.46, negtive loss : 29265.53:  52%|█████▏    | 517/1000 [1:34:49<2:30:04, 18.64s/it]
Epoch 517 | loss : 43879.99, postive loss : 14614.46, negtive loss : 29265.53:  52%|█████▏    | 518/1000 [1:34:49<2:29:32, 18.61s/it]
Epoch 518 | loss : 43878.72, postive loss : 14614.65, negtive loss : 29264.07:  52%|█████▏    | 518/1000 [1:35:09<2:29:32, 18.61s/it]
Epoch 518 | loss : 43878.72, postive loss : 14614.65, negtive loss : 29264.07:  52%|█████▏    | 519/1000 [1:35:09<2:32:35, 19.03s/it]
Epoch 519 | loss : 43891.10, postive loss : 14614.67, negtive loss : 29276.43:  52%|█████▏    | 519/1000 [1:35:27<2:32:35, 19.03s/it]
Epoch 519 | loss : 43891.10, postive loss : 14614.67, negtive loss : 29276.43:  52%|█████▏    | 520/1000 [1:35:27<2:30:35, 18.82s/it]
Epoch 520 | loss : 43887.13, postive loss : 14614.64, negtive loss : 29272.50:  52%|█████▏    | 520/1000 [1:35:46<2:30:35, 18.82s/it]
Epoch 520 | loss : 43887.13, postive loss : 14614.64, negtive loss : 29272.50:  52%|█████▏    | 521/1000 [1:35:46<2:29:19, 18.70s/it]
Epoch 521 | loss : 43882.89, postive loss : 14614.80, negtive loss : 29268.09:  52%|█████▏    | 521/1000 [1:36:04<2:29:19, 18.70s/it]
Epoch 521 | loss : 43882.89, postive loss : 14614.80, negtive loss : 29268.09:  52%|█████▏    | 522/1000 [1:36:04<2:28:25, 18.63s/it]
Epoch 522 | loss : 43888.21, postive loss : 14614.73, negtive loss : 29273.48:  52%|█████▏    | 522/1000 [1:36:22<2:28:25, 18.63s/it]
Epoch 522 | loss : 43888.21, postive loss : 14614.73, negtive loss : 29273.48:  52%|█████▏    | 523/1000 [1:36:22<2:27:15, 18.52s/it]
Epoch 523 | loss : 43889.88, postive loss : 14614.64, negtive loss : 29275.24:  52%|█████▏    | 523/1000 [1:36:42<2:27:15, 18.52s/it]
Epoch 523 | loss : 43889.88, postive loss : 14614.64, negtive loss : 29275.24:  52%|█████▏    | 524/1000 [1:36:42<2:28:23, 18.70s/it]
Epoch 524 | loss : 43888.09, postive loss : 14614.60, negtive loss : 29273.49:  52%|█████▏    | 524/1000 [1:36:59<2:28:23, 18.70s/it]
Epoch 524 | loss : 43888.09, postive loss : 14614.60, negtive loss : 29273.49:  52%|█████▎    | 525/1000 [1:36:59<2:25:28, 18.38s/it]
Epoch 525 | loss : 43887.62, postive loss : 14614.68, negtive loss : 29272.94:  52%|█████▎    | 525/1000 [1:37:19<2:25:28, 18.38s/it]
Epoch 525 | loss : 43887.62, postive loss : 14614.68, negtive loss : 29272.94:  53%|█████▎    | 526/1000 [1:37:19<2:27:57, 18.73s/it]
Epoch 526 | loss : 43880.75, postive loss : 14614.74, negtive loss : 29266.02:  53%|█████▎    | 526/1000 [1:37:36<2:27:57, 18.73s/it]
Epoch 526 | loss : 43880.75, postive loss : 14614.74, negtive loss : 29266.02:  53%|█████▎    | 527/1000 [1:37:36<2:24:32, 18.34s/it]
Epoch 527 | loss : 43888.43, postive loss : 14614.48, negtive loss : 29273.95:  53%|█████▎    | 527/1000 [1:37:52<2:24:32, 18.34s/it]
Epoch 527 | loss : 43888.43, postive loss : 14614.48, negtive loss : 29273.95:  53%|█████▎    | 528/1000 [1:37:52<2:18:08, 17.56s/it]
Epoch 528 | loss : 43884.26, postive loss : 14614.47, negtive loss : 29269.79:  53%|█████▎    | 528/1000 [1:38:09<2:18:08, 17.56s/it]
Epoch 528 | loss : 43884.26, postive loss : 14614.47, negtive loss : 29269.79:  53%|█████▎    | 529/1000 [1:38:09<2:17:09, 17.47s/it]
Epoch 529 | loss : 43887.34, postive loss : 14614.65, negtive loss : 29272.70:  53%|█████▎    | 529/1000 [1:38:28<2:17:09, 17.47s/it]
Epoch 529 | loss : 43887.34, postive loss : 14614.65, negtive loss : 29272.70:  53%|█████▎    | 530/1000 [1:38:28<2:20:07, 17.89s/it]
Epoch 530 | loss : 43884.86, postive loss : 14614.42, negtive loss : 29270.44:  53%|█████▎    | 530/1000 [1:38:47<2:20:07, 17.89s/it]
Epoch 530 | loss : 43884.86, postive loss : 14614.42, negtive loss : 29270.44:  53%|█████▎    | 531/1000 [1:38:47<2:22:08, 18.18s/it]
Epoch 531 | loss : 43887.97, postive loss : 14614.71, negtive loss : 29273.26:  53%|█████▎    | 531/1000 [1:39:05<2:22:08, 18.18s/it]
Epoch 531 | loss : 43887.97, postive loss : 14614.71, negtive loss : 29273.26:  53%|█████▎    | 532/1000 [1:39:05<2:21:34, 18.15s/it]
Epoch 532 | loss : 43886.61, postive loss : 14614.56, negtive loss : 29272.06:  53%|█████▎    | 532/1000 [1:39:24<2:21:34, 18.15s/it]
Epoch 532 | loss : 43886.61, postive loss : 14614.56, negtive loss : 29272.06:  53%|█████▎    | 533/1000 [1:39:24<2:24:13, 18.53s/it]
Epoch 533 | loss : 43889.21, postive loss : 14614.56, negtive loss : 29274.66:  53%|█████▎    | 533/1000 [1:39:44<2:24:13, 18.53s/it]
Epoch 533 | loss : 43889.21, postive loss : 14614.56, negtive loss : 29274.66:  53%|█████▎    | 534/1000 [1:39:44<2:25:53, 18.78s/it]
Epoch 534 | loss : 43889.26, postive loss : 14614.64, negtive loss : 29274.62:  53%|█████▎    | 534/1000 [1:40:02<2:25:53, 18.78s/it]
Epoch 534 | loss : 43889.26, postive loss : 14614.64, negtive loss : 29274.62:  54%|█████▎    | 535/1000 [1:40:02<2:25:04, 18.72s/it]
Epoch 535 | loss : 43882.71, postive loss : 14614.55, negtive loss : 29268.15:  54%|█████▎    | 535/1000 [1:40:22<2:25:04, 18.72s/it]
Epoch 535 | loss : 43882.71, postive loss : 14614.55, negtive loss : 29268.15:  54%|█████▎    | 536/1000 [1:40:22<2:26:14, 18.91s/it]
Epoch 536 | loss : 43890.41, postive loss : 14614.64, negtive loss : 29275.77:  54%|█████▎    | 536/1000 [1:40:40<2:26:14, 18.91s/it]
Epoch 536 | loss : 43890.41, postive loss : 14614.64, negtive loss : 29275.77:  54%|█████▎    | 537/1000 [1:40:40<2:24:51, 18.77s/it]
Epoch 537 | loss : 43881.64, postive loss : 14614.79, negtive loss : 29266.86:  54%|█████▎    | 537/1000 [1:41:00<2:24:51, 18.77s/it]
Epoch 537 | loss : 43881.64, postive loss : 14614.79, negtive loss : 29266.86:  54%|█████▍    | 538/1000 [1:41:00<2:26:18, 19.00s/it]
Epoch 538 | loss : 43886.59, postive loss : 14614.54, negtive loss : 29272.05:  54%|█████▍    | 538/1000 [1:41:19<2:26:18, 19.00s/it]
Epoch 538 | loss : 43886.59, postive loss : 14614.54, negtive loss : 29272.05:  54%|█████▍    | 539/1000 [1:41:19<2:25:33, 18.94s/it]
Epoch 539 | loss : 43881.97, postive loss : 14614.65, negtive loss : 29267.32:  54%|█████▍    | 539/1000 [1:41:37<2:25:33, 18.94s/it]
Epoch 539 | loss : 43881.97, postive loss : 14614.65, negtive loss : 29267.32:  54%|█████▍    | 540/1000 [1:41:37<2:23:26, 18.71s/it]
Epoch 540 | loss : 43883.70, postive loss : 14614.49, negtive loss : 29269.21:  54%|█████▍    | 540/1000 [1:41:56<2:23:26, 18.71s/it]
Epoch 540 | loss : 43883.70, postive loss : 14614.49, negtive loss : 29269.21:  54%|█████▍    | 541/1000 [1:41:56<2:24:46, 18.93s/it]
Epoch 541 | loss : 43884.27, postive loss : 14614.50, negtive loss : 29269.77:  54%|█████▍    | 541/1000 [1:42:14<2:24:46, 18.93s/it]
Epoch 541 | loss : 43884.27, postive loss : 14614.50, negtive loss : 29269.77:  54%|█████▍    | 542/1000 [1:42:14<2:22:15, 18.64s/it]
Epoch 542 | loss : 43881.40, postive loss : 14614.52, negtive loss : 29266.88:  54%|█████▍    | 542/1000 [1:42:34<2:22:15, 18.64s/it]
Epoch 542 | loss : 43881.40, postive loss : 14614.52, negtive loss : 29266.88:  54%|█████▍    | 543/1000 [1:42:34<2:23:47, 18.88s/it]
Epoch 543 | loss : 43884.16, postive loss : 14614.59, negtive loss : 29269.57:  54%|█████▍    | 543/1000 [1:42:53<2:23:47, 18.88s/it]
Epoch 543 | loss : 43884.16, postive loss : 14614.59, negtive loss : 29269.57:  54%|█████▍    | 544/1000 [1:42:53<2:24:04, 18.96s/it]
Epoch 544 | loss : 43883.11, postive loss : 14614.67, negtive loss : 29268.44:  54%|█████▍    | 544/1000 [1:43:11<2:24:04, 18.96s/it]
Epoch 544 | loss : 43883.11, postive loss : 14614.67, negtive loss : 29268.44:  55%|█████▍    | 545/1000 [1:43:11<2:22:24, 18.78s/it]
Epoch 545 | loss : 43886.01, postive loss : 14614.52, negtive loss : 29271.50:  55%|█████▍    | 545/1000 [1:43:31<2:22:24, 18.78s/it]
Epoch 545 | loss : 43886.01, postive loss : 14614.52, negtive loss : 29271.50:  55%|█████▍    | 546/1000 [1:43:31<2:24:48, 19.14s/it]
Epoch 546 | loss : 43883.98, postive loss : 14614.63, negtive loss : 29269.35:  55%|█████▍    | 546/1000 [1:43:49<2:24:48, 19.14s/it]
Epoch 546 | loss : 43883.98, postive loss : 14614.63, negtive loss : 29269.35:  55%|█████▍    | 547/1000 [1:43:49<2:21:39, 18.76s/it]
Epoch 547 | loss : 43887.68, postive loss : 14614.54, negtive loss : 29273.15:  55%|█████▍    | 547/1000 [1:44:08<2:21:39, 18.76s/it]
Epoch 547 | loss : 43887.68, postive loss : 14614.54, negtive loss : 29273.15:  55%|█████▍    | 548/1000 [1:44:08<2:22:21, 18.90s/it]
Epoch 548 | loss : 43882.14, postive loss : 14614.58, negtive loss : 29267.56:  55%|█████▍    | 548/1000 [1:44:27<2:22:21, 18.90s/it]
Epoch 548 | loss : 43882.14, postive loss : 14614.58, negtive loss : 29267.56:  55%|█████▍    | 549/1000 [1:44:27<2:21:44, 18.86s/it]
Epoch 549 | loss : 43887.15, postive loss : 14614.42, negtive loss : 29272.73:  55%|█████▍    | 549/1000 [1:44:44<2:21:44, 18.86s/it]
Epoch 549 | loss : 43887.15, postive loss : 14614.42, negtive loss : 29272.73:  55%|█████▌    | 550/1000 [1:44:44<2:17:36, 18.35s/it]
Epoch 550 | loss : 43883.01, postive loss : 14614.68, negtive loss : 29268.33:  55%|█████▌    | 550/1000 [1:45:00<2:17:36, 18.35s/it]
Epoch 550 | loss : 43883.01, postive loss : 14614.68, negtive loss : 29268.33:  55%|█████▌    | 551/1000 [1:45:00<2:11:27, 17.57s/it]
Epoch 551 | loss : 43884.75, postive loss : 14614.51, negtive loss : 29270.24:  55%|█████▌    | 551/1000 [1:45:18<2:11:27, 17.57s/it]
Epoch 551 | loss : 43884.75, postive loss : 14614.51, negtive loss : 29270.24:  55%|█████▌    | 552/1000 [1:45:18<2:13:25, 17.87s/it]
Epoch 552 | loss : 43883.90, postive loss : 14614.61, negtive loss : 29269.30:  55%|█████▌    | 552/1000 [1:45:37<2:13:25, 17.87s/it]
Epoch 552 | loss : 43883.90, postive loss : 14614.61, negtive loss : 29269.30:  55%|█████▌    | 553/1000 [1:45:37<2:15:15, 18.15s/it]
Epoch 553 | loss : 43885.19, postive loss : 14614.62, negtive loss : 29270.57:  55%|█████▌    | 553/1000 [1:45:57<2:15:15, 18.15s/it]
Epoch 553 | loss : 43885.19, postive loss : 14614.62, negtive loss : 29270.57:  55%|█████▌    | 554/1000 [1:45:57<2:18:03, 18.57s/it]
Epoch 554 | loss : 43889.05, postive loss : 14614.73, negtive loss : 29274.32:  55%|█████▌    | 554/1000 [1:46:16<2:18:03, 18.57s/it]
Epoch 554 | loss : 43889.05, postive loss : 14614.73, negtive loss : 29274.32:  56%|█████▌    | 555/1000 [1:46:16<2:18:35, 18.69s/it]
Epoch 555 | loss : 43883.51, postive loss : 14614.38, negtive loss : 29269.13:  56%|█████▌    | 555/1000 [1:46:35<2:18:35, 18.69s/it]
Epoch 555 | loss : 43883.51, postive loss : 14614.38, negtive loss : 29269.13:  56%|█████▌    | 556/1000 [1:46:35<2:18:40, 18.74s/it]
Epoch 556 | loss : 43873.66, postive loss : 14614.53, negtive loss : 29259.12:  56%|█████▌    | 556/1000 [1:46:54<2:18:40, 18.74s/it]
Epoch 556 | loss : 43873.66, postive loss : 14614.53, negtive loss : 29259.12:  56%|█████▌    | 557/1000 [1:46:54<2:20:32, 19.04s/it]
Epoch 557 | loss : 43888.31, postive loss : 14614.68, negtive loss : 29273.63:  56%|█████▌    | 557/1000 [1:47:13<2:20:32, 19.04s/it]
Epoch 557 | loss : 43888.31, postive loss : 14614.68, negtive loss : 29273.63:  56%|█████▌    | 558/1000 [1:47:13<2:20:14, 19.04s/it]
Epoch 558 | loss : 43886.54, postive loss : 14614.40, negtive loss : 29272.14:  56%|█████▌    | 558/1000 [1:47:31<2:20:14, 19.04s/it]
Epoch 558 | loss : 43886.54, postive loss : 14614.40, negtive loss : 29272.14:  56%|█████▌    | 559/1000 [1:47:31<2:17:57, 18.77s/it]
Epoch 559 | loss : 43882.20, postive loss : 14614.56, negtive loss : 29267.64:  56%|█████▌    | 559/1000 [1:47:50<2:17:57, 18.77s/it]
Epoch 559 | loss : 43882.20, postive loss : 14614.56, negtive loss : 29267.64:  56%|█████▌    | 560/1000 [1:47:50<2:17:25, 18.74s/it]
Epoch 560 | loss : 43889.81, postive loss : 14614.52, negtive loss : 29275.29:  56%|█████▌    | 560/1000 [1:48:10<2:17:25, 18.74s/it]
Epoch 560 | loss : 43889.81, postive loss : 14614.52, negtive loss : 29275.29:  56%|█████▌    | 561/1000 [1:48:10<2:18:38, 18.95s/it]
Epoch 561 | loss : 43889.07, postive loss : 14614.71, negtive loss : 29274.36:  56%|█████▌    | 561/1000 [1:48:27<2:18:38, 18.95s/it]
Epoch 561 | loss : 43889.07, postive loss : 14614.71, negtive loss : 29274.36:  56%|█████▌    | 562/1000 [1:48:27<2:15:53, 18.61s/it]
Epoch 562 | loss : 43886.95, postive loss : 14614.40, negtive loss : 29272.55:  56%|█████▌    | 562/1000 [1:48:47<2:15:53, 18.61s/it]
Epoch 562 | loss : 43886.95, postive loss : 14614.40, negtive loss : 29272.55:  56%|█████▋    | 563/1000 [1:48:47<2:17:13, 18.84s/it]
Epoch 563 | loss : 43888.19, postive loss : 14614.68, negtive loss : 29273.50:  56%|█████▋    | 563/1000 [1:49:06<2:17:13, 18.84s/it]
Epoch 563 | loss : 43888.19, postive loss : 14614.68, negtive loss : 29273.50:  56%|█████▋    | 564/1000 [1:49:06<2:18:08, 19.01s/it]
Epoch 564 | loss : 43879.63, postive loss : 14614.66, negtive loss : 29264.97:  56%|█████▋    | 564/1000 [1:49:25<2:18:08, 19.01s/it]
Epoch 564 | loss : 43879.63, postive loss : 14614.66, negtive loss : 29264.97:  56%|█████▋    | 565/1000 [1:49:25<2:16:41, 18.85s/it]
Epoch 565 | loss : 43887.20, postive loss : 14614.55, negtive loss : 29272.65:  56%|█████▋    | 565/1000 [1:49:43<2:16:41, 18.85s/it]
Epoch 565 | loss : 43887.20, postive loss : 14614.55, negtive loss : 29272.65:  57%|█████▋    | 566/1000 [1:49:43<2:16:12, 18.83s/it]
Epoch 566 | loss : 43879.61, postive loss : 14614.53, negtive loss : 29265.08:  57%|█████▋    | 566/1000 [1:50:02<2:16:12, 18.83s/it]
Epoch 566 | loss : 43879.61, postive loss : 14614.53, negtive loss : 29265.08:  57%|█████▋    | 567/1000 [1:50:02<2:15:46, 18.81s/it]
Epoch 567 | loss : 43885.84, postive loss : 14614.71, negtive loss : 29271.13:  57%|█████▋    | 567/1000 [1:50:21<2:15:46, 18.81s/it]
Epoch 567 | loss : 43885.84, postive loss : 14614.71, negtive loss : 29271.13:  57%|█████▋    | 568/1000 [1:50:21<2:15:59, 18.89s/it]
Epoch 568 | loss : 43882.21, postive loss : 14614.58, negtive loss : 29267.63:  57%|█████▋    | 568/1000 [1:50:39<2:15:59, 18.89s/it]
Epoch 568 | loss : 43882.21, postive loss : 14614.58, negtive loss : 29267.63:  57%|█████▋    | 569/1000 [1:50:39<2:13:56, 18.65s/it]
Epoch 569 | loss : 43888.55, postive loss : 14614.62, negtive loss : 29273.93:  57%|█████▋    | 569/1000 [1:50:59<2:13:56, 18.65s/it]
Epoch 569 | loss : 43888.55, postive loss : 14614.62, negtive loss : 29273.93:  57%|█████▋    | 570/1000 [1:50:59<2:15:25, 18.90s/it]
Epoch 570 | loss : 43884.11, postive loss : 14614.68, negtive loss : 29269.43:  57%|█████▋    | 570/1000 [1:51:18<2:15:25, 18.90s/it]
Epoch 570 | loss : 43884.11, postive loss : 14614.68, negtive loss : 29269.43:  57%|█████▋    | 571/1000 [1:51:18<2:16:13, 19.05s/it]
Epoch 571 | loss : 43882.53, postive loss : 14614.50, negtive loss : 29268.03:  57%|█████▋    | 571/1000 [1:51:36<2:16:13, 19.05s/it]
Epoch 571 | loss : 43882.53, postive loss : 14614.50, negtive loss : 29268.03:  57%|█████▋    | 572/1000 [1:51:36<2:13:25, 18.71s/it]
Epoch 572 | loss : 43887.38, postive loss : 14614.51, negtive loss : 29272.87:  57%|█████▋    | 572/1000 [1:51:56<2:13:25, 18.71s/it]
Epoch 572 | loss : 43887.38, postive loss : 14614.51, negtive loss : 29272.87:  57%|█████▋    | 573/1000 [1:51:56<2:14:48, 18.94s/it]
Epoch 573 | loss : 43883.01, postive loss : 14614.65, negtive loss : 29268.36:  57%|█████▋    | 573/1000 [1:52:09<2:14:48, 18.94s/it]
Epoch 573 | loss : 43883.01, postive loss : 14614.65, negtive loss : 29268.36:  57%|█████▋    | 574/1000 [1:52:09<2:02:58, 17.32s/it]
Epoch 574 | loss : 43885.25, postive loss : 14614.50, negtive loss : 29270.75:  57%|█████▋    | 574/1000 [1:52:17<2:02:58, 17.32s/it]
Epoch 574 | loss : 43885.25, postive loss : 14614.50, negtive loss : 29270.75:  57%|█████▊    | 575/1000 [1:52:17<1:41:40, 14.35s/it]
Epoch 575 | loss : 43883.68, postive loss : 14614.48, negtive loss : 29269.20:  57%|█████▊    | 575/1000 [1:52:26<1:41:40, 14.35s/it]
Epoch 575 | loss : 43883.68, postive loss : 14614.48, negtive loss : 29269.20:  58%|█████▊    | 576/1000 [1:52:26<1:29:59, 12.73s/it]
Epoch 576 | loss : 43883.87, postive loss : 14614.58, negtive loss : 29269.29:  58%|█████▊    | 576/1000 [1:52:35<1:29:59, 12.73s/it]
Epoch 576 | loss : 43883.87, postive loss : 14614.58, negtive loss : 29269.29:  58%|█████▊    | 577/1000 [1:52:35<1:22:16, 11.67s/it]
Epoch 577 | loss : 43882.14, postive loss : 14614.61, negtive loss : 29267.53:  58%|█████▊    | 577/1000 [1:52:53<1:22:16, 11.67s/it]
Epoch 577 | loss : 43882.14, postive loss : 14614.61, negtive loss : 29267.53:  58%|█████▊    | 578/1000 [1:52:53<1:35:16, 13.55s/it]
Epoch 578 | loss : 43888.87, postive loss : 14614.70, negtive loss : 29274.16:  58%|█████▊    | 578/1000 [1:53:10<1:35:16, 13.55s/it]
Epoch 578 | loss : 43888.87, postive loss : 14614.70, negtive loss : 29274.16:  58%|█████▊    | 579/1000 [1:53:10<1:43:33, 14.76s/it]
Epoch 579 | loss : 43884.25, postive loss : 14614.53, negtive loss : 29269.72:  58%|█████▊    | 579/1000 [1:53:28<1:43:33, 14.76s/it]
Epoch 579 | loss : 43884.25, postive loss : 14614.53, negtive loss : 29269.72:  58%|█████▊    | 580/1000 [1:53:28<1:49:01, 15.57s/it]
Epoch 580 | loss : 43887.16, postive loss : 14614.42, negtive loss : 29272.74:  58%|█████▊    | 580/1000 [1:53:47<1:49:01, 15.57s/it]
Epoch 580 | loss : 43887.16, postive loss : 14614.42, negtive loss : 29272.74:  58%|█████▊    | 581/1000 [1:53:47<1:55:45, 16.58s/it]
Epoch 581 | loss : 43889.68, postive loss : 14614.51, negtive loss : 29275.16:  58%|█████▊    | 581/1000 [1:54:05<1:55:45, 16.58s/it]
Epoch 581 | loss : 43889.68, postive loss : 14614.51, negtive loss : 29275.16:  58%|█████▊    | 582/1000 [1:54:05<1:59:23, 17.14s/it]
Epoch 582 | loss : 43887.19, postive loss : 14614.75, negtive loss : 29272.45:  58%|█████▊    | 582/1000 [1:54:24<1:59:23, 17.14s/it]
Epoch 582 | loss : 43887.19, postive loss : 14614.75, negtive loss : 29272.45:  58%|█████▊    | 583/1000 [1:54:24<2:01:58, 17.55s/it]
Epoch 583 | loss : 43878.50, postive loss : 14614.54, negtive loss : 29263.96:  58%|█████▊    | 583/1000 [1:54:42<2:01:58, 17.55s/it]
Epoch 583 | loss : 43878.50, postive loss : 14614.54, negtive loss : 29263.96:  58%|█████▊    | 584/1000 [1:54:42<2:04:23, 17.94s/it]
Epoch 584 | loss : 43889.90, postive loss : 14614.48, negtive loss : 29275.42:  58%|█████▊    | 584/1000 [1:55:00<2:04:23, 17.94s/it]
Epoch 584 | loss : 43889.90, postive loss : 14614.48, negtive loss : 29275.42:  58%|█████▊    | 585/1000 [1:55:00<2:02:59, 17.78s/it]
Epoch 585 | loss : 43887.50, postive loss : 14614.58, negtive loss : 29272.91:  58%|█████▊    | 585/1000 [1:55:18<2:02:59, 17.78s/it]
Epoch 585 | loss : 43887.50, postive loss : 14614.58, negtive loss : 29272.91:  59%|█████▊    | 586/1000 [1:55:18<2:03:25, 17.89s/it]
Epoch 586 | loss : 43883.74, postive loss : 14614.68, negtive loss : 29269.06:  59%|█████▊    | 586/1000 [1:55:37<2:03:25, 17.89s/it]
Epoch 586 | loss : 43883.74, postive loss : 14614.68, negtive loss : 29269.06:  59%|█████▊    | 587/1000 [1:55:37<2:04:55, 18.15s/it]
Epoch 587 | loss : 43886.86, postive loss : 14614.46, negtive loss : 29272.40:  59%|█████▊    | 587/1000 [1:55:55<2:04:55, 18.15s/it]
Epoch 587 | loss : 43886.86, postive loss : 14614.46, negtive loss : 29272.40:  59%|█████▉    | 588/1000 [1:55:55<2:03:53, 18.04s/it]
Epoch 588 | loss : 43884.34, postive loss : 14614.54, negtive loss : 29269.80:  59%|█████▉    | 588/1000 [1:56:12<2:03:53, 18.04s/it]
Epoch 588 | loss : 43884.34, postive loss : 14614.54, negtive loss : 29269.80:  59%|█████▉    | 589/1000 [1:56:12<2:02:49, 17.93s/it]
Epoch 589 | loss : 43880.38, postive loss : 14614.50, negtive loss : 29265.88:  59%|█████▉    | 589/1000 [1:56:31<2:02:49, 17.93s/it]
Epoch 589 | loss : 43880.38, postive loss : 14614.50, negtive loss : 29265.88:  59%|█████▉    | 590/1000 [1:56:31<2:03:47, 18.12s/it]
Epoch 590 | loss : 43880.03, postive loss : 14614.54, negtive loss : 29265.50:  59%|█████▉    | 590/1000 [1:56:49<2:03:47, 18.12s/it]
Epoch 590 | loss : 43880.03, postive loss : 14614.54, negtive loss : 29265.50:  59%|█████▉    | 591/1000 [1:56:49<2:04:37, 18.28s/it]
Epoch 591 | loss : 43887.44, postive loss : 14614.53, negtive loss : 29272.92:  59%|█████▉    | 591/1000 [1:57:08<2:04:37, 18.28s/it]
Epoch 591 | loss : 43887.44, postive loss : 14614.53, negtive loss : 29272.92:  59%|█████▉    | 592/1000 [1:57:08<2:04:35, 18.32s/it]
Epoch 592 | loss : 43885.86, postive loss : 14614.59, negtive loss : 29271.27:  59%|█████▉    | 592/1000 [1:57:26<2:04:35, 18.32s/it]
Epoch 592 | loss : 43885.86, postive loss : 14614.59, negtive loss : 29271.27:  59%|█████▉    | 593/1000 [1:57:26<2:04:25, 18.34s/it]
Epoch 593 | loss : 43888.75, postive loss : 14614.69, negtive loss : 29274.05:  59%|█████▉    | 593/1000 [1:57:44<2:04:25, 18.34s/it]
Epoch 593 | loss : 43888.75, postive loss : 14614.69, negtive loss : 29274.05:  59%|█████▉    | 594/1000 [1:57:44<2:02:52, 18.16s/it]
Epoch 594 | loss : 43884.54, postive loss : 14614.58, negtive loss : 29269.96:  59%|█████▉    | 594/1000 [1:58:02<2:02:52, 18.16s/it]
Epoch 594 | loss : 43884.54, postive loss : 14614.58, negtive loss : 29269.96:  60%|█████▉    | 595/1000 [1:58:02<2:02:46, 18.19s/it]
Epoch 595 | loss : 43886.76, postive loss : 14614.58, negtive loss : 29272.18:  60%|█████▉    | 595/1000 [1:58:21<2:02:46, 18.19s/it]
Epoch 595 | loss : 43886.76, postive loss : 14614.58, negtive loss : 29272.18:  60%|█████▉    | 596/1000 [1:58:21<2:03:55, 18.40s/it]
Epoch 596 | loss : 43880.16, postive loss : 14614.45, negtive loss : 29265.70:  60%|█████▉    | 596/1000 [1:58:40<2:03:55, 18.40s/it]
Epoch 596 | loss : 43880.16, postive loss : 14614.45, negtive loss : 29265.70:  60%|█████▉    | 597/1000 [1:58:40<2:03:53, 18.45s/it]
Epoch 597 | loss : 43885.82, postive loss : 14614.55, negtive loss : 29271.27:  60%|█████▉    | 597/1000 [1:58:57<2:03:53, 18.45s/it]
Epoch 597 | loss : 43885.82, postive loss : 14614.55, negtive loss : 29271.27:  60%|█████▉    | 598/1000 [1:58:57<2:01:46, 18.18s/it]
Epoch 598 | loss : 43883.45, postive loss : 14614.76, negtive loss : 29268.70:  60%|█████▉    | 598/1000 [1:59:15<2:01:46, 18.18s/it]
Epoch 598 | loss : 43883.45, postive loss : 14614.76, negtive loss : 29268.70:  60%|█████▉    | 599/1000 [1:59:15<2:01:10, 18.13s/it]
Epoch 599 | loss : 43885.33, postive loss : 14614.66, negtive loss : 29270.66:  60%|█████▉    | 599/1000 [1:59:34<2:01:10, 18.13s/it]
Epoch 599 | loss : 43885.33, postive loss : 14614.66, negtive loss : 29270.66:  60%|██████    | 600/1000 [1:59:34<2:01:45, 18.26s/it]
Epoch 600 | loss : 43883.79, postive loss : 14614.59, negtive loss : 29269.20:  60%|██████    | 600/1000 [1:59:53<2:01:45, 18.26s/it]
Epoch 600 | loss : 43883.79, postive loss : 14614.59, negtive loss : 29269.20:  60%|██████    | 601/1000 [1:59:53<2:02:18, 18.39s/it]
Epoch 601 | loss : 43880.29, postive loss : 14614.59, negtive loss : 29265.70:  60%|██████    | 601/1000 [2:00:11<2:02:18, 18.39s/it]
Epoch 601 | loss : 43880.29, postive loss : 14614.59, negtive loss : 29265.70:  60%|██████    | 602/1000 [2:00:11<2:02:06, 18.41s/it]
Epoch 602 | loss : 43885.59, postive loss : 14614.54, negtive loss : 29271.05:  60%|██████    | 602/1000 [2:00:29<2:02:06, 18.41s/it]
Epoch 602 | loss : 43885.59, postive loss : 14614.54, negtive loss : 29271.05:  60%|██████    | 603/1000 [2:00:29<2:01:32, 18.37s/it]
Epoch 603 | loss : 43882.36, postive loss : 14614.49, negtive loss : 29267.87:  60%|██████    | 603/1000 [2:00:48<2:01:32, 18.37s/it]
Epoch 603 | loss : 43882.36, postive loss : 14614.49, negtive loss : 29267.87:  60%|██████    | 604/1000 [2:00:48<2:01:33, 18.42s/it]
Epoch 604 | loss : 43884.99, postive loss : 14614.57, negtive loss : 29270.42:  60%|██████    | 604/1000 [2:01:02<2:01:33, 18.42s/it]
Epoch 604 | loss : 43884.99, postive loss : 14614.57, negtive loss : 29270.42:  60%|██████    | 605/1000 [2:01:02<1:52:15, 17.05s/it]
Epoch 605 | loss : 43885.34, postive loss : 14614.55, negtive loss : 29270.80:  60%|██████    | 605/1000 [2:01:20<1:52:15, 17.05s/it]
Epoch 605 | loss : 43885.34, postive loss : 14614.55, negtive loss : 29270.80:  61%|██████    | 606/1000 [2:01:20<1:54:29, 17.44s/it]
Epoch 606 | loss : 43886.98, postive loss : 14614.56, negtive loss : 29272.42:  61%|██████    | 606/1000 [2:01:38<1:54:29, 17.44s/it]
Epoch 606 | loss : 43886.98, postive loss : 14614.56, negtive loss : 29272.42:  61%|██████    | 607/1000 [2:01:38<1:56:06, 17.73s/it]
Epoch 607 | loss : 43886.20, postive loss : 14614.79, negtive loss : 29271.41:  61%|██████    | 607/1000 [2:01:57<1:56:06, 17.73s/it]
Epoch 607 | loss : 43886.20, postive loss : 14614.79, negtive loss : 29271.41:  61%|██████    | 608/1000 [2:01:57<1:57:11, 17.94s/it]
Epoch 608 | loss : 43878.42, postive loss : 14614.50, negtive loss : 29263.93:  61%|██████    | 608/1000 [2:02:15<1:57:11, 17.94s/it]
Epoch 608 | loss : 43878.42, postive loss : 14614.50, negtive loss : 29263.93:  61%|██████    | 609/1000 [2:02:15<1:58:05, 18.12s/it]
Epoch 609 | loss : 43881.94, postive loss : 14614.56, negtive loss : 29267.37:  61%|██████    | 609/1000 [2:02:34<1:58:05, 18.12s/it]
Epoch 609 | loss : 43881.94, postive loss : 14614.56, negtive loss : 29267.37:  61%|██████    | 610/1000 [2:02:34<1:58:14, 18.19s/it]
Epoch 610 | loss : 43884.33, postive loss : 14614.55, negtive loss : 29269.77:  61%|██████    | 610/1000 [2:02:52<1:58:14, 18.19s/it]
Epoch 610 | loss : 43884.33, postive loss : 14614.55, negtive loss : 29269.77:  61%|██████    | 611/1000 [2:02:52<1:58:02, 18.21s/it]
Epoch 611 | loss : 43892.13, postive loss : 14614.61, negtive loss : 29277.53:  61%|██████    | 611/1000 [2:03:11<1:58:02, 18.21s/it]
Epoch 611 | loss : 43892.13, postive loss : 14614.61, negtive loss : 29277.53:  61%|██████    | 612/1000 [2:03:11<1:58:27, 18.32s/it]
Epoch 612 | loss : 43882.90, postive loss : 14614.70, negtive loss : 29268.19:  61%|██████    | 612/1000 [2:03:29<1:58:27, 18.32s/it]
Epoch 612 | loss : 43882.90, postive loss : 14614.70, negtive loss : 29268.19:  61%|██████▏   | 613/1000 [2:03:29<1:58:21, 18.35s/it]
Epoch 613 | loss : 43878.02, postive loss : 14614.53, negtive loss : 29263.48:  61%|██████▏   | 613/1000 [2:03:46<1:58:21, 18.35s/it]
Epoch 613 | loss : 43878.02, postive loss : 14614.53, negtive loss : 29263.48:  61%|██████▏   | 614/1000 [2:03:46<1:56:19, 18.08s/it]
Epoch 614 | loss : 43884.58, postive loss : 14614.47, negtive loss : 29270.12:  61%|██████▏   | 614/1000 [2:04:05<1:56:19, 18.08s/it]
Epoch 614 | loss : 43884.58, postive loss : 14614.47, negtive loss : 29270.12:  62%|██████▏   | 615/1000 [2:04:05<1:56:25, 18.14s/it]
Epoch 615 | loss : 43882.07, postive loss : 14614.39, negtive loss : 29267.68:  62%|██████▏   | 615/1000 [2:04:23<1:56:25, 18.14s/it]
Epoch 615 | loss : 43882.07, postive loss : 14614.39, negtive loss : 29267.68:  62%|██████▏   | 616/1000 [2:04:23<1:56:24, 18.19s/it]
Epoch 616 | loss : 43882.92, postive loss : 14614.47, negtive loss : 29268.45:  62%|██████▏   | 616/1000 [2:04:41<1:56:24, 18.19s/it]
Epoch 616 | loss : 43882.92, postive loss : 14614.47, negtive loss : 29268.45:  62%|██████▏   | 617/1000 [2:04:41<1:56:11, 18.20s/it]
Epoch 617 | loss : 43886.44, postive loss : 14614.56, negtive loss : 29271.88:  62%|██████▏   | 617/1000 [2:05:00<1:56:11, 18.20s/it]
Epoch 617 | loss : 43886.44, postive loss : 14614.56, negtive loss : 29271.88:  62%|██████▏   | 618/1000 [2:05:00<1:56:25, 18.29s/it]
Epoch 618 | loss : 43887.40, postive loss : 14614.70, negtive loss : 29272.71:  62%|██████▏   | 618/1000 [2:05:18<1:56:25, 18.29s/it]
Epoch 618 | loss : 43887.40, postive loss : 14614.70, negtive loss : 29272.71:  62%|██████▏   | 619/1000 [2:05:18<1:56:21, 18.32s/it]
Epoch 619 | loss : 43884.04, postive loss : 14614.56, negtive loss : 29269.49:  62%|██████▏   | 619/1000 [2:05:36<1:56:21, 18.32s/it]
Epoch 619 | loss : 43884.04, postive loss : 14614.56, negtive loss : 29269.49:  62%|██████▏   | 620/1000 [2:05:36<1:55:48, 18.29s/it]
Epoch 620 | loss : 43884.43, postive loss : 14614.46, negtive loss : 29269.97:  62%|██████▏   | 620/1000 [2:05:55<1:55:48, 18.29s/it]
Epoch 620 | loss : 43884.43, postive loss : 14614.46, negtive loss : 29269.97:  62%|██████▏   | 621/1000 [2:05:55<1:55:37, 18.30s/it]
Epoch 621 | loss : 43881.55, postive loss : 14614.44, negtive loss : 29267.11:  62%|██████▏   | 621/1000 [2:06:13<1:55:37, 18.30s/it]
Epoch 621 | loss : 43881.55, postive loss : 14614.44, negtive loss : 29267.11:  62%|██████▏   | 622/1000 [2:06:13<1:55:59, 18.41s/it]
Epoch 622 | loss : 43877.22, postive loss : 14614.48, negtive loss : 29262.73:  62%|██████▏   | 622/1000 [2:06:32<1:55:59, 18.41s/it]
Epoch 622 | loss : 43877.22, postive loss : 14614.48, negtive loss : 29262.73:  62%|██████▏   | 623/1000 [2:06:32<1:55:55, 18.45s/it]
Epoch 623 | loss : 43888.26, postive loss : 14614.50, negtive loss : 29273.76:  62%|██████▏   | 623/1000 [2:06:50<1:55:55, 18.45s/it]
Epoch 623 | loss : 43888.26, postive loss : 14614.50, negtive loss : 29273.76:  62%|██████▏   | 624/1000 [2:06:50<1:55:45, 18.47s/it]
Epoch 624 | loss : 43885.62, postive loss : 14614.46, negtive loss : 29271.16:  62%|██████▏   | 624/1000 [2:07:09<1:55:45, 18.47s/it]
Epoch 624 | loss : 43885.62, postive loss : 14614.46, negtive loss : 29271.16:  62%|██████▎   | 625/1000 [2:07:09<1:56:12, 18.59s/it]
Epoch 625 | loss : 43886.88, postive loss : 14614.49, negtive loss : 29272.39:  62%|██████▎   | 625/1000 [2:07:28<1:56:12, 18.59s/it]
Epoch 625 | loss : 43886.88, postive loss : 14614.49, negtive loss : 29272.39:  63%|██████▎   | 626/1000 [2:07:28<1:55:54, 18.59s/it]
Epoch 626 | loss : 43888.64, postive loss : 14614.65, negtive loss : 29273.99:  63%|██████▎   | 626/1000 [2:07:46<1:55:54, 18.59s/it]
Epoch 626 | loss : 43888.64, postive loss : 14614.65, negtive loss : 29273.99:  63%|██████▎   | 627/1000 [2:07:46<1:54:46, 18.46s/it]
Epoch 627 | loss : 43885.67, postive loss : 14614.61, negtive loss : 29271.06:  63%|██████▎   | 627/1000 [2:08:05<1:54:46, 18.46s/it]
Epoch 627 | loss : 43885.67, postive loss : 14614.61, negtive loss : 29271.06:  63%|██████▎   | 628/1000 [2:08:05<1:54:48, 18.52s/it]
Epoch 628 | loss : 43889.39, postive loss : 14614.72, negtive loss : 29274.66:  63%|██████▎   | 628/1000 [2:08:23<1:54:48, 18.52s/it]
Epoch 628 | loss : 43889.39, postive loss : 14614.72, negtive loss : 29274.66:  63%|██████▎   | 629/1000 [2:08:23<1:54:43, 18.55s/it]
Epoch 629 | loss : 43883.55, postive loss : 14614.71, negtive loss : 29268.85:  63%|██████▎   | 629/1000 [2:08:42<1:54:43, 18.55s/it]
Epoch 629 | loss : 43883.55, postive loss : 14614.71, negtive loss : 29268.85:  63%|██████▎   | 630/1000 [2:08:42<1:55:21, 18.71s/it]
Epoch 630 | loss : 43882.91, postive loss : 14614.67, negtive loss : 29268.24:  63%|██████▎   | 630/1000 [2:09:01<1:55:21, 18.71s/it]
Epoch 630 | loss : 43882.91, postive loss : 14614.67, negtive loss : 29268.24:  63%|██████▎   | 631/1000 [2:09:01<1:55:29, 18.78s/it]
Epoch 631 | loss : 43882.49, postive loss : 14614.58, negtive loss : 29267.91:  63%|██████▎   | 631/1000 [2:09:19<1:55:29, 18.78s/it]
Epoch 631 | loss : 43882.49, postive loss : 14614.58, negtive loss : 29267.91:  63%|██████▎   | 632/1000 [2:09:19<1:53:54, 18.57s/it]
Epoch 632 | loss : 43882.89, postive loss : 14614.63, negtive loss : 29268.27:  63%|██████▎   | 632/1000 [2:09:38<1:53:54, 18.57s/it]
Epoch 632 | loss : 43882.89, postive loss : 14614.63, negtive loss : 29268.27:  63%|██████▎   | 633/1000 [2:09:38<1:53:41, 18.59s/it]
Epoch 633 | loss : 43881.37, postive loss : 14614.43, negtive loss : 29266.94:  63%|██████▎   | 633/1000 [2:09:57<1:53:41, 18.59s/it]
Epoch 633 | loss : 43881.37, postive loss : 14614.43, negtive loss : 29266.94:  63%|██████▎   | 634/1000 [2:09:57<1:53:28, 18.60s/it]
Epoch 634 | loss : 43879.95, postive loss : 14614.45, negtive loss : 29265.50:  63%|██████▎   | 634/1000 [2:10:13<1:53:28, 18.60s/it]
Epoch 634 | loss : 43879.95, postive loss : 14614.45, negtive loss : 29265.50:  64%|██████▎   | 635/1000 [2:10:13<1:49:02, 17.92s/it]
Epoch 635 | loss : 43884.03, postive loss : 14614.44, negtive loss : 29269.59:  64%|██████▎   | 635/1000 [2:10:32<1:49:02, 17.92s/it]
Epoch 635 | loss : 43884.03, postive loss : 14614.44, negtive loss : 29269.59:  64%|██████▎   | 636/1000 [2:10:32<1:49:51, 18.11s/it]
Epoch 636 | loss : 43884.42, postive loss : 14614.60, negtive loss : 29269.82:  64%|██████▎   | 636/1000 [2:10:50<1:49:51, 18.11s/it]
Epoch 636 | loss : 43884.42, postive loss : 14614.60, negtive loss : 29269.82:  64%|██████▎   | 637/1000 [2:10:50<1:50:22, 18.24s/it]
Epoch 637 | loss : 43882.74, postive loss : 14614.44, negtive loss : 29268.30:  64%|██████▎   | 637/1000 [2:11:08<1:50:22, 18.24s/it]
Epoch 637 | loss : 43882.74, postive loss : 14614.44, negtive loss : 29268.30:  64%|██████▍   | 638/1000 [2:11:08<1:49:53, 18.21s/it]
Epoch 638 | loss : 43886.51, postive loss : 14614.49, negtive loss : 29272.02:  64%|██████▍   | 638/1000 [2:11:27<1:49:53, 18.21s/it]
Epoch 638 | loss : 43886.51, postive loss : 14614.49, negtive loss : 29272.02:  64%|██████▍   | 639/1000 [2:11:27<1:50:02, 18.29s/it]
Epoch 639 | loss : 43878.14, postive loss : 14614.53, negtive loss : 29263.61:  64%|██████▍   | 639/1000 [2:11:45<1:50:02, 18.29s/it]
Epoch 639 | loss : 43878.14, postive loss : 14614.53, negtive loss : 29263.61:  64%|██████▍   | 640/1000 [2:11:45<1:49:51, 18.31s/it]
Epoch 640 | loss : 43887.75, postive loss : 14614.64, negtive loss : 29273.11:  64%|██████▍   | 640/1000 [2:12:03<1:49:51, 18.31s/it]
Epoch 640 | loss : 43887.75, postive loss : 14614.64, negtive loss : 29273.11:  64%|██████▍   | 641/1000 [2:12:03<1:49:09, 18.24s/it]
Epoch 641 | loss : 43886.18, postive loss : 14614.60, negtive loss : 29271.58:  64%|██████▍   | 641/1000 [2:12:21<1:49:09, 18.24s/it]
Epoch 641 | loss : 43886.18, postive loss : 14614.60, negtive loss : 29271.58:  64%|██████▍   | 642/1000 [2:12:21<1:48:48, 18.24s/it]
Epoch 642 | loss : 43882.85, postive loss : 14614.60, negtive loss : 29268.25:  64%|██████▍   | 642/1000 [2:12:40<1:48:48, 18.24s/it]
Epoch 642 | loss : 43882.85, postive loss : 14614.60, negtive loss : 29268.25:  64%|██████▍   | 643/1000 [2:12:40<1:48:57, 18.31s/it]
Epoch 643 | loss : 43884.13, postive loss : 14614.52, negtive loss : 29269.61:  64%|██████▍   | 643/1000 [2:12:59<1:48:57, 18.31s/it]
Epoch 643 | loss : 43884.13, postive loss : 14614.52, negtive loss : 29269.61:  64%|██████▍   | 644/1000 [2:12:59<1:49:31, 18.46s/it]
Epoch 644 | loss : 43889.03, postive loss : 14614.67, negtive loss : 29274.36:  64%|██████▍   | 644/1000 [2:13:17<1:49:31, 18.46s/it]
Epoch 644 | loss : 43889.03, postive loss : 14614.67, negtive loss : 29274.36:  64%|██████▍   | 645/1000 [2:13:17<1:49:36, 18.52s/it]
Epoch 645 | loss : 43878.67, postive loss : 14614.58, negtive loss : 29264.09:  64%|██████▍   | 645/1000 [2:13:36<1:49:36, 18.52s/it]
Epoch 645 | loss : 43878.67, postive loss : 14614.58, negtive loss : 29264.09:  65%|██████▍   | 646/1000 [2:13:36<1:49:37, 18.58s/it]
Epoch 646 | loss : 43882.09, postive loss : 14614.48, negtive loss : 29267.61:  65%|██████▍   | 646/1000 [2:13:55<1:49:37, 18.58s/it]
Epoch 646 | loss : 43882.09, postive loss : 14614.48, negtive loss : 29267.61:  65%|██████▍   | 647/1000 [2:13:55<1:50:13, 18.74s/it]
Epoch 647 | loss : 43889.18, postive loss : 14614.93, negtive loss : 29274.26:  65%|██████▍   | 647/1000 [2:14:13<1:50:13, 18.74s/it]
Epoch 647 | loss : 43889.18, postive loss : 14614.93, negtive loss : 29274.26:  65%|██████▍   | 648/1000 [2:14:13<1:48:11, 18.44s/it]
Epoch 648 | loss : 43884.62, postive loss : 14614.46, negtive loss : 29270.16:  65%|██████▍   | 648/1000 [2:14:31<1:48:11, 18.44s/it]
Epoch 648 | loss : 43884.62, postive loss : 14614.46, negtive loss : 29270.16:  65%|██████▍   | 649/1000 [2:14:31<1:47:05, 18.31s/it]
Epoch 649 | loss : 43885.57, postive loss : 14614.68, negtive loss : 29270.89:  65%|██████▍   | 649/1000 [2:14:49<1:47:05, 18.31s/it]
Epoch 649 | loss : 43885.57, postive loss : 14614.68, negtive loss : 29270.89:  65%|██████▌   | 650/1000 [2:14:49<1:47:14, 18.38s/it]
Epoch 650 | loss : 43881.91, postive loss : 14614.39, negtive loss : 29267.52:  65%|██████▌   | 650/1000 [2:15:08<1:47:14, 18.38s/it]
Epoch 650 | loss : 43881.91, postive loss : 14614.39, negtive loss : 29267.52:  65%|██████▌   | 651/1000 [2:15:08<1:47:35, 18.50s/it]
Epoch 651 | loss : 43880.84, postive loss : 14614.47, negtive loss : 29266.37:  65%|██████▌   | 651/1000 [2:15:26<1:47:35, 18.50s/it]
Epoch 651 | loss : 43880.84, postive loss : 14614.47, negtive loss : 29266.37:  65%|██████▌   | 652/1000 [2:15:26<1:46:54, 18.43s/it]
Epoch 652 | loss : 43885.20, postive loss : 14614.59, negtive loss : 29270.61:  65%|██████▌   | 652/1000 [2:15:45<1:46:54, 18.43s/it]
Epoch 652 | loss : 43885.20, postive loss : 14614.59, negtive loss : 29270.61:  65%|██████▌   | 653/1000 [2:15:45<1:46:55, 18.49s/it]
Epoch 653 | loss : 43883.29, postive loss : 14614.51, negtive loss : 29268.78:  65%|██████▌   | 653/1000 [2:16:04<1:46:55, 18.49s/it]
Epoch 653 | loss : 43883.29, postive loss : 14614.51, negtive loss : 29268.78:  65%|██████▌   | 654/1000 [2:16:04<1:47:11, 18.59s/it]
Epoch 654 | loss : 43887.74, postive loss : 14614.47, negtive loss : 29273.27:  65%|██████▌   | 654/1000 [2:16:23<1:47:11, 18.59s/it]
Epoch 654 | loss : 43887.74, postive loss : 14614.47, negtive loss : 29273.27:  66%|██████▌   | 655/1000 [2:16:23<1:47:54, 18.77s/it]
Epoch 655 | loss : 43886.60, postive loss : 14614.63, negtive loss : 29271.97:  66%|██████▌   | 655/1000 [2:16:42<1:47:54, 18.77s/it]
Epoch 655 | loss : 43886.60, postive loss : 14614.63, negtive loss : 29271.97:  66%|██████▌   | 656/1000 [2:16:42<1:47:03, 18.67s/it]
Epoch 656 | loss : 43885.72, postive loss : 14614.52, negtive loss : 29271.19:  66%|██████▌   | 656/1000 [2:17:00<1:47:03, 18.67s/it]
Epoch 656 | loss : 43885.72, postive loss : 14614.52, negtive loss : 29271.19:  66%|██████▌   | 657/1000 [2:17:00<1:46:47, 18.68s/it]
Epoch 657 | loss : 43883.30, postive loss : 14614.57, negtive loss : 29268.72:  66%|██████▌   | 657/1000 [2:17:19<1:46:47, 18.68s/it]
Epoch 657 | loss : 43883.30, postive loss : 14614.57, negtive loss : 29268.72:  66%|██████▌   | 658/1000 [2:17:19<1:46:49, 18.74s/it]
Epoch 658 | loss : 43883.30, postive loss : 14614.64, negtive loss : 29268.65:  66%|██████▌   | 658/1000 [2:17:38<1:46:49, 18.74s/it]
Epoch 658 | loss : 43883.30, postive loss : 14614.64, negtive loss : 29268.65:  66%|██████▌   | 659/1000 [2:17:38<1:46:23, 18.72s/it]
Epoch 659 | loss : 43886.06, postive loss : 14614.61, negtive loss : 29271.44:  66%|██████▌   | 659/1000 [2:17:56<1:46:23, 18.72s/it]
Epoch 659 | loss : 43886.06, postive loss : 14614.61, negtive loss : 29271.44:  66%|██████▌   | 660/1000 [2:17:56<1:45:08, 18.56s/it]
Epoch 660 | loss : 43883.37, postive loss : 14614.47, negtive loss : 29268.89:  66%|██████▌   | 660/1000 [2:18:15<1:45:08, 18.56s/it]
Epoch 660 | loss : 43883.37, postive loss : 14614.47, negtive loss : 29268.89:  66%|██████▌   | 661/1000 [2:18:15<1:45:28, 18.67s/it]
Epoch 661 | loss : 43882.20, postive loss : 14614.64, negtive loss : 29267.56:  66%|██████▌   | 661/1000 [2:18:33<1:45:28, 18.67s/it]
Epoch 661 | loss : 43882.20, postive loss : 14614.64, negtive loss : 29267.56:  66%|██████▌   | 662/1000 [2:18:33<1:44:25, 18.54s/it]
Epoch 662 | loss : 43891.96, postive loss : 14614.61, negtive loss : 29277.35:  66%|██████▌   | 662/1000 [2:18:51<1:44:25, 18.54s/it]
Epoch 662 | loss : 43891.96, postive loss : 14614.61, negtive loss : 29277.35:  66%|██████▋   | 663/1000 [2:18:51<1:43:46, 18.48s/it]
Epoch 663 | loss : 43879.62, postive loss : 14614.52, negtive loss : 29265.09:  66%|██████▋   | 663/1000 [2:19:10<1:43:46, 18.48s/it]
Epoch 663 | loss : 43879.62, postive loss : 14614.52, negtive loss : 29265.09:  66%|██████▋   | 664/1000 [2:19:10<1:43:51, 18.55s/it]
Epoch 664 | loss : 43879.33, postive loss : 14614.53, negtive loss : 29264.80:  66%|██████▋   | 664/1000 [2:19:18<1:43:51, 18.55s/it]
Epoch 664 | loss : 43879.33, postive loss : 14614.53, negtive loss : 29264.80:  66%|██████▋   | 665/1000 [2:19:18<1:26:10, 15.43s/it]
Epoch 665 | loss : 43886.44, postive loss : 14614.43, negtive loss : 29272.00:  66%|██████▋   | 665/1000 [2:19:27<1:26:10, 15.43s/it]
Epoch 665 | loss : 43886.44, postive loss : 14614.43, negtive loss : 29272.00:  67%|██████▋   | 666/1000 [2:19:27<1:15:04, 13.49s/it]
Epoch 666 | loss : 43884.33, postive loss : 14614.59, negtive loss : 29269.74:  67%|██████▋   | 666/1000 [2:19:35<1:15:04, 13.49s/it]
Epoch 666 | loss : 43884.33, postive loss : 14614.59, negtive loss : 29269.74:  67%|██████▋   | 667/1000 [2:19:35<1:04:56, 11.70s/it]
Epoch 667 | loss : 43880.17, postive loss : 14614.46, negtive loss : 29265.71:  67%|██████▋   | 667/1000 [2:19:51<1:04:56, 11.70s/it]
Epoch 667 | loss : 43880.17, postive loss : 14614.46, negtive loss : 29265.71:  67%|██████▋   | 668/1000 [2:19:51<1:11:36, 12.94s/it]
Epoch 668 | loss : 43879.77, postive loss : 14614.50, negtive loss : 29265.26:  67%|██████▋   | 668/1000 [2:20:09<1:11:36, 12.94s/it]
Epoch 668 | loss : 43879.77, postive loss : 14614.50, negtive loss : 29265.26:  67%|██████▋   | 669/1000 [2:20:09<1:20:03, 14.51s/it]
Epoch 669 | loss : 43884.15, postive loss : 14614.58, negtive loss : 29269.57:  67%|██████▋   | 669/1000 [2:20:27<1:20:03, 14.51s/it]
Epoch 669 | loss : 43884.15, postive loss : 14614.58, negtive loss : 29269.57:  67%|██████▋   | 670/1000 [2:20:27<1:26:27, 15.72s/it]
Epoch 670 | loss : 43889.74, postive loss : 14614.61, negtive loss : 29275.12:  67%|██████▋   | 670/1000 [2:20:46<1:26:27, 15.72s/it]
Epoch 670 | loss : 43889.74, postive loss : 14614.61, negtive loss : 29275.12:  67%|██████▋   | 671/1000 [2:20:46<1:30:39, 16.53s/it]
Epoch 671 | loss : 43886.18, postive loss : 14614.56, negtive loss : 29271.62:  67%|██████▋   | 671/1000 [2:21:04<1:30:39, 16.53s/it]
Epoch 671 | loss : 43886.18, postive loss : 14614.56, negtive loss : 29271.62:  67%|██████▋   | 672/1000 [2:21:04<1:32:19, 16.89s/it]
Epoch 672 | loss : 43889.20, postive loss : 14614.63, negtive loss : 29274.56:  67%|██████▋   | 672/1000 [2:21:21<1:32:19, 16.89s/it]
Epoch 672 | loss : 43889.20, postive loss : 14614.63, negtive loss : 29274.56:  67%|██████▋   | 673/1000 [2:21:21<1:32:27, 16.97s/it]
Epoch 673 | loss : 43886.55, postive loss : 14614.51, negtive loss : 29272.04:  67%|██████▋   | 673/1000 [2:21:39<1:32:27, 16.97s/it]
Epoch 673 | loss : 43886.55, postive loss : 14614.51, negtive loss : 29272.04:  67%|██████▋   | 674/1000 [2:21:39<1:34:36, 17.41s/it]
Epoch 674 | loss : 43881.87, postive loss : 14614.46, negtive loss : 29267.41:  67%|██████▋   | 674/1000 [2:21:58<1:34:36, 17.41s/it]
Epoch 674 | loss : 43881.87, postive loss : 14614.46, negtive loss : 29267.41:  68%|██████▊   | 675/1000 [2:21:58<1:35:56, 17.71s/it]
Epoch 675 | loss : 43880.49, postive loss : 14614.53, negtive loss : 29265.95:  68%|██████▊   | 675/1000 [2:22:16<1:35:56, 17.71s/it]
Epoch 675 | loss : 43880.49, postive loss : 14614.53, negtive loss : 29265.95:  68%|██████▊   | 676/1000 [2:22:16<1:37:09, 17.99s/it]
Epoch 676 | loss : 43890.05, postive loss : 14614.47, negtive loss : 29275.58:  68%|██████▊   | 676/1000 [2:22:34<1:37:09, 17.99s/it]
Epoch 676 | loss : 43890.05, postive loss : 14614.47, negtive loss : 29275.58:  68%|██████▊   | 677/1000 [2:22:34<1:37:17, 18.07s/it]
Epoch 677 | loss : 43882.51, postive loss : 14614.63, negtive loss : 29267.89:  68%|██████▊   | 677/1000 [2:22:54<1:37:17, 18.07s/it]
Epoch 677 | loss : 43882.51, postive loss : 14614.63, negtive loss : 29267.89:  68%|██████▊   | 678/1000 [2:22:54<1:38:37, 18.38s/it]
Epoch 678 | loss : 43886.59, postive loss : 14614.48, negtive loss : 29272.11:  68%|██████▊   | 678/1000 [2:23:12<1:38:37, 18.38s/it]
Epoch 678 | loss : 43886.59, postive loss : 14614.48, negtive loss : 29272.11:  68%|██████▊   | 679/1000 [2:23:12<1:39:05, 18.52s/it]
Epoch 679 | loss : 43885.03, postive loss : 14614.69, negtive loss : 29270.34:  68%|██████▊   | 679/1000 [2:23:30<1:39:05, 18.52s/it]
Epoch 679 | loss : 43885.03, postive loss : 14614.69, negtive loss : 29270.34:  68%|██████▊   | 680/1000 [2:23:30<1:37:16, 18.24s/it]
Epoch 680 | loss : 43877.49, postive loss : 14614.45, negtive loss : 29263.04:  68%|██████▊   | 680/1000 [2:23:48<1:37:16, 18.24s/it]
Epoch 680 | loss : 43877.49, postive loss : 14614.45, negtive loss : 29263.04:  68%|██████▊   | 681/1000 [2:23:48<1:37:14, 18.29s/it]
Epoch 681 | loss : 43881.09, postive loss : 14614.45, negtive loss : 29266.65:  68%|██████▊   | 681/1000 [2:24:06<1:37:14, 18.29s/it]
Epoch 681 | loss : 43881.09, postive loss : 14614.45, negtive loss : 29266.65:  68%|██████▊   | 682/1000 [2:24:06<1:35:53, 18.09s/it]
Epoch 682 | loss : 43885.13, postive loss : 14614.53, negtive loss : 29270.60:  68%|██████▊   | 682/1000 [2:24:24<1:35:53, 18.09s/it]
Epoch 682 | loss : 43885.13, postive loss : 14614.53, negtive loss : 29270.60:  68%|██████▊   | 683/1000 [2:24:24<1:35:16, 18.03s/it]
Epoch 683 | loss : 43884.44, postive loss : 14614.51, negtive loss : 29269.93:  68%|██████▊   | 683/1000 [2:24:43<1:35:16, 18.03s/it]
Epoch 683 | loss : 43884.44, postive loss : 14614.51, negtive loss : 29269.93:  68%|██████▊   | 684/1000 [2:24:43<1:36:24, 18.30s/it]
Epoch 684 | loss : 43874.16, postive loss : 14614.54, negtive loss : 29259.62:  68%|██████▊   | 684/1000 [2:25:02<1:36:24, 18.30s/it]
Epoch 684 | loss : 43874.16, postive loss : 14614.54, negtive loss : 29259.62:  68%|██████▊   | 685/1000 [2:25:02<1:36:47, 18.44s/it]
Epoch 685 | loss : 43884.00, postive loss : 14614.51, negtive loss : 29269.49:  68%|██████▊   | 685/1000 [2:25:20<1:36:47, 18.44s/it]
Epoch 685 | loss : 43884.00, postive loss : 14614.51, negtive loss : 29269.49:  69%|██████▊   | 686/1000 [2:25:20<1:36:40, 18.47s/it]
Epoch 686 | loss : 43878.06, postive loss : 14614.64, negtive loss : 29263.43:  69%|██████▊   | 686/1000 [2:25:39<1:36:40, 18.47s/it]
Epoch 686 | loss : 43878.06, postive loss : 14614.64, negtive loss : 29263.43:  69%|██████▊   | 687/1000 [2:25:39<1:36:36, 18.52s/it]
Epoch 687 | loss : 43886.89, postive loss : 14614.40, negtive loss : 29272.49:  69%|██████▊   | 687/1000 [2:25:58<1:36:36, 18.52s/it]
Epoch 687 | loss : 43886.89, postive loss : 14614.40, negtive loss : 29272.49:  69%|██████▉   | 688/1000 [2:25:58<1:37:13, 18.70s/it]
Epoch 688 | loss : 43884.30, postive loss : 14614.85, negtive loss : 29269.46:  69%|██████▉   | 688/1000 [2:26:16<1:37:13, 18.70s/it]
Epoch 688 | loss : 43884.30, postive loss : 14614.85, negtive loss : 29269.46:  69%|██████▉   | 689/1000 [2:26:16<1:36:23, 18.60s/it]
Epoch 689 | loss : 43883.19, postive loss : 14614.51, negtive loss : 29268.68:  69%|██████▉   | 689/1000 [2:26:34<1:36:23, 18.60s/it]
Epoch 689 | loss : 43883.19, postive loss : 14614.51, negtive loss : 29268.68:  69%|██████▉   | 690/1000 [2:26:34<1:34:13, 18.24s/it]
Epoch 690 | loss : 43887.49, postive loss : 14614.44, negtive loss : 29273.06:  69%|██████▉   | 690/1000 [2:26:52<1:34:13, 18.24s/it]
Epoch 690 | loss : 43887.49, postive loss : 14614.44, negtive loss : 29273.06:  69%|██████▉   | 691/1000 [2:26:52<1:34:16, 18.31s/it]
Epoch 691 | loss : 43881.66, postive loss : 14614.53, negtive loss : 29267.13:  69%|██████▉   | 691/1000 [2:27:11<1:34:16, 18.31s/it]
Epoch 691 | loss : 43881.66, postive loss : 14614.53, negtive loss : 29267.13:  69%|██████▉   | 692/1000 [2:27:11<1:34:12, 18.35s/it]
Epoch 692 | loss : 43881.30, postive loss : 14614.54, negtive loss : 29266.75:  69%|██████▉   | 692/1000 [2:27:29<1:34:12, 18.35s/it]
Epoch 692 | loss : 43881.30, postive loss : 14614.54, negtive loss : 29266.75:  69%|██████▉   | 693/1000 [2:27:29<1:33:49, 18.34s/it]
Epoch 693 | loss : 43881.23, postive loss : 14614.47, negtive loss : 29266.76:  69%|██████▉   | 693/1000 [2:27:46<1:33:49, 18.34s/it]
Epoch 693 | loss : 43881.23, postive loss : 14614.47, negtive loss : 29266.76:  69%|██████▉   | 694/1000 [2:27:46<1:32:18, 18.10s/it]
Epoch 694 | loss : 43881.53, postive loss : 14614.43, negtive loss : 29267.10:  69%|██████▉   | 694/1000 [2:28:02<1:32:18, 18.10s/it]
Epoch 694 | loss : 43881.53, postive loss : 14614.43, negtive loss : 29267.10:  70%|██████▉   | 695/1000 [2:28:02<1:28:37, 17.43s/it]
Epoch 695 | loss : 43884.87, postive loss : 14614.49, negtive loss : 29270.39:  70%|██████▉   | 695/1000 [2:28:21<1:28:37, 17.43s/it]
Epoch 695 | loss : 43884.87, postive loss : 14614.49, negtive loss : 29270.39:  70%|██████▉   | 696/1000 [2:28:21<1:29:27, 17.65s/it]
Epoch 696 | loss : 43885.11, postive loss : 14614.57, negtive loss : 29270.54:  70%|██████▉   | 696/1000 [2:28:39<1:29:27, 17.65s/it]
Epoch 696 | loss : 43885.11, postive loss : 14614.57, negtive loss : 29270.54:  70%|██████▉   | 697/1000 [2:28:39<1:30:33, 17.93s/it]
Epoch 697 | loss : 43881.26, postive loss : 14614.39, negtive loss : 29266.87:  70%|██████▉   | 697/1000 [2:28:57<1:30:33, 17.93s/it]
Epoch 697 | loss : 43881.26, postive loss : 14614.39, negtive loss : 29266.87:  70%|██████▉   | 698/1000 [2:28:57<1:30:49, 18.05s/it]
Epoch 698 | loss : 43886.15, postive loss : 14614.53, negtive loss : 29271.62:  70%|██████▉   | 698/1000 [2:29:16<1:30:49, 18.05s/it]
Epoch 698 | loss : 43886.15, postive loss : 14614.53, negtive loss : 29271.62:  70%|██████▉   | 699/1000 [2:29:16<1:31:02, 18.15s/it]
Epoch 699 | loss : 43881.06, postive loss : 14614.56, negtive loss : 29266.50:  70%|██████▉   | 699/1000 [2:29:34<1:31:02, 18.15s/it]
Epoch 699 | loss : 43881.06, postive loss : 14614.56, negtive loss : 29266.50:  70%|███████   | 700/1000 [2:29:34<1:30:32, 18.11s/it]
Epoch 700 | loss : 43885.42, postive loss : 14614.45, negtive loss : 29270.97:  70%|███████   | 700/1000 [2:29:52<1:30:32, 18.11s/it]
Epoch 700 | loss : 43885.42, postive loss : 14614.45, negtive loss : 29270.97:  70%|███████   | 701/1000 [2:29:52<1:30:23, 18.14s/it]
Epoch 701 | loss : 43887.27, postive loss : 14614.58, negtive loss : 29272.69:  70%|███████   | 701/1000 [2:30:11<1:30:23, 18.14s/it]
Epoch 701 | loss : 43887.27, postive loss : 14614.58, negtive loss : 29272.69:  70%|███████   | 702/1000 [2:30:11<1:30:46, 18.28s/it]
Epoch 702 | loss : 43880.37, postive loss : 14614.58, negtive loss : 29265.79:  70%|███████   | 702/1000 [2:30:29<1:30:46, 18.28s/it]
Epoch 702 | loss : 43880.37, postive loss : 14614.58, negtive loss : 29265.79:  70%|███████   | 703/1000 [2:30:29<1:30:53, 18.36s/it]
Epoch 703 | loss : 43879.36, postive loss : 14614.39, negtive loss : 29264.97:  70%|███████   | 703/1000 [2:30:48<1:30:53, 18.36s/it]
Epoch 703 | loss : 43879.36, postive loss : 14614.39, negtive loss : 29264.97:  70%|███████   | 704/1000 [2:30:48<1:31:05, 18.46s/it]
Epoch 704 | loss : 43883.50, postive loss : 14614.45, negtive loss : 29269.05:  70%|███████   | 704/1000 [2:31:06<1:31:05, 18.46s/it]
Epoch 704 | loss : 43883.50, postive loss : 14614.45, negtive loss : 29269.05:  70%|███████   | 705/1000 [2:31:06<1:30:40, 18.44s/it]
Epoch 705 | loss : 43878.20, postive loss : 14614.48, negtive loss : 29263.71:  70%|███████   | 705/1000 [2:31:25<1:30:40, 18.44s/it]
Epoch 705 | loss : 43878.20, postive loss : 14614.48, negtive loss : 29263.71:  71%|███████   | 706/1000 [2:31:25<1:30:16, 18.42s/it]
Epoch 706 | loss : 43882.43, postive loss : 14614.55, negtive loss : 29267.88:  71%|███████   | 706/1000 [2:31:43<1:30:16, 18.42s/it]
Epoch 706 | loss : 43882.43, postive loss : 14614.55, negtive loss : 29267.88:  71%|███████   | 707/1000 [2:31:43<1:30:08, 18.46s/it]
Epoch 707 | loss : 43884.93, postive loss : 14614.50, negtive loss : 29270.43:  71%|███████   | 707/1000 [2:32:00<1:30:08, 18.46s/it]
Epoch 707 | loss : 43884.93, postive loss : 14614.50, negtive loss : 29270.43:  71%|███████   | 708/1000 [2:32:00<1:28:04, 18.10s/it]
Epoch 708 | loss : 43885.69, postive loss : 14614.49, negtive loss : 29271.20:  71%|███████   | 708/1000 [2:32:19<1:28:04, 18.10s/it]
Epoch 708 | loss : 43885.69, postive loss : 14614.49, negtive loss : 29271.20:  71%|███████   | 709/1000 [2:32:19<1:27:51, 18.12s/it]
Epoch 709 | loss : 43880.59, postive loss : 14614.51, negtive loss : 29266.08:  71%|███████   | 709/1000 [2:32:37<1:27:51, 18.12s/it]
Epoch 709 | loss : 43880.59, postive loss : 14614.51, negtive loss : 29266.08:  71%|███████   | 710/1000 [2:32:37<1:27:54, 18.19s/it]
Epoch 710 | loss : 43887.23, postive loss : 14614.55, negtive loss : 29272.69:  71%|███████   | 710/1000 [2:32:55<1:27:54, 18.19s/it]
Epoch 710 | loss : 43887.23, postive loss : 14614.55, negtive loss : 29272.69:  71%|███████   | 711/1000 [2:32:55<1:27:57, 18.26s/it]
Epoch 711 | loss : 43883.35, postive loss : 14614.47, negtive loss : 29268.88:  71%|███████   | 711/1000 [2:33:14<1:27:57, 18.26s/it]
Epoch 711 | loss : 43883.35, postive loss : 14614.47, negtive loss : 29268.88:  71%|███████   | 712/1000 [2:33:14<1:28:29, 18.44s/it]
Epoch 712 | loss : 43878.82, postive loss : 14614.52, negtive loss : 29264.30:  71%|███████   | 712/1000 [2:33:33<1:28:29, 18.44s/it]
Epoch 712 | loss : 43878.82, postive loss : 14614.52, negtive loss : 29264.30:  71%|███████▏  | 713/1000 [2:33:33<1:28:08, 18.43s/it]
Epoch 713 | loss : 43884.08, postive loss : 14614.68, negtive loss : 29269.41:  71%|███████▏  | 713/1000 [2:33:51<1:28:08, 18.43s/it]
Epoch 713 | loss : 43884.08, postive loss : 14614.68, negtive loss : 29269.41:  71%|███████▏  | 714/1000 [2:33:51<1:27:30, 18.36s/it]
Epoch 714 | loss : 43886.20, postive loss : 14614.51, negtive loss : 29271.69:  71%|███████▏  | 714/1000 [2:34:09<1:27:30, 18.36s/it]
Epoch 714 | loss : 43886.20, postive loss : 14614.51, negtive loss : 29271.69:  72%|███████▏  | 715/1000 [2:34:09<1:27:28, 18.42s/it]
Epoch 715 | loss : 43877.25, postive loss : 14614.38, negtive loss : 29262.87:  72%|███████▏  | 715/1000 [2:34:28<1:27:28, 18.42s/it]
Epoch 715 | loss : 43877.25, postive loss : 14614.38, negtive loss : 29262.87:  72%|███████▏  | 716/1000 [2:34:28<1:27:49, 18.56s/it]
Epoch 716 | loss : 43882.05, postive loss : 14614.54, negtive loss : 29267.51:  72%|███████▏  | 716/1000 [2:34:47<1:27:49, 18.56s/it]
Epoch 716 | loss : 43882.05, postive loss : 14614.54, negtive loss : 29267.51:  72%|███████▏  | 717/1000 [2:34:47<1:27:46, 18.61s/it]
Epoch 717 | loss : 43883.43, postive loss : 14614.55, negtive loss : 29268.88:  72%|███████▏  | 717/1000 [2:35:06<1:27:46, 18.61s/it]
Epoch 717 | loss : 43883.43, postive loss : 14614.55, negtive loss : 29268.88:  72%|███████▏  | 718/1000 [2:35:06<1:27:37, 18.64s/it]
Epoch 718 | loss : 43886.66, postive loss : 14614.46, negtive loss : 29272.19:  72%|███████▏  | 718/1000 [2:35:24<1:27:37, 18.64s/it]
Epoch 718 | loss : 43886.66, postive loss : 14614.46, negtive loss : 29272.19:  72%|███████▏  | 719/1000 [2:35:24<1:26:53, 18.55s/it]
Epoch 719 | loss : 43882.78, postive loss : 14614.55, negtive loss : 29268.22:  72%|███████▏  | 719/1000 [2:35:42<1:26:53, 18.55s/it]
Epoch 719 | loss : 43882.78, postive loss : 14614.55, negtive loss : 29268.22:  72%|███████▏  | 720/1000 [2:35:42<1:26:09, 18.46s/it]
Epoch 720 | loss : 43881.46, postive loss : 14614.44, negtive loss : 29267.02:  72%|███████▏  | 720/1000 [2:36:01<1:26:09, 18.46s/it]
Epoch 720 | loss : 43881.46, postive loss : 14614.44, negtive loss : 29267.02:  72%|███████▏  | 721/1000 [2:36:01<1:25:56, 18.48s/it]
Epoch 721 | loss : 43885.60, postive loss : 14614.51, negtive loss : 29271.10:  72%|███████▏  | 721/1000 [2:36:19<1:25:56, 18.48s/it]
Epoch 721 | loss : 43885.60, postive loss : 14614.51, negtive loss : 29271.10:  72%|███████▏  | 722/1000 [2:36:19<1:25:38, 18.49s/it]
Epoch 722 | loss : 43883.50, postive loss : 14614.50, negtive loss : 29269.00:  72%|███████▏  | 722/1000 [2:36:38<1:25:38, 18.49s/it]
Epoch 722 | loss : 43883.50, postive loss : 14614.50, negtive loss : 29269.00:  72%|███████▏  | 723/1000 [2:36:38<1:25:20, 18.48s/it]
Epoch 723 | loss : 43886.94, postive loss : 14614.43, negtive loss : 29272.51:  72%|███████▏  | 723/1000 [2:36:56<1:25:20, 18.48s/it]
Epoch 723 | loss : 43886.94, postive loss : 14614.43, negtive loss : 29272.51:  72%|███████▏  | 724/1000 [2:36:56<1:24:10, 18.30s/it]
Epoch 724 | loss : 43882.54, postive loss : 14614.68, negtive loss : 29267.85:  72%|███████▏  | 724/1000 [2:37:12<1:24:10, 18.30s/it]
Epoch 724 | loss : 43882.54, postive loss : 14614.68, negtive loss : 29267.85:  72%|███████▎  | 725/1000 [2:37:12<1:21:44, 17.84s/it]
Epoch 725 | loss : 43888.22, postive loss : 14614.54, negtive loss : 29273.69:  72%|███████▎  | 725/1000 [2:37:28<1:21:44, 17.84s/it]
Epoch 725 | loss : 43888.22, postive loss : 14614.54, negtive loss : 29273.69:  73%|███████▎  | 726/1000 [2:37:28<1:18:37, 17.22s/it]
Epoch 726 | loss : 43880.60, postive loss : 14614.52, negtive loss : 29266.08:  73%|███████▎  | 726/1000 [2:37:47<1:18:37, 17.22s/it]
Epoch 726 | loss : 43880.60, postive loss : 14614.52, negtive loss : 29266.08:  73%|███████▎  | 727/1000 [2:37:47<1:20:31, 17.70s/it]
Epoch 727 | loss : 43882.87, postive loss : 14614.53, negtive loss : 29268.33:  73%|███████▎  | 727/1000 [2:38:06<1:20:31, 17.70s/it]
Epoch 727 | loss : 43882.87, postive loss : 14614.53, negtive loss : 29268.33:  73%|███████▎  | 728/1000 [2:38:06<1:21:23, 17.96s/it]
Epoch 728 | loss : 43885.07, postive loss : 14614.45, negtive loss : 29270.62:  73%|███████▎  | 728/1000 [2:38:24<1:21:23, 17.96s/it]
Epoch 728 | loss : 43885.07, postive loss : 14614.45, negtive loss : 29270.62:  73%|███████▎  | 729/1000 [2:38:24<1:21:38, 18.08s/it]
Epoch 729 | loss : 43885.75, postive loss : 14614.53, negtive loss : 29271.22:  73%|███████▎  | 729/1000 [2:38:43<1:21:38, 18.08s/it]
Epoch 729 | loss : 43885.75, postive loss : 14614.53, negtive loss : 29271.22:  73%|███████▎  | 730/1000 [2:38:43<1:22:01, 18.23s/it]
Epoch 730 | loss : 43881.59, postive loss : 14614.43, negtive loss : 29267.15:  73%|███████▎  | 730/1000 [2:39:01<1:22:01, 18.23s/it]
Epoch 730 | loss : 43881.59, postive loss : 14614.43, negtive loss : 29267.15:  73%|███████▎  | 731/1000 [2:39:01<1:21:42, 18.23s/it]
Epoch 731 | loss : 43881.12, postive loss : 14614.52, negtive loss : 29266.60:  73%|███████▎  | 731/1000 [2:39:19<1:21:42, 18.23s/it]
Epoch 731 | loss : 43881.12, postive loss : 14614.52, negtive loss : 29266.60:  73%|███████▎  | 732/1000 [2:39:19<1:21:44, 18.30s/it]
Epoch 732 | loss : 43881.09, postive loss : 14614.44, negtive loss : 29266.65:  73%|███████▎  | 732/1000 [2:39:38<1:21:44, 18.30s/it]
Epoch 732 | loss : 43881.09, postive loss : 14614.44, negtive loss : 29266.65:  73%|███████▎  | 733/1000 [2:39:38<1:21:24, 18.30s/it]
Epoch 733 | loss : 43885.01, postive loss : 14614.81, negtive loss : 29270.20:  73%|███████▎  | 733/1000 [2:39:57<1:21:24, 18.30s/it]
Epoch 733 | loss : 43885.01, postive loss : 14614.81, negtive loss : 29270.20:  73%|███████▎  | 734/1000 [2:39:57<1:22:11, 18.54s/it]
Epoch 734 | loss : 43875.51, postive loss : 14614.46, negtive loss : 29261.05:  73%|███████▎  | 734/1000 [2:40:15<1:22:11, 18.54s/it]
Epoch 734 | loss : 43875.51, postive loss : 14614.46, negtive loss : 29261.05:  74%|███████▎  | 735/1000 [2:40:15<1:21:39, 18.49s/it]
Epoch 735 | loss : 43883.17, postive loss : 14614.53, negtive loss : 29268.64:  74%|███████▎  | 735/1000 [2:40:32<1:21:39, 18.49s/it]
Epoch 735 | loss : 43883.17, postive loss : 14614.53, negtive loss : 29268.64:  74%|███████▎  | 736/1000 [2:40:32<1:19:30, 18.07s/it]
Epoch 736 | loss : 43886.03, postive loss : 14614.53, negtive loss : 29271.51:  74%|███████▎  | 736/1000 [2:40:51<1:19:30, 18.07s/it]
Epoch 736 | loss : 43886.03, postive loss : 14614.53, negtive loss : 29271.51:  74%|███████▎  | 737/1000 [2:40:51<1:19:56, 18.24s/it]
Epoch 737 | loss : 43880.54, postive loss : 14614.56, negtive loss : 29265.98:  74%|███████▎  | 737/1000 [2:41:10<1:19:56, 18.24s/it]
Epoch 737 | loss : 43880.54, postive loss : 14614.56, negtive loss : 29265.98:  74%|███████▍  | 738/1000 [2:41:10<1:20:42, 18.48s/it]
Epoch 738 | loss : 43883.37, postive loss : 14614.49, negtive loss : 29268.88:  74%|███████▍  | 738/1000 [2:41:29<1:20:42, 18.48s/it]
Epoch 738 | loss : 43883.37, postive loss : 14614.49, negtive loss : 29268.88:  74%|███████▍  | 739/1000 [2:41:29<1:21:04, 18.64s/it]
Epoch 739 | loss : 43880.95, postive loss : 14614.45, negtive loss : 29266.50:  74%|███████▍  | 739/1000 [2:41:48<1:21:04, 18.64s/it]
Epoch 739 | loss : 43880.95, postive loss : 14614.45, negtive loss : 29266.50:  74%|███████▍  | 740/1000 [2:41:48<1:21:10, 18.73s/it]
Epoch 740 | loss : 43883.81, postive loss : 14614.45, negtive loss : 29269.36:  74%|███████▍  | 740/1000 [2:42:05<1:21:10, 18.73s/it]
Epoch 740 | loss : 43883.81, postive loss : 14614.45, negtive loss : 29269.36:  74%|███████▍  | 741/1000 [2:42:05<1:18:43, 18.24s/it]
Epoch 741 | loss : 43882.73, postive loss : 14614.62, negtive loss : 29268.11:  74%|███████▍  | 741/1000 [2:42:23<1:18:43, 18.24s/it]
Epoch 741 | loss : 43882.73, postive loss : 14614.62, negtive loss : 29268.11:  74%|███████▍  | 742/1000 [2:42:23<1:18:08, 18.17s/it]
Epoch 742 | loss : 43877.28, postive loss : 14614.46, negtive loss : 29262.82:  74%|███████▍  | 742/1000 [2:42:42<1:18:08, 18.17s/it]
Epoch 742 | loss : 43877.28, postive loss : 14614.46, negtive loss : 29262.82:  74%|███████▍  | 743/1000 [2:42:42<1:18:50, 18.41s/it]
Epoch 743 | loss : 43886.22, postive loss : 14614.55, negtive loss : 29271.67:  74%|███████▍  | 743/1000 [2:43:00<1:18:50, 18.41s/it]
Epoch 743 | loss : 43886.22, postive loss : 14614.55, negtive loss : 29271.67:  74%|███████▍  | 744/1000 [2:43:00<1:18:57, 18.51s/it]
Epoch 744 | loss : 43884.44, postive loss : 14614.42, negtive loss : 29270.02:  74%|███████▍  | 744/1000 [2:43:18<1:18:57, 18.51s/it]
Epoch 744 | loss : 43884.44, postive loss : 14614.42, negtive loss : 29270.02:  74%|███████▍  | 745/1000 [2:43:18<1:17:57, 18.34s/it]
Epoch 745 | loss : 43881.14, postive loss : 14614.61, negtive loss : 29266.53:  74%|███████▍  | 745/1000 [2:43:37<1:17:57, 18.34s/it]
Epoch 745 | loss : 43881.14, postive loss : 14614.61, negtive loss : 29266.53:  75%|███████▍  | 746/1000 [2:43:37<1:17:42, 18.35s/it]
Epoch 746 | loss : 43883.96, postive loss : 14614.49, negtive loss : 29269.47:  75%|███████▍  | 746/1000 [2:43:53<1:17:42, 18.35s/it]
Epoch 746 | loss : 43883.96, postive loss : 14614.49, negtive loss : 29269.47:  75%|███████▍  | 747/1000 [2:43:53<1:14:04, 17.57s/it]
Epoch 747 | loss : 43883.69, postive loss : 14614.59, negtive loss : 29269.10:  75%|███████▍  | 747/1000 [2:44:11<1:14:04, 17.57s/it]
Epoch 747 | loss : 43883.69, postive loss : 14614.59, negtive loss : 29269.10:  75%|███████▍  | 748/1000 [2:44:11<1:15:03, 17.87s/it]
Epoch 748 | loss : 43885.52, postive loss : 14614.59, negtive loss : 29270.93:  75%|███████▍  | 748/1000 [2:44:30<1:15:03, 17.87s/it]
Epoch 748 | loss : 43885.52, postive loss : 14614.59, negtive loss : 29270.93:  75%|███████▍  | 749/1000 [2:44:30<1:15:46, 18.11s/it]
Epoch 749 | loss : 43885.39, postive loss : 14614.48, negtive loss : 29270.91:  75%|███████▍  | 749/1000 [2:44:49<1:15:46, 18.11s/it]
Epoch 749 | loss : 43885.39, postive loss : 14614.48, negtive loss : 29270.91:  75%|███████▌  | 750/1000 [2:44:49<1:16:20, 18.32s/it]
Epoch 750 | loss : 43879.47, postive loss : 14614.56, negtive loss : 29264.91:  75%|███████▌  | 750/1000 [2:45:07<1:16:20, 18.32s/it]
Epoch 750 | loss : 43879.47, postive loss : 14614.56, negtive loss : 29264.91:  75%|███████▌  | 751/1000 [2:45:07<1:15:31, 18.20s/it]
Epoch 751 | loss : 43886.82, postive loss : 14614.52, negtive loss : 29272.30:  75%|███████▌  | 751/1000 [2:45:25<1:15:31, 18.20s/it]
Epoch 751 | loss : 43886.82, postive loss : 14614.52, negtive loss : 29272.30:  75%|███████▌  | 752/1000 [2:45:25<1:15:34, 18.28s/it]
Epoch 752 | loss : 43882.70, postive loss : 14614.68, negtive loss : 29268.02:  75%|███████▌  | 752/1000 [2:45:43<1:15:34, 18.28s/it]
Epoch 752 | loss : 43882.70, postive loss : 14614.68, negtive loss : 29268.02:  75%|███████▌  | 753/1000 [2:45:43<1:14:54, 18.20s/it]
Epoch 753 | loss : 43883.17, postive loss : 14614.43, negtive loss : 29268.74:  75%|███████▌  | 753/1000 [2:46:01<1:14:54, 18.20s/it]
Epoch 753 | loss : 43883.17, postive loss : 14614.43, negtive loss : 29268.74:  75%|███████▌  | 754/1000 [2:46:01<1:14:36, 18.20s/it]
Epoch 754 | loss : 43881.08, postive loss : 14614.51, negtive loss : 29266.57:  75%|███████▌  | 754/1000 [2:46:19<1:14:36, 18.20s/it]
Epoch 754 | loss : 43881.08, postive loss : 14614.51, negtive loss : 29266.57:  76%|███████▌  | 755/1000 [2:46:19<1:13:26, 17.98s/it]
Epoch 755 | loss : 43880.40, postive loss : 14614.44, negtive loss : 29265.96:  76%|███████▌  | 755/1000 [2:46:29<1:13:26, 17.98s/it]
Epoch 755 | loss : 43880.40, postive loss : 14614.44, negtive loss : 29265.96:  76%|███████▌  | 756/1000 [2:46:29<1:03:11, 15.54s/it]
Epoch 756 | loss : 43882.54, postive loss : 14614.52, negtive loss : 29268.02:  76%|███████▌  | 756/1000 [2:46:37<1:03:11, 15.54s/it]
Epoch 756 | loss : 43882.54, postive loss : 14614.52, negtive loss : 29268.02:  76%|███████▌  | 757/1000 [2:46:37<54:13, 13.39s/it]  
Epoch 757 | loss : 43883.84, postive loss : 14614.55, negtive loss : 29269.29:  76%|███████▌  | 757/1000 [2:46:45<54:13, 13.39s/it]
Epoch 757 | loss : 43883.84, postive loss : 14614.55, negtive loss : 29269.29:  76%|███████▌  | 758/1000 [2:46:45<47:58, 11.89s/it]
Epoch 758 | loss : 43882.81, postive loss : 14614.37, negtive loss : 29268.44:  76%|███████▌  | 758/1000 [2:47:01<47:58, 11.89s/it]
Epoch 758 | loss : 43882.81, postive loss : 14614.37, negtive loss : 29268.44:  76%|███████▌  | 759/1000 [2:47:01<51:45, 12.89s/it]
Epoch 759 | loss : 43880.63, postive loss : 14614.57, negtive loss : 29266.07:  76%|███████▌  | 759/1000 [2:47:19<51:45, 12.89s/it]
Epoch 759 | loss : 43880.63, postive loss : 14614.57, negtive loss : 29266.07:  76%|███████▌  | 760/1000 [2:47:19<58:18, 14.58s/it]
Epoch 760 | loss : 43882.90, postive loss : 14614.63, negtive loss : 29268.27:  76%|███████▌  | 760/1000 [2:47:38<58:18, 14.58s/it]
Epoch 760 | loss : 43882.90, postive loss : 14614.63, negtive loss : 29268.27:  76%|███████▌  | 761/1000 [2:47:38<1:02:41, 15.74s/it]
Epoch 761 | loss : 43880.08, postive loss : 14614.50, negtive loss : 29265.58:  76%|███████▌  | 761/1000 [2:47:56<1:02:41, 15.74s/it]
Epoch 761 | loss : 43880.08, postive loss : 14614.50, negtive loss : 29265.58:  76%|███████▌  | 762/1000 [2:47:56<1:06:06, 16.67s/it]
Epoch 762 | loss : 43886.23, postive loss : 14614.49, negtive loss : 29271.74:  76%|███████▌  | 762/1000 [2:48:14<1:06:06, 16.67s/it]
Epoch 762 | loss : 43886.23, postive loss : 14614.49, negtive loss : 29271.74:  76%|███████▋  | 763/1000 [2:48:14<1:06:41, 16.89s/it]
Epoch 763 | loss : 43884.28, postive loss : 14614.78, negtive loss : 29269.49:  76%|███████▋  | 763/1000 [2:48:32<1:06:41, 16.89s/it]
Epoch 763 | loss : 43884.28, postive loss : 14614.78, negtive loss : 29269.49:  76%|███████▋  | 764/1000 [2:48:32<1:07:38, 17.20s/it]
Epoch 764 | loss : 43881.82, postive loss : 14614.54, negtive loss : 29267.28:  76%|███████▋  | 764/1000 [2:48:50<1:07:38, 17.20s/it]
Epoch 764 | loss : 43881.82, postive loss : 14614.54, negtive loss : 29267.28:  76%|███████▋  | 765/1000 [2:48:50<1:09:14, 17.68s/it]
Epoch 765 | loss : 43883.61, postive loss : 14614.59, negtive loss : 29269.02:  76%|███████▋  | 765/1000 [2:49:09<1:09:14, 17.68s/it]
Epoch 765 | loss : 43883.61, postive loss : 14614.59, negtive loss : 29269.02:  77%|███████▋  | 766/1000 [2:49:09<1:10:25, 18.06s/it]
Epoch 766 | loss : 43882.72, postive loss : 14614.61, negtive loss : 29268.11:  77%|███████▋  | 766/1000 [2:49:29<1:10:25, 18.06s/it]
Epoch 766 | loss : 43882.72, postive loss : 14614.61, negtive loss : 29268.11:  77%|███████▋  | 767/1000 [2:49:29<1:11:32, 18.42s/it]
Epoch 767 | loss : 43883.37, postive loss : 14614.45, negtive loss : 29268.92:  77%|███████▋  | 767/1000 [2:49:47<1:11:32, 18.42s/it]
Epoch 767 | loss : 43883.37, postive loss : 14614.45, negtive loss : 29268.92:  77%|███████▋  | 768/1000 [2:49:47<1:11:17, 18.44s/it]
Epoch 768 | loss : 43885.41, postive loss : 14614.63, negtive loss : 29270.79:  77%|███████▋  | 768/1000 [2:50:04<1:11:17, 18.44s/it]
Epoch 768 | loss : 43885.41, postive loss : 14614.63, negtive loss : 29270.79:  77%|███████▋  | 769/1000 [2:50:04<1:09:40, 18.10s/it]
Epoch 769 | loss : 43883.96, postive loss : 14614.55, negtive loss : 29269.41:  77%|███████▋  | 769/1000 [2:50:23<1:09:40, 18.10s/it]
Epoch 769 | loss : 43883.96, postive loss : 14614.55, negtive loss : 29269.41:  77%|███████▋  | 770/1000 [2:50:23<1:10:13, 18.32s/it]
Epoch 770 | loss : 43885.78, postive loss : 14614.60, negtive loss : 29271.18:  77%|███████▋  | 770/1000 [2:50:41<1:10:13, 18.32s/it]
Epoch 770 | loss : 43885.78, postive loss : 14614.60, negtive loss : 29271.18:  77%|███████▋  | 771/1000 [2:50:41<1:08:49, 18.03s/it]
Epoch 771 | loss : 43882.12, postive loss : 14614.57, negtive loss : 29267.55:  77%|███████▋  | 771/1000 [2:50:58<1:08:49, 18.03s/it]
Epoch 771 | loss : 43882.12, postive loss : 14614.57, negtive loss : 29267.55:  77%|███████▋  | 772/1000 [2:50:58<1:08:07, 17.93s/it]
Epoch 772 | loss : 43884.50, postive loss : 14614.55, negtive loss : 29269.95:  77%|███████▋  | 772/1000 [2:51:17<1:08:07, 17.93s/it]
Epoch 772 | loss : 43884.50, postive loss : 14614.55, negtive loss : 29269.95:  77%|███████▋  | 773/1000 [2:51:17<1:08:35, 18.13s/it]
Epoch 773 | loss : 43892.13, postive loss : 14614.42, negtive loss : 29277.71:  77%|███████▋  | 773/1000 [2:51:35<1:08:35, 18.13s/it]
Epoch 773 | loss : 43892.13, postive loss : 14614.42, negtive loss : 29277.71:  77%|███████▋  | 774/1000 [2:51:35<1:08:38, 18.22s/it]
Epoch 774 | loss : 43882.40, postive loss : 14614.56, negtive loss : 29267.83:  77%|███████▋  | 774/1000 [2:51:53<1:08:38, 18.22s/it]
Epoch 774 | loss : 43882.40, postive loss : 14614.56, negtive loss : 29267.83:  78%|███████▊  | 775/1000 [2:51:53<1:07:48, 18.08s/it]
Epoch 775 | loss : 43885.65, postive loss : 14614.46, negtive loss : 29271.19:  78%|███████▊  | 775/1000 [2:52:12<1:07:48, 18.08s/it]
Epoch 775 | loss : 43885.65, postive loss : 14614.46, negtive loss : 29271.19:  78%|███████▊  | 776/1000 [2:52:12<1:07:51, 18.18s/it]
Epoch 776 | loss : 43880.21, postive loss : 14614.67, negtive loss : 29265.54:  78%|███████▊  | 776/1000 [2:52:31<1:07:51, 18.18s/it]
Epoch 776 | loss : 43880.21, postive loss : 14614.67, negtive loss : 29265.54:  78%|███████▊  | 777/1000 [2:52:31<1:08:31, 18.44s/it]
Epoch 777 | loss : 43879.97, postive loss : 14614.46, negtive loss : 29265.50:  78%|███████▊  | 777/1000 [2:52:49<1:08:31, 18.44s/it]
Epoch 777 | loss : 43879.97, postive loss : 14614.46, negtive loss : 29265.50:  78%|███████▊  | 778/1000 [2:52:49<1:08:29, 18.51s/it]
Epoch 778 | loss : 43884.65, postive loss : 14614.43, negtive loss : 29270.23:  78%|███████▊  | 778/1000 [2:53:08<1:08:29, 18.51s/it]
Epoch 778 | loss : 43884.65, postive loss : 14614.43, negtive loss : 29270.23:  78%|███████▊  | 779/1000 [2:53:08<1:08:46, 18.67s/it]
Epoch 779 | loss : 43879.83, postive loss : 14614.44, negtive loss : 29265.39:  78%|███████▊  | 779/1000 [2:53:26<1:08:46, 18.67s/it]
Epoch 779 | loss : 43879.83, postive loss : 14614.44, negtive loss : 29265.39:  78%|███████▊  | 780/1000 [2:53:26<1:07:01, 18.28s/it]
Epoch 780 | loss : 43877.35, postive loss : 14614.31, negtive loss : 29263.04:  78%|███████▊  | 780/1000 [2:53:43<1:07:01, 18.28s/it]
Epoch 780 | loss : 43877.35, postive loss : 14614.31, negtive loss : 29263.04:  78%|███████▊  | 781/1000 [2:53:43<1:06:11, 18.13s/it]
Epoch 781 | loss : 43883.66, postive loss : 14614.42, negtive loss : 29269.24:  78%|███████▊  | 781/1000 [2:54:02<1:06:11, 18.13s/it]
Epoch 781 | loss : 43883.66, postive loss : 14614.42, negtive loss : 29269.24:  78%|███████▊  | 782/1000 [2:54:02<1:06:01, 18.17s/it]
Epoch 782 | loss : 43877.09, postive loss : 14614.33, negtive loss : 29262.76:  78%|███████▊  | 782/1000 [2:54:20<1:06:01, 18.17s/it]
Epoch 782 | loss : 43877.09, postive loss : 14614.33, negtive loss : 29262.76:  78%|███████▊  | 783/1000 [2:54:20<1:06:13, 18.31s/it]
Epoch 783 | loss : 43889.23, postive loss : 14614.46, negtive loss : 29274.77:  78%|███████▊  | 783/1000 [2:54:39<1:06:13, 18.31s/it]
Epoch 783 | loss : 43889.23, postive loss : 14614.46, negtive loss : 29274.77:  78%|███████▊  | 784/1000 [2:54:39<1:06:10, 18.38s/it]
Epoch 784 | loss : 43886.70, postive loss : 14614.80, negtive loss : 29271.90:  78%|███████▊  | 784/1000 [2:54:58<1:06:10, 18.38s/it]
Epoch 784 | loss : 43886.70, postive loss : 14614.80, negtive loss : 29271.90:  78%|███████▊  | 785/1000 [2:54:58<1:06:23, 18.53s/it]
Epoch 785 | loss : 43880.90, postive loss : 14614.41, negtive loss : 29266.48:  78%|███████▊  | 785/1000 [2:55:12<1:06:23, 18.53s/it]
Epoch 785 | loss : 43880.90, postive loss : 14614.41, negtive loss : 29266.48:  79%|███████▊  | 786/1000 [2:55:12<1:01:58, 17.37s/it]
Epoch 786 | loss : 43884.23, postive loss : 14614.42, negtive loss : 29269.82:  79%|███████▊  | 786/1000 [2:55:31<1:01:58, 17.37s/it]
Epoch 786 | loss : 43884.23, postive loss : 14614.42, negtive loss : 29269.82:  79%|███████▊  | 787/1000 [2:55:31<1:03:04, 17.77s/it]
Epoch 787 | loss : 43878.16, postive loss : 14614.58, negtive loss : 29263.58:  79%|███████▊  | 787/1000 [2:55:49<1:03:04, 17.77s/it]
Epoch 787 | loss : 43878.16, postive loss : 14614.58, negtive loss : 29263.58:  79%|███████▉  | 788/1000 [2:55:49<1:03:16, 17.91s/it]
Epoch 788 | loss : 43883.19, postive loss : 14614.39, negtive loss : 29268.80:  79%|███████▉  | 788/1000 [2:56:08<1:03:16, 17.91s/it]
Epoch 788 | loss : 43883.19, postive loss : 14614.39, negtive loss : 29268.80:  79%|███████▉  | 789/1000 [2:56:08<1:03:47, 18.14s/it]
Epoch 789 | loss : 43882.50, postive loss : 14614.55, negtive loss : 29267.95:  79%|███████▉  | 789/1000 [2:56:26<1:03:47, 18.14s/it]
Epoch 789 | loss : 43882.50, postive loss : 14614.55, negtive loss : 29267.95:  79%|███████▉  | 790/1000 [2:56:26<1:03:26, 18.13s/it]
Epoch 790 | loss : 43885.65, postive loss : 14614.63, negtive loss : 29271.02:  79%|███████▉  | 790/1000 [2:56:44<1:03:26, 18.13s/it]
Epoch 790 | loss : 43885.65, postive loss : 14614.63, negtive loss : 29271.02:  79%|███████▉  | 791/1000 [2:56:44<1:02:49, 18.04s/it]
Epoch 791 | loss : 43885.90, postive loss : 14614.49, negtive loss : 29271.41:  79%|███████▉  | 791/1000 [2:57:02<1:02:49, 18.04s/it]
Epoch 791 | loss : 43885.90, postive loss : 14614.49, negtive loss : 29271.41:  79%|███████▉  | 792/1000 [2:57:02<1:02:46, 18.11s/it]
Epoch 792 | loss : 43878.50, postive loss : 14614.55, negtive loss : 29263.95:  79%|███████▉  | 792/1000 [2:57:21<1:02:46, 18.11s/it]
Epoch 792 | loss : 43878.50, postive loss : 14614.55, negtive loss : 29263.95:  79%|███████▉  | 793/1000 [2:57:21<1:02:45, 18.19s/it]
Epoch 793 | loss : 43878.84, postive loss : 14614.42, negtive loss : 29264.43:  79%|███████▉  | 793/1000 [2:57:39<1:02:45, 18.19s/it]
Epoch 793 | loss : 43878.84, postive loss : 14614.42, negtive loss : 29264.43:  79%|███████▉  | 794/1000 [2:57:39<1:02:38, 18.25s/it]
Epoch 794 | loss : 43889.53, postive loss : 14614.59, negtive loss : 29274.94:  79%|███████▉  | 794/1000 [2:57:58<1:02:38, 18.25s/it]
Epoch 794 | loss : 43889.53, postive loss : 14614.59, negtive loss : 29274.94:  80%|███████▉  | 795/1000 [2:57:58<1:02:58, 18.43s/it]
Epoch 795 | loss : 43883.61, postive loss : 14614.55, negtive loss : 29269.07:  80%|███████▉  | 795/1000 [2:58:16<1:02:58, 18.43s/it]
Epoch 795 | loss : 43883.61, postive loss : 14614.55, negtive loss : 29269.07:  80%|███████▉  | 796/1000 [2:58:16<1:02:47, 18.47s/it]
Epoch 796 | loss : 43874.96, postive loss : 14614.39, negtive loss : 29260.57:  80%|███████▉  | 796/1000 [2:58:35<1:02:47, 18.47s/it]
Epoch 796 | loss : 43874.96, postive loss : 14614.39, negtive loss : 29260.57:  80%|███████▉  | 797/1000 [2:58:35<1:02:54, 18.59s/it]
Epoch 797 | loss : 43885.22, postive loss : 14614.39, negtive loss : 29270.83:  80%|███████▉  | 797/1000 [2:58:53<1:02:54, 18.59s/it]
Epoch 797 | loss : 43885.22, postive loss : 14614.39, negtive loss : 29270.83:  80%|███████▉  | 798/1000 [2:58:53<1:01:42, 18.33s/it]
Epoch 798 | loss : 43881.52, postive loss : 14614.62, negtive loss : 29266.89:  80%|███████▉  | 798/1000 [2:59:11<1:01:42, 18.33s/it]
Epoch 798 | loss : 43881.52, postive loss : 14614.62, negtive loss : 29266.89:  80%|███████▉  | 799/1000 [2:59:11<1:01:21, 18.32s/it]
Epoch 799 | loss : 43884.04, postive loss : 14614.59, negtive loss : 29269.44:  80%|███████▉  | 799/1000 [2:59:30<1:01:21, 18.32s/it]
Epoch 799 | loss : 43884.04, postive loss : 14614.59, negtive loss : 29269.44:  80%|████████  | 800/1000 [2:59:30<1:01:48, 18.54s/it]
Epoch 800 | loss : 43877.97, postive loss : 14614.39, negtive loss : 29263.58:  80%|████████  | 800/1000 [2:59:49<1:01:48, 18.54s/it]
Epoch 800 | loss : 43877.97, postive loss : 14614.39, negtive loss : 29263.58:  80%|████████  | 801/1000 [2:59:49<1:01:51, 18.65s/it]
Epoch 801 | loss : 43882.07, postive loss : 14614.40, negtive loss : 29267.67:  80%|████████  | 801/1000 [3:00:08<1:01:51, 18.65s/it]
Epoch 801 | loss : 43882.07, postive loss : 14614.40, negtive loss : 29267.67:  80%|████████  | 802/1000 [3:00:08<1:01:30, 18.64s/it]
Epoch 802 | loss : 43886.00, postive loss : 14614.59, negtive loss : 29271.41:  80%|████████  | 802/1000 [3:00:27<1:01:30, 18.64s/it]
Epoch 802 | loss : 43886.00, postive loss : 14614.59, negtive loss : 29271.41:  80%|████████  | 803/1000 [3:00:27<1:01:20, 18.68s/it]
Epoch 803 | loss : 43882.24, postive loss : 14614.58, negtive loss : 29267.66:  80%|████████  | 803/1000 [3:00:46<1:01:20, 18.68s/it]
Epoch 803 | loss : 43882.24, postive loss : 14614.58, negtive loss : 29267.66:  80%|████████  | 804/1000 [3:00:46<1:01:10, 18.73s/it]
Epoch 804 | loss : 43882.07, postive loss : 14614.44, negtive loss : 29267.62:  80%|████████  | 804/1000 [3:01:04<1:01:10, 18.73s/it]
Epoch 804 | loss : 43882.07, postive loss : 14614.44, negtive loss : 29267.62:  80%|████████  | 805/1000 [3:01:04<1:00:51, 18.72s/it]
Epoch 805 | loss : 43879.98, postive loss : 14614.51, negtive loss : 29265.48:  80%|████████  | 805/1000 [3:01:23<1:00:51, 18.72s/it]
Epoch 805 | loss : 43879.98, postive loss : 14614.51, negtive loss : 29265.48:  81%|████████  | 806/1000 [3:01:23<1:00:34, 18.73s/it]
Epoch 806 | loss : 43880.66, postive loss : 14614.53, negtive loss : 29266.14:  81%|████████  | 806/1000 [3:01:42<1:00:34, 18.73s/it]
Epoch 806 | loss : 43880.66, postive loss : 14614.53, negtive loss : 29266.14:  81%|████████  | 807/1000 [3:01:42<1:00:09, 18.70s/it]
Epoch 807 | loss : 43885.54, postive loss : 14614.43, negtive loss : 29271.11:  81%|████████  | 807/1000 [3:02:00<1:00:09, 18.70s/it]
Epoch 807 | loss : 43885.54, postive loss : 14614.43, negtive loss : 29271.11:  81%|████████  | 808/1000 [3:02:00<59:29, 18.59s/it]  
Epoch 808 | loss : 43886.52, postive loss : 14614.61, negtive loss : 29271.91:  81%|████████  | 808/1000 [3:02:19<59:29, 18.59s/it]
Epoch 808 | loss : 43886.52, postive loss : 14614.61, negtive loss : 29271.91:  81%|████████  | 809/1000 [3:02:19<59:13, 18.60s/it]
Epoch 809 | loss : 43879.62, postive loss : 14614.41, negtive loss : 29265.22:  81%|████████  | 809/1000 [3:02:37<59:13, 18.60s/it]
Epoch 809 | loss : 43879.62, postive loss : 14614.41, negtive loss : 29265.22:  81%|████████  | 810/1000 [3:02:37<58:38, 18.52s/it]
Epoch 810 | loss : 43877.55, postive loss : 14614.44, negtive loss : 29263.10:  81%|████████  | 810/1000 [3:02:56<58:38, 18.52s/it]
Epoch 810 | loss : 43877.55, postive loss : 14614.44, negtive loss : 29263.10:  81%|████████  | 811/1000 [3:02:56<58:24, 18.54s/it]
Epoch 811 | loss : 43883.94, postive loss : 14614.36, negtive loss : 29269.58:  81%|████████  | 811/1000 [3:03:15<58:24, 18.54s/it]
Epoch 811 | loss : 43883.94, postive loss : 14614.36, negtive loss : 29269.58:  81%|████████  | 812/1000 [3:03:15<58:33, 18.69s/it]
Epoch 812 | loss : 43884.29, postive loss : 14614.49, negtive loss : 29269.80:  81%|████████  | 812/1000 [3:03:33<58:33, 18.69s/it]
Epoch 812 | loss : 43884.29, postive loss : 14614.49, negtive loss : 29269.80:  81%|████████▏ | 813/1000 [3:03:33<58:02, 18.63s/it]
Epoch 813 | loss : 43884.86, postive loss : 14614.50, negtive loss : 29270.36:  81%|████████▏ | 813/1000 [3:03:50<58:02, 18.63s/it]
Epoch 813 | loss : 43884.86, postive loss : 14614.50, negtive loss : 29270.36:  81%|████████▏ | 814/1000 [3:03:50<56:35, 18.26s/it]
Epoch 814 | loss : 43883.22, postive loss : 14614.57, negtive loss : 29268.64:  81%|████████▏ | 814/1000 [3:04:08<56:35, 18.26s/it]
Epoch 814 | loss : 43883.22, postive loss : 14614.57, negtive loss : 29268.64:  82%|████████▏ | 815/1000 [3:04:08<55:46, 18.09s/it]
Epoch 815 | loss : 43881.37, postive loss : 14614.41, negtive loss : 29266.96:  82%|████████▏ | 815/1000 [3:04:25<55:46, 18.09s/it]
Epoch 815 | loss : 43881.37, postive loss : 14614.41, negtive loss : 29266.96:  82%|████████▏ | 816/1000 [3:04:25<54:32, 17.79s/it]
Epoch 816 | loss : 43882.76, postive loss : 14614.59, negtive loss : 29268.18:  82%|████████▏ | 816/1000 [3:04:44<54:32, 17.79s/it]
Epoch 816 | loss : 43882.76, postive loss : 14614.59, negtive loss : 29268.18:  82%|████████▏ | 817/1000 [3:04:44<54:51, 17.98s/it]
Epoch 817 | loss : 43883.16, postive loss : 14614.59, negtive loss : 29268.57:  82%|████████▏ | 817/1000 [3:05:02<54:51, 17.98s/it]
Epoch 817 | loss : 43883.16, postive loss : 14614.59, negtive loss : 29268.57:  82%|████████▏ | 818/1000 [3:05:02<54:41, 18.03s/it]
Epoch 818 | loss : 43888.43, postive loss : 14614.58, negtive loss : 29273.85:  82%|████████▏ | 818/1000 [3:05:20<54:41, 18.03s/it]
Epoch 818 | loss : 43888.43, postive loss : 14614.58, negtive loss : 29273.85:  82%|████████▏ | 819/1000 [3:05:20<54:33, 18.08s/it]
Epoch 819 | loss : 43882.14, postive loss : 14614.48, negtive loss : 29267.66:  82%|████████▏ | 819/1000 [3:05:38<54:33, 18.08s/it]
Epoch 819 | loss : 43882.14, postive loss : 14614.48, negtive loss : 29267.66:  82%|████████▏ | 820/1000 [3:05:38<54:11, 18.06s/it]
Epoch 820 | loss : 43879.33, postive loss : 14614.47, negtive loss : 29264.86:  82%|████████▏ | 820/1000 [3:05:57<54:11, 18.06s/it]
Epoch 820 | loss : 43879.33, postive loss : 14614.47, negtive loss : 29264.86:  82%|████████▏ | 821/1000 [3:05:57<54:36, 18.30s/it]
Epoch 821 | loss : 43881.28, postive loss : 14614.51, negtive loss : 29266.76:  82%|████████▏ | 821/1000 [3:06:16<54:36, 18.30s/it]
Epoch 821 | loss : 43881.28, postive loss : 14614.51, negtive loss : 29266.76:  82%|████████▏ | 822/1000 [3:06:16<54:49, 18.48s/it]
Epoch 822 | loss : 43883.34, postive loss : 14614.37, negtive loss : 29268.97:  82%|████████▏ | 822/1000 [3:06:34<54:49, 18.48s/it]
Epoch 822 | loss : 43883.34, postive loss : 14614.37, negtive loss : 29268.97:  82%|████████▏ | 823/1000 [3:06:34<54:42, 18.55s/it]
Epoch 823 | loss : 43881.35, postive loss : 14614.43, negtive loss : 29266.92:  82%|████████▏ | 823/1000 [3:06:53<54:42, 18.55s/it]
Epoch 823 | loss : 43881.35, postive loss : 14614.43, negtive loss : 29266.92:  82%|████████▏ | 824/1000 [3:06:53<54:21, 18.53s/it]
Epoch 824 | loss : 43875.62, postive loss : 14614.51, negtive loss : 29261.12:  82%|████████▏ | 824/1000 [3:07:12<54:21, 18.53s/it]
Epoch 824 | loss : 43875.62, postive loss : 14614.51, negtive loss : 29261.12:  82%|████████▎ | 825/1000 [3:07:12<54:14, 18.60s/it]
Epoch 825 | loss : 43882.35, postive loss : 14614.47, negtive loss : 29267.88:  82%|████████▎ | 825/1000 [3:07:31<54:14, 18.60s/it]
Epoch 825 | loss : 43882.35, postive loss : 14614.47, negtive loss : 29267.88:  83%|████████▎ | 826/1000 [3:07:31<54:10, 18.68s/it]
Epoch 826 | loss : 43880.87, postive loss : 14614.61, negtive loss : 29266.26:  83%|████████▎ | 826/1000 [3:07:49<54:10, 18.68s/it]
Epoch 826 | loss : 43880.87, postive loss : 14614.61, negtive loss : 29266.26:  83%|████████▎ | 827/1000 [3:07:49<53:50, 18.68s/it]
Epoch 827 | loss : 43883.37, postive loss : 14614.43, negtive loss : 29268.94:  83%|████████▎ | 827/1000 [3:08:07<53:50, 18.68s/it]
Epoch 827 | loss : 43883.37, postive loss : 14614.43, negtive loss : 29268.94:  83%|████████▎ | 828/1000 [3:08:07<52:49, 18.42s/it]
Epoch 828 | loss : 43887.32, postive loss : 14614.68, negtive loss : 29272.64:  83%|████████▎ | 828/1000 [3:08:26<52:49, 18.42s/it]
Epoch 828 | loss : 43887.32, postive loss : 14614.68, negtive loss : 29272.64:  83%|████████▎ | 829/1000 [3:08:26<53:13, 18.68s/it]
Epoch 829 | loss : 43876.76, postive loss : 14614.32, negtive loss : 29262.43:  83%|████████▎ | 829/1000 [3:08:45<53:13, 18.68s/it]
Epoch 829 | loss : 43876.76, postive loss : 14614.32, negtive loss : 29262.43:  83%|████████▎ | 830/1000 [3:08:45<53:15, 18.80s/it]
Epoch 830 | loss : 43887.34, postive loss : 14614.43, negtive loss : 29272.92:  83%|████████▎ | 830/1000 [3:09:04<53:15, 18.80s/it]
Epoch 830 | loss : 43887.34, postive loss : 14614.43, negtive loss : 29272.92:  83%|████████▎ | 831/1000 [3:09:04<52:34, 18.66s/it]
Epoch 831 | loss : 43878.76, postive loss : 14614.49, negtive loss : 29264.26:  83%|████████▎ | 831/1000 [3:09:22<52:34, 18.66s/it]
Epoch 831 | loss : 43878.76, postive loss : 14614.49, negtive loss : 29264.26:  83%|████████▎ | 832/1000 [3:09:22<52:03, 18.59s/it]
Epoch 832 | loss : 43884.23, postive loss : 14614.57, negtive loss : 29269.66:  83%|████████▎ | 832/1000 [3:09:41<52:03, 18.59s/it]
Epoch 832 | loss : 43884.23, postive loss : 14614.57, negtive loss : 29269.66:  83%|████████▎ | 833/1000 [3:09:41<51:37, 18.55s/it]
Epoch 833 | loss : 43880.79, postive loss : 14614.56, negtive loss : 29266.23:  83%|████████▎ | 833/1000 [3:10:00<51:37, 18.55s/it]
Epoch 833 | loss : 43880.79, postive loss : 14614.56, negtive loss : 29266.23:  83%|████████▎ | 834/1000 [3:10:00<52:14, 18.88s/it]
Epoch 834 | loss : 43877.95, postive loss : 14614.34, negtive loss : 29263.60:  83%|████████▎ | 834/1000 [3:10:19<52:14, 18.88s/it]
Epoch 834 | loss : 43877.95, postive loss : 14614.34, negtive loss : 29263.60:  84%|████████▎ | 835/1000 [3:10:19<51:43, 18.81s/it]
Epoch 835 | loss : 43886.94, postive loss : 14614.56, negtive loss : 29272.38:  84%|████████▎ | 835/1000 [3:10:37<51:43, 18.81s/it]
Epoch 835 | loss : 43886.94, postive loss : 14614.56, negtive loss : 29272.38:  84%|████████▎ | 836/1000 [3:10:37<50:38, 18.53s/it]
Epoch 836 | loss : 43881.59, postive loss : 14614.61, negtive loss : 29266.98:  84%|████████▎ | 836/1000 [3:10:55<50:38, 18.53s/it]
Epoch 836 | loss : 43881.59, postive loss : 14614.61, negtive loss : 29266.98:  84%|████████▎ | 837/1000 [3:10:55<50:14, 18.49s/it]
Epoch 837 | loss : 43880.45, postive loss : 14614.41, negtive loss : 29266.04:  84%|████████▎ | 837/1000 [3:11:14<50:14, 18.49s/it]
Epoch 837 | loss : 43880.45, postive loss : 14614.41, negtive loss : 29266.04:  84%|████████▍ | 838/1000 [3:11:14<50:12, 18.60s/it]
Epoch 838 | loss : 43886.00, postive loss : 14614.64, negtive loss : 29271.35:  84%|████████▍ | 838/1000 [3:11:33<50:12, 18.60s/it]
Epoch 838 | loss : 43886.00, postive loss : 14614.64, negtive loss : 29271.35:  84%|████████▍ | 839/1000 [3:11:33<50:17, 18.74s/it]
Epoch 839 | loss : 43883.81, postive loss : 14614.53, negtive loss : 29269.28:  84%|████████▍ | 839/1000 [3:11:52<50:17, 18.74s/it]
Epoch 839 | loss : 43883.81, postive loss : 14614.53, negtive loss : 29269.28:  84%|████████▍ | 840/1000 [3:11:52<50:07, 18.80s/it]
Epoch 840 | loss : 43887.56, postive loss : 14614.57, negtive loss : 29272.99:  84%|████████▍ | 840/1000 [3:12:11<50:07, 18.80s/it]
Epoch 840 | loss : 43887.56, postive loss : 14614.57, negtive loss : 29272.99:  84%|████████▍ | 841/1000 [3:12:11<50:01, 18.88s/it]
Epoch 841 | loss : 43877.16, postive loss : 14614.42, negtive loss : 29262.75:  84%|████████▍ | 841/1000 [3:12:30<50:01, 18.88s/it]
Epoch 841 | loss : 43877.16, postive loss : 14614.42, negtive loss : 29262.75:  84%|████████▍ | 842/1000 [3:12:30<49:35, 18.83s/it]
Epoch 842 | loss : 43878.20, postive loss : 14614.26, negtive loss : 29263.93:  84%|████████▍ | 842/1000 [3:12:49<49:35, 18.83s/it]
Epoch 842 | loss : 43878.20, postive loss : 14614.26, negtive loss : 29263.93:  84%|████████▍ | 843/1000 [3:12:49<49:29, 18.92s/it]
Epoch 843 | loss : 43885.42, postive loss : 14614.43, negtive loss : 29270.99:  84%|████████▍ | 843/1000 [3:13:08<49:29, 18.92s/it]
Epoch 843 | loss : 43885.42, postive loss : 14614.43, negtive loss : 29270.99:  84%|████████▍ | 844/1000 [3:13:08<49:21, 18.98s/it]
Epoch 844 | loss : 43882.44, postive loss : 14614.64, negtive loss : 29267.81:  84%|████████▍ | 844/1000 [3:13:20<49:21, 18.98s/it]
Epoch 844 | loss : 43882.44, postive loss : 14614.64, negtive loss : 29267.81:  84%|████████▍ | 845/1000 [3:13:20<43:51, 16.98s/it]
Epoch 845 | loss : 43882.15, postive loss : 14614.51, negtive loss : 29267.64:  84%|████████▍ | 845/1000 [3:13:28<43:51, 16.98s/it]
Epoch 845 | loss : 43882.15, postive loss : 14614.51, negtive loss : 29267.64:  85%|████████▍ | 846/1000 [3:13:28<36:22, 14.17s/it]
Epoch 846 | loss : 43883.00, postive loss : 14614.45, negtive loss : 29268.56:  85%|████████▍ | 846/1000 [3:13:37<36:22, 14.17s/it]
Epoch 846 | loss : 43883.00, postive loss : 14614.45, negtive loss : 29268.56:  85%|████████▍ | 847/1000 [3:13:37<31:55, 12.52s/it]
Epoch 847 | loss : 43884.41, postive loss : 14614.50, negtive loss : 29269.92:  85%|████████▍ | 847/1000 [3:13:45<31:55, 12.52s/it]
Epoch 847 | loss : 43884.41, postive loss : 14614.50, negtive loss : 29269.92:  85%|████████▍ | 848/1000 [3:13:45<28:09, 11.12s/it]
Epoch 848 | loss : 43883.87, postive loss : 14614.66, negtive loss : 29269.22:  85%|████████▍ | 848/1000 [3:13:52<28:09, 11.12s/it]
Epoch 848 | loss : 43883.87, postive loss : 14614.66, negtive loss : 29269.22:  85%|████████▍ | 849/1000 [3:13:52<25:04,  9.96s/it]
Epoch 849 | loss : 43880.88, postive loss : 14614.50, negtive loss : 29266.38:  85%|████████▍ | 849/1000 [3:14:08<25:04,  9.96s/it]
Epoch 849 | loss : 43880.88, postive loss : 14614.50, negtive loss : 29266.38:  85%|████████▌ | 850/1000 [3:14:08<29:38, 11.86s/it]
Epoch 850 | loss : 43880.64, postive loss : 14614.55, negtive loss : 29266.08:  85%|████████▌ | 850/1000 [3:14:27<29:38, 11.86s/it]
Epoch 850 | loss : 43880.64, postive loss : 14614.55, negtive loss : 29266.08:  85%|████████▌ | 851/1000 [3:14:27<34:51, 14.03s/it]
Epoch 851 | loss : 43879.86, postive loss : 14614.45, negtive loss : 29265.42:  85%|████████▌ | 851/1000 [3:14:46<34:51, 14.03s/it]
Epoch 851 | loss : 43879.86, postive loss : 14614.45, negtive loss : 29265.42:  85%|████████▌ | 852/1000 [3:14:46<38:14, 15.50s/it]
Epoch 852 | loss : 43883.14, postive loss : 14614.57, negtive loss : 29268.57:  85%|████████▌ | 852/1000 [3:15:05<38:14, 15.50s/it]
Epoch 852 | loss : 43883.14, postive loss : 14614.57, negtive loss : 29268.57:  85%|████████▌ | 853/1000 [3:15:05<40:41, 16.61s/it]
Epoch 853 | loss : 43881.67, postive loss : 14614.49, negtive loss : 29267.18:  85%|████████▌ | 853/1000 [3:15:24<40:41, 16.61s/it]
Epoch 853 | loss : 43881.67, postive loss : 14614.49, negtive loss : 29267.18:  85%|████████▌ | 854/1000 [3:15:24<42:08, 17.32s/it]
Epoch 854 | loss : 43885.70, postive loss : 14614.51, negtive loss : 29271.19:  85%|████████▌ | 854/1000 [3:15:44<42:08, 17.32s/it]
Epoch 854 | loss : 43885.70, postive loss : 14614.51, negtive loss : 29271.19:  86%|████████▌ | 855/1000 [3:15:44<43:20, 17.93s/it]
Epoch 855 | loss : 43888.21, postive loss : 14614.66, negtive loss : 29273.55:  86%|████████▌ | 855/1000 [3:16:02<43:20, 17.93s/it]
Epoch 855 | loss : 43888.21, postive loss : 14614.66, negtive loss : 29273.55:  86%|████████▌ | 856/1000 [3:16:02<43:38, 18.18s/it]
Epoch 856 | loss : 43880.79, postive loss : 14614.53, negtive loss : 29266.26:  86%|████████▌ | 856/1000 [3:16:21<43:38, 18.18s/it]
Epoch 856 | loss : 43880.79, postive loss : 14614.53, negtive loss : 29266.26:  86%|████████▌ | 857/1000 [3:16:21<43:50, 18.39s/it]
Epoch 857 | loss : 43881.64, postive loss : 14614.45, negtive loss : 29267.19:  86%|████████▌ | 857/1000 [3:16:40<43:50, 18.39s/it]
Epoch 857 | loss : 43881.64, postive loss : 14614.45, negtive loss : 29267.19:  86%|████████▌ | 858/1000 [3:16:40<43:50, 18.52s/it]
Epoch 858 | loss : 43885.64, postive loss : 14614.47, negtive loss : 29271.17:  86%|████████▌ | 858/1000 [3:17:00<43:50, 18.52s/it]
Epoch 858 | loss : 43885.64, postive loss : 14614.47, negtive loss : 29271.17:  86%|████████▌ | 859/1000 [3:17:00<44:08, 18.78s/it]
Epoch 859 | loss : 43883.63, postive loss : 14614.63, negtive loss : 29269.00:  86%|████████▌ | 859/1000 [3:17:19<44:08, 18.78s/it]
Epoch 859 | loss : 43883.63, postive loss : 14614.63, negtive loss : 29269.00:  86%|████████▌ | 860/1000 [3:17:19<44:02, 18.88s/it]
Epoch 860 | loss : 43882.82, postive loss : 14614.61, negtive loss : 29268.21:  86%|████████▌ | 860/1000 [3:17:38<44:02, 18.88s/it]
Epoch 860 | loss : 43882.82, postive loss : 14614.61, negtive loss : 29268.21:  86%|████████▌ | 861/1000 [3:17:38<43:59, 18.99s/it]
Epoch 861 | loss : 43885.21, postive loss : 14614.42, negtive loss : 29270.79:  86%|████████▌ | 861/1000 [3:17:57<43:59, 18.99s/it]
Epoch 861 | loss : 43885.21, postive loss : 14614.42, negtive loss : 29270.79:  86%|████████▌ | 862/1000 [3:17:57<43:51, 19.07s/it]
Epoch 862 | loss : 43880.86, postive loss : 14614.61, negtive loss : 29266.25:  86%|████████▌ | 862/1000 [3:18:17<43:51, 19.07s/it]
Epoch 862 | loss : 43880.86, postive loss : 14614.61, negtive loss : 29266.25:  86%|████████▋ | 863/1000 [3:18:17<44:01, 19.28s/it]
Epoch 863 | loss : 43884.99, postive loss : 14614.60, negtive loss : 29270.39:  86%|████████▋ | 863/1000 [3:18:36<44:01, 19.28s/it]
Epoch 863 | loss : 43884.99, postive loss : 14614.60, negtive loss : 29270.39:  86%|████████▋ | 864/1000 [3:18:36<43:44, 19.30s/it]
Epoch 864 | loss : 43881.83, postive loss : 14614.64, negtive loss : 29267.19:  86%|████████▋ | 864/1000 [3:18:52<43:44, 19.30s/it]
Epoch 864 | loss : 43881.83, postive loss : 14614.64, negtive loss : 29267.19:  86%|████████▋ | 865/1000 [3:18:52<40:45, 18.11s/it]
Epoch 865 | loss : 43887.03, postive loss : 14614.46, negtive loss : 29272.57:  86%|████████▋ | 865/1000 [3:19:11<40:45, 18.11s/it]
Epoch 865 | loss : 43887.03, postive loss : 14614.46, negtive loss : 29272.57:  87%|████████▋ | 866/1000 [3:19:11<41:32, 18.60s/it]
Epoch 866 | loss : 43883.00, postive loss : 14614.65, negtive loss : 29268.35:  87%|████████▋ | 866/1000 [3:19:30<41:32, 18.60s/it]
Epoch 866 | loss : 43883.00, postive loss : 14614.65, negtive loss : 29268.35:  87%|████████▋ | 867/1000 [3:19:30<41:26, 18.69s/it]
Epoch 867 | loss : 43888.40, postive loss : 14614.43, negtive loss : 29273.97:  87%|████████▋ | 867/1000 [3:19:49<41:26, 18.69s/it]
Epoch 867 | loss : 43888.40, postive loss : 14614.43, negtive loss : 29273.97:  87%|████████▋ | 868/1000 [3:19:49<41:26, 18.83s/it]
Epoch 868 | loss : 43885.40, postive loss : 14614.44, negtive loss : 29270.96:  87%|████████▋ | 868/1000 [3:20:08<41:26, 18.83s/it]
Epoch 868 | loss : 43885.40, postive loss : 14614.44, negtive loss : 29270.96:  87%|████████▋ | 869/1000 [3:20:08<40:40, 18.63s/it]
Epoch 869 | loss : 43889.21, postive loss : 14614.59, negtive loss : 29274.62:  87%|████████▋ | 869/1000 [3:20:26<40:40, 18.63s/it]
Epoch 869 | loss : 43889.21, postive loss : 14614.59, negtive loss : 29274.62:  87%|████████▋ | 870/1000 [3:20:26<40:15, 18.58s/it]
Epoch 870 | loss : 43878.85, postive loss : 14614.48, negtive loss : 29264.37:  87%|████████▋ | 870/1000 [3:20:45<40:15, 18.58s/it]
Epoch 870 | loss : 43878.85, postive loss : 14614.48, negtive loss : 29264.37:  87%|████████▋ | 871/1000 [3:20:45<40:04, 18.64s/it]
Epoch 871 | loss : 43881.54, postive loss : 14614.59, negtive loss : 29266.95:  87%|████████▋ | 871/1000 [3:21:01<40:04, 18.64s/it]
Epoch 871 | loss : 43881.54, postive loss : 14614.59, negtive loss : 29266.95:  87%|████████▋ | 872/1000 [3:21:01<38:09, 17.89s/it]
Epoch 872 | loss : 43884.48, postive loss : 14614.47, negtive loss : 29270.01:  87%|████████▋ | 872/1000 [3:21:20<38:09, 17.89s/it]
Epoch 872 | loss : 43884.48, postive loss : 14614.47, negtive loss : 29270.01:  87%|████████▋ | 873/1000 [3:21:20<38:20, 18.12s/it]
Epoch 873 | loss : 43882.86, postive loss : 14614.66, negtive loss : 29268.20:  87%|████████▋ | 873/1000 [3:21:38<38:20, 18.12s/it]
Epoch 873 | loss : 43882.86, postive loss : 14614.66, negtive loss : 29268.20:  87%|████████▋ | 874/1000 [3:21:38<38:12, 18.19s/it]
Epoch 874 | loss : 43882.23, postive loss : 14614.34, negtive loss : 29267.89:  87%|████████▋ | 874/1000 [3:21:57<38:12, 18.19s/it]
Epoch 874 | loss : 43882.23, postive loss : 14614.34, negtive loss : 29267.89:  88%|████████▊ | 875/1000 [3:21:57<38:20, 18.40s/it]
Epoch 875 | loss : 43882.42, postive loss : 14614.52, negtive loss : 29267.91:  88%|████████▊ | 875/1000 [3:22:16<38:20, 18.40s/it]
Epoch 875 | loss : 43882.42, postive loss : 14614.52, negtive loss : 29267.91:  88%|████████▊ | 876/1000 [3:22:16<38:37, 18.69s/it]
Epoch 876 | loss : 43883.16, postive loss : 14614.38, negtive loss : 29268.78:  88%|████████▊ | 876/1000 [3:22:36<38:37, 18.69s/it]
Epoch 876 | loss : 43883.16, postive loss : 14614.38, negtive loss : 29268.78:  88%|████████▊ | 877/1000 [3:22:36<38:48, 18.93s/it]
Epoch 877 | loss : 43887.88, postive loss : 14614.62, negtive loss : 29273.26:  88%|████████▊ | 877/1000 [3:22:55<38:48, 18.93s/it]
Epoch 877 | loss : 43887.88, postive loss : 14614.62, negtive loss : 29273.26:  88%|████████▊ | 878/1000 [3:22:55<38:50, 19.11s/it]
Epoch 878 | loss : 43886.30, postive loss : 14614.64, negtive loss : 29271.66:  88%|████████▊ | 878/1000 [3:23:14<38:50, 19.11s/it]
Epoch 878 | loss : 43886.30, postive loss : 14614.64, negtive loss : 29271.66:  88%|████████▊ | 879/1000 [3:23:14<38:33, 19.12s/it]
Epoch 879 | loss : 43880.42, postive loss : 14614.34, negtive loss : 29266.09:  88%|████████▊ | 879/1000 [3:23:33<38:33, 19.12s/it]
Epoch 879 | loss : 43880.42, postive loss : 14614.34, negtive loss : 29266.09:  88%|████████▊ | 880/1000 [3:23:33<38:04, 19.04s/it]
Epoch 880 | loss : 43882.76, postive loss : 14614.52, negtive loss : 29268.23:  88%|████████▊ | 880/1000 [3:23:52<38:04, 19.04s/it]
Epoch 880 | loss : 43882.76, postive loss : 14614.52, negtive loss : 29268.23:  88%|████████▊ | 881/1000 [3:23:52<37:52, 19.09s/it]
Epoch 881 | loss : 43879.90, postive loss : 14614.44, negtive loss : 29265.46:  88%|████████▊ | 881/1000 [3:24:12<37:52, 19.09s/it]
Epoch 881 | loss : 43879.90, postive loss : 14614.44, negtive loss : 29265.46:  88%|████████▊ | 882/1000 [3:24:12<37:44, 19.19s/it]
Epoch 882 | loss : 43881.48, postive loss : 14614.54, negtive loss : 29266.95:  88%|████████▊ | 882/1000 [3:24:32<37:44, 19.19s/it]
Epoch 882 | loss : 43881.48, postive loss : 14614.54, negtive loss : 29266.95:  88%|████████▊ | 883/1000 [3:24:32<37:53, 19.43s/it]
Epoch 883 | loss : 43882.85, postive loss : 14614.50, negtive loss : 29268.34:  88%|████████▊ | 883/1000 [3:24:52<37:53, 19.43s/it]
Epoch 883 | loss : 43882.85, postive loss : 14614.50, negtive loss : 29268.34:  88%|████████▊ | 884/1000 [3:24:52<37:41, 19.50s/it]
Epoch 884 | loss : 43884.29, postive loss : 14614.59, negtive loss : 29269.70:  88%|████████▊ | 884/1000 [3:25:11<37:41, 19.50s/it]
Epoch 884 | loss : 43884.29, postive loss : 14614.59, negtive loss : 29269.70:  88%|████████▊ | 885/1000 [3:25:11<37:05, 19.35s/it]
Epoch 885 | loss : 43881.69, postive loss : 14614.46, negtive loss : 29267.23:  88%|████████▊ | 885/1000 [3:25:29<37:05, 19.35s/it]
Epoch 885 | loss : 43881.69, postive loss : 14614.46, negtive loss : 29267.23:  89%|████████▊ | 886/1000 [3:25:29<36:25, 19.17s/it]
Epoch 886 | loss : 43878.48, postive loss : 14614.52, negtive loss : 29263.96:  89%|████████▊ | 886/1000 [3:25:48<36:25, 19.17s/it]
Epoch 886 | loss : 43878.48, postive loss : 14614.52, negtive loss : 29263.96:  89%|████████▊ | 887/1000 [3:25:48<35:59, 19.11s/it]
Epoch 887 | loss : 43879.77, postive loss : 14614.54, negtive loss : 29265.23:  89%|████████▊ | 887/1000 [3:26:07<35:59, 19.11s/it]
Epoch 887 | loss : 43879.77, postive loss : 14614.54, negtive loss : 29265.23:  89%|████████▉ | 888/1000 [3:26:07<35:42, 19.13s/it]
Epoch 888 | loss : 43878.05, postive loss : 14614.39, negtive loss : 29263.67:  89%|████████▉ | 888/1000 [3:26:24<35:42, 19.13s/it]
Epoch 888 | loss : 43878.05, postive loss : 14614.39, negtive loss : 29263.67:  89%|████████▉ | 889/1000 [3:26:24<33:48, 18.27s/it]
Epoch 889 | loss : 43882.80, postive loss : 14614.46, negtive loss : 29268.34:  89%|████████▉ | 889/1000 [3:26:32<33:48, 18.27s/it]
Epoch 889 | loss : 43882.80, postive loss : 14614.46, negtive loss : 29268.34:  89%|████████▉ | 890/1000 [3:26:32<27:50, 15.19s/it]
Epoch 890 | loss : 43885.41, postive loss : 14614.50, negtive loss : 29270.92:  89%|████████▉ | 890/1000 [3:26:40<27:50, 15.19s/it]
Epoch 890 | loss : 43885.41, postive loss : 14614.50, negtive loss : 29270.92:  89%|████████▉ | 891/1000 [3:26:40<24:06, 13.27s/it]
Epoch 891 | loss : 43884.46, postive loss : 14614.55, negtive loss : 29269.91:  89%|████████▉ | 891/1000 [3:26:48<24:06, 13.27s/it]
Epoch 891 | loss : 43884.46, postive loss : 14614.55, negtive loss : 29269.91:  89%|████████▉ | 892/1000 [3:26:48<20:39, 11.47s/it]
Epoch 892 | loss : 43882.01, postive loss : 14614.56, negtive loss : 29267.45:  89%|████████▉ | 892/1000 [3:27:05<20:39, 11.47s/it]
Epoch 892 | loss : 43882.01, postive loss : 14614.56, negtive loss : 29267.45:  89%|████████▉ | 893/1000 [3:27:05<23:44, 13.31s/it]
Epoch 893 | loss : 43877.73, postive loss : 14614.47, negtive loss : 29263.27:  89%|████████▉ | 893/1000 [3:27:23<23:44, 13.31s/it]
Epoch 893 | loss : 43877.73, postive loss : 14614.47, negtive loss : 29263.27:  89%|████████▉ | 894/1000 [3:27:23<26:02, 14.74s/it]
Epoch 894 | loss : 43883.74, postive loss : 14614.35, negtive loss : 29269.38:  89%|████████▉ | 894/1000 [3:27:43<26:02, 14.74s/it]
Epoch 894 | loss : 43883.74, postive loss : 14614.35, negtive loss : 29269.38:  90%|████████▉ | 895/1000 [3:27:43<28:24, 16.23s/it]
Epoch 895 | loss : 43880.21, postive loss : 14614.44, negtive loss : 29265.77:  90%|████████▉ | 895/1000 [3:28:03<28:24, 16.23s/it]
Epoch 895 | loss : 43880.21, postive loss : 14614.44, negtive loss : 29265.77:  90%|████████▉ | 896/1000 [3:28:03<29:46, 17.18s/it]
Epoch 896 | loss : 43876.36, postive loss : 14614.42, negtive loss : 29261.93:  90%|████████▉ | 896/1000 [3:28:22<29:46, 17.18s/it]
Epoch 896 | loss : 43876.36, postive loss : 14614.42, negtive loss : 29261.93:  90%|████████▉ | 897/1000 [3:28:22<30:32, 17.79s/it]
Epoch 897 | loss : 43879.67, postive loss : 14614.53, negtive loss : 29265.14:  90%|████████▉ | 897/1000 [3:28:41<30:32, 17.79s/it]
Epoch 897 | loss : 43879.67, postive loss : 14614.53, negtive loss : 29265.14:  90%|████████▉ | 898/1000 [3:28:41<30:59, 18.23s/it]
Epoch 898 | loss : 43879.98, postive loss : 14614.55, negtive loss : 29265.43:  90%|████████▉ | 898/1000 [3:29:00<30:59, 18.23s/it]
Epoch 898 | loss : 43879.98, postive loss : 14614.55, negtive loss : 29265.43:  90%|████████▉ | 899/1000 [3:29:00<31:15, 18.57s/it]
Epoch 899 | loss : 43881.28, postive loss : 14614.48, negtive loss : 29266.79:  90%|████████▉ | 899/1000 [3:29:20<31:15, 18.57s/it]
Epoch 899 | loss : 43881.28, postive loss : 14614.48, negtive loss : 29266.79:  90%|█████████ | 900/1000 [3:29:20<31:17, 18.77s/it]
Epoch 900 | loss : 43884.19, postive loss : 14614.51, negtive loss : 29269.68:  90%|█████████ | 900/1000 [3:29:39<31:17, 18.77s/it]
Epoch 900 | loss : 43884.19, postive loss : 14614.51, negtive loss : 29269.68:  90%|█████████ | 901/1000 [3:29:39<31:09, 18.88s/it]
Epoch 901 | loss : 43886.26, postive loss : 14614.45, negtive loss : 29271.82:  90%|█████████ | 901/1000 [3:29:57<31:09, 18.88s/it]
Epoch 901 | loss : 43886.26, postive loss : 14614.45, negtive loss : 29271.82:  90%|█████████ | 902/1000 [3:29:57<30:30, 18.68s/it]
Epoch 902 | loss : 43885.78, postive loss : 14614.58, negtive loss : 29271.20:  90%|█████████ | 902/1000 [3:30:16<30:30, 18.68s/it]
Epoch 902 | loss : 43885.78, postive loss : 14614.58, negtive loss : 29271.20:  90%|█████████ | 903/1000 [3:30:16<30:19, 18.76s/it]
Epoch 903 | loss : 43880.95, postive loss : 14614.46, negtive loss : 29266.49:  90%|█████████ | 903/1000 [3:30:35<30:19, 18.76s/it]
Epoch 903 | loss : 43880.95, postive loss : 14614.46, negtive loss : 29266.49:  90%|█████████ | 904/1000 [3:30:35<30:15, 18.91s/it]
Epoch 904 | loss : 43884.68, postive loss : 14614.52, negtive loss : 29270.16:  90%|█████████ | 904/1000 [3:30:54<30:15, 18.91s/it]
Epoch 904 | loss : 43884.68, postive loss : 14614.52, negtive loss : 29270.16:  90%|█████████ | 905/1000 [3:30:54<29:53, 18.88s/it]
Epoch 905 | loss : 43884.71, postive loss : 14614.52, negtive loss : 29270.19:  90%|█████████ | 905/1000 [3:31:13<29:53, 18.88s/it]
Epoch 905 | loss : 43884.71, postive loss : 14614.52, negtive loss : 29270.19:  91%|█████████ | 906/1000 [3:31:13<29:37, 18.90s/it]
Epoch 906 | loss : 43883.90, postive loss : 14614.50, negtive loss : 29269.40:  91%|█████████ | 906/1000 [3:31:31<29:37, 18.90s/it]
Epoch 906 | loss : 43883.90, postive loss : 14614.50, negtive loss : 29269.40:  91%|█████████ | 907/1000 [3:31:31<28:57, 18.68s/it]
Epoch 907 | loss : 43877.41, postive loss : 14614.37, negtive loss : 29263.04:  91%|█████████ | 907/1000 [3:31:48<28:57, 18.68s/it]
Epoch 907 | loss : 43877.41, postive loss : 14614.37, negtive loss : 29263.04:  91%|█████████ | 908/1000 [3:31:48<27:43, 18.08s/it]
Epoch 908 | loss : 43884.49, postive loss : 14614.57, negtive loss : 29269.92:  91%|█████████ | 908/1000 [3:32:06<27:43, 18.08s/it]
Epoch 908 | loss : 43884.49, postive loss : 14614.57, negtive loss : 29269.92:  91%|█████████ | 909/1000 [3:32:06<27:29, 18.13s/it]
Epoch 909 | loss : 43883.70, postive loss : 14614.48, negtive loss : 29269.21:  91%|█████████ | 909/1000 [3:32:25<27:29, 18.13s/it]
Epoch 909 | loss : 43883.70, postive loss : 14614.48, negtive loss : 29269.21:  91%|█████████ | 910/1000 [3:32:25<27:45, 18.50s/it]
Epoch 910 | loss : 43883.74, postive loss : 14614.46, negtive loss : 29269.27:  91%|█████████ | 910/1000 [3:32:44<27:45, 18.50s/it]
Epoch 910 | loss : 43883.74, postive loss : 14614.46, negtive loss : 29269.27:  91%|█████████ | 911/1000 [3:32:44<27:38, 18.64s/it]
Epoch 911 | loss : 43885.87, postive loss : 14614.64, negtive loss : 29271.24:  91%|█████████ | 911/1000 [3:33:03<27:38, 18.64s/it]
Epoch 911 | loss : 43885.87, postive loss : 14614.64, negtive loss : 29271.24:  91%|█████████ | 912/1000 [3:33:03<27:22, 18.66s/it]
Epoch 912 | loss : 43884.64, postive loss : 14614.57, negtive loss : 29270.07:  91%|█████████ | 912/1000 [3:33:23<27:22, 18.66s/it]
Epoch 912 | loss : 43884.64, postive loss : 14614.57, negtive loss : 29270.07:  91%|█████████▏| 913/1000 [3:33:23<27:35, 19.03s/it]
Epoch 913 | loss : 43879.90, postive loss : 14614.52, negtive loss : 29265.38:  91%|█████████▏| 913/1000 [3:33:43<27:35, 19.03s/it]
Epoch 913 | loss : 43879.90, postive loss : 14614.52, negtive loss : 29265.38:  91%|█████████▏| 914/1000 [3:33:43<27:34, 19.24s/it]
Epoch 914 | loss : 43875.02, postive loss : 14614.46, negtive loss : 29260.56:  91%|█████████▏| 914/1000 [3:34:02<27:34, 19.24s/it]
Epoch 914 | loss : 43875.02, postive loss : 14614.46, negtive loss : 29260.56:  92%|█████████▏| 915/1000 [3:34:02<27:16, 19.25s/it]
Epoch 915 | loss : 43886.97, postive loss : 14614.39, negtive loss : 29272.58:  92%|█████████▏| 915/1000 [3:34:20<27:16, 19.25s/it]
Epoch 915 | loss : 43886.97, postive loss : 14614.39, negtive loss : 29272.58:  92%|█████████▏| 916/1000 [3:34:20<26:35, 18.99s/it]
Epoch 916 | loss : 43885.07, postive loss : 14614.58, negtive loss : 29270.49:  92%|█████████▏| 916/1000 [3:34:39<26:35, 18.99s/it]
Epoch 916 | loss : 43885.07, postive loss : 14614.58, negtive loss : 29270.49:  92%|█████████▏| 917/1000 [3:34:39<26:04, 18.85s/it]
Epoch 917 | loss : 43881.72, postive loss : 14614.64, negtive loss : 29267.08:  92%|█████████▏| 917/1000 [3:34:58<26:04, 18.85s/it]
Epoch 917 | loss : 43881.72, postive loss : 14614.64, negtive loss : 29267.08:  92%|█████████▏| 918/1000 [3:34:58<25:40, 18.78s/it]
Epoch 918 | loss : 43885.31, postive loss : 14614.34, negtive loss : 29270.97:  92%|█████████▏| 918/1000 [3:35:17<25:40, 18.78s/it]
Epoch 918 | loss : 43885.31, postive loss : 14614.34, negtive loss : 29270.97:  92%|█████████▏| 919/1000 [3:35:17<25:35, 18.95s/it]
Epoch 919 | loss : 43879.87, postive loss : 14614.48, negtive loss : 29265.38:  92%|█████████▏| 919/1000 [3:35:36<25:35, 18.95s/it]
Epoch 919 | loss : 43879.87, postive loss : 14614.48, negtive loss : 29265.38:  92%|█████████▏| 920/1000 [3:35:36<25:28, 19.11s/it]
Epoch 920 | loss : 43880.36, postive loss : 14614.40, negtive loss : 29265.96:  92%|█████████▏| 920/1000 [3:35:55<25:28, 19.11s/it]
Epoch 920 | loss : 43880.36, postive loss : 14614.40, negtive loss : 29265.96:  92%|█████████▏| 921/1000 [3:35:55<25:02, 19.02s/it]
Epoch 921 | loss : 43884.97, postive loss : 14614.44, negtive loss : 29270.54:  92%|█████████▏| 921/1000 [3:36:12<25:02, 19.02s/it]
Epoch 921 | loss : 43884.97, postive loss : 14614.44, negtive loss : 29270.54:  92%|█████████▏| 922/1000 [3:36:12<23:43, 18.25s/it]
Epoch 922 | loss : 43888.61, postive loss : 14614.67, negtive loss : 29273.94:  92%|█████████▏| 922/1000 [3:36:30<23:43, 18.25s/it]
Epoch 922 | loss : 43888.61, postive loss : 14614.67, negtive loss : 29273.94:  92%|█████████▏| 923/1000 [3:36:30<23:25, 18.26s/it]
Epoch 923 | loss : 43880.03, postive loss : 14614.44, negtive loss : 29265.59:  92%|█████████▏| 923/1000 [3:36:48<23:25, 18.26s/it]
Epoch 923 | loss : 43880.03, postive loss : 14614.44, negtive loss : 29265.59:  92%|█████████▏| 924/1000 [3:36:48<23:10, 18.30s/it]
Epoch 924 | loss : 43885.56, postive loss : 14614.47, negtive loss : 29271.09:  92%|█████████▏| 924/1000 [3:37:08<23:10, 18.30s/it]
Epoch 924 | loss : 43885.56, postive loss : 14614.47, negtive loss : 29271.09:  92%|█████████▎| 925/1000 [3:37:08<23:21, 18.68s/it]
Epoch 925 | loss : 43876.79, postive loss : 14614.54, negtive loss : 29262.25:  92%|█████████▎| 925/1000 [3:37:27<23:21, 18.68s/it]
Epoch 925 | loss : 43876.79, postive loss : 14614.54, negtive loss : 29262.25:  93%|█████████▎| 926/1000 [3:37:27<23:21, 18.95s/it]
Epoch 926 | loss : 43876.76, postive loss : 14614.47, negtive loss : 29262.29:  93%|█████████▎| 926/1000 [3:37:46<23:21, 18.95s/it]
Epoch 926 | loss : 43876.76, postive loss : 14614.47, negtive loss : 29262.29:  93%|█████████▎| 927/1000 [3:37:46<23:01, 18.92s/it]
Epoch 927 | loss : 43883.12, postive loss : 14614.47, negtive loss : 29268.64:  93%|█████████▎| 927/1000 [3:38:06<23:01, 18.92s/it]
Epoch 927 | loss : 43883.12, postive loss : 14614.47, negtive loss : 29268.64:  93%|█████████▎| 928/1000 [3:38:06<22:55, 19.10s/it]
Epoch 928 | loss : 43886.19, postive loss : 14614.54, negtive loss : 29271.65:  93%|█████████▎| 928/1000 [3:38:24<22:55, 19.10s/it]
Epoch 928 | loss : 43886.19, postive loss : 14614.54, negtive loss : 29271.65:  93%|█████████▎| 929/1000 [3:38:24<22:26, 18.96s/it]
Epoch 929 | loss : 43883.10, postive loss : 14614.65, negtive loss : 29268.44:  93%|█████████▎| 929/1000 [3:38:44<22:26, 18.96s/it]
Epoch 929 | loss : 43883.10, postive loss : 14614.65, negtive loss : 29268.44:  93%|█████████▎| 930/1000 [3:38:44<22:15, 19.08s/it]
Epoch 930 | loss : 43883.57, postive loss : 14614.49, negtive loss : 29269.08:  93%|█████████▎| 930/1000 [3:39:03<22:15, 19.08s/it]
Epoch 930 | loss : 43883.57, postive loss : 14614.49, negtive loss : 29269.08:  93%|█████████▎| 931/1000 [3:39:03<22:00, 19.14s/it]
Epoch 931 | loss : 43877.62, postive loss : 14614.49, negtive loss : 29263.13:  93%|█████████▎| 931/1000 [3:39:23<22:00, 19.14s/it]
Epoch 931 | loss : 43877.62, postive loss : 14614.49, negtive loss : 29263.13:  93%|█████████▎| 932/1000 [3:39:23<21:50, 19.27s/it]
Epoch 932 | loss : 43882.55, postive loss : 14614.53, negtive loss : 29268.02:  93%|█████████▎| 932/1000 [3:39:42<21:50, 19.27s/it]
Epoch 932 | loss : 43882.55, postive loss : 14614.53, negtive loss : 29268.02:  93%|█████████▎| 933/1000 [3:39:42<21:37, 19.36s/it]
Epoch 933 | loss : 43884.58, postive loss : 14614.49, negtive loss : 29270.10:  93%|█████████▎| 933/1000 [3:40:01<21:37, 19.36s/it]
Epoch 933 | loss : 43884.58, postive loss : 14614.49, negtive loss : 29270.10:  93%|█████████▎| 934/1000 [3:40:01<20:59, 19.08s/it]
Epoch 934 | loss : 43881.60, postive loss : 14614.67, negtive loss : 29266.93:  93%|█████████▎| 934/1000 [3:40:19<20:59, 19.08s/it]
Epoch 934 | loss : 43881.60, postive loss : 14614.67, negtive loss : 29266.93:  94%|█████████▎| 935/1000 [3:40:19<20:21, 18.79s/it]
Epoch 935 | loss : 43886.18, postive loss : 14614.37, negtive loss : 29271.81:  94%|█████████▎| 935/1000 [3:40:38<20:21, 18.79s/it]
Epoch 935 | loss : 43886.18, postive loss : 14614.37, negtive loss : 29271.81:  94%|█████████▎| 936/1000 [3:40:38<20:16, 19.01s/it]
Epoch 936 | loss : 43880.76, postive loss : 14614.70, negtive loss : 29266.05:  94%|█████████▎| 936/1000 [3:40:58<20:16, 19.01s/it]
Epoch 936 | loss : 43880.76, postive loss : 14614.70, negtive loss : 29266.05:  94%|█████████▎| 937/1000 [3:40:58<20:06, 19.16s/it]
Epoch 937 | loss : 43883.99, postive loss : 14614.56, negtive loss : 29269.43:  94%|█████████▎| 937/1000 [3:41:18<20:06, 19.16s/it]
Epoch 937 | loss : 43883.99, postive loss : 14614.56, negtive loss : 29269.43:  94%|█████████▍| 938/1000 [3:41:18<20:01, 19.39s/it]
Epoch 938 | loss : 43883.64, postive loss : 14614.40, negtive loss : 29269.25:  94%|█████████▍| 938/1000 [3:41:35<20:01, 19.39s/it]
Epoch 938 | loss : 43883.64, postive loss : 14614.40, negtive loss : 29269.25:  94%|█████████▍| 939/1000 [3:41:35<19:00, 18.69s/it]
Epoch 939 | loss : 43885.49, postive loss : 14614.46, negtive loss : 29271.03:  94%|█████████▍| 939/1000 [3:41:42<19:00, 18.69s/it]
Epoch 939 | loss : 43885.49, postive loss : 14614.46, negtive loss : 29271.03:  94%|█████████▍| 940/1000 [3:41:42<15:24, 15.40s/it]
Epoch 940 | loss : 43880.86, postive loss : 14614.72, negtive loss : 29266.15:  94%|█████████▍| 940/1000 [3:41:51<15:24, 15.40s/it]
Epoch 940 | loss : 43880.86, postive loss : 14614.72, negtive loss : 29266.15:  94%|█████████▍| 941/1000 [3:41:51<13:00, 13.24s/it]
Epoch 941 | loss : 43885.26, postive loss : 14614.44, negtive loss : 29270.82:  94%|█████████▍| 941/1000 [3:41:59<13:00, 13.24s/it]
Epoch 941 | loss : 43885.26, postive loss : 14614.44, negtive loss : 29270.82:  94%|█████████▍| 942/1000 [3:41:59<11:26, 11.83s/it]
Epoch 942 | loss : 43883.06, postive loss : 14614.69, negtive loss : 29268.37:  94%|█████████▍| 942/1000 [3:42:12<11:26, 11.83s/it]
Epoch 942 | loss : 43883.06, postive loss : 14614.69, negtive loss : 29268.37:  94%|█████████▍| 943/1000 [3:42:12<11:35, 12.21s/it]
Epoch 943 | loss : 43880.85, postive loss : 14614.53, negtive loss : 29266.32:  94%|█████████▍| 943/1000 [3:42:31<11:35, 12.21s/it]
Epoch 943 | loss : 43880.85, postive loss : 14614.53, negtive loss : 29266.32:  94%|█████████▍| 944/1000 [3:42:31<13:11, 14.13s/it]
Epoch 944 | loss : 43887.78, postive loss : 14614.47, negtive loss : 29273.31:  94%|█████████▍| 944/1000 [3:42:50<13:11, 14.13s/it]
Epoch 944 | loss : 43887.78, postive loss : 14614.47, negtive loss : 29273.31:  94%|█████████▍| 945/1000 [3:42:50<14:21, 15.66s/it]
Epoch 945 | loss : 43882.47, postive loss : 14614.41, negtive loss : 29268.06:  94%|█████████▍| 945/1000 [3:43:09<14:21, 15.66s/it]
Epoch 945 | loss : 43882.47, postive loss : 14614.41, negtive loss : 29268.06:  95%|█████████▍| 946/1000 [3:43:09<14:59, 16.66s/it]
Epoch 946 | loss : 43883.02, postive loss : 14614.49, negtive loss : 29268.53:  95%|█████████▍| 946/1000 [3:43:28<14:59, 16.66s/it]
Epoch 946 | loss : 43883.02, postive loss : 14614.49, negtive loss : 29268.53:  95%|█████████▍| 947/1000 [3:43:28<15:21, 17.38s/it]
Epoch 947 | loss : 43885.46, postive loss : 14614.49, negtive loss : 29270.97:  95%|█████████▍| 947/1000 [3:43:47<15:21, 17.38s/it]
Epoch 947 | loss : 43885.46, postive loss : 14614.49, negtive loss : 29270.97:  95%|█████████▍| 948/1000 [3:43:47<15:29, 17.87s/it]
Epoch 948 | loss : 43884.97, postive loss : 14614.48, negtive loss : 29270.49:  95%|█████████▍| 948/1000 [3:44:05<15:29, 17.87s/it]
Epoch 948 | loss : 43884.97, postive loss : 14614.48, negtive loss : 29270.49:  95%|█████████▍| 949/1000 [3:44:05<15:15, 17.96s/it]
Epoch 949 | loss : 43878.78, postive loss : 14614.47, negtive loss : 29264.32:  95%|█████████▍| 949/1000 [3:44:25<15:15, 17.96s/it]
Epoch 949 | loss : 43878.78, postive loss : 14614.47, negtive loss : 29264.32:  95%|█████████▌| 950/1000 [3:44:25<15:18, 18.37s/it]
Epoch 950 | loss : 43882.61, postive loss : 14614.52, negtive loss : 29268.09:  95%|█████████▌| 950/1000 [3:44:43<15:18, 18.37s/it]
Epoch 950 | loss : 43882.61, postive loss : 14614.52, negtive loss : 29268.09:  95%|█████████▌| 951/1000 [3:44:43<15:01, 18.39s/it]
Epoch 951 | loss : 43882.32, postive loss : 14614.55, negtive loss : 29267.77:  95%|█████████▌| 951/1000 [3:45:02<15:01, 18.39s/it]
Epoch 951 | loss : 43882.32, postive loss : 14614.55, negtive loss : 29267.77:  95%|█████████▌| 952/1000 [3:45:02<14:45, 18.46s/it]
Epoch 952 | loss : 43879.36, postive loss : 14614.58, negtive loss : 29264.78:  95%|█████████▌| 952/1000 [3:45:21<14:45, 18.46s/it]
Epoch 952 | loss : 43879.36, postive loss : 14614.58, negtive loss : 29264.78:  95%|█████████▌| 953/1000 [3:45:22<14:45, 18.84s/it]
Epoch 953 | loss : 43889.51, postive loss : 14614.55, negtive loss : 29274.96:  95%|█████████▌| 953/1000 [3:45:40<14:45, 18.84s/it]
Epoch 953 | loss : 43889.51, postive loss : 14614.55, negtive loss : 29274.96:  95%|█████████▌| 954/1000 [3:45:40<14:20, 18.71s/it]
Epoch 954 | loss : 43883.17, postive loss : 14614.50, negtive loss : 29268.67:  95%|█████████▌| 954/1000 [3:45:59<14:20, 18.71s/it]
Epoch 954 | loss : 43883.17, postive loss : 14614.50, negtive loss : 29268.67:  96%|█████████▌| 955/1000 [3:45:59<14:08, 18.85s/it]
Epoch 955 | loss : 43881.54, postive loss : 14614.54, negtive loss : 29267.00:  96%|█████████▌| 955/1000 [3:46:18<14:08, 18.85s/it]
Epoch 955 | loss : 43881.54, postive loss : 14614.54, negtive loss : 29267.00:  96%|█████████▌| 956/1000 [3:46:18<13:50, 18.88s/it]
Epoch 956 | loss : 43885.23, postive loss : 14614.55, negtive loss : 29270.69:  96%|█████████▌| 956/1000 [3:46:36<13:50, 18.88s/it]
Epoch 956 | loss : 43885.23, postive loss : 14614.55, negtive loss : 29270.69:  96%|█████████▌| 957/1000 [3:46:36<13:23, 18.69s/it]
Epoch 957 | loss : 43882.03, postive loss : 14614.58, negtive loss : 29267.46:  96%|█████████▌| 957/1000 [3:46:52<13:23, 18.69s/it]
Epoch 957 | loss : 43882.03, postive loss : 14614.58, negtive loss : 29267.46:  96%|█████████▌| 958/1000 [3:46:52<12:32, 17.92s/it]
Epoch 958 | loss : 43883.15, postive loss : 14614.44, negtive loss : 29268.71:  96%|█████████▌| 958/1000 [3:47:09<12:32, 17.92s/it]
Epoch 958 | loss : 43883.15, postive loss : 14614.44, negtive loss : 29268.71:  96%|█████████▌| 959/1000 [3:47:09<11:59, 17.55s/it]
Epoch 959 | loss : 43882.75, postive loss : 14614.57, negtive loss : 29268.19:  96%|█████████▌| 959/1000 [3:47:27<11:59, 17.55s/it]
Epoch 959 | loss : 43882.75, postive loss : 14614.57, negtive loss : 29268.19:  96%|█████████▌| 960/1000 [3:47:27<11:48, 17.72s/it]
Epoch 960 | loss : 43881.67, postive loss : 14614.43, negtive loss : 29267.24:  96%|█████████▌| 960/1000 [3:47:46<11:48, 17.72s/it]
Epoch 960 | loss : 43881.67, postive loss : 14614.43, negtive loss : 29267.24:  96%|█████████▌| 961/1000 [3:47:46<11:44, 18.06s/it]
Epoch 961 | loss : 43876.15, postive loss : 14614.43, negtive loss : 29261.73:  96%|█████████▌| 961/1000 [3:48:05<11:44, 18.06s/it]
Epoch 961 | loss : 43876.15, postive loss : 14614.43, negtive loss : 29261.73:  96%|█████████▌| 962/1000 [3:48:05<11:33, 18.25s/it]
Epoch 962 | loss : 43883.87, postive loss : 14614.55, negtive loss : 29269.33:  96%|█████████▌| 962/1000 [3:48:24<11:33, 18.25s/it]
Epoch 962 | loss : 43883.87, postive loss : 14614.55, negtive loss : 29269.33:  96%|█████████▋| 963/1000 [3:48:24<11:26, 18.56s/it]
Epoch 963 | loss : 43890.01, postive loss : 14614.40, negtive loss : 29275.61:  96%|█████████▋| 963/1000 [3:48:43<11:26, 18.56s/it]
Epoch 963 | loss : 43890.01, postive loss : 14614.40, negtive loss : 29275.61:  96%|█████████▋| 964/1000 [3:48:43<11:12, 18.68s/it]
Epoch 964 | loss : 43883.86, postive loss : 14614.55, negtive loss : 29269.31:  96%|█████████▋| 964/1000 [3:49:02<11:12, 18.68s/it]
Epoch 964 | loss : 43883.86, postive loss : 14614.55, negtive loss : 29269.31:  96%|█████████▋| 965/1000 [3:49:02<11:02, 18.92s/it]
Epoch 965 | loss : 43880.68, postive loss : 14614.42, negtive loss : 29266.25:  96%|█████████▋| 965/1000 [3:49:21<11:02, 18.92s/it]
Epoch 965 | loss : 43880.68, postive loss : 14614.42, negtive loss : 29266.25:  97%|█████████▋| 966/1000 [3:49:21<10:42, 18.89s/it]
Epoch 966 | loss : 43881.28, postive loss : 14614.49, negtive loss : 29266.79:  97%|█████████▋| 966/1000 [3:49:40<10:42, 18.89s/it]
Epoch 966 | loss : 43881.28, postive loss : 14614.49, negtive loss : 29266.79:  97%|█████████▋| 967/1000 [3:49:40<10:21, 18.83s/it]
Epoch 967 | loss : 43881.43, postive loss : 14614.48, negtive loss : 29266.96:  97%|█████████▋| 967/1000 [3:49:59<10:21, 18.83s/it]
Epoch 967 | loss : 43881.43, postive loss : 14614.48, negtive loss : 29266.96:  97%|█████████▋| 968/1000 [3:49:59<10:01, 18.79s/it]
Epoch 968 | loss : 43880.94, postive loss : 14614.66, negtive loss : 29266.28:  97%|█████████▋| 968/1000 [3:50:18<10:01, 18.79s/it]
Epoch 968 | loss : 43880.94, postive loss : 14614.66, negtive loss : 29266.28:  97%|█████████▋| 969/1000 [3:50:18<09:45, 18.89s/it]
Epoch 969 | loss : 43885.69, postive loss : 14614.50, negtive loss : 29271.20:  97%|█████████▋| 969/1000 [3:50:37<09:45, 18.89s/it]
Epoch 969 | loss : 43885.69, postive loss : 14614.50, negtive loss : 29271.20:  97%|█████████▋| 970/1000 [3:50:37<09:33, 19.11s/it]
Epoch 970 | loss : 43875.18, postive loss : 14614.44, negtive loss : 29260.74:  97%|█████████▋| 970/1000 [3:50:57<09:33, 19.11s/it]
Epoch 970 | loss : 43875.18, postive loss : 14614.44, negtive loss : 29260.74:  97%|█████████▋| 971/1000 [3:50:57<09:16, 19.20s/it]
Epoch 971 | loss : 43882.40, postive loss : 14614.57, negtive loss : 29267.82:  97%|█████████▋| 971/1000 [3:51:15<09:16, 19.20s/it]
Epoch 971 | loss : 43882.40, postive loss : 14614.57, negtive loss : 29267.82:  97%|█████████▋| 972/1000 [3:51:15<08:51, 18.99s/it]
Epoch 972 | loss : 43884.62, postive loss : 14614.54, negtive loss : 29270.08:  97%|█████████▋| 972/1000 [3:51:31<08:51, 18.99s/it]
Epoch 972 | loss : 43884.62, postive loss : 14614.54, negtive loss : 29270.08:  97%|█████████▋| 973/1000 [3:51:31<08:05, 17.99s/it]
Epoch 973 | loss : 43884.74, postive loss : 14614.60, negtive loss : 29270.14:  97%|█████████▋| 973/1000 [3:51:48<08:05, 17.99s/it]
Epoch 973 | loss : 43884.74, postive loss : 14614.60, negtive loss : 29270.14:  97%|█████████▋| 974/1000 [3:51:48<07:42, 17.79s/it]
Epoch 974 | loss : 43886.16, postive loss : 14614.54, negtive loss : 29271.62:  97%|█████████▋| 974/1000 [3:52:07<07:42, 17.79s/it]
Epoch 974 | loss : 43886.16, postive loss : 14614.54, negtive loss : 29271.62:  98%|█████████▊| 975/1000 [3:52:07<07:31, 18.04s/it]
Epoch 975 | loss : 43881.33, postive loss : 14614.40, negtive loss : 29266.93:  98%|█████████▊| 975/1000 [3:52:26<07:31, 18.04s/it]
Epoch 975 | loss : 43881.33, postive loss : 14614.40, negtive loss : 29266.93:  98%|█████████▊| 976/1000 [3:52:26<07:23, 18.48s/it]
Epoch 976 | loss : 43884.33, postive loss : 14614.52, negtive loss : 29269.80:  98%|█████████▊| 976/1000 [3:52:45<07:23, 18.48s/it]
Epoch 976 | loss : 43884.33, postive loss : 14614.52, negtive loss : 29269.80:  98%|█████████▊| 977/1000 [3:52:45<07:08, 18.63s/it]
Epoch 977 | loss : 43882.49, postive loss : 14614.47, negtive loss : 29268.02:  98%|█████████▊| 977/1000 [3:53:04<07:08, 18.63s/it]
Epoch 977 | loss : 43882.49, postive loss : 14614.47, negtive loss : 29268.02:  98%|█████████▊| 978/1000 [3:53:04<06:48, 18.56s/it]
Epoch 978 | loss : 43885.20, postive loss : 14614.46, negtive loss : 29270.74:  98%|█████████▊| 978/1000 [3:53:23<06:48, 18.56s/it]
Epoch 978 | loss : 43885.20, postive loss : 14614.46, negtive loss : 29270.74:  98%|█████████▊| 979/1000 [3:53:23<06:30, 18.61s/it]
Epoch 979 | loss : 43882.81, postive loss : 14614.51, negtive loss : 29268.30:  98%|█████████▊| 979/1000 [3:53:41<06:30, 18.61s/it]
Epoch 979 | loss : 43882.81, postive loss : 14614.51, negtive loss : 29268.30:  98%|█████████▊| 980/1000 [3:53:41<06:13, 18.67s/it]
Epoch 980 | loss : 43881.03, postive loss : 14614.53, negtive loss : 29266.50:  98%|█████████▊| 980/1000 [3:54:00<06:13, 18.67s/it]
Epoch 980 | loss : 43881.03, postive loss : 14614.53, negtive loss : 29266.50:  98%|█████████▊| 981/1000 [3:54:00<05:53, 18.61s/it]
Epoch 981 | loss : 43881.89, postive loss : 14614.40, negtive loss : 29267.49:  98%|█████████▊| 981/1000 [3:54:18<05:53, 18.61s/it]
Epoch 981 | loss : 43881.89, postive loss : 14614.40, negtive loss : 29267.49:  98%|█████████▊| 982/1000 [3:54:18<05:33, 18.55s/it]
Epoch 982 | loss : 43880.77, postive loss : 14614.51, negtive loss : 29266.26:  98%|█████████▊| 982/1000 [3:54:38<05:33, 18.55s/it]
Epoch 982 | loss : 43880.77, postive loss : 14614.51, negtive loss : 29266.26:  98%|█████████▊| 983/1000 [3:54:38<05:19, 18.80s/it]
Epoch 983 | loss : 43888.37, postive loss : 14614.47, negtive loss : 29273.91:  98%|█████████▊| 983/1000 [3:54:57<05:19, 18.80s/it]
Epoch 983 | loss : 43888.37, postive loss : 14614.47, negtive loss : 29273.91:  98%|█████████▊| 984/1000 [3:54:57<05:01, 18.84s/it]
Epoch 984 | loss : 43882.79, postive loss : 14614.59, negtive loss : 29268.21:  98%|█████████▊| 984/1000 [3:55:16<05:01, 18.84s/it]
Epoch 984 | loss : 43882.79, postive loss : 14614.59, negtive loss : 29268.21:  98%|█████████▊| 985/1000 [3:55:16<04:46, 19.10s/it]
Epoch 985 | loss : 43884.02, postive loss : 14614.42, negtive loss : 29269.60:  98%|█████████▊| 985/1000 [3:55:36<04:46, 19.10s/it]
Epoch 985 | loss : 43884.02, postive loss : 14614.42, negtive loss : 29269.60:  99%|█████████▊| 986/1000 [3:55:36<04:28, 19.16s/it]
Epoch 986 | loss : 43884.17, postive loss : 14614.40, negtive loss : 29269.77:  99%|█████████▊| 986/1000 [3:55:55<04:28, 19.16s/it]
Epoch 986 | loss : 43884.17, postive loss : 14614.40, negtive loss : 29269.77:  99%|█████████▊| 987/1000 [3:55:55<04:08, 19.15s/it]
Epoch 987 | loss : 43883.24, postive loss : 14614.55, negtive loss : 29268.68:  99%|█████████▊| 987/1000 [3:56:15<04:08, 19.15s/it]
Epoch 987 | loss : 43883.24, postive loss : 14614.55, negtive loss : 29268.68:  99%|█████████▉| 988/1000 [3:56:15<03:52, 19.38s/it]
Epoch 988 | loss : 43879.71, postive loss : 14614.41, negtive loss : 29265.30:  99%|█████████▉| 988/1000 [3:56:34<03:52, 19.38s/it]
Epoch 988 | loss : 43879.71, postive loss : 14614.41, negtive loss : 29265.30:  99%|█████████▉| 989/1000 [3:56:34<03:32, 19.32s/it]
Epoch 989 | loss : 43889.03, postive loss : 14614.60, negtive loss : 29274.43:  99%|█████████▉| 989/1000 [3:56:52<03:32, 19.32s/it]
Epoch 989 | loss : 43889.03, postive loss : 14614.60, negtive loss : 29274.43:  99%|█████████▉| 990/1000 [3:56:52<03:11, 19.12s/it]
Epoch 990 | loss : 43879.52, postive loss : 14614.42, negtive loss : 29265.11:  99%|█████████▉| 990/1000 [3:57:02<03:11, 19.12s/it]
Epoch 990 | loss : 43879.52, postive loss : 14614.42, negtive loss : 29265.11:  99%|█████████▉| 991/1000 [3:57:02<02:25, 16.20s/it]
Epoch 991 | loss : 43881.15, postive loss : 14614.45, negtive loss : 29266.70:  99%|█████████▉| 991/1000 [3:57:09<02:25, 16.20s/it]
Epoch 991 | loss : 43881.15, postive loss : 14614.45, negtive loss : 29266.70:  99%|█████████▉| 992/1000 [3:57:09<01:48, 13.61s/it]
Epoch 992 | loss : 43879.27, postive loss : 14614.44, negtive loss : 29264.82:  99%|█████████▉| 992/1000 [3:57:17<01:48, 13.61s/it]
Epoch 992 | loss : 43879.27, postive loss : 14614.44, negtive loss : 29264.82:  99%|█████████▉| 993/1000 [3:57:17<01:22, 11.82s/it]
Epoch 993 | loss : 43884.32, postive loss : 14614.46, negtive loss : 29269.86:  99%|█████████▉| 993/1000 [3:57:25<01:22, 11.82s/it]
Epoch 993 | loss : 43884.32, postive loss : 14614.46, negtive loss : 29269.86:  99%|█████████▉| 994/1000 [3:57:25<01:03, 10.55s/it]
Epoch 994 | loss : 43883.49, postive loss : 14614.57, negtive loss : 29268.92:  99%|█████████▉| 994/1000 [3:57:37<01:03, 10.55s/it]
Epoch 994 | loss : 43883.49, postive loss : 14614.57, negtive loss : 29268.92: 100%|█████████▉| 995/1000 [3:57:37<00:55, 11.17s/it]
Epoch 995 | loss : 43885.31, postive loss : 14614.61, negtive loss : 29270.69: 100%|█████████▉| 995/1000 [3:57:48<00:55, 11.17s/it]
Epoch 995 | loss : 43885.31, postive loss : 14614.61, negtive loss : 29270.69: 100%|█████████▉| 996/1000 [3:57:48<00:44, 11.03s/it]
Epoch 996 | loss : 43881.16, postive loss : 14614.52, negtive loss : 29266.64: 100%|█████████▉| 996/1000 [3:58:05<00:44, 11.03s/it]
Epoch 996 | loss : 43881.16, postive loss : 14614.52, negtive loss : 29266.64: 100%|█████████▉| 997/1000 [3:58:05<00:38, 12.94s/it]
Epoch 997 | loss : 43882.83, postive loss : 14614.48, negtive loss : 29268.34: 100%|█████████▉| 997/1000 [3:58:21<00:38, 12.94s/it]
Epoch 997 | loss : 43882.83, postive loss : 14614.48, negtive loss : 29268.34: 100%|█████████▉| 998/1000 [3:58:21<00:27, 13.63s/it]
Epoch 998 | loss : 43884.23, postive loss : 14614.50, negtive loss : 29269.74: 100%|█████████▉| 998/1000 [3:58:34<00:27, 13.63s/it]
Epoch 998 | loss : 43884.23, postive loss : 14614.50, negtive loss : 29269.74: 100%|█████████▉| 999/1000 [3:58:34<00:13, 13.59s/it]
Epoch 999 | loss : 43881.70, postive loss : 14614.38, negtive loss : 29267.33: 100%|█████████▉| 999/1000 [3:58:53<00:13, 13.59s/it]
Epoch 999 | loss : 43881.70, postive loss : 14614.38, negtive loss : 29267.33: 100%|██████████| 1000/1000 [3:58:53<00:00, 15.11s/it]
Epoch 999 | loss : 43881.70, postive loss : 14614.38, negtive loss : 29267.33: 100%|██████████| 1000/1000 [3:58:53<00:00, 14.33s/it]
