2023-03-13 20:31:26
alpha: 0.5    batchsize: 128    dim: 64    epoch: 500    gapMax_defi: -1    gapMax_prim: -0.5    lambdaMax: 0.5    learningrate: 0.002    lrdecay: 1    lrdecayEpoch: 250    modelname: SN2E    momentum: 0    negtsamplenum: 100    optimizer: Adam    vmax: 100    vmin: 0.01    weightdecay: 0    
INFO -- prepare : Init model SN2E
INFO -- prepare : set model cuda: 0
INFO -- prepare : Model initialization complete
INFO -- prepare : Init optimizer
INFO -- prepare : Finish preparing Optimizer...
Info -- : start model training

  0%|          | 0/500 [00:00<?, ?it/s]
Epoch 4 | postive loss : 17221.76, negtive prim loss : 1004.77, negtive defi loss : 1217.86, worst lambd: 31140.39, worst prim gap: 227.01, worst defi gap: 355.23:   0%|          | 0/500 [00:10<?, ?it/s]
Epoch 5 | postive loss : 15537.55, negtive prim loss : 981.48, negtive defi loss : 1188.33, worst lambd: 29597.97, worst prim gap: 235.94, worst defi gap: 340.71:   1%|          | 6/500 [00:11<15:53,  1.93s/it]
Epoch 6 | postive loss : 14078.32, negtive prim loss : 958.69, negtive defi loss : 1160.18, worst lambd: 27459.22, worst prim gap: 196.81, worst defi gap: 271.71:   1%|▏         | 7/500 [00:13<15:42,  1.91s/it]
Epoch 7 | postive loss : 12802.08, negtive prim loss : 936.53, negtive defi loss : 1133.20, worst lambd: 24740.78, worst prim gap: 158.25, worst defi gap: 245.91:   2%|▏         | 8/500 [00:15<15:32,  1.89s/it]
Epoch 8 | postive loss : 11685.03, negtive prim loss : 915.20, negtive defi loss : 1106.99, worst lambd: 22739.41, worst prim gap: 131.70, worst defi gap: 196.88:   2%|▏         | 9/500 [00:17<15:24,  1.88s/it]
Epoch 9 | postive loss : 10701.73, negtive prim loss : 894.16, negtive defi loss : 1081.62, worst lambd: 21375.37, worst prim gap: 125.54, worst defi gap: 159.37:   2%|▏         | 10/500 [00:18<15:16,  1.87s/it]
Epoch 10 | postive loss : 9835.81, negtive prim loss : 873.51, negtive defi loss : 1056.29, worst lambd: 20726.92, worst prim gap: 119.56, worst defi gap: 136.27:   2%|▏         | 11/500 [00:20<15:09,  1.86s/it]
Epoch 11 | postive loss : 9069.40, negtive prim loss : 854.16, negtive defi loss : 1032.77, worst lambd: 18692.15, worst prim gap: 84.47, worst defi gap: 125.85:   2%|▏         | 12/500 [00:22<15:05,  1.85s/it] 
Epoch 12 | postive loss : 8389.09, negtive prim loss : 835.38, negtive defi loss : 1009.94, worst lambd: 17441.87, worst prim gap: 79.83, worst defi gap: 111.60:   3%|▎         | 13/500 [00:24<14:59,  1.85s/it]
Epoch 13 | postive loss : 7785.77, negtive prim loss : 816.81, negtive defi loss : 988.46, worst lambd: 17118.72, worst prim gap: 72.35, worst defi gap: 91.49:   3%|▎         | 14/500 [00:26<14:55,  1.84s/it]  
Epoch 14 | postive loss : 7247.12, negtive prim loss : 798.35, negtive defi loss : 967.16, worst lambd: 15836.48, worst prim gap: 60.33, worst defi gap: 72.52:   3%|▎         | 15/500 [00:28<14:53,  1.84s/it]
Epoch 15 | postive loss : 6765.97, negtive prim loss : 780.77, negtive defi loss : 945.12, worst lambd: 14914.04, worst prim gap: 34.38, worst defi gap: 65.02:   3%|▎         | 16/500 [00:29<14:49,  1.84s/it]
Epoch 16 | postive loss : 6334.18, negtive prim loss : 763.32, negtive defi loss : 925.38, worst lambd: 14371.02, worst prim gap: 43.82, worst defi gap: 54.92:   3%|▎         | 17/500 [00:31<14:47,  1.84s/it]
Epoch 17 | postive loss : 5945.60, negtive prim loss : 746.98, negtive defi loss : 905.18, worst lambd: 13850.58, worst prim gap: 34.23, worst defi gap: 37.33:   4%|▎         | 18/500 [00:33<14:44,  1.84s/it]
Epoch 18 | postive loss : 5594.62, negtive prim loss : 730.88, negtive defi loss : 884.97, worst lambd: 13110.15, worst prim gap: 23.89, worst defi gap: 37.60:   4%|▍         | 19/500 [00:35<14:42,  1.83s/it]
Epoch 19 | postive loss : 5276.60, negtive prim loss : 715.00, negtive defi loss : 867.92, worst lambd: 12505.16, worst prim gap: 26.17, worst defi gap: 35.78:   4%|▍         | 20/500 [00:37<14:41,  1.84s/it]
Epoch 20 | postive loss : 4988.67, negtive prim loss : 699.89, negtive defi loss : 849.16, worst lambd: 12325.37, worst prim gap: 17.90, worst defi gap: 29.65:   4%|▍         | 21/500 [00:39<14:38,  1.83s/it]
Epoch 21 | postive loss : 4726.16, negtive prim loss : 684.79, negtive defi loss : 831.00, worst lambd: 11895.29, worst prim gap: 10.88, worst defi gap: 23.69:   4%|▍         | 22/500 [00:40<14:35,  1.83s/it]
Epoch 22 | postive loss : 4486.85, negtive prim loss : 669.95, negtive defi loss : 814.49, worst lambd: 11407.32, worst prim gap: 11.80, worst defi gap: 22.76:   5%|▍         | 23/500 [00:42<14:35,  1.84s/it]
Epoch 23 | postive loss : 4268.41, negtive prim loss : 655.70, negtive defi loss : 797.84, worst lambd: 10861.91, worst prim gap: 8.69, worst defi gap: 19.81:   5%|▍         | 24/500 [00:44<14:32,  1.83s/it] 
Epoch 24 | postive loss : 4068.50, negtive prim loss : 641.59, negtive defi loss : 781.25, worst lambd: 10777.99, worst prim gap: 7.68, worst defi gap: 14.94:   5%|▌         | 25/500 [00:46<14:31,  1.83s/it]
Epoch 25 | postive loss : 3884.66, negtive prim loss : 628.11, negtive defi loss : 765.24, worst lambd: 10184.52, worst prim gap: 8.73, worst defi gap: 14.45:   5%|▌         | 26/500 [00:48<14:30,  1.84s/it]
Epoch 26 | postive loss : 3714.98, negtive prim loss : 614.91, negtive defi loss : 749.59, worst lambd: 9897.85, worst prim gap: 6.26, worst defi gap: 8.63:   5%|▌         | 27/500 [00:50<14:27,  1.83s/it]  
Epoch 27 | postive loss : 3558.42, negtive prim loss : 601.55, negtive defi loss : 734.35, worst lambd: 9705.00, worst prim gap: 4.09, worst defi gap: 9.94:   6%|▌         | 28/500 [00:51<14:26,  1.84s/it]
Epoch 28 | postive loss : 3413.07, negtive prim loss : 588.80, negtive defi loss : 719.18, worst lambd: 9368.06, worst prim gap: 4.76, worst defi gap: 6.82:   6%|▌         | 29/500 [00:53<14:24,  1.83s/it]
Epoch 29 | postive loss : 3278.12, negtive prim loss : 576.49, negtive defi loss : 705.15, worst lambd: 8984.04, worst prim gap: 2.78, worst defi gap: 6.41:   6%|▌         | 30/500 [00:55<14:24,  1.84s/it]
Epoch 30 | postive loss : 3152.38, negtive prim loss : 564.31, negtive defi loss : 691.03, worst lambd: 8671.33, worst prim gap: 1.36, worst defi gap: 4.96:   6%|▌         | 31/500 [00:57<14:24,  1.84s/it]
Epoch 31 | postive loss : 3034.87, negtive prim loss : 552.46, negtive defi loss : 676.95, worst lambd: 8417.68, worst prim gap: 2.07, worst defi gap: 4.02:   6%|▋         | 32/500 [00:59<14:21,  1.84s/it]
Epoch 32 | postive loss : 2924.60, negtive prim loss : 540.88, negtive defi loss : 663.40, worst lambd: 8191.08, worst prim gap: 1.21, worst defi gap: 3.60:   7%|▋         | 33/500 [01:01<14:18,  1.84s/it]
Epoch 33 | postive loss : 2821.14, negtive prim loss : 529.50, negtive defi loss : 649.71, worst lambd: 7919.22, worst prim gap: 1.60, worst defi gap: 2.22:   7%|▋         | 34/500 [01:02<14:17,  1.84s/it]
Epoch 34 | postive loss : 2723.56, negtive prim loss : 518.08, negtive defi loss : 637.03, worst lambd: 7738.93, worst prim gap: 1.30, worst defi gap: 2.70:   7%|▋         | 35/500 [01:04<14:14,  1.84s/it]
Epoch 35 | postive loss : 2631.53, negtive prim loss : 507.34, negtive defi loss : 624.02, worst lambd: 7535.33, worst prim gap: 0.95, worst defi gap: 1.54:   7%|▋         | 36/500 [01:06<14:13,  1.84s/it]
Epoch 36 | postive loss : 2544.31, negtive prim loss : 496.58, negtive defi loss : 611.81, worst lambd: 7256.10, worst prim gap: 0.76, worst defi gap: 1.58:   7%|▋         | 37/500 [01:08<14:09,  1.84s/it]
Epoch 37 | postive loss : 2461.53, negtive prim loss : 486.39, negtive defi loss : 600.34, worst lambd: 7038.57, worst prim gap: 0.94, worst defi gap: 1.08:   8%|▊         | 38/500 [01:10<14:07,  1.83s/it]
Epoch 38 | postive loss : 2382.78, negtive prim loss : 476.37, negtive defi loss : 587.79, worst lambd: 6813.12, worst prim gap: 0.60, worst defi gap: 1.44:   8%|▊         | 39/500 [01:12<14:08,  1.84s/it]
Epoch 39 | postive loss : 2307.65, negtive prim loss : 466.04, negtive defi loss : 576.99, worst lambd: 6590.64, worst prim gap: 0.57, worst defi gap: 0.71:   8%|▊         | 40/500 [01:14<14:06,  1.84s/it]
Epoch 40 | postive loss : 2235.95, negtive prim loss : 456.54, negtive defi loss : 564.92, worst lambd: 6470.07, worst prim gap: 0.59, worst defi gap: 0.48:   8%|▊         | 41/500 [01:15<14:06,  1.84s/it]
Epoch 41 | postive loss : 2167.39, negtive prim loss : 446.90, negtive defi loss : 554.71, worst lambd: 6297.08, worst prim gap: 0.45, worst defi gap: 0.67:   8%|▊         | 42/500 [01:17<14:06,  1.85s/it]
Epoch 42 | postive loss : 2101.58, negtive prim loss : 437.49, negtive defi loss : 542.88, worst lambd: 6066.37, worst prim gap: 0.54, worst defi gap: 0.55:   9%|▊         | 43/500 [01:19<14:03,  1.85s/it]
Epoch 43 | postive loss : 2038.51, negtive prim loss : 428.21, negtive defi loss : 532.98, worst lambd: 5841.85, worst prim gap: 0.43, worst defi gap: 0.60:   9%|▉         | 44/500 [01:21<14:03,  1.85s/it]
Epoch 44 | postive loss : 1977.86, negtive prim loss : 419.40, negtive defi loss : 521.92, worst lambd: 5710.71, worst prim gap: 0.35, worst defi gap: 0.52:   9%|▉         | 45/500 [01:23<14:02,  1.85s/it]
Epoch 45 | postive loss : 1919.62, negtive prim loss : 410.74, negtive defi loss : 511.99, worst lambd: 5565.47, worst prim gap: 0.28, worst defi gap: 0.33:   9%|▉         | 46/500 [01:25<13:57,  1.85s/it]
Epoch 46 | postive loss : 1863.50, negtive prim loss : 402.08, negtive defi loss : 501.91, worst lambd: 5407.83, worst prim gap: 0.21, worst defi gap: 0.32:   9%|▉         | 47/500 [01:26<13:57,  1.85s/it]
Epoch 47 | postive loss : 1809.47, negtive prim loss : 393.53, negtive defi loss : 491.72, worst lambd: 5250.87, worst prim gap: 0.31, worst defi gap: 0.30:  10%|▉         | 48/500 [01:28<13:54,  1.85s/it]
Epoch 48 | postive loss : 1757.32, negtive prim loss : 385.44, negtive defi loss : 482.59, worst lambd: 5027.76, worst prim gap: 0.19, worst defi gap: 0.31:  10%|▉         | 49/500 [01:30<13:51,  1.84s/it]
Epoch 49 | postive loss : 1706.84, negtive prim loss : 377.42, negtive defi loss : 472.66, worst lambd: 4907.59, worst prim gap: 0.23, worst defi gap: 0.27:  10%|█         | 50/500 [01:32<13:48,  1.84s/it]
Epoch 50 | postive loss : 1658.11, negtive prim loss : 369.59, negtive defi loss : 463.73, worst lambd: 4743.02, worst prim gap: 0.22, worst defi gap: 0.26:  10%|█         | 51/500 [01:34<13:45,  1.84s/it]
Epoch 51 | postive loss : 1611.05, negtive prim loss : 361.64, negtive defi loss : 454.56, worst lambd: 4633.91, worst prim gap: 0.15, worst defi gap: 0.36:  10%|█         | 52/500 [01:36<13:42,  1.84s/it]
Epoch 52 | postive loss : 1565.38, negtive prim loss : 354.21, negtive defi loss : 445.43, worst lambd: 4488.17, worst prim gap: 0.21, worst defi gap: 0.26:  11%|█         | 53/500 [01:37<13:43,  1.84s/it]
Epoch 53 | postive loss : 1521.26, negtive prim loss : 346.85, negtive defi loss : 437.27, worst lambd: 4370.65, worst prim gap: 0.20, worst defi gap: 0.10:  11%|█         | 54/500 [01:39<13:41,  1.84s/it]
Epoch 54 | postive loss : 1478.39, negtive prim loss : 339.64, negtive defi loss : 428.95, worst lambd: 4217.56, worst prim gap: 0.18, worst defi gap: 0.14:  11%|█         | 55/500 [01:41<13:40,  1.84s/it]
Epoch 55 | postive loss : 1436.78, negtive prim loss : 332.43, negtive defi loss : 420.10, worst lambd: 4120.68, worst prim gap: 0.19, worst defi gap: 0.31:  11%|█         | 56/500 [01:43<13:38,  1.84s/it]
Epoch 56 | postive loss : 1396.54, negtive prim loss : 325.49, negtive defi loss : 411.94, worst lambd: 4007.29, worst prim gap: 0.12, worst defi gap: 0.15:  11%|█▏        | 57/500 [01:45<13:36,  1.84s/it]
Epoch 57 | postive loss : 1357.44, negtive prim loss : 318.82, negtive defi loss : 404.16, worst lambd: 3878.66, worst prim gap: 0.14, worst defi gap: 0.27:  12%|█▏        | 58/500 [01:47<13:35,  1.84s/it]
Epoch 58 | postive loss : 1319.33, negtive prim loss : 312.26, negtive defi loss : 396.32, worst lambd: 3754.49, worst prim gap: 0.16, worst defi gap: 0.20:  12%|█▏        | 59/500 [01:49<13:33,  1.85s/it]
Epoch 59 | postive loss : 1282.41, negtive prim loss : 305.54, negtive defi loss : 388.71, worst lambd: 3618.17, worst prim gap: 0.17, worst defi gap: 0.22:  12%|█▏        | 60/500 [01:50<13:31,  1.84s/it]
Epoch 60 | postive loss : 1246.52, negtive prim loss : 299.28, negtive defi loss : 381.05, worst lambd: 3543.33, worst prim gap: 0.16, worst defi gap: 0.17:  12%|█▏        | 61/500 [01:52<13:29,  1.84s/it]
Epoch 61 | postive loss : 1211.66, negtive prim loss : 292.95, negtive defi loss : 373.55, worst lambd: 3422.34, worst prim gap: 0.09, worst defi gap: 0.20:  12%|█▏        | 62/500 [01:54<13:27,  1.84s/it]
Epoch 62 | postive loss : 1177.67, negtive prim loss : 286.98, negtive defi loss : 366.88, worst lambd: 3342.74, worst prim gap: 0.17, worst defi gap: 0.18:  13%|█▎        | 63/500 [01:56<13:25,  1.84s/it]
Epoch 63 | postive loss : 1144.61, negtive prim loss : 281.02, negtive defi loss : 359.75, worst lambd: 3281.66, worst prim gap: 0.07, worst defi gap: 0.10:  13%|█▎        | 64/500 [01:58<13:23,  1.84s/it]
Epoch 64 | postive loss : 1112.32, negtive prim loss : 275.28, negtive defi loss : 352.79, worst lambd: 3195.60, worst prim gap: 0.10, worst defi gap: 0.17:  13%|█▎        | 65/500 [02:00<13:21,  1.84s/it]
Epoch 65 | postive loss : 1080.87, negtive prim loss : 269.68, negtive defi loss : 346.34, worst lambd: 3134.06, worst prim gap: 0.14, worst defi gap: 0.07:  13%|█▎        | 66/500 [02:01<13:20,  1.84s/it]
Epoch 66 | postive loss : 1050.16, negtive prim loss : 263.90, negtive defi loss : 339.09, worst lambd: 3061.71, worst prim gap: 0.09, worst defi gap: 0.07:  13%|█▎        | 67/500 [02:03<13:17,  1.84s/it]
Epoch 67 | postive loss : 1020.26, negtive prim loss : 258.57, negtive defi loss : 332.67, worst lambd: 2977.60, worst prim gap: 0.09, worst defi gap: 0.07:  14%|█▎        | 68/500 [02:05<13:16,  1.84s/it]
Epoch 68 | postive loss : 991.07, negtive prim loss : 253.19, negtive defi loss : 326.92, worst lambd: 2904.90, worst prim gap: 0.08, worst defi gap: 0.12:  14%|█▍        | 69/500 [02:07<13:14,  1.84s/it] 
Epoch 69 | postive loss : 962.61, negtive prim loss : 247.84, negtive defi loss : 320.69, worst lambd: 2849.32, worst prim gap: 0.05, worst defi gap: 0.13:  14%|█▍        | 70/500 [02:09<13:12,  1.84s/it]
Epoch 70 | postive loss : 934.74, negtive prim loss : 242.78, negtive defi loss : 315.30, worst lambd: 2766.85, worst prim gap: 0.08, worst defi gap: 0.06:  14%|█▍        | 71/500 [02:11<13:10,  1.84s/it]
Epoch 71 | postive loss : 907.63, negtive prim loss : 237.80, negtive defi loss : 309.35, worst lambd: 2707.75, worst prim gap: 0.08, worst defi gap: 0.14:  14%|█▍        | 72/500 [02:13<13:07,  1.84s/it]
Epoch 72 | postive loss : 881.08, negtive prim loss : 233.20, negtive defi loss : 303.89, worst lambd: 2632.66, worst prim gap: 0.08, worst defi gap: 0.11:  15%|█▍        | 73/500 [02:14<13:04,  1.84s/it]
Epoch 73 | postive loss : 855.26, negtive prim loss : 228.31, negtive defi loss : 297.80, worst lambd: 2582.58, worst prim gap: 0.07, worst defi gap: 0.09:  15%|█▍        | 74/500 [02:16<13:03,  1.84s/it]
Epoch 74 | postive loss : 830.02, negtive prim loss : 223.65, negtive defi loss : 292.58, worst lambd: 2504.14, worst prim gap: 0.09, worst defi gap: 0.07:  15%|█▌        | 75/500 [02:18<13:00,  1.84s/it]
Epoch 75 | postive loss : 805.48, negtive prim loss : 219.20, negtive defi loss : 287.02, worst lambd: 2452.92, worst prim gap: 0.06, worst defi gap: 0.10:  15%|█▌        | 76/500 [02:20<12:58,  1.84s/it]
Epoch 76 | postive loss : 781.58, negtive prim loss : 214.65, negtive defi loss : 282.08, worst lambd: 2395.94, worst prim gap: 0.04, worst defi gap: 0.09:  15%|█▌        | 77/500 [02:22<12:57,  1.84s/it]
Epoch 77 | postive loss : 758.30, negtive prim loss : 210.43, negtive defi loss : 277.41, worst lambd: 2320.89, worst prim gap: 0.04, worst defi gap: 0.10:  16%|█▌        | 78/500 [02:24<12:55,  1.84s/it]
Epoch 78 | postive loss : 735.67, negtive prim loss : 206.27, negtive defi loss : 272.93, worst lambd: 2267.16, worst prim gap: 0.06, worst defi gap: 0.08:  16%|█▌        | 79/500 [02:25<12:53,  1.84s/it]
Epoch 79 | postive loss : 713.63, negtive prim loss : 202.18, negtive defi loss : 268.12, worst lambd: 2215.46, worst prim gap: 0.04, worst defi gap: 0.10:  16%|█▌        | 80/500 [02:27<12:51,  1.84s/it]
Epoch 80 | postive loss : 692.11, negtive prim loss : 198.18, negtive defi loss : 263.03, worst lambd: 2153.10, worst prim gap: 0.03, worst defi gap: 0.08:  16%|█▌        | 81/500 [02:29<12:50,  1.84s/it]
Epoch 81 | postive loss : 671.05, negtive prim loss : 194.25, negtive defi loss : 258.73, worst lambd: 2091.13, worst prim gap: 0.05, worst defi gap: 0.09:  16%|█▋        | 82/500 [02:31<12:49,  1.84s/it]
Epoch 82 | postive loss : 650.48, negtive prim loss : 190.41, negtive defi loss : 254.59, worst lambd: 2047.97, worst prim gap: 0.04, worst defi gap: 0.06:  17%|█▋        | 83/500 [02:33<12:47,  1.84s/it]
Epoch 83 | postive loss : 630.43, negtive prim loss : 186.79, negtive defi loss : 250.73, worst lambd: 1984.38, worst prim gap: 0.05, worst defi gap: 0.04:  17%|█▋        | 84/500 [02:35<12:45,  1.84s/it]
Epoch 84 | postive loss : 610.91, negtive prim loss : 183.08, negtive defi loss : 246.79, worst lambd: 1931.94, worst prim gap: 0.04, worst defi gap: 0.04:  17%|█▋        | 85/500 [02:36<12:43,  1.84s/it]
Epoch 85 | postive loss : 591.91, negtive prim loss : 179.49, negtive defi loss : 242.25, worst lambd: 1887.75, worst prim gap: 0.03, worst defi gap: 0.05:  17%|█▋        | 86/500 [02:38<12:41,  1.84s/it]
Epoch 86 | postive loss : 573.38, negtive prim loss : 176.14, negtive defi loss : 239.09, worst lambd: 1833.34, worst prim gap: 0.04, worst defi gap: 0.04:  17%|█▋        | 87/500 [02:40<12:38,  1.84s/it]
Epoch 87 | postive loss : 555.26, negtive prim loss : 172.80, negtive defi loss : 235.32, worst lambd: 1777.30, worst prim gap: 0.02, worst defi gap: 0.03:  18%|█▊        | 88/500 [02:42<12:36,  1.84s/it]
Epoch 88 | postive loss : 537.74, negtive prim loss : 169.59, negtive defi loss : 231.44, worst lambd: 1736.01, worst prim gap: 0.02, worst defi gap: 0.03:  18%|█▊        | 89/500 [02:44<12:35,  1.84s/it]
Epoch 89 | postive loss : 520.84, negtive prim loss : 166.42, negtive defi loss : 228.15, worst lambd: 1683.30, worst prim gap: 0.03, worst defi gap: 0.03:  18%|█▊        | 90/500 [02:46<12:32,  1.84s/it]
Epoch 90 | postive loss : 504.52, negtive prim loss : 163.26, negtive defi loss : 224.89, worst lambd: 1643.09, worst prim gap: 0.02, worst defi gap: 0.05:  18%|█▊        | 91/500 [02:47<12:31,  1.84s/it]
Epoch 91 | postive loss : 488.54, negtive prim loss : 160.23, negtive defi loss : 221.86, worst lambd: 1590.96, worst prim gap: 0.03, worst defi gap: 0.03:  18%|█▊        | 92/500 [02:49<12:29,  1.84s/it]
Epoch 92 | postive loss : 473.26, negtive prim loss : 157.21, negtive defi loss : 218.48, worst lambd: 1548.89, worst prim gap: 0.03, worst defi gap: 0.04:  19%|█▊        | 93/500 [02:51<12:27,  1.84s/it]
Epoch 93 | postive loss : 458.30, negtive prim loss : 154.39, negtive defi loss : 215.10, worst lambd: 1503.93, worst prim gap: 0.03, worst defi gap: 0.02:  19%|█▉        | 94/500 [02:53<12:25,  1.84s/it]
Epoch 94 | postive loss : 443.97, negtive prim loss : 151.58, negtive defi loss : 212.27, worst lambd: 1468.44, worst prim gap: 0.03, worst defi gap: 0.04:  19%|█▉        | 95/500 [02:55<12:23,  1.84s/it]
Epoch 95 | postive loss : 430.05, negtive prim loss : 148.79, negtive defi loss : 209.45, worst lambd: 1429.20, worst prim gap: 0.03, worst defi gap: 0.03:  19%|█▉        | 96/500 [02:57<12:22,  1.84s/it]
Epoch 96 | postive loss : 416.59, negtive prim loss : 146.12, negtive defi loss : 206.50, worst lambd: 1383.71, worst prim gap: 0.02, worst defi gap: 0.04:  19%|█▉        | 97/500 [02:58<12:20,  1.84s/it]
Epoch 97 | postive loss : 403.61, negtive prim loss : 143.54, negtive defi loss : 203.72, worst lambd: 1350.99, worst prim gap: 0.02, worst defi gap: 0.03:  20%|█▉        | 98/500 [03:00<12:18,  1.84s/it]
Epoch 98 | postive loss : 391.04, negtive prim loss : 140.93, negtive defi loss : 200.71, worst lambd: 1311.57, worst prim gap: 0.03, worst defi gap: 0.04:  20%|█▉        | 99/500 [03:02<12:17,  1.84s/it]
Epoch 99 | postive loss : 378.91, negtive prim loss : 138.44, negtive defi loss : 198.28, worst lambd: 1274.99, worst prim gap: 0.02, worst defi gap: 0.03:  20%|██        | 100/500 [03:04<12:15,  1.84s/it]
Epoch 100 | postive loss : 367.16, negtive prim loss : 136.00, negtive defi loss : 195.51, worst lambd: 1235.40, worst prim gap: 0.02, worst defi gap: 0.02:  20%|██        | 101/500 [03:06<12:13,  1.84s/it]
Epoch 101 | postive loss : 355.66, negtive prim loss : 133.59, negtive defi loss : 193.08, worst lambd: 1202.18, worst prim gap: 0.03, worst defi gap: 0.03:  20%|██        | 102/500 [03:08<12:11,  1.84s/it]
Epoch 102 | postive loss : 344.50, negtive prim loss : 131.29, negtive defi loss : 190.30, worst lambd: 1169.24, worst prim gap: 0.02, worst defi gap: 0.02:  21%|██        | 103/500 [03:09<12:08,  1.84s/it]
Epoch 103 | postive loss : 333.84, negtive prim loss : 128.95, negtive defi loss : 187.90, worst lambd: 1129.93, worst prim gap: 0.02, worst defi gap: 0.03:  21%|██        | 104/500 [03:11<12:06,  1.83s/it]
Epoch 104 | postive loss : 323.45, negtive prim loss : 126.68, negtive defi loss : 185.76, worst lambd: 1102.12, worst prim gap: 0.02, worst defi gap: 0.04:  21%|██        | 105/500 [03:13<12:04,  1.84s/it]
Epoch 105 | postive loss : 313.51, negtive prim loss : 124.52, negtive defi loss : 183.31, worst lambd: 1070.79, worst prim gap: 0.02, worst defi gap: 0.03:  21%|██        | 106/500 [03:15<12:03,  1.84s/it]
Epoch 106 | postive loss : 303.77, negtive prim loss : 122.29, negtive defi loss : 181.02, worst lambd: 1035.98, worst prim gap: 0.01, worst defi gap: 0.04:  21%|██▏       | 107/500 [03:17<12:01,  1.84s/it]
Epoch 107 | postive loss : 294.46, negtive prim loss : 120.34, negtive defi loss : 178.67, worst lambd: 1010.68, worst prim gap: 0.02, worst defi gap: 0.03:  22%|██▏       | 108/500 [03:19<11:59,  1.83s/it]
Epoch 108 | postive loss : 285.41, negtive prim loss : 118.33, negtive defi loss : 176.31, worst lambd: 980.08, worst prim gap: 0.02, worst defi gap: 0.02:  22%|██▏       | 109/500 [03:20<11:57,  1.83s/it] 
Epoch 109 | postive loss : 276.63, negtive prim loss : 116.16, negtive defi loss : 174.10, worst lambd: 949.73, worst prim gap: 0.02, worst defi gap: 0.01:  22%|██▏       | 110/500 [03:22<11:55,  1.84s/it]
Epoch 110 | postive loss : 268.09, negtive prim loss : 114.21, negtive defi loss : 172.02, worst lambd: 924.21, worst prim gap: 0.03, worst defi gap: 0.02:  22%|██▏       | 111/500 [03:24<11:54,  1.84s/it]
Epoch 111 | postive loss : 259.88, negtive prim loss : 112.27, negtive defi loss : 169.88, worst lambd: 893.34, worst prim gap: 0.02, worst defi gap: 0.02:  22%|██▏       | 112/500 [03:26<11:51,  1.83s/it]
Epoch 112 | postive loss : 251.75, negtive prim loss : 110.42, negtive defi loss : 167.68, worst lambd: 865.78, worst prim gap: 0.02, worst defi gap: 0.02:  23%|██▎       | 113/500 [03:28<11:49,  1.83s/it]
Epoch 113 | postive loss : 244.05, negtive prim loss : 108.56, negtive defi loss : 165.75, worst lambd: 839.83, worst prim gap: 0.02, worst defi gap: 0.03:  23%|██▎       | 114/500 [03:30<11:47,  1.83s/it]
Epoch 114 | postive loss : 236.58, negtive prim loss : 106.71, negtive defi loss : 163.37, worst lambd: 818.34, worst prim gap: 0.01, worst defi gap: 0.02:  23%|██▎       | 115/500 [03:31<11:45,  1.83s/it]
Epoch 115 | postive loss : 229.13, negtive prim loss : 105.01, negtive defi loss : 161.77, worst lambd: 793.77, worst prim gap: 0.02, worst defi gap: 0.01:  23%|██▎       | 116/500 [03:33<11:43,  1.83s/it]
Epoch 116 | postive loss : 222.10, negtive prim loss : 103.27, negtive defi loss : 159.71, worst lambd: 768.49, worst prim gap: 0.01, worst defi gap: 0.04:  23%|██▎       | 117/500 [03:35<11:40,  1.83s/it]
Epoch 117 | postive loss : 215.03, negtive prim loss : 101.46, negtive defi loss : 157.47, worst lambd: 743.63, worst prim gap: 0.03, worst defi gap: 0.04:  24%|██▎       | 118/500 [03:37<11:38,  1.83s/it]
Epoch 118 | postive loss : 208.37, negtive prim loss : 99.77, negtive defi loss : 155.67, worst lambd: 720.60, worst prim gap: 0.02, worst defi gap: 0.01:  24%|██▍       | 119/500 [03:39<11:36,  1.83s/it] 
Epoch 119 | postive loss : 201.93, negtive prim loss : 98.09, negtive defi loss : 153.87, worst lambd: 698.17, worst prim gap: 0.04, worst defi gap: 0.01:  24%|██▍       | 120/500 [03:41<11:35,  1.83s/it]
Epoch 120 | postive loss : 195.59, negtive prim loss : 96.54, negtive defi loss : 151.81, worst lambd: 675.97, worst prim gap: 0.03, worst defi gap: 0.04:  24%|██▍       | 121/500 [03:42<11:33,  1.83s/it]
Epoch 121 | postive loss : 189.48, negtive prim loss : 94.97, negtive defi loss : 149.92, worst lambd: 656.49, worst prim gap: 0.00, worst defi gap: 0.05:  24%|██▍       | 122/500 [03:44<11:31,  1.83s/it]
Epoch 122 | postive loss : 183.53, negtive prim loss : 93.41, negtive defi loss : 148.03, worst lambd: 633.66, worst prim gap: 0.03, worst defi gap: 0.01:  25%|██▍       | 123/500 [03:46<11:29,  1.83s/it]
Epoch 123 | postive loss : 177.78, negtive prim loss : 91.86, negtive defi loss : 146.32, worst lambd: 615.12, worst prim gap: 0.01, worst defi gap: 0.02:  25%|██▍       | 124/500 [03:48<11:27,  1.83s/it]
Epoch 124 | postive loss : 172.11, negtive prim loss : 90.38, negtive defi loss : 144.31, worst lambd: 596.43, worst prim gap: 0.03, worst defi gap: 0.02:  25%|██▌       | 125/500 [03:50<11:26,  1.83s/it]
Epoch 125 | postive loss : 166.85, negtive prim loss : 88.90, negtive defi loss : 142.81, worst lambd: 576.87, worst prim gap: 0.00, worst defi gap: 0.04:  25%|██▌       | 126/500 [03:52<11:24,  1.83s/it]
Epoch 126 | postive loss : 161.43, negtive prim loss : 87.41, negtive defi loss : 141.22, worst lambd: 558.78, worst prim gap: 0.00, worst defi gap: 0.02:  25%|██▌       | 127/500 [03:53<11:22,  1.83s/it]
Epoch 127 | postive loss : 156.33, negtive prim loss : 86.03, negtive defi loss : 139.27, worst lambd: 540.54, worst prim gap: 0.02, worst defi gap: 0.03:  26%|██▌       | 128/500 [03:55<11:20,  1.83s/it]
Epoch 128 | postive loss : 151.49, negtive prim loss : 84.63, negtive defi loss : 137.47, worst lambd: 522.71, worst prim gap: 0.01, worst defi gap: 0.03:  26%|██▌       | 129/500 [03:57<11:19,  1.83s/it]
Epoch 129 | postive loss : 146.54, negtive prim loss : 83.29, negtive defi loss : 135.76, worst lambd: 502.93, worst prim gap: 0.01, worst defi gap: 0.01:  26%|██▌       | 130/500 [03:59<11:17,  1.83s/it]
Epoch 130 | postive loss : 141.89, negtive prim loss : 81.91, negtive defi loss : 134.22, worst lambd: 486.77, worst prim gap: 0.02, worst defi gap: 0.01:  26%|██▌       | 131/500 [04:01<11:15,  1.83s/it]
Epoch 131 | postive loss : 137.33, negtive prim loss : 80.64, negtive defi loss : 132.70, worst lambd: 470.67, worst prim gap: 0.01, worst defi gap: 0.02:  26%|██▋       | 132/500 [04:03<11:12,  1.83s/it]
Epoch 132 | postive loss : 132.96, negtive prim loss : 79.32, negtive defi loss : 130.86, worst lambd: 454.36, worst prim gap: 0.01, worst defi gap: 0.02:  27%|██▋       | 133/500 [04:04<11:11,  1.83s/it]
Epoch 133 | postive loss : 128.69, negtive prim loss : 77.97, negtive defi loss : 129.41, worst lambd: 439.91, worst prim gap: 0.02, worst defi gap: 0.02:  27%|██▋       | 134/500 [04:06<11:09,  1.83s/it]
Epoch 134 | postive loss : 124.50, negtive prim loss : 76.79, negtive defi loss : 127.66, worst lambd: 425.73, worst prim gap: 0.02, worst defi gap: 0.03:  27%|██▋       | 135/500 [04:08<11:07,  1.83s/it]
Epoch 135 | postive loss : 120.57, negtive prim loss : 75.53, negtive defi loss : 126.08, worst lambd: 409.49, worst prim gap: 0.01, worst defi gap: 0.02:  27%|██▋       | 136/500 [04:10<11:05,  1.83s/it]
Epoch 136 | postive loss : 116.59, negtive prim loss : 74.36, negtive defi loss : 124.54, worst lambd: 395.94, worst prim gap: 0.02, worst defi gap: 0.04:  27%|██▋       | 137/500 [04:12<11:03,  1.83s/it]
Epoch 137 | postive loss : 112.92, negtive prim loss : 73.05, negtive defi loss : 123.05, worst lambd: 383.06, worst prim gap: 0.02, worst defi gap: 0.02:  28%|██▊       | 138/500 [04:14<11:01,  1.83s/it]
Epoch 138 | postive loss : 109.23, negtive prim loss : 71.94, negtive defi loss : 121.47, worst lambd: 368.94, worst prim gap: 0.02, worst defi gap: 0.02:  28%|██▊       | 139/500 [04:15<11:00,  1.83s/it]
Epoch 139 | postive loss : 105.64, negtive prim loss : 70.78, negtive defi loss : 119.86, worst lambd: 356.82, worst prim gap: 0.00, worst defi gap: 0.04:  28%|██▊       | 140/500 [04:17<10:58,  1.83s/it]
Epoch 140 | postive loss : 102.23, negtive prim loss : 69.70, negtive defi loss : 118.42, worst lambd: 343.59, worst prim gap: 0.02, worst defi gap: 0.01:  28%|██▊       | 141/500 [04:19<10:56,  1.83s/it]
Epoch 141 | postive loss : 98.82, negtive prim loss : 68.54, negtive defi loss : 116.74, worst lambd: 332.47, worst prim gap: 0.01, worst defi gap: 0.02:  28%|██▊       | 142/500 [04:21<10:54,  1.83s/it] 
Epoch 142 | postive loss : 95.69, negtive prim loss : 67.39, negtive defi loss : 115.29, worst lambd: 321.25, worst prim gap: 0.03, worst defi gap: 0.02:  29%|██▊       | 143/500 [04:23<10:52,  1.83s/it]
Epoch 143 | postive loss : 92.54, negtive prim loss : 66.38, negtive defi loss : 113.77, worst lambd: 308.32, worst prim gap: 0.02, worst defi gap: 0.01:  29%|██▉       | 144/500 [04:25<10:51,  1.83s/it]
Epoch 144 | postive loss : 89.40, negtive prim loss : 65.24, negtive defi loss : 112.33, worst lambd: 297.41, worst prim gap: 0.02, worst defi gap: 0.02:  29%|██▉       | 145/500 [04:26<10:49,  1.83s/it]
Epoch 145 | postive loss : 86.59, negtive prim loss : 64.13, negtive defi loss : 110.93, worst lambd: 287.64, worst prim gap: 0.02, worst defi gap: 0.04:  29%|██▉       | 146/500 [04:28<10:47,  1.83s/it]
Epoch 146 | postive loss : 83.62, negtive prim loss : 63.15, negtive defi loss : 109.44, worst lambd: 276.60, worst prim gap: 0.03, worst defi gap: 0.02:  29%|██▉       | 147/500 [04:30<10:45,  1.83s/it]
Epoch 147 | postive loss : 80.85, negtive prim loss : 62.09, negtive defi loss : 108.01, worst lambd: 265.27, worst prim gap: 0.05, worst defi gap: 0.01:  30%|██▉       | 148/500 [04:32<10:43,  1.83s/it]
Epoch 148 | postive loss : 78.44, negtive prim loss : 61.05, negtive defi loss : 106.61, worst lambd: 256.39, worst prim gap: 0.00, worst defi gap: 0.04:  30%|██▉       | 149/500 [04:34<10:41,  1.83s/it]
Epoch 149 | postive loss : 75.52, negtive prim loss : 60.06, negtive defi loss : 105.04, worst lambd: 246.76, worst prim gap: 0.01, worst defi gap: 0.02:  30%|███       | 150/500 [04:35<10:38,  1.82s/it]
Epoch 150 | postive loss : 73.19, negtive prim loss : 59.11, negtive defi loss : 103.69, worst lambd: 239.31, worst prim gap: 0.02, worst defi gap: 0.02:  30%|███       | 151/500 [04:37<10:37,  1.83s/it]
Epoch 151 | postive loss : 70.74, negtive prim loss : 58.15, negtive defi loss : 102.21, worst lambd: 229.34, worst prim gap: 0.02, worst defi gap: 0.07:  30%|███       | 152/500 [04:39<10:35,  1.83s/it]
Epoch 152 | postive loss : 68.32, negtive prim loss : 57.20, negtive defi loss : 100.84, worst lambd: 220.72, worst prim gap: 0.01, worst defi gap: 0.02:  31%|███       | 153/500 [04:41<10:34,  1.83s/it]
Epoch 153 | postive loss : 66.15, negtive prim loss : 56.19, negtive defi loss : 99.38, worst lambd: 214.13, worst prim gap: 0.02, worst defi gap: 0.05:  31%|███       | 154/500 [04:43<10:32,  1.83s/it] 
Epoch 154 | postive loss : 63.73, negtive prim loss : 55.27, negtive defi loss : 98.18, worst lambd: 206.10, worst prim gap: 0.03, worst defi gap: 0.03:  31%|███       | 155/500 [04:45<10:31,  1.83s/it]
Epoch 155 | postive loss : 61.85, negtive prim loss : 54.35, negtive defi loss : 96.74, worst lambd: 198.25, worst prim gap: 0.03, worst defi gap: 0.02:  31%|███       | 156/500 [04:46<10:29,  1.83s/it]
Epoch 156 | postive loss : 59.67, negtive prim loss : 53.39, negtive defi loss : 95.31, worst lambd: 191.74, worst prim gap: 0.02, worst defi gap: 0.04:  31%|███▏      | 157/500 [04:48<10:27,  1.83s/it]
Epoch 157 | postive loss : 57.68, negtive prim loss : 52.52, negtive defi loss : 94.10, worst lambd: 184.15, worst prim gap: 0.00, worst defi gap: 0.01:  32%|███▏      | 158/500 [04:50<10:25,  1.83s/it]
Epoch 158 | postive loss : 55.70, negtive prim loss : 51.60, negtive defi loss : 92.59, worst lambd: 176.67, worst prim gap: 0.03, worst defi gap: 0.03:  32%|███▏      | 159/500 [04:52<10:23,  1.83s/it]
Epoch 159 | postive loss : 53.88, negtive prim loss : 50.80, negtive defi loss : 91.42, worst lambd: 169.88, worst prim gap: 0.02, worst defi gap: 0.02:  32%|███▏      | 160/500 [04:54<10:22,  1.83s/it]
Epoch 160 | postive loss : 52.06, negtive prim loss : 49.93, negtive defi loss : 89.91, worst lambd: 164.40, worst prim gap: 0.01, worst defi gap: 0.01:  32%|███▏      | 161/500 [04:56<10:20,  1.83s/it]
Epoch 161 | postive loss : 50.47, negtive prim loss : 49.05, negtive defi loss : 88.74, worst lambd: 161.10, worst prim gap: 0.02, worst defi gap: 0.04:  32%|███▏      | 162/500 [04:57<10:18,  1.83s/it]
Epoch 162 | postive loss : 48.68, negtive prim loss : 48.20, negtive defi loss : 87.28, worst lambd: 152.42, worst prim gap: 0.02, worst defi gap: 0.02:  33%|███▎      | 163/500 [04:59<10:16,  1.83s/it]
Epoch 163 | postive loss : 47.12, negtive prim loss : 47.32, negtive defi loss : 86.05, worst lambd: 149.02, worst prim gap: 0.00, worst defi gap: 0.03:  33%|███▎      | 164/500 [05:01<10:14,  1.83s/it]
Epoch 164 | postive loss : 45.45, negtive prim loss : 46.53, negtive defi loss : 84.80, worst lambd: 143.94, worst prim gap: 0.02, worst defi gap: 0.08:  33%|███▎      | 165/500 [05:03<10:12,  1.83s/it]
Epoch 165 | postive loss : 43.98, negtive prim loss : 45.73, negtive defi loss : 83.45, worst lambd: 139.72, worst prim gap: 0.00, worst defi gap: 0.03:  33%|███▎      | 166/500 [05:05<10:10,  1.83s/it]
Epoch 166 | postive loss : 42.44, negtive prim loss : 44.84, negtive defi loss : 82.22, worst lambd: 136.22, worst prim gap: 0.00, worst defi gap: 0.02:  33%|███▎      | 167/500 [05:07<10:09,  1.83s/it]
Epoch 167 | postive loss : 41.01, negtive prim loss : 44.12, negtive defi loss : 81.01, worst lambd: 132.13, worst prim gap: 0.01, worst defi gap: 0.02:  34%|███▎      | 168/500 [05:08<10:06,  1.83s/it]
Epoch 168 | postive loss : 39.64, negtive prim loss : 43.29, negtive defi loss : 79.65, worst lambd: 126.50, worst prim gap: 0.00, worst defi gap: 0.03:  34%|███▍      | 169/500 [05:10<10:04,  1.82s/it]
Epoch 169 | postive loss : 38.18, negtive prim loss : 42.53, negtive defi loss : 78.50, worst lambd: 123.85, worst prim gap: 0.02, worst defi gap: 0.03:  34%|███▍      | 170/500 [05:12<10:03,  1.83s/it]
Epoch 170 | postive loss : 36.95, negtive prim loss : 41.78, negtive defi loss : 77.18, worst lambd: 118.69, worst prim gap: 0.02, worst defi gap: 0.05:  34%|███▍      | 171/500 [05:14<10:00,  1.83s/it]
Epoch 171 | postive loss : 35.72, negtive prim loss : 41.01, negtive defi loss : 75.97, worst lambd: 115.84, worst prim gap: 0.00, worst defi gap: 0.01:  34%|███▍      | 172/500 [05:16<09:59,  1.83s/it]
Epoch 172 | postive loss : 34.57, negtive prim loss : 40.30, negtive defi loss : 74.69, worst lambd: 110.60, worst prim gap: 0.00, worst defi gap: 0.04:  35%|███▍      | 173/500 [05:18<09:56,  1.83s/it]
Epoch 173 | postive loss : 33.53, negtive prim loss : 39.57, negtive defi loss : 73.59, worst lambd: 107.76, worst prim gap: 0.02, worst defi gap: 0.07:  35%|███▍      | 174/500 [05:19<09:55,  1.83s/it]
Epoch 174 | postive loss : 32.25, negtive prim loss : 38.83, negtive defi loss : 72.36, worst lambd: 104.39, worst prim gap: 0.02, worst defi gap: 0.03:  35%|███▌      | 175/500 [05:21<09:53,  1.83s/it]
Epoch 175 | postive loss : 31.07, negtive prim loss : 38.10, negtive defi loss : 71.20, worst lambd: 100.36, worst prim gap: 0.03, worst defi gap: 0.02:  35%|███▌      | 176/500 [05:23<09:51,  1.83s/it]
Epoch 176 | postive loss : 30.10, negtive prim loss : 37.43, negtive defi loss : 70.03, worst lambd: 96.85, worst prim gap: 0.03, worst defi gap: 0.04:  35%|███▌      | 177/500 [05:25<09:49,  1.82s/it] 
Epoch 177 | postive loss : 29.09, negtive prim loss : 36.73, negtive defi loss : 68.92, worst lambd: 94.35, worst prim gap: 0.00, worst defi gap: 0.07:  36%|███▌      | 178/500 [05:27<09:47,  1.82s/it]
Epoch 178 | postive loss : 28.16, negtive prim loss : 36.04, negtive defi loss : 67.67, worst lambd: 92.02, worst prim gap: 0.02, worst defi gap: 0.04:  36%|███▌      | 179/500 [05:28<09:45,  1.82s/it]
Epoch 179 | postive loss : 27.09, negtive prim loss : 35.37, negtive defi loss : 66.66, worst lambd: 89.52, worst prim gap: 0.01, worst defi gap: 0.02:  36%|███▌      | 180/500 [05:30<09:43,  1.82s/it]
Epoch 180 | postive loss : 26.43, negtive prim loss : 34.73, negtive defi loss : 65.50, worst lambd: 86.22, worst prim gap: 0.01, worst defi gap: 0.06:  36%|███▌      | 181/500 [05:32<09:41,  1.82s/it]
Epoch 181 | postive loss : 25.47, negtive prim loss : 34.07, negtive defi loss : 64.34, worst lambd: 81.82, worst prim gap: 0.01, worst defi gap: 0.02:  36%|███▋      | 182/500 [05:34<09:40,  1.82s/it]
Epoch 182 | postive loss : 24.66, negtive prim loss : 33.42, negtive defi loss : 63.20, worst lambd: 78.49, worst prim gap: 0.02, worst defi gap: 0.02:  37%|███▋      | 183/500 [05:36<09:38,  1.82s/it]
Epoch 183 | postive loss : 23.89, negtive prim loss : 32.78, negtive defi loss : 62.13, worst lambd: 77.82, worst prim gap: 0.01, worst defi gap: 0.04:  37%|███▋      | 184/500 [05:38<09:36,  1.82s/it]
Epoch 184 | postive loss : 23.02, negtive prim loss : 32.12, negtive defi loss : 61.04, worst lambd: 74.73, worst prim gap: 0.01, worst defi gap: 0.02:  37%|███▋      | 185/500 [05:39<09:34,  1.82s/it]
Epoch 185 | postive loss : 22.22, negtive prim loss : 31.50, negtive defi loss : 59.97, worst lambd: 72.67, worst prim gap: 0.00, worst defi gap: 0.04:  37%|███▋      | 186/500 [05:41<09:32,  1.82s/it]
Epoch 186 | postive loss : 21.73, negtive prim loss : 30.90, negtive defi loss : 58.93, worst lambd: 69.20, worst prim gap: 0.01, worst defi gap: 0.07:  37%|███▋      | 187/500 [05:43<09:30,  1.82s/it]
Epoch 187 | postive loss : 20.92, negtive prim loss : 30.28, negtive defi loss : 57.83, worst lambd: 67.52, worst prim gap: 0.01, worst defi gap: 0.04:  38%|███▊      | 188/500 [05:45<09:28,  1.82s/it]
Epoch 188 | postive loss : 20.24, negtive prim loss : 29.70, negtive defi loss : 56.85, worst lambd: 64.60, worst prim gap: 0.01, worst defi gap: 0.06:  38%|███▊      | 189/500 [05:47<09:27,  1.83s/it]
Epoch 189 | postive loss : 19.55, negtive prim loss : 29.08, negtive defi loss : 55.77, worst lambd: 62.95, worst prim gap: 0.01, worst defi gap: 0.06:  38%|███▊      | 190/500 [05:49<09:26,  1.83s/it]
Epoch 190 | postive loss : 18.96, negtive prim loss : 28.55, negtive defi loss : 54.79, worst lambd: 61.14, worst prim gap: 0.01, worst defi gap: 0.03:  38%|███▊      | 191/500 [05:50<09:24,  1.83s/it]
Epoch 191 | postive loss : 18.26, negtive prim loss : 27.97, negtive defi loss : 53.85, worst lambd: 57.41, worst prim gap: 0.01, worst defi gap: 0.04:  38%|███▊      | 192/500 [05:52<09:22,  1.83s/it]
Epoch 192 | postive loss : 17.91, negtive prim loss : 27.43, negtive defi loss : 52.83, worst lambd: 57.74, worst prim gap: 0.03, worst defi gap: 0.02:  39%|███▊      | 193/500 [05:54<09:21,  1.83s/it]
Epoch 193 | postive loss : 17.25, negtive prim loss : 26.87, negtive defi loss : 51.76, worst lambd: 54.26, worst prim gap: 0.01, worst defi gap: 0.03:  39%|███▉      | 194/500 [05:56<09:18,  1.83s/it]
Epoch 194 | postive loss : 16.49, negtive prim loss : 26.34, negtive defi loss : 50.85, worst lambd: 53.57, worst prim gap: 0.00, worst defi gap: 0.05:  39%|███▉      | 195/500 [05:58<09:17,  1.83s/it]
Epoch 195 | postive loss : 16.25, negtive prim loss : 25.80, negtive defi loss : 50.00, worst lambd: 52.08, worst prim gap: 0.01, worst defi gap: 0.08:  39%|███▉      | 196/500 [05:59<09:14,  1.82s/it]
Epoch 196 | postive loss : 15.67, negtive prim loss : 25.29, negtive defi loss : 48.99, worst lambd: 48.46, worst prim gap: 0.01, worst defi gap: 0.04:  39%|███▉      | 197/500 [06:01<09:13,  1.83s/it]
Epoch 197 | postive loss : 15.16, negtive prim loss : 24.73, negtive defi loss : 48.07, worst lambd: 47.95, worst prim gap: 0.01, worst defi gap: 0.09:  40%|███▉      | 198/500 [06:03<09:12,  1.83s/it]
Epoch 198 | postive loss : 14.69, negtive prim loss : 24.25, negtive defi loss : 47.15, worst lambd: 46.28, worst prim gap: 0.01, worst defi gap: 0.02:  40%|███▉      | 199/500 [06:05<09:09,  1.83s/it]
Epoch 199 | postive loss : 14.48, negtive prim loss : 23.73, negtive defi loss : 46.17, worst lambd: 43.80, worst prim gap: 0.00, worst defi gap: 0.03:  40%|████      | 200/500 [06:07<09:07,  1.83s/it]
Epoch 200 | postive loss : 13.83, negtive prim loss : 23.24, negtive defi loss : 45.35, worst lambd: 43.08, worst prim gap: 0.02, worst defi gap: 0.04:  40%|████      | 201/500 [06:09<09:06,  1.83s/it]
Epoch 201 | postive loss : 13.47, negtive prim loss : 22.78, negtive defi loss : 44.43, worst lambd: 41.26, worst prim gap: 0.01, worst defi gap: 0.11:  40%|████      | 202/500 [06:10<09:04,  1.83s/it]
Epoch 202 | postive loss : 13.04, negtive prim loss : 22.27, negtive defi loss : 43.60, worst lambd: 38.64, worst prim gap: 0.02, worst defi gap: 0.03:  41%|████      | 203/500 [06:12<09:02,  1.83s/it]
Epoch 203 | postive loss : 12.66, negtive prim loss : 21.82, negtive defi loss : 42.72, worst lambd: 39.10, worst prim gap: 0.01, worst defi gap: 0.08:  41%|████      | 204/500 [06:14<09:00,  1.83s/it]
Epoch 204 | postive loss : 12.44, negtive prim loss : 21.37, negtive defi loss : 41.83, worst lambd: 37.32, worst prim gap: 0.00, worst defi gap: 0.05:  41%|████      | 205/500 [06:16<08:59,  1.83s/it]
Epoch 205 | postive loss : 11.95, negtive prim loss : 20.92, negtive defi loss : 41.05, worst lambd: 36.11, worst prim gap: 0.01, worst defi gap: 0.05:  41%|████      | 206/500 [06:18<08:57,  1.83s/it]
Epoch 206 | postive loss : 11.64, negtive prim loss : 20.47, negtive defi loss : 40.21, worst lambd: 34.43, worst prim gap: 0.01, worst defi gap: 0.05:  41%|████▏     | 207/500 [06:20<08:55,  1.83s/it]
Epoch 207 | postive loss : 11.22, negtive prim loss : 20.04, negtive defi loss : 39.47, worst lambd: 34.12, worst prim gap: 0.01, worst defi gap: 0.05:  42%|████▏     | 208/500 [06:21<08:53,  1.83s/it]
Epoch 208 | postive loss : 11.05, negtive prim loss : 19.64, negtive defi loss : 38.66, worst lambd: 32.45, worst prim gap: 0.00, worst defi gap: 0.10:  42%|████▏     | 209/500 [06:23<08:51,  1.83s/it]
Epoch 209 | postive loss : 10.74, negtive prim loss : 19.19, negtive defi loss : 37.86, worst lambd: 31.13, worst prim gap: 0.00, worst defi gap: 0.10:  42%|████▏     | 210/500 [06:25<08:49,  1.83s/it]
Epoch 210 | postive loss : 10.46, negtive prim loss : 18.81, negtive defi loss : 37.13, worst lambd: 29.84, worst prim gap: 0.00, worst defi gap: 0.09:  42%|████▏     | 211/500 [06:27<08:47,  1.83s/it]
Epoch 211 | postive loss : 10.16, negtive prim loss : 18.38, negtive defi loss : 36.33, worst lambd: 28.27, worst prim gap: 0.00, worst defi gap: 0.08:  42%|████▏     | 212/500 [06:29<08:46,  1.83s/it]
Epoch 212 | postive loss : 9.95, negtive prim loss : 17.97, negtive defi loss : 35.57, worst lambd: 28.35, worst prim gap: 0.01, worst defi gap: 0.02:  43%|████▎     | 213/500 [06:31<08:43,  1.83s/it] 
Epoch 213 | postive loss : 9.64, negtive prim loss : 17.59, negtive defi loss : 34.86, worst lambd: 27.62, worst prim gap: 0.01, worst defi gap: 0.07:  43%|████▎     | 214/500 [06:32<08:42,  1.83s/it]
Epoch 214 | postive loss : 9.34, negtive prim loss : 17.20, negtive defi loss : 34.09, worst lambd: 26.68, worst prim gap: 0.02, worst defi gap: 0.06:  43%|████▎     | 215/500 [06:34<08:40,  1.83s/it]
Epoch 215 | postive loss : 9.15, negtive prim loss : 16.85, negtive defi loss : 33.38, worst lambd: 25.26, worst prim gap: 0.01, worst defi gap: 0.07:  43%|████▎     | 216/500 [06:36<08:38,  1.83s/it]
Epoch 216 | postive loss : 8.88, negtive prim loss : 16.46, negtive defi loss : 32.70, worst lambd: 26.05, worst prim gap: 0.01, worst defi gap: 0.07:  43%|████▎     | 217/500 [06:38<08:38,  1.83s/it]
Epoch 217 | postive loss : 8.73, negtive prim loss : 16.11, negtive defi loss : 32.00, worst lambd: 24.57, worst prim gap: 0.01, worst defi gap: 0.08:  44%|████▎     | 218/500 [06:40<08:35,  1.83s/it]
Epoch 218 | postive loss : 8.44, negtive prim loss : 15.76, negtive defi loss : 31.38, worst lambd: 23.59, worst prim gap: 0.00, worst defi gap: 0.05:  44%|████▍     | 219/500 [06:42<08:33,  1.83s/it]
Epoch 219 | postive loss : 8.30, negtive prim loss : 15.41, negtive defi loss : 30.69, worst lambd: 22.80, worst prim gap: 0.01, worst defi gap: 0.08:  44%|████▍     | 220/500 [06:43<08:32,  1.83s/it]
Epoch 220 | postive loss : 8.03, negtive prim loss : 15.07, negtive defi loss : 30.06, worst lambd: 21.98, worst prim gap: 0.02, worst defi gap: 0.08:  44%|████▍     | 221/500 [06:45<08:30,  1.83s/it]
Epoch 221 | postive loss : 7.82, negtive prim loss : 14.73, negtive defi loss : 29.43, worst lambd: 20.69, worst prim gap: 0.01, worst defi gap: 0.10:  44%|████▍     | 222/500 [06:47<08:28,  1.83s/it]
Epoch 222 | postive loss : 7.73, negtive prim loss : 14.43, negtive defi loss : 28.81, worst lambd: 20.13, worst prim gap: 0.02, worst defi gap: 0.08:  45%|████▍     | 223/500 [06:49<08:26,  1.83s/it]
Epoch 223 | postive loss : 7.45, negtive prim loss : 14.10, negtive defi loss : 28.18, worst lambd: 19.37, worst prim gap: 0.01, worst defi gap: 0.08:  45%|████▍     | 224/500 [06:51<08:24,  1.83s/it]
Epoch 224 | postive loss : 7.42, negtive prim loss : 13.78, negtive defi loss : 27.60, worst lambd: 19.24, worst prim gap: 0.02, worst defi gap: 0.15:  45%|████▌     | 225/500 [06:52<08:22,  1.83s/it]
Epoch 225 | postive loss : 7.20, negtive prim loss : 13.47, negtive defi loss : 27.00, worst lambd: 18.11, worst prim gap: 0.01, worst defi gap: 0.03:  45%|████▌     | 226/500 [06:54<08:20,  1.83s/it]
Epoch 226 | postive loss : 6.97, negtive prim loss : 13.16, negtive defi loss : 26.43, worst lambd: 17.33, worst prim gap: 0.01, worst defi gap: 0.03:  45%|████▌     | 227/500 [06:56<08:18,  1.83s/it]
Epoch 227 | postive loss : 6.97, negtive prim loss : 12.89, negtive defi loss : 25.86, worst lambd: 18.02, worst prim gap: 0.00, worst defi gap: 0.11:  46%|████▌     | 228/500 [06:58<08:16,  1.83s/it]
Epoch 228 | postive loss : 6.79, negtive prim loss : 12.60, negtive defi loss : 25.29, worst lambd: 16.80, worst prim gap: 0.00, worst defi gap: 0.05:  46%|████▌     | 229/500 [07:00<08:14,  1.83s/it]
Epoch 229 | postive loss : 6.48, negtive prim loss : 12.31, negtive defi loss : 24.72, worst lambd: 15.90, worst prim gap: 0.01, worst defi gap: 0.07:  46%|████▌     | 230/500 [07:02<08:13,  1.83s/it]
Epoch 230 | postive loss : 6.61, negtive prim loss : 12.04, negtive defi loss : 24.22, worst lambd: 15.95, worst prim gap: 0.01, worst defi gap: 0.11:  46%|████▌     | 231/500 [07:03<08:11,  1.83s/it]
Epoch 231 | postive loss : 6.33, negtive prim loss : 11.75, negtive defi loss : 23.68, worst lambd: 15.02, worst prim gap: 0.01, worst defi gap: 0.02:  46%|████▋     | 232/500 [07:05<08:08,  1.82s/it]
Epoch 232 | postive loss : 6.27, negtive prim loss : 11.49, negtive defi loss : 23.17, worst lambd: 13.29, worst prim gap: 0.01, worst defi gap: 0.09:  47%|████▋     | 233/500 [07:07<08:07,  1.83s/it]
Epoch 233 | postive loss : 6.09, negtive prim loss : 11.23, negtive defi loss : 22.66, worst lambd: 15.32, worst prim gap: 0.01, worst defi gap: 0.09:  47%|████▋     | 234/500 [07:09<08:05,  1.83s/it]
Epoch 234 | postive loss : 6.05, negtive prim loss : 10.98, negtive defi loss : 22.16, worst lambd: 14.05, worst prim gap: 0.01, worst defi gap: 0.07:  47%|████▋     | 235/500 [07:11<08:03,  1.82s/it]
Epoch 235 | postive loss : 5.95, negtive prim loss : 10.73, negtive defi loss : 21.64, worst lambd: 12.85, worst prim gap: 0.00, worst defi gap: 0.09:  47%|████▋     | 236/500 [07:13<08:02,  1.83s/it]
Epoch 236 | postive loss : 5.80, negtive prim loss : 10.49, negtive defi loss : 21.22, worst lambd: 12.72, worst prim gap: 0.04, worst defi gap: 0.13:  47%|████▋     | 237/500 [07:14<08:00,  1.83s/it]
Epoch 237 | postive loss : 5.67, negtive prim loss : 10.27, negtive defi loss : 20.74, worst lambd: 12.45, worst prim gap: 0.01, worst defi gap: 0.09:  48%|████▊     | 238/500 [07:16<07:59,  1.83s/it]
Epoch 238 | postive loss : 5.65, negtive prim loss : 10.04, negtive defi loss : 20.29, worst lambd: 13.62, worst prim gap: 0.00, worst defi gap: 0.15:  48%|████▊     | 239/500 [07:18<07:57,  1.83s/it]
Epoch 239 | postive loss : 5.53, negtive prim loss : 9.80, negtive defi loss : 19.84, worst lambd: 12.17, worst prim gap: 0.01, worst defi gap: 0.14:  48%|████▊     | 240/500 [07:20<07:55,  1.83s/it] 
Epoch 240 | postive loss : 5.50, negtive prim loss : 9.59, negtive defi loss : 19.40, worst lambd: 11.18, worst prim gap: 0.00, worst defi gap: 0.04:  48%|████▊     | 241/500 [07:22<07:53,  1.83s/it]
Epoch 241 | postive loss : 5.27, negtive prim loss : 9.36, negtive defi loss : 18.98, worst lambd: 10.86, worst prim gap: 0.01, worst defi gap: 0.11:  48%|████▊     | 242/500 [07:24<07:52,  1.83s/it]
Epoch 242 | postive loss : 5.30, negtive prim loss : 9.16, negtive defi loss : 18.58, worst lambd: 11.90, worst prim gap: 0.02, worst defi gap: 0.02:  49%|████▊     | 243/500 [07:25<07:50,  1.83s/it]
Epoch 243 | postive loss : 5.13, negtive prim loss : 8.96, negtive defi loss : 18.18, worst lambd: 10.78, worst prim gap: 0.02, worst defi gap: 0.07:  49%|████▉     | 244/500 [07:27<07:48,  1.83s/it]
Epoch 244 | postive loss : 5.10, negtive prim loss : 8.76, negtive defi loss : 17.80, worst lambd: 10.55, worst prim gap: 0.01, worst defi gap: 0.07:  49%|████▉     | 245/500 [07:29<07:46,  1.83s/it]
Epoch 245 | postive loss : 5.06, negtive prim loss : 8.57, negtive defi loss : 17.42, worst lambd: 9.83, worst prim gap: 0.00, worst defi gap: 0.12:  49%|████▉     | 246/500 [07:31<07:45,  1.83s/it] 
Epoch 246 | postive loss : 4.98, negtive prim loss : 8.38, negtive defi loss : 17.05, worst lambd: 9.73, worst prim gap: 0.01, worst defi gap: 0.13:  49%|████▉     | 247/500 [07:33<07:43,  1.83s/it]
Epoch 247 | postive loss : 4.88, negtive prim loss : 8.21, negtive defi loss : 16.68, worst lambd: 9.51, worst prim gap: 0.01, worst defi gap: 0.11:  50%|████▉     | 248/500 [07:35<07:41,  1.83s/it]
Epoch 248 | postive loss : 4.81, negtive prim loss : 8.02, negtive defi loss : 16.31, worst lambd: 9.78, worst prim gap: 0.01, worst defi gap: 0.06:  50%|████▉     | 249/500 [07:36<07:39,  1.83s/it]
Epoch 249 | postive loss : 4.71, negtive prim loss : 7.85, negtive defi loss : 15.98, worst lambd: 9.64, worst prim gap: 0.00, worst defi gap: 0.01:  50%|█████     | 250/500 [07:38<07:38,  1.83s/it]
Epoch 250 | postive loss : 4.69, negtive prim loss : 7.68, negtive defi loss : 15.62, worst lambd: 9.22, worst prim gap: 0.01, worst defi gap: 0.01:  50%|█████     | 251/500 [07:40<07:36,  1.83s/it]
Epoch 251 | postive loss : 4.68, negtive prim loss : 7.53, negtive defi loss : 15.30, worst lambd: 9.07, worst prim gap: 0.02, worst defi gap: 0.11:  50%|█████     | 252/500 [07:42<07:34,  1.83s/it]
Epoch 252 | postive loss : 4.55, negtive prim loss : 7.35, negtive defi loss : 15.01, worst lambd: 9.39, worst prim gap: 0.01, worst defi gap: 0.10:  51%|█████     | 253/500 [07:44<07:32,  1.83s/it]
Epoch 253 | postive loss : 4.56, negtive prim loss : 7.21, negtive defi loss : 14.69, worst lambd: 8.70, worst prim gap: 0.00, worst defi gap: 0.12:  51%|█████     | 254/500 [07:46<07:30,  1.83s/it]
Epoch 254 | postive loss : 4.50, negtive prim loss : 7.05, negtive defi loss : 14.33, worst lambd: 9.23, worst prim gap: 0.01, worst defi gap: 0.14:  51%|█████     | 255/500 [07:47<07:28,  1.83s/it]
Epoch 255 | postive loss : 4.38, negtive prim loss : 6.89, negtive defi loss : 14.06, worst lambd: 8.78, worst prim gap: 0.00, worst defi gap: 0.09:  51%|█████     | 256/500 [07:49<07:26,  1.83s/it]
Epoch 256 | postive loss : 4.34, negtive prim loss : 6.75, negtive defi loss : 13.81, worst lambd: 9.09, worst prim gap: 0.00, worst defi gap: 0.09:  51%|█████▏    | 257/500 [07:51<07:25,  1.83s/it]
Epoch 257 | postive loss : 4.38, negtive prim loss : 6.64, negtive defi loss : 13.54, worst lambd: 9.06, worst prim gap: 0.01, worst defi gap: 0.01:  52%|█████▏    | 258/500 [07:53<07:23,  1.83s/it]
Epoch 258 | postive loss : 4.20, negtive prim loss : 6.49, negtive defi loss : 13.27, worst lambd: 8.23, worst prim gap: 0.00, worst defi gap: 0.02:  52%|█████▏    | 259/500 [07:55<07:21,  1.83s/it]
Epoch 259 | postive loss : 4.23, negtive prim loss : 6.37, negtive defi loss : 13.02, worst lambd: 8.39, worst prim gap: 0.00, worst defi gap: 0.03:  52%|█████▏    | 260/500 [07:57<07:19,  1.83s/it]
Epoch 260 | postive loss : 4.25, negtive prim loss : 6.24, negtive defi loss : 12.75, worst lambd: 8.98, worst prim gap: 0.01, worst defi gap: 0.13:  52%|█████▏    | 261/500 [07:58<07:17,  1.83s/it]
Epoch 261 | postive loss : 4.17, negtive prim loss : 6.12, negtive defi loss : 12.52, worst lambd: 8.45, worst prim gap: 0.01, worst defi gap: 0.08:  52%|█████▏    | 262/500 [08:00<07:15,  1.83s/it]
Epoch 262 | postive loss : 4.17, negtive prim loss : 6.01, negtive defi loss : 12.28, worst lambd: 8.46, worst prim gap: 0.01, worst defi gap: 0.04:  53%|█████▎    | 263/500 [08:02<07:14,  1.83s/it]
Epoch 263 | postive loss : 3.98, negtive prim loss : 5.88, negtive defi loss : 12.03, worst lambd: 7.77, worst prim gap: 0.00, worst defi gap: 0.06:  53%|█████▎    | 264/500 [08:04<07:12,  1.83s/it]
Epoch 264 | postive loss : 3.97, negtive prim loss : 5.77, negtive defi loss : 11.84, worst lambd: 8.41, worst prim gap: 0.02, worst defi gap: 0.10:  53%|█████▎    | 265/500 [08:06<07:10,  1.83s/it]
Epoch 265 | postive loss : 4.00, negtive prim loss : 5.68, negtive defi loss : 11.63, worst lambd: 8.72, worst prim gap: 0.01, worst defi gap: 0.11:  53%|█████▎    | 266/500 [08:08<07:08,  1.83s/it]
Epoch 266 | postive loss : 3.94, negtive prim loss : 5.57, negtive defi loss : 11.42, worst lambd: 7.96, worst prim gap: 0.01, worst defi gap: 0.08:  53%|█████▎    | 267/500 [08:09<07:07,  1.83s/it]
Epoch 267 | postive loss : 3.92, negtive prim loss : 5.47, negtive defi loss : 11.23, worst lambd: 8.09, worst prim gap: 0.01, worst defi gap: 0.12:  54%|█████▎    | 268/500 [08:11<07:05,  1.83s/it]
Epoch 268 | postive loss : 3.85, negtive prim loss : 5.37, negtive defi loss : 11.01, worst lambd: 8.42, worst prim gap: 0.01, worst defi gap: 0.01:  54%|█████▍    | 269/500 [08:13<07:03,  1.83s/it]
Epoch 269 | postive loss : 3.88, negtive prim loss : 5.29, negtive defi loss : 10.83, worst lambd: 8.05, worst prim gap: 0.02, worst defi gap: 0.06:  54%|█████▍    | 270/500 [08:15<07:01,  1.83s/it]
Epoch 270 | postive loss : 3.78, negtive prim loss : 5.20, negtive defi loss : 10.68, worst lambd: 7.52, worst prim gap: 0.01, worst defi gap: 0.08:  54%|█████▍    | 271/500 [08:17<06:59,  1.83s/it]
Epoch 271 | postive loss : 3.80, negtive prim loss : 5.12, negtive defi loss : 10.50, worst lambd: 8.16, worst prim gap: 0.00, worst defi gap: 0.09:  54%|█████▍    | 272/500 [08:19<06:57,  1.83s/it]
Epoch 272 | postive loss : 3.71, negtive prim loss : 5.03, negtive defi loss : 10.32, worst lambd: 7.62, worst prim gap: 0.01, worst defi gap: 0.05:  55%|█████▍    | 273/500 [08:20<06:56,  1.83s/it]
Epoch 273 | postive loss : 3.66, negtive prim loss : 4.94, negtive defi loss : 10.17, worst lambd: 7.61, worst prim gap: 0.01, worst defi gap: 0.12:  55%|█████▍    | 274/500 [08:22<06:54,  1.83s/it]
Epoch 274 | postive loss : 3.71, negtive prim loss : 4.89, negtive defi loss : 10.03, worst lambd: 7.54, worst prim gap: 0.00, worst defi gap: 0.15:  55%|█████▌    | 275/500 [08:24<06:52,  1.83s/it]
Epoch 275 | postive loss : 3.65, negtive prim loss : 4.81, negtive defi loss : 9.89, worst lambd: 7.39, worst prim gap: 0.01, worst defi gap: 0.14:  55%|█████▌    | 276/500 [08:26<06:50,  1.83s/it] 
Epoch 276 | postive loss : 3.62, negtive prim loss : 4.75, negtive defi loss : 9.74, worst lambd: 7.80, worst prim gap: 0.01, worst defi gap: 0.05:  55%|█████▌    | 277/500 [08:28<06:48,  1.83s/it]
Epoch 277 | postive loss : 3.59, negtive prim loss : 4.68, negtive defi loss : 9.61, worst lambd: 7.44, worst prim gap: 0.01, worst defi gap: 0.09:  56%|█████▌    | 278/500 [08:30<06:46,  1.83s/it]
Epoch 278 | postive loss : 3.54, negtive prim loss : 4.61, negtive defi loss : 9.49, worst lambd: 7.42, worst prim gap: 0.00, worst defi gap: 0.09:  56%|█████▌    | 279/500 [08:31<06:45,  1.84s/it]
Epoch 279 | postive loss : 3.57, negtive prim loss : 4.56, negtive defi loss : 9.36, worst lambd: 7.59, worst prim gap: 0.00, worst defi gap: 0.12:  56%|█████▌    | 280/500 [08:33<06:43,  1.84s/it]
Epoch 280 | postive loss : 3.53, negtive prim loss : 4.49, negtive defi loss : 9.25, worst lambd: 7.24, worst prim gap: 0.02, worst defi gap: 0.05:  56%|█████▌    | 281/500 [08:35<06:41,  1.84s/it]
Epoch 281 | postive loss : 3.50, negtive prim loss : 4.43, negtive defi loss : 9.14, worst lambd: 8.14, worst prim gap: 0.02, worst defi gap: 0.14:  56%|█████▋    | 282/500 [08:37<06:40,  1.84s/it]
Epoch 282 | postive loss : 3.44, negtive prim loss : 4.38, negtive defi loss : 9.02, worst lambd: 7.64, worst prim gap: 0.00, worst defi gap: 0.13:  57%|█████▋    | 283/500 [08:39<06:38,  1.84s/it]
Epoch 283 | postive loss : 3.45, negtive prim loss : 4.33, negtive defi loss : 8.93, worst lambd: 7.61, worst prim gap: 0.01, worst defi gap: 0.10:  57%|█████▋    | 284/500 [08:41<06:37,  1.84s/it]
Epoch 284 | postive loss : 3.40, negtive prim loss : 4.29, negtive defi loss : 8.84, worst lambd: 7.32, worst prim gap: 0.01, worst defi gap: 0.13:  57%|█████▋    | 285/500 [08:42<06:36,  1.84s/it]
Epoch 285 | postive loss : 3.38, negtive prim loss : 4.24, negtive defi loss : 8.74, worst lambd: 7.34, worst prim gap: 0.01, worst defi gap: 0.07:  57%|█████▋    | 286/500 [08:44<06:34,  1.84s/it]
Epoch 286 | postive loss : 3.35, negtive prim loss : 4.20, negtive defi loss : 8.66, worst lambd: 7.48, worst prim gap: 0.01, worst defi gap: 0.02:  57%|█████▋    | 287/500 [08:46<06:32,  1.84s/it]
Epoch 287 | postive loss : 3.42, negtive prim loss : 4.16, negtive defi loss : 8.57, worst lambd: 7.16, worst prim gap: 0.00, worst defi gap: 0.05:  58%|█████▊    | 288/500 [08:48<06:31,  1.85s/it]
Epoch 288 | postive loss : 3.38, negtive prim loss : 4.12, negtive defi loss : 8.48, worst lambd: 7.00, worst prim gap: 0.01, worst defi gap: 0.13:  58%|█████▊    | 289/500 [08:50<06:28,  1.84s/it]
Epoch 289 | postive loss : 3.32, negtive prim loss : 4.08, negtive defi loss : 8.40, worst lambd: 7.43, worst prim gap: 0.01, worst defi gap: 0.03:  58%|█████▊    | 290/500 [08:52<06:26,  1.84s/it]
Epoch 290 | postive loss : 3.37, negtive prim loss : 4.04, negtive defi loss : 8.32, worst lambd: 7.73, worst prim gap: 0.00, worst defi gap: 0.09:  58%|█████▊    | 291/500 [08:53<06:25,  1.84s/it]
Epoch 291 | postive loss : 3.30, negtive prim loss : 4.00, negtive defi loss : 8.25, worst lambd: 7.04, worst prim gap: 0.01, worst defi gap: 0.05:  58%|█████▊    | 292/500 [08:55<06:23,  1.84s/it]
Epoch 292 | postive loss : 3.32, negtive prim loss : 3.97, negtive defi loss : 8.17, worst lambd: 6.80, worst prim gap: 0.01, worst defi gap: 0.03:  59%|█████▊    | 293/500 [08:57<06:21,  1.84s/it]
Epoch 293 | postive loss : 3.34, negtive prim loss : 3.94, negtive defi loss : 8.12, worst lambd: 7.14, worst prim gap: 0.00, worst defi gap: 0.08:  59%|█████▉    | 294/500 [08:59<06:19,  1.84s/it]
Epoch 294 | postive loss : 3.28, negtive prim loss : 3.90, negtive defi loss : 8.03, worst lambd: 6.94, worst prim gap: 0.01, worst defi gap: 0.09:  59%|█████▉    | 295/500 [09:01<06:17,  1.84s/it]
Epoch 295 | postive loss : 3.30, negtive prim loss : 3.87, negtive defi loss : 7.98, worst lambd: 7.07, worst prim gap: 0.01, worst defi gap: 0.13:  59%|█████▉    | 296/500 [09:03<06:16,  1.84s/it]
Epoch 296 | postive loss : 3.27, negtive prim loss : 3.83, negtive defi loss : 7.90, worst lambd: 7.21, worst prim gap: 0.01, worst defi gap: 0.09:  59%|█████▉    | 297/500 [09:05<06:14,  1.84s/it]
Epoch 297 | postive loss : 3.24, negtive prim loss : 3.80, negtive defi loss : 7.84, worst lambd: 6.94, worst prim gap: 0.01, worst defi gap: 0.12:  60%|█████▉    | 298/500 [09:06<06:12,  1.84s/it]
Epoch 298 | postive loss : 3.21, negtive prim loss : 3.77, negtive defi loss : 7.77, worst lambd: 6.77, worst prim gap: 0.01, worst defi gap: 0.09:  60%|█████▉    | 299/500 [09:08<06:10,  1.85s/it]
Epoch 299 | postive loss : 3.22, negtive prim loss : 3.74, negtive defi loss : 7.71, worst lambd: 7.49, worst prim gap: 0.01, worst defi gap: 0.08:  60%|██████    | 300/500 [09:10<06:08,  1.84s/it]
Epoch 300 | postive loss : 3.18, negtive prim loss : 3.72, negtive defi loss : 7.66, worst lambd: 7.33, worst prim gap: 0.02, worst defi gap: 0.08:  60%|██████    | 301/500 [09:12<06:07,  1.84s/it]
Epoch 301 | postive loss : 3.19, negtive prim loss : 3.70, negtive defi loss : 7.61, worst lambd: 7.26, worst prim gap: 0.01, worst defi gap: 0.10:  60%|██████    | 302/500 [09:14<06:05,  1.84s/it]
Epoch 302 | postive loss : 3.18, negtive prim loss : 3.67, negtive defi loss : 7.56, worst lambd: 6.98, worst prim gap: 0.01, worst defi gap: 0.09:  61%|██████    | 303/500 [09:16<06:03,  1.84s/it]
Epoch 303 | postive loss : 3.16, negtive prim loss : 3.64, negtive defi loss : 7.51, worst lambd: 7.01, worst prim gap: 0.01, worst defi gap: 0.12:  61%|██████    | 304/500 [09:17<06:01,  1.84s/it]
Epoch 304 | postive loss : 3.19, negtive prim loss : 3.62, negtive defi loss : 7.46, worst lambd: 6.98, worst prim gap: 0.00, worst defi gap: 0.10:  61%|██████    | 305/500 [09:19<05:59,  1.84s/it]
Epoch 305 | postive loss : 3.15, negtive prim loss : 3.59, negtive defi loss : 7.41, worst lambd: 6.96, worst prim gap: 0.01, worst defi gap: 0.07:  61%|██████    | 306/500 [09:21<05:57,  1.84s/it]
Epoch 306 | postive loss : 3.13, negtive prim loss : 3.57, negtive defi loss : 7.37, worst lambd: 6.72, worst prim gap: 0.00, worst defi gap: 0.03:  61%|██████▏   | 307/500 [09:23<05:55,  1.84s/it]
Epoch 307 | postive loss : 3.18, negtive prim loss : 3.56, negtive defi loss : 7.32, worst lambd: 7.56, worst prim gap: 0.01, worst defi gap: 0.08:  62%|██████▏   | 308/500 [09:25<05:53,  1.84s/it]
Epoch 308 | postive loss : 3.14, negtive prim loss : 3.53, negtive defi loss : 7.27, worst lambd: 7.47, worst prim gap: 0.01, worst defi gap: 0.10:  62%|██████▏   | 309/500 [09:27<05:51,  1.84s/it]
Epoch 309 | postive loss : 3.10, negtive prim loss : 3.52, negtive defi loss : 7.24, worst lambd: 6.93, worst prim gap: 0.01, worst defi gap: 0.09:  62%|██████▏   | 310/500 [09:29<05:50,  1.84s/it]
Epoch 310 | postive loss : 3.10, negtive prim loss : 3.49, negtive defi loss : 7.19, worst lambd: 7.37, worst prim gap: 0.01, worst defi gap: 0.08:  62%|██████▏   | 311/500 [09:30<05:48,  1.84s/it]
Epoch 311 | postive loss : 3.10, negtive prim loss : 3.48, negtive defi loss : 7.15, worst lambd: 6.71, worst prim gap: 0.01, worst defi gap: 0.05:  62%|██████▏   | 312/500 [09:32<05:46,  1.84s/it]
Epoch 312 | postive loss : 3.05, negtive prim loss : 3.45, negtive defi loss : 7.11, worst lambd: 7.33, worst prim gap: 0.01, worst defi gap: 0.10:  63%|██████▎   | 313/500 [09:34<05:44,  1.84s/it]
Epoch 313 | postive loss : 3.11, negtive prim loss : 3.44, negtive defi loss : 7.08, worst lambd: 6.82, worst prim gap: 0.02, worst defi gap: 0.06:  63%|██████▎   | 314/500 [09:36<05:42,  1.84s/it]
Epoch 314 | postive loss : 3.09, negtive prim loss : 3.42, negtive defi loss : 7.04, worst lambd: 6.98, worst prim gap: 0.01, worst defi gap: 0.06:  63%|██████▎   | 315/500 [09:38<05:41,  1.84s/it]
Epoch 315 | postive loss : 3.06, negtive prim loss : 3.41, negtive defi loss : 7.00, worst lambd: 6.62, worst prim gap: 0.01, worst defi gap: 0.11:  63%|██████▎   | 316/500 [09:40<05:39,  1.85s/it]
Epoch 316 | postive loss : 3.06, negtive prim loss : 3.39, negtive defi loss : 6.96, worst lambd: 6.21, worst prim gap: 0.00, worst defi gap: 0.12:  63%|██████▎   | 317/500 [09:41<05:37,  1.85s/it]
Epoch 317 | postive loss : 3.05, negtive prim loss : 3.36, negtive defi loss : 6.90, worst lambd: 6.45, worst prim gap: 0.00, worst defi gap: 0.08:  64%|██████▎   | 318/500 [09:43<05:35,  1.85s/it]
Epoch 318 | postive loss : 3.04, negtive prim loss : 3.35, negtive defi loss : 6.88, worst lambd: 6.81, worst prim gap: 0.01, worst defi gap: 0.06:  64%|██████▍   | 319/500 [09:45<05:33,  1.84s/it]
Epoch 319 | postive loss : 3.01, negtive prim loss : 3.32, negtive defi loss : 6.85, worst lambd: 6.69, worst prim gap: 0.01, worst defi gap: 0.09:  64%|██████▍   | 320/500 [09:47<05:31,  1.84s/it]
Epoch 320 | postive loss : 3.05, negtive prim loss : 3.31, negtive defi loss : 6.81, worst lambd: 6.91, worst prim gap: 0.00, worst defi gap: 0.08:  64%|██████▍   | 321/500 [09:49<05:29,  1.84s/it]
Epoch 321 | postive loss : 3.05, negtive prim loss : 3.30, negtive defi loss : 6.79, worst lambd: 6.26, worst prim gap: 0.01, worst defi gap: 0.13:  64%|██████▍   | 322/500 [09:51<05:27,  1.84s/it]
Epoch 322 | postive loss : 3.07, negtive prim loss : 3.29, negtive defi loss : 6.76, worst lambd: 7.04, worst prim gap: 0.01, worst defi gap: 0.08:  65%|██████▍   | 323/500 [09:52<05:26,  1.84s/it]
Epoch 323 | postive loss : 3.01, negtive prim loss : 3.26, negtive defi loss : 6.71, worst lambd: 6.81, worst prim gap: 0.01, worst defi gap: 0.04:  65%|██████▍   | 324/500 [09:54<05:24,  1.84s/it]
Epoch 324 | postive loss : 2.99, negtive prim loss : 3.25, negtive defi loss : 6.68, worst lambd: 6.39, worst prim gap: 0.01, worst defi gap: 0.06:  65%|██████▌   | 325/500 [09:56<05:22,  1.84s/it]
Epoch 325 | postive loss : 2.99, negtive prim loss : 3.24, negtive defi loss : 6.65, worst lambd: 7.00, worst prim gap: 0.00, worst defi gap: 0.08:  65%|██████▌   | 326/500 [09:58<05:20,  1.84s/it]
Epoch 326 | postive loss : 2.98, negtive prim loss : 3.22, negtive defi loss : 6.62, worst lambd: 6.14, worst prim gap: 0.01, worst defi gap: 0.10:  65%|██████▌   | 327/500 [10:00<05:19,  1.84s/it]
Epoch 327 | postive loss : 2.93, negtive prim loss : 3.20, negtive defi loss : 6.59, worst lambd: 6.16, worst prim gap: 0.01, worst defi gap: 0.08:  66%|██████▌   | 328/500 [10:02<05:17,  1.84s/it]
Epoch 328 | postive loss : 2.97, negtive prim loss : 3.19, negtive defi loss : 6.56, worst lambd: 6.62, worst prim gap: 0.01, worst defi gap: 0.12:  66%|██████▌   | 329/500 [10:04<05:15,  1.84s/it]
Epoch 329 | postive loss : 2.99, negtive prim loss : 3.18, negtive defi loss : 6.53, worst lambd: 6.29, worst prim gap: 0.01, worst defi gap: 0.10:  66%|██████▌   | 330/500 [10:05<05:13,  1.84s/it]
Epoch 330 | postive loss : 2.95, negtive prim loss : 3.17, negtive defi loss : 6.50, worst lambd: 6.41, worst prim gap: 0.01, worst defi gap: 0.06:  66%|██████▌   | 331/500 [10:07<05:11,  1.84s/it]
Epoch 331 | postive loss : 2.96, negtive prim loss : 3.16, negtive defi loss : 6.48, worst lambd: 6.25, worst prim gap: 0.01, worst defi gap: 0.02:  66%|██████▋   | 332/500 [10:09<05:09,  1.84s/it]
Epoch 332 | postive loss : 2.96, negtive prim loss : 3.14, negtive defi loss : 6.44, worst lambd: 6.57, worst prim gap: 0.00, worst defi gap: 0.11:  67%|██████▋   | 333/500 [10:11<05:07,  1.84s/it]
Epoch 333 | postive loss : 2.96, negtive prim loss : 3.12, negtive defi loss : 6.41, worst lambd: 6.45, worst prim gap: 0.00, worst defi gap: 0.09:  67%|██████▋   | 334/500 [10:13<05:06,  1.84s/it]
Epoch 334 | postive loss : 3.00, negtive prim loss : 3.11, negtive defi loss : 6.39, worst lambd: 6.72, worst prim gap: 0.01, worst defi gap: 0.08:  67%|██████▋   | 335/500 [10:15<05:04,  1.84s/it]
Epoch 335 | postive loss : 2.92, negtive prim loss : 3.09, negtive defi loss : 6.34, worst lambd: 6.40, worst prim gap: 0.02, worst defi gap: 0.10:  67%|██████▋   | 336/500 [10:16<05:02,  1.84s/it]
Epoch 336 | postive loss : 2.94, negtive prim loss : 3.09, negtive defi loss : 6.34, worst lambd: 6.69, worst prim gap: 0.01, worst defi gap: 0.06:  67%|██████▋   | 337/500 [10:18<05:00,  1.84s/it]
Epoch 337 | postive loss : 2.90, negtive prim loss : 3.08, negtive defi loss : 6.31, worst lambd: 6.63, worst prim gap: 0.01, worst defi gap: 0.04:  68%|██████▊   | 338/500 [10:20<04:58,  1.85s/it]
Epoch 338 | postive loss : 2.93, negtive prim loss : 3.07, negtive defi loss : 6.29, worst lambd: 6.51, worst prim gap: 0.00, worst defi gap: 0.05:  68%|██████▊   | 339/500 [10:22<04:56,  1.84s/it]
Epoch 339 | postive loss : 2.93, negtive prim loss : 3.05, negtive defi loss : 6.26, worst lambd: 6.48, worst prim gap: 0.00, worst defi gap: 0.15:  68%|██████▊   | 340/500 [10:24<04:54,  1.84s/it]
Epoch 340 | postive loss : 2.87, negtive prim loss : 3.04, negtive defi loss : 6.23, worst lambd: 6.11, worst prim gap: 0.00, worst defi gap: 0.08:  68%|██████▊   | 341/500 [10:26<04:52,  1.84s/it]
Epoch 341 | postive loss : 2.93, negtive prim loss : 3.03, negtive defi loss : 6.23, worst lambd: 6.70, worst prim gap: 0.02, worst defi gap: 0.07:  68%|██████▊   | 342/500 [10:28<04:51,  1.84s/it]
Epoch 342 | postive loss : 2.89, negtive prim loss : 3.02, negtive defi loss : 6.19, worst lambd: 6.29, worst prim gap: 0.01, worst defi gap: 0.03:  69%|██████▊   | 343/500 [10:29<04:49,  1.84s/it]
Epoch 343 | postive loss : 2.85, negtive prim loss : 3.01, negtive defi loss : 6.17, worst lambd: 6.71, worst prim gap: 0.01, worst defi gap: 0.11:  69%|██████▉   | 344/500 [10:31<04:47,  1.84s/it]
Epoch 344 | postive loss : 2.84, negtive prim loss : 3.00, negtive defi loss : 6.16, worst lambd: 6.28, worst prim gap: 0.01, worst defi gap: 0.05:  69%|██████▉   | 345/500 [10:33<04:45,  1.84s/it]
Epoch 345 | postive loss : 2.89, negtive prim loss : 2.99, negtive defi loss : 6.14, worst lambd: 6.10, worst prim gap: 0.01, worst defi gap: 0.07:  69%|██████▉   | 346/500 [10:35<04:43,  1.84s/it]
Epoch 346 | postive loss : 2.86, negtive prim loss : 2.98, negtive defi loss : 6.11, worst lambd: 6.38, worst prim gap: 0.01, worst defi gap: 0.08:  69%|██████▉   | 347/500 [10:37<04:41,  1.84s/it]
Epoch 347 | postive loss : 2.84, negtive prim loss : 2.97, negtive defi loss : 6.08, worst lambd: 6.17, worst prim gap: 0.01, worst defi gap: 0.04:  70%|██████▉   | 348/500 [10:39<04:40,  1.84s/it]
Epoch 348 | postive loss : 2.86, negtive prim loss : 2.96, negtive defi loss : 6.06, worst lambd: 6.26, worst prim gap: 0.00, worst defi gap: 0.12:  70%|██████▉   | 349/500 [10:40<04:37,  1.84s/it]
Epoch 349 | postive loss : 2.89, negtive prim loss : 2.95, negtive defi loss : 6.04, worst lambd: 7.01, worst prim gap: 0.02, worst defi gap: 0.08:  70%|███████   | 350/500 [10:42<04:36,  1.84s/it]
Epoch 350 | postive loss : 2.88, negtive prim loss : 2.94, negtive defi loss : 6.02, worst lambd: 6.52, worst prim gap: 0.01, worst defi gap: 0.05:  70%|███████   | 351/500 [10:44<04:33,  1.84s/it]
Epoch 351 | postive loss : 2.86, negtive prim loss : 2.93, negtive defi loss : 6.00, worst lambd: 6.37, worst prim gap: 0.01, worst defi gap: 0.03:  70%|███████   | 352/500 [10:46<04:32,  1.84s/it]
Epoch 352 | postive loss : 2.84, negtive prim loss : 2.92, negtive defi loss : 5.96, worst lambd: 6.57, worst prim gap: 0.01, worst defi gap: 0.07:  71%|███████   | 353/500 [10:48<04:30,  1.84s/it]
Epoch 353 | postive loss : 2.79, negtive prim loss : 2.91, negtive defi loss : 5.95, worst lambd: 6.29, worst prim gap: 0.01, worst defi gap: 0.03:  71%|███████   | 354/500 [10:50<04:28,  1.84s/it]
Epoch 354 | postive loss : 2.83, negtive prim loss : 2.90, negtive defi loss : 5.94, worst lambd: 6.13, worst prim gap: 0.01, worst defi gap: 0.09:  71%|███████   | 355/500 [10:51<04:26,  1.84s/it]
Epoch 355 | postive loss : 2.86, negtive prim loss : 2.90, negtive defi loss : 5.92, worst lambd: 6.78, worst prim gap: 0.01, worst defi gap: 0.09:  71%|███████   | 356/500 [10:53<04:24,  1.84s/it]
Epoch 356 | postive loss : 2.81, negtive prim loss : 2.89, negtive defi loss : 5.90, worst lambd: 6.43, worst prim gap: 0.00, worst defi gap: 0.09:  71%|███████▏  | 357/500 [10:55<04:22,  1.84s/it]
Epoch 357 | postive loss : 2.81, negtive prim loss : 2.88, negtive defi loss : 5.88, worst lambd: 6.14, worst prim gap: 0.01, worst defi gap: 0.03:  72%|███████▏  | 358/500 [10:57<04:20,  1.84s/it]
Epoch 358 | postive loss : 2.83, negtive prim loss : 2.87, negtive defi loss : 5.86, worst lambd: 6.23, worst prim gap: 0.01, worst defi gap: 0.07:  72%|███████▏  | 359/500 [10:59<04:18,  1.84s/it]
Epoch 359 | postive loss : 2.87, negtive prim loss : 2.86, negtive defi loss : 5.82, worst lambd: 6.24, worst prim gap: 0.00, worst defi gap: 0.10:  72%|███████▏  | 360/500 [11:01<04:17,  1.84s/it]
Epoch 360 | postive loss : 2.86, negtive prim loss : 2.84, negtive defi loss : 5.79, worst lambd: 6.22, worst prim gap: 0.01, worst defi gap: 0.03:  72%|███████▏  | 361/500 [11:02<04:15,  1.84s/it]
Epoch 361 | postive loss : 2.82, negtive prim loss : 2.83, negtive defi loss : 5.76, worst lambd: 6.13, worst prim gap: 0.01, worst defi gap: 0.05:  72%|███████▏  | 362/500 [11:04<04:13,  1.84s/it]
Epoch 362 | postive loss : 2.80, negtive prim loss : 2.82, negtive defi loss : 5.75, worst lambd: 5.92, worst prim gap: 0.01, worst defi gap: 0.04:  73%|███████▎  | 363/500 [11:06<04:11,  1.84s/it]
Epoch 363 | postive loss : 2.79, negtive prim loss : 2.81, negtive defi loss : 5.74, worst lambd: 6.04, worst prim gap: 0.01, worst defi gap: 0.04:  73%|███████▎  | 364/500 [11:08<04:09,  1.84s/it]
Epoch 364 | postive loss : 2.82, negtive prim loss : 2.81, negtive defi loss : 5.73, worst lambd: 6.51, worst prim gap: 0.01, worst defi gap: 0.05:  73%|███████▎  | 365/500 [11:10<04:08,  1.84s/it]
Epoch 365 | postive loss : 2.75, negtive prim loss : 2.80, negtive defi loss : 5.71, worst lambd: 6.07, worst prim gap: 0.02, worst defi gap: 0.08:  73%|███████▎  | 366/500 [11:12<04:06,  1.84s/it]
Epoch 366 | postive loss : 2.73, negtive prim loss : 2.79, negtive defi loss : 5.70, worst lambd: 6.07, worst prim gap: 0.00, worst defi gap: 0.08:  73%|███████▎  | 367/500 [11:13<04:04,  1.84s/it]
Epoch 367 | postive loss : 2.81, negtive prim loss : 2.79, negtive defi loss : 5.69, worst lambd: 7.15, worst prim gap: 0.01, worst defi gap: 0.10:  74%|███████▎  | 368/500 [11:15<04:02,  1.83s/it]
Epoch 368 | postive loss : 2.81, negtive prim loss : 2.79, negtive defi loss : 5.67, worst lambd: 6.45, worst prim gap: 0.01, worst defi gap: 0.09:  74%|███████▍  | 369/500 [11:17<04:00,  1.84s/it]
Epoch 369 | postive loss : 2.76, negtive prim loss : 2.77, negtive defi loss : 5.64, worst lambd: 6.02, worst prim gap: 0.01, worst defi gap: 0.11:  74%|███████▍  | 370/500 [11:19<03:58,  1.83s/it]
Epoch 370 | postive loss : 2.81, negtive prim loss : 2.78, negtive defi loss : 5.65, worst lambd: 6.24, worst prim gap: 0.01, worst defi gap: 0.05:  74%|███████▍  | 371/500 [11:21<03:56,  1.83s/it]
Epoch 371 | postive loss : 2.74, negtive prim loss : 2.76, negtive defi loss : 5.62, worst lambd: 6.52, worst prim gap: 0.02, worst defi gap: 0.02:  74%|███████▍  | 372/500 [11:23<03:58,  1.86s/it]
Epoch 372 | postive loss : 2.72, negtive prim loss : 2.75, negtive defi loss : 5.59, worst lambd: 6.09, worst prim gap: 0.02, worst defi gap: 0.08:  75%|███████▍  | 373/500 [11:25<03:55,  1.85s/it]
Epoch 373 | postive loss : 2.70, negtive prim loss : 2.75, negtive defi loss : 5.59, worst lambd: 6.32, worst prim gap: 0.01, worst defi gap: 0.08:  75%|███████▍  | 374/500 [11:26<03:54,  1.86s/it]
Epoch 374 | postive loss : 2.73, negtive prim loss : 2.74, negtive defi loss : 5.57, worst lambd: 6.19, worst prim gap: 0.00, worst defi gap: 0.10:  75%|███████▌  | 375/500 [11:28<03:51,  1.85s/it]
Epoch 375 | postive loss : 2.76, negtive prim loss : 2.74, negtive defi loss : 5.56, worst lambd: 6.03, worst prim gap: 0.01, worst defi gap: 0.05:  75%|███████▌  | 376/500 [11:30<03:48,  1.85s/it]
Epoch 376 | postive loss : 2.75, negtive prim loss : 2.73, negtive defi loss : 5.54, worst lambd: 6.31, worst prim gap: 0.01, worst defi gap: 0.08:  75%|███████▌  | 377/500 [11:32<03:47,  1.85s/it]
Epoch 377 | postive loss : 2.72, negtive prim loss : 2.72, negtive defi loss : 5.52, worst lambd: 6.61, worst prim gap: 0.01, worst defi gap: 0.11:  76%|███████▌  | 378/500 [11:34<03:45,  1.85s/it]
Epoch 378 | postive loss : 2.73, negtive prim loss : 2.71, negtive defi loss : 5.51, worst lambd: 6.34, worst prim gap: 0.01, worst defi gap: 0.02:  76%|███████▌  | 379/500 [11:36<03:43,  1.84s/it]
Epoch 379 | postive loss : 2.72, negtive prim loss : 2.70, negtive defi loss : 5.49, worst lambd: 6.35, worst prim gap: 0.01, worst defi gap: 0.10:  76%|███████▌  | 380/500 [11:38<03:44,  1.87s/it]
Epoch 380 | postive loss : 2.71, negtive prim loss : 2.69, negtive defi loss : 5.48, worst lambd: 6.48, worst prim gap: 0.01, worst defi gap: 0.03:  76%|███████▌  | 381/500 [11:39<03:43,  1.88s/it]
Epoch 381 | postive loss : 2.71, negtive prim loss : 2.69, negtive defi loss : 5.46, worst lambd: 6.12, worst prim gap: 0.00, worst defi gap: 0.09:  76%|███████▋  | 382/500 [11:41<03:40,  1.87s/it]
Epoch 382 | postive loss : 2.71, negtive prim loss : 2.68, negtive defi loss : 5.44, worst lambd: 6.04, worst prim gap: 0.01, worst defi gap: 0.06:  77%|███████▋  | 383/500 [11:43<03:37,  1.86s/it]
Epoch 383 | postive loss : 2.69, negtive prim loss : 2.67, negtive defi loss : 5.43, worst lambd: 6.04, worst prim gap: 0.01, worst defi gap: 0.03:  77%|███████▋  | 384/500 [11:45<03:34,  1.85s/it]
Epoch 384 | postive loss : 2.69, negtive prim loss : 2.67, negtive defi loss : 5.42, worst lambd: 5.90, worst prim gap: 0.01, worst defi gap: 0.10:  77%|███████▋  | 385/500 [11:47<03:35,  1.87s/it]
Epoch 385 | postive loss : 2.67, negtive prim loss : 2.66, negtive defi loss : 5.39, worst lambd: 5.84, worst prim gap: 0.01, worst defi gap: 0.03:  77%|███████▋  | 386/500 [11:49<03:32,  1.86s/it]
Epoch 386 | postive loss : 2.66, negtive prim loss : 2.66, negtive defi loss : 5.38, worst lambd: 5.84, worst prim gap: 0.01, worst defi gap: 0.04:  77%|███████▋  | 387/500 [11:51<03:29,  1.85s/it]
Epoch 387 | postive loss : 2.65, negtive prim loss : 2.65, negtive defi loss : 5.37, worst lambd: 6.75, worst prim gap: 0.01, worst defi gap: 0.08:  78%|███████▊  | 388/500 [11:52<03:28,  1.86s/it]
Epoch 388 | postive loss : 2.66, negtive prim loss : 2.65, negtive defi loss : 5.35, worst lambd: 5.92, worst prim gap: 0.01, worst defi gap: 0.02:  78%|███████▊  | 389/500 [11:54<03:25,  1.86s/it]
Epoch 389 | postive loss : 2.79, negtive prim loss : 2.64, negtive defi loss : 5.33, worst lambd: 6.40, worst prim gap: 0.00, worst defi gap: 0.08:  78%|███████▊  | 390/500 [11:56<03:23,  1.85s/it]
Epoch 390 | postive loss : 2.76, negtive prim loss : 2.63, negtive defi loss : 5.31, worst lambd: 5.92, worst prim gap: 0.01, worst defi gap: 0.05:  78%|███████▊  | 391/500 [11:58<03:22,  1.86s/it]
Epoch 391 | postive loss : 2.69, negtive prim loss : 2.62, negtive defi loss : 5.29, worst lambd: 6.26, worst prim gap: 0.01, worst defi gap: 0.16:  78%|███████▊  | 392/500 [12:00<03:19,  1.85s/it]
Epoch 392 | postive loss : 2.68, negtive prim loss : 2.61, negtive defi loss : 5.28, worst lambd: 6.41, worst prim gap: 0.01, worst defi gap: 0.10:  79%|███████▊  | 393/500 [12:02<03:20,  1.87s/it]
Epoch 393 | postive loss : 2.66, negtive prim loss : 2.61, negtive defi loss : 5.26, worst lambd: 6.35, worst prim gap: 0.01, worst defi gap: 0.08:  79%|███████▉  | 394/500 [12:04<03:18,  1.87s/it]
Epoch 394 | postive loss : 2.65, negtive prim loss : 2.60, negtive defi loss : 5.25, worst lambd: 6.42, worst prim gap: 0.00, worst defi gap: 0.08:  79%|███████▉  | 395/500 [12:05<03:15,  1.86s/it]
Epoch 395 | postive loss : 2.65, negtive prim loss : 2.60, negtive defi loss : 5.24, worst lambd: 6.04, worst prim gap: 0.02, worst defi gap: 0.02:  79%|███████▉  | 396/500 [12:07<03:15,  1.88s/it]
Epoch 396 | postive loss : 2.65, negtive prim loss : 2.59, negtive defi loss : 5.22, worst lambd: 5.98, worst prim gap: 0.01, worst defi gap: 0.06:  79%|███████▉  | 397/500 [12:09<03:12,  1.87s/it]
Epoch 397 | postive loss : 2.70, negtive prim loss : 2.59, negtive defi loss : 5.21, worst lambd: 5.75, worst prim gap: 0.01, worst defi gap: 0.08:  80%|███████▉  | 398/500 [12:11<03:09,  1.86s/it]
Epoch 398 | postive loss : 2.67, negtive prim loss : 2.58, negtive defi loss : 5.20, worst lambd: 5.81, worst prim gap: 0.01, worst defi gap: 0.07:  80%|███████▉  | 399/500 [12:13<03:07,  1.85s/it]
Epoch 399 | postive loss : 2.66, negtive prim loss : 2.57, negtive defi loss : 5.18, worst lambd: 5.85, worst prim gap: 0.01, worst defi gap: 0.08:  80%|████████  | 400/500 [12:15<03:04,  1.85s/it]
Epoch 400 | postive loss : 2.64, negtive prim loss : 2.57, negtive defi loss : 5.19, worst lambd: 6.22, worst prim gap: 0.01, worst defi gap: 0.07:  80%|████████  | 401/500 [12:17<03:06,  1.88s/it]
Epoch 401 | postive loss : 2.60, negtive prim loss : 2.56, negtive defi loss : 5.17, worst lambd: 6.25, worst prim gap: 0.00, worst defi gap: 0.11:  80%|████████  | 402/500 [12:19<03:03,  1.87s/it]
Epoch 402 | postive loss : 2.62, negtive prim loss : 2.56, negtive defi loss : 5.16, worst lambd: 6.04, worst prim gap: 0.00, worst defi gap: 0.05:  81%|████████  | 403/500 [12:20<03:00,  1.86s/it]
Epoch 403 | postive loss : 2.67, negtive prim loss : 2.55, negtive defi loss : 5.14, worst lambd: 5.98, worst prim gap: 0.01, worst defi gap: 0.04:  81%|████████  | 404/500 [12:22<03:00,  1.88s/it]
Epoch 404 | postive loss : 2.63, negtive prim loss : 2.55, negtive defi loss : 5.12, worst lambd: 5.96, worst prim gap: 0.01, worst defi gap: 0.03:  81%|████████  | 405/500 [12:24<02:57,  1.87s/it]
Epoch 405 | postive loss : 2.60, negtive prim loss : 2.54, negtive defi loss : 5.11, worst lambd: 5.81, worst prim gap: 0.02, worst defi gap: 0.06:  81%|████████  | 406/500 [12:26<02:54,  1.86s/it]
Epoch 406 | postive loss : 2.61, negtive prim loss : 2.53, negtive defi loss : 5.10, worst lambd: 6.49, worst prim gap: 0.01, worst defi gap: 0.02:  81%|████████▏ | 407/500 [12:28<02:53,  1.86s/it]
Epoch 407 | postive loss : 2.66, negtive prim loss : 2.54, negtive defi loss : 5.09, worst lambd: 6.81, worst prim gap: 0.01, worst defi gap: 0.01:  82%|████████▏ | 408/500 [12:30<02:50,  1.85s/it]
Epoch 408 | postive loss : 2.60, negtive prim loss : 2.52, negtive defi loss : 5.07, worst lambd: 5.79, worst prim gap: 0.01, worst defi gap: 0.01:  82%|████████▏ | 409/500 [12:31<02:48,  1.85s/it]
Epoch 409 | postive loss : 2.63, negtive prim loss : 2.52, negtive defi loss : 5.06, worst lambd: 5.96, worst prim gap: 0.01, worst defi gap: 0.03:  82%|████████▏ | 410/500 [12:33<02:46,  1.85s/it]
Epoch 410 | postive loss : 2.59, negtive prim loss : 2.51, negtive defi loss : 5.04, worst lambd: 5.76, worst prim gap: 0.01, worst defi gap: 0.08:  82%|████████▏ | 411/500 [12:35<02:43,  1.84s/it]
Epoch 411 | postive loss : 2.59, negtive prim loss : 2.51, negtive defi loss : 5.02, worst lambd: 6.35, worst prim gap: 0.01, worst defi gap: 0.09:  82%|████████▏ | 412/500 [12:37<02:41,  1.84s/it]
Epoch 412 | postive loss : 2.59, negtive prim loss : 2.51, negtive defi loss : 5.02, worst lambd: 5.90, worst prim gap: 0.00, worst defi gap: 0.05:  83%|████████▎ | 413/500 [12:39<02:39,  1.84s/it]
Epoch 413 | postive loss : 2.56, negtive prim loss : 2.49, negtive defi loss : 5.02, worst lambd: 5.90, worst prim gap: 0.01, worst defi gap: 0.12:  83%|████████▎ | 414/500 [12:41<02:37,  1.84s/it]
Epoch 414 | postive loss : 2.56, negtive prim loss : 2.49, negtive defi loss : 5.00, worst lambd: 6.07, worst prim gap: 0.01, worst defi gap: 0.10:  83%|████████▎ | 415/500 [12:43<02:37,  1.85s/it]
Epoch 415 | postive loss : 2.59, negtive prim loss : 2.49, negtive defi loss : 4.99, worst lambd: 5.96, worst prim gap: 0.01, worst defi gap: 0.03:  83%|████████▎ | 416/500 [12:44<02:35,  1.85s/it]
Epoch 416 | postive loss : 2.55, negtive prim loss : 2.48, negtive defi loss : 4.98, worst lambd: 5.83, worst prim gap: 0.01, worst defi gap: 0.08:  83%|████████▎ | 417/500 [12:46<02:33,  1.84s/it]
Epoch 417 | postive loss : 2.56, negtive prim loss : 2.48, negtive defi loss : 4.97, worst lambd: 5.93, worst prim gap: 0.02, worst defi gap: 0.09:  84%|████████▎ | 418/500 [12:48<02:31,  1.84s/it]
Epoch 418 | postive loss : 2.56, negtive prim loss : 2.48, negtive defi loss : 4.95, worst lambd: 5.94, worst prim gap: 0.01, worst defi gap: 0.01:  84%|████████▍ | 419/500 [12:50<02:29,  1.84s/it]
Epoch 419 | postive loss : 2.61, negtive prim loss : 2.48, negtive defi loss : 4.95, worst lambd: 6.09, worst prim gap: 0.01, worst defi gap: 0.03:  84%|████████▍ | 420/500 [12:52<02:27,  1.84s/it]
Epoch 420 | postive loss : 2.60, negtive prim loss : 2.46, negtive defi loss : 4.93, worst lambd: 5.77, worst prim gap: 0.00, worst defi gap: 0.06:  84%|████████▍ | 421/500 [12:54<02:25,  1.84s/it]
Epoch 421 | postive loss : 2.53, negtive prim loss : 2.45, negtive defi loss : 4.90, worst lambd: 5.93, worst prim gap: 0.00, worst defi gap: 0.10:  84%|████████▍ | 422/500 [12:55<02:23,  1.84s/it]
Epoch 422 | postive loss : 2.57, negtive prim loss : 2.45, negtive defi loss : 4.89, worst lambd: 5.46, worst prim gap: 0.02, worst defi gap: 0.03:  85%|████████▍ | 423/500 [12:57<02:21,  1.84s/it]
Epoch 423 | postive loss : 2.53, negtive prim loss : 2.45, negtive defi loss : 4.89, worst lambd: 5.69, worst prim gap: 0.02, worst defi gap: 0.08:  85%|████████▍ | 424/500 [12:59<02:19,  1.84s/it]
Epoch 424 | postive loss : 2.54, negtive prim loss : 2.45, negtive defi loss : 4.89, worst lambd: 5.71, worst prim gap: 0.01, worst defi gap: 0.06:  85%|████████▌ | 425/500 [13:01<02:17,  1.84s/it]
Epoch 425 | postive loss : 2.56, negtive prim loss : 2.44, negtive defi loss : 4.87, worst lambd: 5.50, worst prim gap: 0.01, worst defi gap: 0.00:  85%|████████▌ | 426/500 [13:03<02:16,  1.84s/it]
Epoch 426 | postive loss : 2.53, negtive prim loss : 2.43, negtive defi loss : 4.86, worst lambd: 5.84, worst prim gap: 0.02, worst defi gap: 0.13:  85%|████████▌ | 427/500 [13:05<02:14,  1.84s/it]
Epoch 427 | postive loss : 2.53, negtive prim loss : 2.43, negtive defi loss : 4.86, worst lambd: 5.92, worst prim gap: 0.01, worst defi gap: 0.13:  86%|████████▌ | 428/500 [13:06<02:12,  1.84s/it]
Epoch 428 | postive loss : 2.56, negtive prim loss : 2.43, negtive defi loss : 4.85, worst lambd: 6.53, worst prim gap: 0.01, worst defi gap: 0.08:  86%|████████▌ | 429/500 [13:08<02:11,  1.85s/it]
Epoch 429 | postive loss : 2.56, negtive prim loss : 2.43, negtive defi loss : 4.85, worst lambd: 5.92, worst prim gap: 0.01, worst defi gap: 0.10:  86%|████████▌ | 430/500 [13:10<02:10,  1.86s/it]
Epoch 430 | postive loss : 2.51, negtive prim loss : 2.42, negtive defi loss : 4.84, worst lambd: 5.71, worst prim gap: 0.01, worst defi gap: 0.10:  86%|████████▌ | 431/500 [13:12<02:08,  1.87s/it]
Epoch 431 | postive loss : 2.54, negtive prim loss : 2.41, negtive defi loss : 4.82, worst lambd: 5.85, worst prim gap: 0.00, worst defi gap: 0.06:  86%|████████▋ | 432/500 [13:14<02:06,  1.86s/it]
Epoch 432 | postive loss : 2.56, negtive prim loss : 2.41, negtive defi loss : 4.82, worst lambd: 5.96, worst prim gap: 0.01, worst defi gap: 0.05:  87%|████████▋ | 433/500 [13:16<02:05,  1.87s/it]
Epoch 433 | postive loss : 2.52, negtive prim loss : 2.40, negtive defi loss : 4.80, worst lambd: 5.78, worst prim gap: 0.01, worst defi gap: 0.03:  87%|████████▋ | 434/500 [13:18<02:03,  1.87s/it]
Epoch 434 | postive loss : 2.57, negtive prim loss : 2.40, negtive defi loss : 4.80, worst lambd: 5.60, worst prim gap: 0.01, worst defi gap: 0.06:  87%|████████▋ | 435/500 [13:20<02:02,  1.88s/it]
Epoch 435 | postive loss : 2.53, negtive prim loss : 2.40, negtive defi loss : 4.79, worst lambd: 5.78, worst prim gap: 0.01, worst defi gap: 0.08:  87%|████████▋ | 436/500 [13:21<02:00,  1.88s/it]
Epoch 436 | postive loss : 2.52, negtive prim loss : 2.40, negtive defi loss : 4.78, worst lambd: 5.60, worst prim gap: 0.01, worst defi gap: 0.08:  87%|████████▋ | 437/500 [13:23<01:58,  1.88s/it]
Epoch 437 | postive loss : 2.51, negtive prim loss : 2.39, negtive defi loss : 4.75, worst lambd: 5.82, worst prim gap: 0.01, worst defi gap: 0.10:  88%|████████▊ | 438/500 [13:25<01:57,  1.90s/it]
Epoch 438 | postive loss : 2.53, negtive prim loss : 2.38, negtive defi loss : 4.75, worst lambd: 6.83, worst prim gap: 0.00, worst defi gap: 0.08:  88%|████████▊ | 439/500 [13:27<01:54,  1.88s/it]
Epoch 439 | postive loss : 2.56, negtive prim loss : 2.38, negtive defi loss : 4.73, worst lambd: 6.11, worst prim gap: 0.01, worst defi gap: 0.13:  88%|████████▊ | 440/500 [13:29<01:52,  1.87s/it]
Epoch 440 | postive loss : 2.50, negtive prim loss : 2.37, negtive defi loss : 4.72, worst lambd: 5.69, worst prim gap: 0.01, worst defi gap: 0.07:  88%|████████▊ | 441/500 [13:31<01:49,  1.86s/it]
Epoch 441 | postive loss : 2.50, negtive prim loss : 2.37, negtive defi loss : 4.71, worst lambd: 5.89, worst prim gap: 0.01, worst defi gap: 0.08:  88%|████████▊ | 442/500 [13:33<01:48,  1.87s/it]
Epoch 442 | postive loss : 2.49, negtive prim loss : 2.37, negtive defi loss : 4.71, worst lambd: 5.66, worst prim gap: 0.01, worst defi gap: 0.07:  89%|████████▊ | 443/500 [13:35<01:45,  1.86s/it]
Epoch 443 | postive loss : 2.49, negtive prim loss : 2.36, negtive defi loss : 4.69, worst lambd: 5.85, worst prim gap: 0.00, worst defi gap: 0.09:  89%|████████▉ | 444/500 [13:36<01:43,  1.85s/it]
Epoch 444 | postive loss : 2.56, negtive prim loss : 2.36, negtive defi loss : 4.69, worst lambd: 5.67, worst prim gap: 0.01, worst defi gap: 0.03:  89%|████████▉ | 445/500 [13:38<01:42,  1.87s/it]
Epoch 445 | postive loss : 2.51, negtive prim loss : 2.36, negtive defi loss : 4.68, worst lambd: 5.96, worst prim gap: 0.01, worst defi gap: 0.02:  89%|████████▉ | 446/500 [13:40<01:41,  1.88s/it]
Epoch 446 | postive loss : 2.49, negtive prim loss : 2.36, negtive defi loss : 4.67, worst lambd: 5.75, worst prim gap: 0.02, worst defi gap: 0.03:  89%|████████▉ | 447/500 [13:42<01:39,  1.88s/it]
Epoch 447 | postive loss : 2.50, negtive prim loss : 2.35, negtive defi loss : 4.67, worst lambd: 5.72, worst prim gap: 0.01, worst defi gap: 0.08:  90%|████████▉ | 448/500 [13:44<01:37,  1.87s/it]
Epoch 448 | postive loss : 2.51, negtive prim loss : 2.35, negtive defi loss : 4.65, worst lambd: 6.07, worst prim gap: 0.00, worst defi gap: 0.05:  90%|████████▉ | 449/500 [13:46<01:35,  1.87s/it]
Epoch 449 | postive loss : 2.54, negtive prim loss : 2.34, negtive defi loss : 4.64, worst lambd: 5.49, worst prim gap: 0.01, worst defi gap: 0.08:  90%|█████████ | 450/500 [13:48<01:32,  1.86s/it]
Epoch 450 | postive loss : 2.47, negtive prim loss : 2.33, negtive defi loss : 4.62, worst lambd: 5.95, worst prim gap: 0.01, worst defi gap: 0.13:  90%|█████████ | 451/500 [13:50<01:31,  1.87s/it]
Epoch 451 | postive loss : 2.44, negtive prim loss : 2.33, negtive defi loss : 4.62, worst lambd: 6.13, worst prim gap: 0.01, worst defi gap: 0.05:  90%|█████████ | 452/500 [13:51<01:29,  1.87s/it]
Epoch 452 | postive loss : 2.48, negtive prim loss : 2.32, negtive defi loss : 4.61, worst lambd: 5.79, worst prim gap: 0.01, worst defi gap: 0.04:  91%|█████████ | 453/500 [13:53<01:27,  1.86s/it]
Epoch 453 | postive loss : 2.48, negtive prim loss : 2.32, negtive defi loss : 4.59, worst lambd: 5.61, worst prim gap: 0.00, worst defi gap: 0.09:  91%|█████████ | 454/500 [13:55<01:25,  1.86s/it]
Epoch 454 | postive loss : 2.49, negtive prim loss : 2.31, negtive defi loss : 4.58, worst lambd: 5.52, worst prim gap: 0.00, worst defi gap: 0.03:  91%|█████████ | 455/500 [13:57<01:23,  1.85s/it]
Epoch 455 | postive loss : 2.53, negtive prim loss : 2.31, negtive defi loss : 4.58, worst lambd: 5.54, worst prim gap: 0.01, worst defi gap: 0.07:  91%|█████████ | 456/500 [13:59<01:21,  1.85s/it]
Epoch 456 | postive loss : 2.49, negtive prim loss : 2.31, negtive defi loss : 4.57, worst lambd: 5.89, worst prim gap: 0.01, worst defi gap: 0.05:  91%|█████████▏| 457/500 [14:01<01:19,  1.84s/it]
Epoch 457 | postive loss : 2.49, negtive prim loss : 2.31, negtive defi loss : 4.56, worst lambd: 5.84, worst prim gap: 0.01, worst defi gap: 0.08:  92%|█████████▏| 458/500 [14:02<01:17,  1.84s/it]
Epoch 458 | postive loss : 2.54, negtive prim loss : 2.31, negtive defi loss : 4.55, worst lambd: 5.78, worst prim gap: 0.01, worst defi gap: 0.10:  92%|█████████▏| 459/500 [14:04<01:15,  1.84s/it]
Epoch 459 | postive loss : 2.50, negtive prim loss : 2.30, negtive defi loss : 4.55, worst lambd: 5.62, worst prim gap: 0.01, worst defi gap: 0.08:  92%|█████████▏| 460/500 [14:06<01:13,  1.84s/it]
Epoch 460 | postive loss : 2.48, negtive prim loss : 2.29, negtive defi loss : 4.54, worst lambd: 5.63, worst prim gap: 0.01, worst defi gap: 0.08:  92%|█████████▏| 461/500 [14:08<01:12,  1.85s/it]
Epoch 461 | postive loss : 2.47, negtive prim loss : 2.29, negtive defi loss : 4.53, worst lambd: 5.56, worst prim gap: 0.00, worst defi gap: 0.08:  92%|█████████▏| 462/500 [14:10<01:10,  1.84s/it]
Epoch 462 | postive loss : 2.45, negtive prim loss : 2.29, negtive defi loss : 4.52, worst lambd: 5.53, worst prim gap: 0.01, worst defi gap: 0.07:  93%|█████████▎| 463/500 [14:12<01:08,  1.84s/it]
Epoch 463 | postive loss : 2.47, negtive prim loss : 2.29, negtive defi loss : 4.52, worst lambd: 5.74, worst prim gap: 0.00, worst defi gap: 0.03:  93%|█████████▎| 464/500 [14:14<01:06,  1.85s/it]
Epoch 464 | postive loss : 2.52, negtive prim loss : 2.28, negtive defi loss : 4.49, worst lambd: 5.29, worst prim gap: 0.01, worst defi gap: 0.09:  93%|█████████▎| 465/500 [14:15<01:05,  1.87s/it]
Epoch 465 | postive loss : 2.51, negtive prim loss : 2.28, negtive defi loss : 4.48, worst lambd: 5.78, worst prim gap: 0.01, worst defi gap: 0.14:  93%|█████████▎| 466/500 [14:17<01:03,  1.86s/it]
Epoch 466 | postive loss : 2.47, negtive prim loss : 2.26, negtive defi loss : 4.47, worst lambd: 5.47, worst prim gap: 0.00, worst defi gap: 0.08:  93%|█████████▎| 467/500 [14:19<01:01,  1.85s/it]
Epoch 467 | postive loss : 2.51, negtive prim loss : 2.27, negtive defi loss : 4.48, worst lambd: 6.06, worst prim gap: 0.01, worst defi gap: 0.08:  94%|█████████▎| 468/500 [14:21<00:59,  1.85s/it]
Epoch 468 | postive loss : 2.48, negtive prim loss : 2.26, negtive defi loss : 4.47, worst lambd: 5.60, worst prim gap: 0.01, worst defi gap: 0.04:  94%|█████████▍| 469/500 [14:23<00:57,  1.85s/it]
Epoch 469 | postive loss : 2.44, negtive prim loss : 2.25, negtive defi loss : 4.46, worst lambd: 5.66, worst prim gap: 0.02, worst defi gap: 0.02:  94%|█████████▍| 470/500 [14:25<00:55,  1.84s/it]
Epoch 470 | postive loss : 2.47, negtive prim loss : 2.26, negtive defi loss : 4.45, worst lambd: 6.22, worst prim gap: 0.01, worst defi gap: 0.03:  94%|█████████▍| 471/500 [14:26<00:53,  1.84s/it]
Epoch 471 | postive loss : 2.42, negtive prim loss : 2.25, negtive defi loss : 4.43, worst lambd: 5.66, worst prim gap: 0.01, worst defi gap: 0.02:  94%|█████████▍| 472/500 [14:28<00:51,  1.85s/it]
Epoch 472 | postive loss : 2.53, negtive prim loss : 2.25, negtive defi loss : 4.44, worst lambd: 5.63, worst prim gap: 0.00, worst defi gap: 0.04:  95%|█████████▍| 473/500 [14:30<00:49,  1.84s/it]
Epoch 473 | postive loss : 2.48, negtive prim loss : 2.25, negtive defi loss : 4.44, worst lambd: 5.89, worst prim gap: 0.01, worst defi gap: 0.07:  95%|█████████▍| 474/500 [14:32<00:48,  1.85s/it]
Epoch 474 | postive loss : 2.43, negtive prim loss : 2.25, negtive defi loss : 4.43, worst lambd: 5.51, worst prim gap: 0.01, worst defi gap: 0.09:  95%|█████████▌| 475/500 [14:34<00:46,  1.85s/it]
Epoch 475 | postive loss : 2.47, negtive prim loss : 2.25, negtive defi loss : 4.43, worst lambd: 5.70, worst prim gap: 0.01, worst defi gap: 0.05:  95%|█████████▌| 476/500 [14:36<00:44,  1.84s/it]
Epoch 476 | postive loss : 2.47, negtive prim loss : 2.25, negtive defi loss : 4.42, worst lambd: 5.39, worst prim gap: 0.01, worst defi gap: 0.13:  95%|█████████▌| 477/500 [14:38<00:42,  1.84s/it]
Epoch 477 | postive loss : 2.43, negtive prim loss : 2.24, negtive defi loss : 4.41, worst lambd: 5.37, worst prim gap: 0.00, worst defi gap: 0.04:  96%|█████████▌| 478/500 [14:39<00:40,  1.84s/it]
Epoch 478 | postive loss : 2.41, negtive prim loss : 2.24, negtive defi loss : 4.41, worst lambd: 5.89, worst prim gap: 0.01, worst defi gap: 0.03:  96%|█████████▌| 479/500 [14:41<00:38,  1.84s/it]
Epoch 479 | postive loss : 2.46, negtive prim loss : 2.24, negtive defi loss : 4.40, worst lambd: 5.71, worst prim gap: 0.01, worst defi gap: 0.09:  96%|█████████▌| 480/500 [14:43<00:36,  1.84s/it]
Epoch 480 | postive loss : 2.46, negtive prim loss : 2.24, negtive defi loss : 4.39, worst lambd: 5.68, worst prim gap: 0.01, worst defi gap: 0.13:  96%|█████████▌| 481/500 [14:45<00:34,  1.84s/it]
Epoch 481 | postive loss : 2.43, negtive prim loss : 2.23, negtive defi loss : 4.38, worst lambd: 5.72, worst prim gap: 0.01, worst defi gap: 0.08:  96%|█████████▋| 482/500 [14:47<00:33,  1.83s/it]
Epoch 482 | postive loss : 2.44, negtive prim loss : 2.23, negtive defi loss : 4.38, worst lambd: 5.49, worst prim gap: 0.01, worst defi gap: 0.05:  97%|█████████▋| 483/500 [14:49<00:31,  1.84s/it]
Epoch 483 | postive loss : 2.44, negtive prim loss : 2.23, negtive defi loss : 4.37, worst lambd: 5.65, worst prim gap: 0.00, worst defi gap: 0.05:  97%|█████████▋| 484/500 [14:50<00:29,  1.84s/it]
Epoch 484 | postive loss : 2.41, negtive prim loss : 2.22, negtive defi loss : 4.37, worst lambd: 5.46, worst prim gap: 0.02, worst defi gap: 0.06:  97%|█████████▋| 485/500 [14:52<00:27,  1.83s/it]
Epoch 485 | postive loss : 2.37, negtive prim loss : 2.22, negtive defi loss : 4.35, worst lambd: 5.39, worst prim gap: 0.01, worst defi gap: 0.09:  97%|█████████▋| 486/500 [14:54<00:25,  1.83s/it]
Epoch 486 | postive loss : 2.43, negtive prim loss : 2.22, negtive defi loss : 4.36, worst lambd: 5.42, worst prim gap: 0.01, worst defi gap: 0.10:  97%|█████████▋| 487/500 [14:56<00:23,  1.83s/it]
Epoch 487 | postive loss : 2.40, negtive prim loss : 2.21, negtive defi loss : 4.35, worst lambd: 5.13, worst prim gap: 0.01, worst defi gap: 0.06:  98%|█████████▊| 488/500 [14:58<00:22,  1.83s/it]
Epoch 488 | postive loss : 2.37, negtive prim loss : 2.21, negtive defi loss : 4.34, worst lambd: 5.52, worst prim gap: 0.00, worst defi gap: 0.12:  98%|█████████▊| 489/500 [15:00<00:20,  1.84s/it]
Epoch 489 | postive loss : 2.43, negtive prim loss : 2.21, negtive defi loss : 4.34, worst lambd: 5.70, worst prim gap: 0.01, worst defi gap: 0.03:  98%|█████████▊| 490/500 [15:01<00:18,  1.84s/it]
Epoch 490 | postive loss : 2.44, negtive prim loss : 2.21, negtive defi loss : 4.33, worst lambd: 5.68, worst prim gap: 0.01, worst defi gap: 0.08:  98%|█████████▊| 491/500 [15:03<00:16,  1.84s/it]
Epoch 491 | postive loss : 2.48, negtive prim loss : 2.21, negtive defi loss : 4.33, worst lambd: 5.96, worst prim gap: 0.01, worst defi gap: 0.09:  98%|█████████▊| 492/500 [15:05<00:14,  1.84s/it]
Epoch 492 | postive loss : 2.41, negtive prim loss : 2.20, negtive defi loss : 4.32, worst lambd: 5.42, worst prim gap: 0.02, worst defi gap: 0.05:  99%|█████████▊| 493/500 [15:07<00:12,  1.84s/it]
Epoch 493 | postive loss : 2.40, negtive prim loss : 2.20, negtive defi loss : 4.31, worst lambd: 5.65, worst prim gap: 0.00, worst defi gap: 0.05:  99%|█████████▉| 494/500 [15:09<00:11,  1.84s/it]
Epoch 494 | postive loss : 2.36, negtive prim loss : 2.20, negtive defi loss : 4.31, worst lambd: 5.53, worst prim gap: 0.02, worst defi gap: 0.10:  99%|█████████▉| 495/500 [15:11<00:09,  1.83s/it]
Epoch 495 | postive loss : 2.37, negtive prim loss : 2.19, negtive defi loss : 4.30, worst lambd: 5.33, worst prim gap: 0.00, worst defi gap: 0.05:  99%|█████████▉| 496/500 [15:12<00:07,  1.84s/it]
Epoch 496 | postive loss : 2.50, negtive prim loss : 2.19, negtive defi loss : 4.29, worst lambd: 6.50, worst prim gap: 0.02, worst defi gap: 0.03:  99%|█████████▉| 497/500 [15:14<00:05,  1.84s/it]
Epoch 497 | postive loss : 2.43, negtive prim loss : 2.19, negtive defi loss : 4.27, worst lambd: 5.87, worst prim gap: 0.01, worst defi gap: 0.05: 100%|█████████▉| 498/500 [15:16<00:03,  1.84s/it]
Epoch 498 | postive loss : 2.42, negtive prim loss : 2.19, negtive defi loss : 4.27, worst lambd: 5.86, worst prim gap: 0.02, worst defi gap: 0.01: 100%|█████████▉| 499/500 [15:18<00:01,  1.84s/it]
Epoch 499 | postive loss : 2.37, negtive prim loss : 2.18, negtive defi loss : 4.26, worst lambd: 5.75, worst prim gap: 0.01, worst defi gap: 0.06: 100%|██████████| 500/500 [15:20<00:00,  1.84s/it]
Epoch 499 | postive loss : 2.37, negtive prim loss : 2.18, negtive defi loss : 4.26, worst lambd: 5.75, worst prim gap: 0.01, worst defi gap: 0.06: 100%|██████████| 500/500 [15:20<00:00,  1.84s/it]
Info : finish model training
Info : save model sucessfully
Info : save sucessfully
