alpha: 0.1    batchsize: 128    dim: 64    epoch: 1000    gapMax: -5    lambdaMax: 0.5    learningrate: 0.075    lrdecay: 1    lrdecayEpoch: 250    modelname: SN2E    momentum: 0    negtsamplenum: 100    optimizer: Adam    vmax: 10    vmin: 0.1    weightdecay: 0    
the validation begin
set learningrate with 0.00025  ----------------------------------------------------------------------
INFO -- prepare : Init model SN2E
INFO -- prepare : set model cuda: 1
INFO -- prepare : Model initialization complete
INFO -- prepare : Init optimizer
INFO -- prepare : Finish preparing Optimizer...
Info -- : start model training

  0%|          | 0/1000 [00:00<?, ?it/s]
Epoch 1 | postive loss : 79.54, negtive loss : 2587.64, worst lambd: 127.20, worst gap: 1.28:   0%|          | 0/1000 [00:19<?, ?it/s]
Epoch 19 | postive loss : 75.83, negtive loss : 2473.19, worst lambd: 127.37, worst gap: 1.04:   2%|▏         | 20/1000 [02:06<1:42:57,  6.30s/it]
Epoch 39 | postive loss : 73.23, negtive loss : 2390.00, worst lambd: 127.37, worst gap: 1.00:   4%|▍         | 40/1000 [04:09<1:39:49,  6.24s/it]
Epoch 59 | postive loss : 70.79, negtive loss : 2313.13, worst lambd: 127.37, worst gap: 0.85:   6%|▌         | 60/1000 [06:13<1:37:24,  6.22s/it]
Epoch 79 | postive loss : 68.43, negtive loss : 2240.46, worst lambd: 127.37, worst gap: 0.84:   8%|▊         | 80/1000 [08:17<1:35:11,  6.21s/it]
Epoch 99 | postive loss : 66.14, negtive loss : 2170.73, worst lambd: 127.37, worst gap: 0.79:  10%|█         | 100/1000 [10:21<1:33:01,  6.20s/it]
Epoch 119 | postive loss : 63.90, negtive loss : 2104.85, worst lambd: 127.37, worst gap: 0.79:  12%|█▏        | 120/1000 [12:25<1:30:54,  6.20s/it]
Epoch 139 | postive loss : 61.73, negtive loss : 2039.91, worst lambd: 127.37, worst gap: 0.79:  14%|█▍        | 140/1000 [14:29<1:28:49,  6.20s/it]
Epoch 159 | postive loss : 59.62, negtive loss : 1978.19, worst lambd: 127.37, worst gap: 0.79:  16%|█▌        | 160/1000 [16:33<1:26:44,  6.20s/it]
Epoch 179 | postive loss : 57.56, negtive loss : 1918.93, worst lambd: 127.37, worst gap: 0.76:  18%|█▊        | 180/1000 [18:36<1:24:39,  6.19s/it]
Epoch 199 | postive loss : 55.55, negtive loss : 1860.55, worst lambd: 127.37, worst gap: 0.76:  20%|██        | 200/1000 [20:40<1:22:35,  6.19s/it]
Epoch 219 | postive loss : 53.59, negtive loss : 1804.05, worst lambd: 127.37, worst gap: 0.76:  22%|██▏       | 220/1000 [22:44<1:20:30,  6.19s/it]
Epoch 239 | postive loss : 51.69, negtive loss : 1749.59, worst lambd: 127.37, worst gap: 0.70:  24%|██▍       | 240/1000 [24:48<1:18:26,  6.19s/it]
Epoch 259 | postive loss : 49.83, negtive loss : 1696.85, worst lambd: 127.37, worst gap: 0.70:  26%|██▌       | 260/1000 [26:52<1:16:22,  6.19s/it]
Epoch 279 | postive loss : 48.02, negtive loss : 1644.95, worst lambd: 127.37, worst gap: 0.68:  28%|██▊       | 280/1000 [28:56<1:14:18,  6.19s/it]
Epoch 299 | postive loss : 46.26, negtive loss : 1595.11, worst lambd: 127.37, worst gap: 0.68:  30%|███       | 300/1000 [30:59<1:12:14,  6.19s/it]
Epoch 319 | postive loss : 44.54, negtive loss : 1545.87, worst lambd: 127.37, worst gap: 0.64:  32%|███▏      | 320/1000 [33:03<1:10:10,  6.19s/it]
Epoch 339 | postive loss : 42.87, negtive loss : 1498.68, worst lambd: 127.37, worst gap: 0.64:  34%|███▍      | 340/1000 [35:07<1:08:06,  6.19s/it]
Epoch 359 | postive loss : 41.24, negtive loss : 1452.25, worst lambd: 127.37, worst gap: 0.63:  36%|███▌      | 360/1000 [37:11<1:06:03,  6.19s/it]
Epoch 379 | postive loss : 39.66, negtive loss : 1406.27, worst lambd: 127.37, worst gap: 0.62:  38%|███▊      | 380/1000 [39:15<1:03:59,  6.19s/it]
Epoch 399 | postive loss : 38.12, negtive loss : 1362.64, worst lambd: 127.37, worst gap: 0.54:  40%|████      | 400/1000 [41:19<1:01:55,  6.19s/it]
Epoch 419 | postive loss : 36.62, negtive loss : 1319.52, worst lambd: 127.37, worst gap: 0.52:  42%|████▏     | 420/1000 [43:23<59:51,  6.19s/it]  
Epoch 439 | postive loss : 35.16, negtive loss : 1277.46, worst lambd: 127.37, worst gap: 0.52:  44%|████▍     | 440/1000 [45:26<57:47,  6.19s/it]
Epoch 459 | postive loss : 33.75, negtive loss : 1236.33, worst lambd: 127.37, worst gap: 0.50:  46%|████▌     | 460/1000 [47:30<55:43,  6.19s/it]
Epoch 479 | postive loss : 32.37, negtive loss : 1196.09, worst lambd: 127.37, worst gap: 0.50:  48%|████▊     | 480/1000 [49:34<53:39,  6.19s/it]
Epoch 499 | postive loss : 31.03, negtive loss : 1157.44, worst lambd: 127.37, worst gap: 0.50:  50%|█████     | 500/1000 [51:38<51:36,  6.19s/it]
Epoch 519 | postive loss : 29.74, negtive loss : 1118.89, worst lambd: 127.37, worst gap: 0.49:  52%|█████▏    | 520/1000 [53:42<49:32,  6.19s/it]
Epoch 539 | postive loss : 28.47, negtive loss : 1082.32, worst lambd: 127.37, worst gap: 0.42:  54%|█████▍    | 540/1000 [55:46<47:28,  6.19s/it]
Epoch 559 | postive loss : 27.25, negtive loss : 1045.66, worst lambd: 127.37, worst gap: 0.42:  56%|█████▌    | 560/1000 [57:49<45:24,  6.19s/it]
Epoch 579 | postive loss : 26.06, negtive loss : 1010.54, worst lambd: 127.37, worst gap: 0.42:  58%|█████▊    | 580/1000 [59:53<43:21,  6.19s/it]
Epoch 599 | postive loss : 24.91, negtive loss : 976.06, worst lambd: 127.37, worst gap: 0.38:  60%|██████    | 600/1000 [1:01:57<41:17,  6.19s/it]
Epoch 619 | postive loss : 23.80, negtive loss : 942.50, worst lambd: 127.37, worst gap: 0.36:  62%|██████▏   | 620/1000 [1:04:01<39:13,  6.19s/it]
Epoch 639 | postive loss : 22.72, negtive loss : 909.68, worst lambd: 127.37, worst gap: 0.36:  64%|██████▍   | 640/1000 [1:06:05<37:09,  6.19s/it]
Epoch 659 | postive loss : 21.67, negtive loss : 878.29, worst lambd: 127.37, worst gap: 0.33:  66%|██████▌   | 660/1000 [1:08:09<35:05,  6.19s/it]
Epoch 679 | postive loss : 20.66, negtive loss : 847.71, worst lambd: 127.37, worst gap: 0.33:  68%|██████▊   | 680/1000 [1:10:13<33:01,  6.19s/it]
Epoch 699 | postive loss : 19.68, negtive loss : 817.95, worst lambd: 127.37, worst gap: 0.32:  70%|███████   | 700/1000 [1:12:17<30:58,  6.19s/it]
Epoch 719 | postive loss : 18.73, negtive loss : 789.60, worst lambd: 127.37, worst gap: 0.32:  72%|███████▏  | 720/1000 [1:14:20<28:54,  6.19s/it]
Epoch 739 | postive loss : 17.82, negtive loss : 762.39, worst lambd: 127.37, worst gap: 0.30:  74%|███████▍  | 740/1000 [1:16:24<26:50,  6.19s/it]
Epoch 759 | postive loss : 16.94, negtive loss : 736.45, worst lambd: 127.37, worst gap: 0.27:  76%|███████▌  | 760/1000 [1:18:28<24:46,  6.19s/it]
Epoch 779 | postive loss : 16.09, negtive loss : 712.33, worst lambd: 127.37, worst gap: 0.27:  78%|███████▊  | 780/1000 [1:20:32<22:42,  6.19s/it]
Epoch 799 | postive loss : 15.28, negtive loss : 690.12, worst lambd: 127.37, worst gap: 0.27:  80%|████████  | 800/1000 [1:22:36<20:38,  6.19s/it]
Epoch 819 | postive loss : 14.50, negtive loss : 670.42, worst lambd: 127.37, worst gap: 0.26:  82%|████████▏ | 820/1000 [1:24:40<18:34,  6.19s/it]
Epoch 839 | postive loss : 13.75, negtive loss : 653.02, worst lambd: 127.37, worst gap: 0.23:  84%|████████▍ | 840/1000 [1:26:44<16:30,  6.19s/it]
Epoch 859 | postive loss : 13.04, negtive loss : 638.32, worst lambd: 127.37, worst gap: 0.22:  86%|████████▌ | 860/1000 [1:28:48<14:27,  6.19s/it]
Epoch 879 | postive loss : 12.37, negtive loss : 626.78, worst lambd: 127.37, worst gap: 0.22:  88%|████████▊ | 880/1000 [1:30:51<12:23,  6.19s/it]
Epoch 899 | postive loss : 11.73, negtive loss : 618.27, worst lambd: 127.37, worst gap: 0.19:  90%|█████████ | 900/1000 [1:32:55<10:19,  6.19s/it]
Epoch 919 | postive loss : 11.13, negtive loss : 613.16, worst lambd: 127.37, worst gap: 0.19:  92%|█████████▏| 920/1000 [1:34:59<08:15,  6.19s/it]
Epoch 939 | postive loss : 10.55, negtive loss : 611.23, worst lambd: 127.37, worst gap: 0.18:  94%|█████████▍| 940/1000 [1:37:03<06:11,  6.19s/it]
Epoch 959 | postive loss : 10.01, negtive loss : 612.33, worst lambd: 127.37, worst gap: 0.17:  96%|█████████▌| 960/1000 [1:39:07<04:07,  6.19s/it]
Epoch 979 | postive loss : 9.50, negtive loss : 616.94, worst lambd: 127.37, worst gap: 0.15:  98%|█████████▊| 980/1000 [1:41:11<02:03,  6.19s/it] 
Epoch 999 | postive loss : 9.02, negtive loss : 624.45, worst lambd: 127.37, worst gap: 0.14: 100%|██████████| 1000/1000 [1:43:15<00:00,  6.19s/it]
Epoch 999 | postive loss : 9.02, negtive loss : 624.45, worst lambd: 127.37, worst gap: 0.14: 100%|██████████| 1000/1000 [1:43:15<00:00,  6.20s/it]
Info : finish model training
Info : save model sucessfully
Info : save sucessfully
set learningrate with 0.0005  ----------------------------------------------------------------------
INFO -- prepare : Init model SN2E
INFO -- prepare : set model cuda: 1
INFO -- prepare : Model initialization complete
INFO -- prepare : Init optimizer
INFO -- prepare : Finish preparing Optimizer...
Info -- : start model training

  0%|          | 0/1000 [00:00<?, ?it/s]
Epoch 1 | postive loss : 78.91, negtive loss : 2577.81, worst lambd: 128.99, worst gap: 1.16:   0%|          | 0/1000 [00:15<?, ?it/s]
Epoch 19 | postive loss : 73.55, negtive loss : 2398.76, worst lambd: 138.61, worst gap: 1.09:   2%|▏         | 20/1000 [02:03<1:41:05,  6.19s/it]
Epoch 39 | postive loss : 68.78, negtive loss : 2248.11, worst lambd: 138.61, worst gap: 0.99:   4%|▍         | 40/1000 [04:07<1:39:02,  6.19s/it]
Epoch 59 | postive loss : 64.28, negtive loss : 2109.80, worst lambd: 138.61, worst gap: 0.94:   6%|▌         | 60/1000 [06:11<1:36:59,  6.19s/it]
Epoch 79 | postive loss : 60.01, negtive loss : 1979.57, worst lambd: 138.61, worst gap: 0.90:   8%|▊         | 80/1000 [08:15<1:34:55,  6.19s/it]
Epoch 99 | postive loss : 55.96, negtive loss : 1858.65, worst lambd: 138.61, worst gap: 0.76:  10%|█         | 100/1000 [10:19<1:32:51,  6.19s/it]
Epoch 119 | postive loss : 52.11, negtive loss : 1745.59, worst lambd: 138.61, worst gap: 0.73:  12%|█▏        | 120/1000 [12:22<1:30:48,  6.19s/it]
Epoch 139 | postive loss : 48.45, negtive loss : 1639.69, worst lambd: 138.61, worst gap: 0.73:  14%|█▍        | 140/1000 [14:26<1:28:44,  6.19s/it]
Epoch 159 | postive loss : 44.98, negtive loss : 1539.08, worst lambd: 138.61, worst gap: 0.60:  16%|█▌        | 160/1000 [16:30<1:26:40,  6.19s/it]
Epoch 179 | postive loss : 41.68, negtive loss : 1444.99, worst lambd: 138.61, worst gap: 0.60:  18%|█▊        | 180/1000 [18:34<1:24:36,  6.19s/it]
Epoch 199 | postive loss : 38.56, negtive loss : 1355.51, worst lambd: 138.61, worst gap: 0.60:  20%|██        | 200/1000 [20:38<1:22:33,  6.19s/it]
Epoch 219 | postive loss : 35.60, negtive loss : 1270.65, worst lambd: 138.61, worst gap: 0.45:  22%|██▏       | 220/1000 [22:42<1:20:29,  6.19s/it]
Epoch 239 | postive loss : 32.81, negtive loss : 1189.68, worst lambd: 138.61, worst gap: 0.45:  24%|██▍       | 240/1000 [24:45<1:18:26,  6.19s/it]
Epoch 259 | postive loss : 30.17, negtive loss : 1112.75, worst lambd: 138.61, worst gap: 0.45:  26%|██▌       | 260/1000 [26:49<1:16:22,  6.19s/it]
Epoch 279 | postive loss : 27.68, negtive loss : 1039.93, worst lambd: 138.61, worst gap: 0.45:  28%|██▊       | 280/1000 [28:53<1:14:18,  6.19s/it]
Epoch 299 | postive loss : 25.33, negtive loss : 970.90, worst lambd: 138.61, worst gap: 0.42:  30%|███       | 300/1000 [30:57<1:12:14,  6.19s/it] 
Epoch 319 | postive loss : 23.13, negtive loss : 904.81, worst lambd: 138.61, worst gap: 0.39:  32%|███▏      | 320/1000 [33:01<1:10:10,  6.19s/it]
Epoch 339 | postive loss : 21.06, negtive loss : 842.86, worst lambd: 138.61, worst gap: 0.35:  34%|███▍      | 340/1000 [35:05<1:08:07,  6.19s/it]
Epoch 359 | postive loss : 19.12, negtive loss : 785.29, worst lambd: 138.61, worst gap: 0.32:  36%|███▌      | 360/1000 [37:09<1:06:03,  6.19s/it]
Epoch 379 | postive loss : 17.32, negtive loss : 732.71, worst lambd: 138.61, worst gap: 0.27:  38%|███▊      | 380/1000 [39:12<1:03:59,  6.19s/it]
Epoch 399 | postive loss : 15.64, negtive loss : 687.01, worst lambd: 138.61, worst gap: 0.25:  40%|████      | 400/1000 [41:16<1:01:55,  6.19s/it]
Epoch 419 | postive loss : 14.11, negtive loss : 649.36, worst lambd: 138.61, worst gap: 0.21:  42%|████▏     | 420/1000 [43:20<59:51,  6.19s/it]  
Epoch 439 | postive loss : 12.71, negtive loss : 622.64, worst lambd: 138.61, worst gap: 0.20:  44%|████▍     | 440/1000 [45:24<57:47,  6.19s/it]
Epoch 459 | postive loss : 11.46, negtive loss : 607.73, worst lambd: 138.61, worst gap: 0.18:  46%|████▌     | 460/1000 [47:28<55:43,  6.19s/it]
Epoch 479 | postive loss : 10.33, negtive loss : 605.07, worst lambd: 138.61, worst gap: 0.14:  48%|████▊     | 480/1000 [49:32<53:40,  6.19s/it]
Epoch 499 | postive loss : 9.33, negtive loss : 614.97, worst lambd: 138.61, worst gap: 0.14:  50%|█████     | 500/1000 [51:36<51:36,  6.19s/it] 
Epoch 519 | postive loss : 8.43, negtive loss : 636.70, worst lambd: 138.61, worst gap: 0.10:  52%|█████▏    | 520/1000 [53:39<49:32,  6.19s/it]
Epoch 539 | postive loss : 7.61, negtive loss : 670.63, worst lambd: 138.61, worst gap: 0.10:  54%|█████▍    | 540/1000 [55:43<47:28,  6.19s/it]
Epoch 559 | postive loss : 6.86, negtive loss : 714.83, worst lambd: 138.61, worst gap: 0.10:  56%|█████▌    | 560/1000 [57:47<45:24,  6.19s/it]
Epoch 579 | postive loss : 6.17, negtive loss : 765.51, worst lambd: 138.61, worst gap: 0.08:  58%|█████▊    | 580/1000 [59:51<43:20,  6.19s/it]
Epoch 599 | postive loss : 5.53, negtive loss : 822.58, worst lambd: 138.61, worst gap: 0.06:  60%|██████    | 600/1000 [1:01:55<41:17,  6.19s/it]
Epoch 619 | postive loss : 4.94, negtive loss : 881.97, worst lambd: 138.61, worst gap: 0.05:  62%|██████▏   | 620/1000 [1:03:59<39:13,  6.19s/it]
Epoch 639 | postive loss : 4.39, negtive loss : 943.25, worst lambd: 138.61, worst gap: 0.05:  64%|██████▍   | 640/1000 [1:06:03<37:09,  6.19s/it]
Epoch 659 | postive loss : 3.88, negtive loss : 1003.57, worst lambd: 138.61, worst gap: 0.04:  66%|██████▌   | 660/1000 [1:08:06<35:05,  6.19s/it]
Epoch 679 | postive loss : 3.42, negtive loss : 1061.82, worst lambd: 138.61, worst gap: 0.04:  68%|██████▊   | 680/1000 [1:10:10<33:01,  6.19s/it]
Epoch 699 | postive loss : 3.00, negtive loss : 1119.94, worst lambd: 138.61, worst gap: 0.02:  70%|███████   | 700/1000 [1:12:14<30:57,  6.19s/it]
Epoch 719 | postive loss : 2.63, negtive loss : 1173.52, worst lambd: 138.61, worst gap: 0.02:  72%|███████▏  | 720/1000 [1:14:18<28:54,  6.19s/it]
Epoch 739 | postive loss : 2.30, negtive loss : 1225.32, worst lambd: 138.61, worst gap: 0.02:  74%|███████▍  | 740/1000 [1:16:22<26:50,  6.19s/it]
Epoch 759 | postive loss : 2.02, negtive loss : 1279.72, worst lambd: 138.61, worst gap: 0.01:  76%|███████▌  | 760/1000 [1:18:26<24:46,  6.19s/it]
Epoch 779 | postive loss : 1.77, negtive loss : 1327.03, worst lambd: 138.61, worst gap: 0.01:  78%|███████▊  | 780/1000 [1:20:30<22:42,  6.19s/it]
Epoch 799 | postive loss : 1.57, negtive loss : 1374.01, worst lambd: 138.61, worst gap: 0.01:  80%|████████  | 800/1000 [1:22:33<20:38,  6.19s/it]
Epoch 819 | postive loss : 1.40, negtive loss : 1420.80, worst lambd: 138.61, worst gap: 0.01:  82%|████████▏ | 820/1000 [1:24:37<18:34,  6.19s/it]
Epoch 839 | postive loss : 1.26, negtive loss : 1465.52, worst lambd: 138.61, worst gap: 0.01:  84%|████████▍ | 840/1000 [1:26:41<16:30,  6.19s/it]
Epoch 859 | postive loss : 1.15, negtive loss : 1512.44, worst lambd: 138.61, worst gap: 0.01:  86%|████████▌ | 860/1000 [1:28:45<14:27,  6.20s/it]
Epoch 879 | postive loss : 1.07, negtive loss : 1558.07, worst lambd: 138.61, worst gap: 0.01:  88%|████████▊ | 880/1000 [1:30:49<12:23,  6.20s/it]
Epoch 899 | postive loss : 1.01, negtive loss : 1600.92, worst lambd: 138.61, worst gap: 0.01:  90%|█████████ | 900/1000 [1:32:53<10:19,  6.20s/it]
Epoch 919 | postive loss : 0.96, negtive loss : 1645.58, worst lambd: 138.61, worst gap: 0.01:  92%|█████████▏| 920/1000 [1:34:57<08:15,  6.20s/it]
Epoch 939 | postive loss : 0.93, negtive loss : 1688.24, worst lambd: 138.61, worst gap: 0.01:  94%|█████████▍| 940/1000 [1:37:01<06:11,  6.20s/it]
Epoch 959 | postive loss : 0.90, negtive loss : 1728.08, worst lambd: 138.61, worst gap: 0.01:  96%|█████████▌| 960/1000 [1:39:05<04:07,  6.20s/it]
Epoch 979 | postive loss : 0.87, negtive loss : 1767.74, worst lambd: 138.61, worst gap: 0.01:  98%|█████████▊| 980/1000 [1:41:09<02:03,  6.19s/it]
Epoch 999 | postive loss : 0.85, negtive loss : 1806.03, worst lambd: 138.61, worst gap: 0.01: 100%|██████████| 1000/1000 [1:43:13<00:00,  6.19s/it]
Epoch 999 | postive loss : 0.85, negtive loss : 1806.03, worst lambd: 138.61, worst gap: 0.01: 100%|██████████| 1000/1000 [1:43:13<00:00,  6.19s/it]
Info : finish model training
Info : save model sucessfully
Info : save sucessfully
set learningrate with 0.001  ----------------------------------------------------------------------
INFO -- prepare : Init model SN2E
INFO -- prepare : set model cuda: 1
INFO -- prepare : Model initialization complete
INFO -- prepare : Init optimizer
INFO -- prepare : Finish preparing Optimizer...
Info -- : start model training

  0%|          | 0/1000 [00:00<?, ?it/s]
Epoch 1 | postive loss : 78.66, negtive loss : 2560.60, worst lambd: 142.62, worst gap: 1.28:   0%|          | 0/1000 [00:12<?, ?it/s]
Epoch 19 | postive loss : 69.34, negtive loss : 2262.58, worst lambd: 145.04, worst gap: 0.94:   2%|▏         | 20/1000 [02:03<1:41:15,  6.20s/it]
Epoch 39 | postive loss : 60.62, negtive loss : 1991.53, worst lambd: 145.04, worst gap: 0.76:   4%|▍         | 40/1000 [04:08<1:39:13,  6.20s/it]
Epoch 59 | postive loss : 52.76, negtive loss : 1749.55, worst lambd: 145.04, worst gap: 0.75:   6%|▌         | 60/1000 [06:12<1:37:09,  6.20s/it]
Epoch 79 | postive loss : 45.66, negtive loss : 1535.70, worst lambd: 145.04, worst gap: 0.72:   8%|▊         | 80/1000 [08:15<1:35:02,  6.20s/it]
Epoch 99 | postive loss : 39.27, negtive loss : 1345.40, worst lambd: 145.04, worst gap: 0.64:  10%|█         | 100/1000 [10:19<1:32:56,  6.20s/it]
Epoch 119 | postive loss : 33.52, negtive loss : 1176.15, worst lambd: 145.04, worst gap: 0.49:  12%|█▏        | 120/1000 [12:23<1:30:50,  6.19s/it]
Epoch 139 | postive loss : 28.40, negtive loss : 1025.39, worst lambd: 145.04, worst gap: 0.43:  14%|█▍        | 140/1000 [14:27<1:28:46,  6.19s/it]
Epoch 159 | postive loss : 23.84, negtive loss : 891.24, worst lambd: 145.04, worst gap: 0.38:  16%|█▌        | 160/1000 [16:31<1:26:41,  6.19s/it] 
Epoch 179 | postive loss : 19.81, negtive loss : 773.58, worst lambd: 145.04, worst gap: 0.31:  18%|█▊        | 180/1000 [18:35<1:24:37,  6.19s/it]
Epoch 199 | postive loss : 16.31, negtive loss : 677.91, worst lambd: 145.04, worst gap: 0.23:  20%|██        | 200/1000 [20:38<1:22:33,  6.19s/it]
Epoch 219 | postive loss : 13.35, negtive loss : 614.13, worst lambd: 145.04, worst gap: 0.23:  22%|██▏       | 220/1000 [22:42<1:20:29,  6.19s/it]
Epoch 239 | postive loss : 10.94, negtive loss : 592.81, worst lambd: 145.04, worst gap: 0.16:  24%|██▍       | 240/1000 [24:46<1:18:25,  6.19s/it]
Epoch 259 | postive loss : 9.01, negtive loss : 617.04, worst lambd: 145.04, worst gap: 0.12:  26%|██▌       | 260/1000 [26:50<1:16:21,  6.19s/it] 
Epoch 279 | postive loss : 7.42, negtive loss : 684.87, worst lambd: 145.04, worst gap: 0.08:  28%|██▊       | 280/1000 [28:54<1:14:17,  6.19s/it]
Epoch 299 | postive loss : 6.05, negtive loss : 785.33, worst lambd: 145.04, worst gap: 0.07:  30%|███       | 300/1000 [30:57<1:12:13,  6.19s/it]
Epoch 319 | postive loss : 4.87, negtive loss : 903.99, worst lambd: 145.04, worst gap: 0.05:  32%|███▏      | 320/1000 [33:01<1:10:09,  6.19s/it]
Epoch 339 | postive loss : 3.85, negtive loss : 1023.58, worst lambd: 145.04, worst gap: 0.04:  34%|███▍      | 340/1000 [35:05<1:08:05,  6.19s/it]
Epoch 359 | postive loss : 3.01, negtive loss : 1138.60, worst lambd: 145.04, worst gap: 0.03:  36%|███▌      | 360/1000 [37:09<1:06:02,  6.19s/it]
Epoch 379 | postive loss : 2.33, negtive loss : 1245.47, worst lambd: 145.04, worst gap: 0.02:  38%|███▊      | 380/1000 [39:13<1:03:58,  6.19s/it]
Epoch 399 | postive loss : 1.82, negtive loss : 1342.78, worst lambd: 145.04, worst gap: 0.01:  40%|████      | 400/1000 [41:16<1:01:54,  6.19s/it]
Epoch 419 | postive loss : 1.45, negtive loss : 1435.09, worst lambd: 145.04, worst gap: 0.01:  42%|████▏     | 420/1000 [43:20<59:50,  6.19s/it]  
Epoch 439 | postive loss : 1.20, negtive loss : 1522.48, worst lambd: 145.04, worst gap: 0.01:  44%|████▍     | 440/1000 [45:24<57:46,  6.19s/it]
Epoch 459 | postive loss : 1.05, negtive loss : 1603.80, worst lambd: 145.04, worst gap: 0.01:  46%|████▌     | 460/1000 [47:28<55:43,  6.19s/it]
Epoch 479 | postive loss : 0.96, negtive loss : 1684.27, worst lambd: 145.04, worst gap: 0.01:  48%|████▊     | 480/1000 [49:32<53:39,  6.19s/it]
Epoch 499 | postive loss : 0.91, negtive loss : 1761.18, worst lambd: 145.04, worst gap: 0.01:  50%|█████     | 500/1000 [51:36<51:35,  6.19s/it]
Epoch 519 | postive loss : 0.87, negtive loss : 1826.48, worst lambd: 145.04, worst gap: 0.01:  52%|█████▏    | 520/1000 [53:40<49:32,  6.19s/it]
Epoch 539 | postive loss : 0.84, negtive loss : 1887.90, worst lambd: 145.04, worst gap: 0.01:  54%|█████▍    | 540/1000 [55:43<47:28,  6.19s/it]
Epoch 559 | postive loss : 0.82, negtive loss : 1946.23, worst lambd: 145.04, worst gap: 0.01:  56%|█████▌    | 560/1000 [57:47<45:24,  6.19s/it]
Epoch 579 | postive loss : 0.80, negtive loss : 2004.03, worst lambd: 145.04, worst gap: 0.01:  58%|█████▊    | 580/1000 [59:51<43:20,  6.19s/it]
Epoch 599 | postive loss : 0.79, negtive loss : 2059.69, worst lambd: 145.04, worst gap: 0.01:  60%|██████    | 600/1000 [1:01:55<41:16,  6.19s/it]
Epoch 619 | postive loss : 0.78, negtive loss : 2108.57, worst lambd: 145.04, worst gap: 0.01:  62%|██████▏   | 620/1000 [1:03:59<39:12,  6.19s/it]
Epoch 639 | postive loss : 0.77, negtive loss : 2159.09, worst lambd: 145.04, worst gap: 0.01:  64%|██████▍   | 640/1000 [1:06:02<37:08,  6.19s/it]
Epoch 659 | postive loss : 0.76, negtive loss : 2203.76, worst lambd: 145.04, worst gap: 0.01:  66%|██████▌   | 660/1000 [1:08:06<35:04,  6.19s/it]
Epoch 679 | postive loss : 0.75, negtive loss : 2253.56, worst lambd: 145.04, worst gap: 0.00:  68%|██████▊   | 680/1000 [1:10:10<33:01,  6.19s/it]
Epoch 699 | postive loss : 0.75, negtive loss : 2295.41, worst lambd: 145.04, worst gap: 0.00:  70%|███████   | 700/1000 [1:12:14<30:57,  6.19s/it]
Epoch 719 | postive loss : 0.74, negtive loss : 2334.44, worst lambd: 145.04, worst gap: 0.00:  72%|███████▏  | 720/1000 [1:14:18<28:53,  6.19s/it]
Epoch 739 | postive loss : 0.73, negtive loss : 2375.18, worst lambd: 145.04, worst gap: 0.00:  74%|███████▍  | 740/1000 [1:16:22<26:49,  6.19s/it]
Epoch 759 | postive loss : 0.73, negtive loss : 2416.49, worst lambd: 145.04, worst gap: 0.00:  76%|███████▌  | 760/1000 [1:18:25<24:45,  6.19s/it]
Epoch 779 | postive loss : 0.72, negtive loss : 2457.82, worst lambd: 145.04, worst gap: 0.00:  78%|███████▊  | 780/1000 [1:20:29<22:42,  6.19s/it]
Epoch 799 | postive loss : 0.72, negtive loss : 2495.78, worst lambd: 145.04, worst gap: 0.00:  80%|████████  | 800/1000 [1:22:33<20:38,  6.19s/it]
Epoch 819 | postive loss : 0.72, negtive loss : 2530.30, worst lambd: 145.04, worst gap: 0.00:  82%|████████▏ | 820/1000 [1:24:37<18:34,  6.19s/it]
Epoch 839 | postive loss : 0.71, negtive loss : 2566.05, worst lambd: 145.04, worst gap: 0.00:  84%|████████▍ | 840/1000 [1:26:41<16:30,  6.19s/it]
Epoch 859 | postive loss : 0.71, negtive loss : 2602.15, worst lambd: 145.04, worst gap: 0.00:  86%|████████▌ | 860/1000 [1:28:44<14:26,  6.19s/it]
Epoch 879 | postive loss : 0.70, negtive loss : 2638.61, worst lambd: 145.04, worst gap: 0.00:  88%|████████▊ | 880/1000 [1:30:48<12:22,  6.19s/it]
Epoch 899 | postive loss : 0.70, negtive loss : 2670.01, worst lambd: 145.04, worst gap: 0.00:  90%|█████████ | 900/1000 [1:32:52<10:19,  6.19s/it]
Epoch 919 | postive loss : 0.70, negtive loss : 2701.82, worst lambd: 145.04, worst gap: 0.00:  92%|█████████▏| 920/1000 [1:34:56<08:15,  6.19s/it]
Epoch 939 | postive loss : 0.70, negtive loss : 2734.50, worst lambd: 145.04, worst gap: 0.00:  94%|█████████▍| 940/1000 [1:37:00<06:11,  6.19s/it]
Epoch 959 | postive loss : 0.69, negtive loss : 2766.60, worst lambd: 145.04, worst gap: 0.00:  96%|█████████▌| 960/1000 [1:39:04<04:07,  6.19s/it]
Epoch 979 | postive loss : 0.69, negtive loss : 2794.88, worst lambd: 145.04, worst gap: 0.00:  98%|█████████▊| 980/1000 [1:41:07<02:03,  6.19s/it]
Epoch 999 | postive loss : 0.69, negtive loss : 2827.21, worst lambd: 145.04, worst gap: 0.00: 100%|██████████| 1000/1000 [1:43:11<00:00,  6.19s/it]
Epoch 999 | postive loss : 0.69, negtive loss : 2827.21, worst lambd: 145.04, worst gap: 0.00: 100%|██████████| 1000/1000 [1:43:11<00:00,  6.19s/it]
Info : finish model training
Info : save model sucessfully
Info : save sucessfully
set learningrate with 0.002  ----------------------------------------------------------------------
INFO -- prepare : Init model SN2E
INFO -- prepare : set model cuda: 1
INFO -- prepare : Model initialization complete
INFO -- prepare : Init optimizer
INFO -- prepare : Finish preparing Optimizer...
Info -- : start model training

  0%|          | 0/1000 [00:00<?, ?it/s]
Epoch 0 | postive loss : 80.38, negtive loss : 2587.53, worst lambd: 137.12, worst gap: 1.26:   0%|          | 0/1000 [00:11<?, ?it/s]
Epoch 19 | postive loss : 61.41, negtive loss : 2007.46, worst lambd: 137.12, worst gap: 0.85:   2%|▏         | 20/1000 [02:03<1:41:06,  6.19s/it]
Epoch 39 | postive loss : 46.62, negtive loss : 1548.42, worst lambd: 137.12, worst gap: 0.71:   4%|▍         | 40/1000 [04:07<1:39:04,  6.19s/it]
Epoch 59 | postive loss : 34.63, negtive loss : 1180.46, worst lambd: 137.12, worst gap: 0.49:   6%|▌         | 60/1000 [06:11<1:37:00,  6.19s/it]
Epoch 79 | postive loss : 24.99, negtive loss : 887.92, worst lambd: 137.12, worst gap: 0.37:   8%|▊         | 80/1000 [08:15<1:34:57,  6.19s/it] 
Epoch 99 | postive loss : 17.44, negtive loss : 672.23, worst lambd: 137.12, worst gap: 0.24:  10%|█         | 100/1000 [10:19<1:32:53,  6.19s/it]
Epoch 119 | postive loss : 12.06, negtive loss : 575.26, worst lambd: 137.12, worst gap: 0.21:  12%|█▏        | 120/1000 [12:23<1:30:49,  6.19s/it]
Epoch 139 | postive loss : 8.50, negtive loss : 631.17, worst lambd: 137.12, worst gap: 0.14:  14%|█▍        | 140/1000 [14:26<1:28:45,  6.19s/it] 
Epoch 159 | postive loss : 5.87, negtive loss : 818.17, worst lambd: 137.12, worst gap: 0.07:  16%|█▌        | 160/1000 [16:30<1:26:41,  6.19s/it]
Epoch 179 | postive loss : 3.84, negtive loss : 1046.76, worst lambd: 137.12, worst gap: 0.04:  18%|█▊        | 180/1000 [18:34<1:24:37,  6.19s/it]
Epoch 199 | postive loss : 2.43, negtive loss : 1256.48, worst lambd: 137.12, worst gap: 0.02:  20%|██        | 200/1000 [20:38<1:22:34,  6.19s/it]
Epoch 219 | postive loss : 1.58, negtive loss : 1431.79, worst lambd: 137.12, worst gap: 0.02:  22%|██▏       | 220/1000 [22:42<1:20:30,  6.19s/it]
Epoch 239 | postive loss : 1.18, negtive loss : 1581.84, worst lambd: 137.12, worst gap: 0.01:  24%|██▍       | 240/1000 [24:46<1:18:26,  6.19s/it]
Epoch 259 | postive loss : 1.01, negtive loss : 1712.89, worst lambd: 137.12, worst gap: 0.01:  26%|██▌       | 260/1000 [26:50<1:16:22,  6.19s/it]
Epoch 279 | postive loss : 0.94, negtive loss : 1820.91, worst lambd: 137.12, worst gap: 0.01:  28%|██▊       | 280/1000 [28:53<1:14:18,  6.19s/it]
Epoch 299 | postive loss : 0.89, negtive loss : 1911.97, worst lambd: 137.12, worst gap: 0.00:  30%|███       | 300/1000 [30:57<1:12:14,  6.19s/it]
Epoch 319 | postive loss : 0.86, negtive loss : 1993.24, worst lambd: 137.12, worst gap: 0.00:  32%|███▏      | 320/1000 [33:01<1:10:10,  6.19s/it]
Epoch 339 | postive loss : 0.84, negtive loss : 2065.18, worst lambd: 137.12, worst gap: 0.00:  34%|███▍      | 340/1000 [35:05<1:08:07,  6.19s/it]
Epoch 359 | postive loss : 0.82, negtive loss : 2133.92, worst lambd: 137.12, worst gap: 0.00:  36%|███▌      | 360/1000 [37:09<1:06:03,  6.19s/it]
Epoch 379 | postive loss : 0.80, negtive loss : 2196.20, worst lambd: 137.12, worst gap: 0.00:  38%|███▊      | 380/1000 [39:13<1:03:59,  6.19s/it]
Epoch 399 | postive loss : 0.79, negtive loss : 2249.39, worst lambd: 137.12, worst gap: 0.00:  40%|████      | 400/1000 [41:17<1:01:55,  6.19s/it]
Epoch 419 | postive loss : 0.79, negtive loss : 2303.36, worst lambd: 137.12, worst gap: 0.00:  42%|████▏     | 420/1000 [43:20<59:51,  6.19s/it]  
Epoch 439 | postive loss : 0.78, negtive loss : 2351.66, worst lambd: 137.12, worst gap: 0.00:  44%|████▍     | 440/1000 [45:24<57:48,  6.19s/it]
Epoch 459 | postive loss : 0.77, negtive loss : 2394.54, worst lambd: 137.12, worst gap: 0.00:  46%|████▌     | 460/1000 [47:28<55:44,  6.19s/it]
Epoch 479 | postive loss : 0.77, negtive loss : 2438.17, worst lambd: 137.12, worst gap: 0.00:  48%|████▊     | 480/1000 [49:32<53:40,  6.19s/it]
Epoch 499 | postive loss : 0.76, negtive loss : 2475.60, worst lambd: 137.12, worst gap: 0.00:  50%|█████     | 500/1000 [51:36<51:36,  6.19s/it]
Epoch 519 | postive loss : 0.77, negtive loss : 2514.76, worst lambd: 137.12, worst gap: 0.00:  52%|█████▏    | 520/1000 [53:40<49:32,  6.19s/it]
Epoch 539 | postive loss : 0.76, negtive loss : 2550.55, worst lambd: 137.12, worst gap: 0.00:  54%|█████▍    | 540/1000 [55:44<47:28,  6.19s/it]
Epoch 559 | postive loss : 0.76, negtive loss : 2580.93, worst lambd: 137.12, worst gap: 0.00:  56%|█████▌    | 560/1000 [57:47<45:25,  6.19s/it]
Epoch 579 | postive loss : 0.75, negtive loss : 2610.04, worst lambd: 137.12, worst gap: 0.00:  58%|█████▊    | 580/1000 [59:51<43:21,  6.19s/it]
Epoch 599 | postive loss : 0.75, negtive loss : 2638.81, worst lambd: 137.12, worst gap: 0.00:  60%|██████    | 600/1000 [1:01:55<41:17,  6.19s/it]
Epoch 619 | postive loss : 0.74, negtive loss : 2664.46, worst lambd: 137.12, worst gap: 0.00:  62%|██████▏   | 620/1000 [1:03:59<39:13,  6.19s/it]
Epoch 639 | postive loss : 0.74, negtive loss : 2693.13, worst lambd: 137.12, worst gap: 0.00:  64%|██████▍   | 640/1000 [1:06:03<37:09,  6.19s/it]
Epoch 659 | postive loss : 0.74, negtive loss : 2714.55, worst lambd: 137.12, worst gap: 0.00:  66%|██████▌   | 660/1000 [1:08:07<35:05,  6.19s/it]
Epoch 679 | postive loss : 0.74, negtive loss : 2737.94, worst lambd: 137.12, worst gap: 0.00:  68%|██████▊   | 680/1000 [1:10:11<33:01,  6.19s/it]
Epoch 699 | postive loss : 0.74, negtive loss : 2761.60, worst lambd: 137.12, worst gap: 0.00:  70%|███████   | 700/1000 [1:12:15<30:58,  6.19s/it]
Epoch 719 | postive loss : 0.74, negtive loss : 2782.36, worst lambd: 137.12, worst gap: 0.00:  72%|███████▏  | 720/1000 [1:14:18<28:54,  6.19s/it]
Epoch 739 | postive loss : 0.73, negtive loss : 2797.07, worst lambd: 137.12, worst gap: 0.00:  74%|███████▍  | 740/1000 [1:16:22<26:50,  6.19s/it]
Epoch 759 | postive loss : 0.73, negtive loss : 2821.23, worst lambd: 137.12, worst gap: 0.00:  76%|███████▌  | 760/1000 [1:18:26<24:46,  6.19s/it]
Epoch 779 | postive loss : 0.73, negtive loss : 2831.90, worst lambd: 137.12, worst gap: 0.00:  78%|███████▊  | 780/1000 [1:20:30<22:42,  6.19s/it]
Epoch 799 | postive loss : 0.73, negtive loss : 2847.09, worst lambd: 137.12, worst gap: 0.00:  80%|████████  | 800/1000 [1:22:34<20:38,  6.19s/it]
Epoch 819 | postive loss : 0.72, negtive loss : 2865.84, worst lambd: 137.12, worst gap: 0.00:  82%|████████▏ | 820/1000 [1:24:38<18:34,  6.19s/it]
Epoch 839 | postive loss : 0.72, negtive loss : 2880.50, worst lambd: 137.12, worst gap: 0.00:  84%|████████▍ | 840/1000 [1:26:42<16:30,  6.19s/it]
Epoch 859 | postive loss : 0.72, negtive loss : 2894.80, worst lambd: 137.12, worst gap: 0.00:  86%|████████▌ | 860/1000 [1:28:46<14:27,  6.19s/it]
Epoch 879 | postive loss : 0.72, negtive loss : 2905.38, worst lambd: 137.12, worst gap: 0.00:  88%|████████▊ | 880/1000 [1:30:49<12:23,  6.19s/it]
Epoch 899 | postive loss : 0.71, negtive loss : 2912.18, worst lambd: 137.12, worst gap: 0.00:  90%|█████████ | 900/1000 [1:32:53<10:19,  6.19s/it]
Epoch 919 | postive loss : 0.72, negtive loss : 2929.46, worst lambd: 137.12, worst gap: 0.00:  92%|█████████▏| 920/1000 [1:34:57<08:15,  6.19s/it]
Epoch 939 | postive loss : 0.71, negtive loss : 2937.37, worst lambd: 137.12, worst gap: 0.00:  94%|█████████▍| 940/1000 [1:37:01<06:11,  6.19s/it]
Epoch 959 | postive loss : 0.72, negtive loss : 2948.26, worst lambd: 137.12, worst gap: 0.00:  96%|█████████▌| 960/1000 [1:39:05<04:07,  6.19s/it]
Epoch 979 | postive loss : 0.72, negtive loss : 2955.38, worst lambd: 137.12, worst gap: 0.00:  98%|█████████▊| 980/1000 [1:41:09<02:03,  6.19s/it]
Epoch 999 | postive loss : 0.72, negtive loss : 2960.12, worst lambd: 137.12, worst gap: 0.00: 100%|██████████| 1000/1000 [1:43:13<00:00,  6.19s/it]
Epoch 999 | postive loss : 0.72, negtive loss : 2960.12, worst lambd: 137.12, worst gap: 0.00: 100%|██████████| 1000/1000 [1:43:13<00:00,  6.19s/it]
Info : finish model training
Info : save model sucessfully
Info : save sucessfully
set learningrate with 0.004  ----------------------------------------------------------------------
INFO -- prepare : Init model SN2E
INFO -- prepare : set model cuda: 1
INFO -- prepare : Model initialization complete
INFO -- prepare : Init optimizer
INFO -- prepare : Finish preparing Optimizer...
Info -- : start model training

  0%|          | 0/1000 [00:00<?, ?it/s]
Epoch 1 | postive loss : 77.26, negtive loss : 2490.22, worst lambd: 141.72, worst gap: 0.99:   0%|          | 0/1000 [00:18<?, ?it/s]
Epoch 19 | postive loss : 48.19, negtive loss : 1584.51, worst lambd: 141.72, worst gap: 0.86:   2%|▏         | 20/1000 [02:03<1:41:09,  6.19s/it]
Epoch 39 | postive loss : 26.81, negtive loss : 920.11, worst lambd: 141.72, worst gap: 0.46:   4%|▍         | 40/1000 [04:07<1:39:05,  6.19s/it] 
Epoch 59 | postive loss : 13.82, negtive loss : 568.70, worst lambd: 141.72, worst gap: 0.28:   6%|▌         | 60/1000 [06:11<1:37:02,  6.19s/it]
Epoch 79 | postive loss : 7.60, negtive loss : 695.37, worst lambd: 141.72, worst gap: 0.14:   8%|▊         | 80/1000 [08:15<1:34:58,  6.19s/it] 
Epoch 99 | postive loss : 3.71, negtive loss : 1100.12, worst lambd: 141.72, worst gap: 0.05:  10%|█         | 100/1000 [10:19<1:32:54,  6.19s/it]
Epoch 119 | postive loss : 1.78, negtive loss : 1427.93, worst lambd: 141.72, worst gap: 0.01:  12%|█▏        | 120/1000 [12:23<1:30:50,  6.19s/it]
Epoch 139 | postive loss : 1.23, negtive loss : 1652.94, worst lambd: 141.72, worst gap: 0.01:  14%|█▍        | 140/1000 [14:27<1:28:46,  6.19s/it]
Epoch 159 | postive loss : 1.08, negtive loss : 1795.46, worst lambd: 141.72, worst gap: 0.01:  16%|█▌        | 160/1000 [16:30<1:26:42,  6.19s/it]
Epoch 179 | postive loss : 1.01, negtive loss : 1892.91, worst lambd: 141.72, worst gap: 0.01:  18%|█▊        | 180/1000 [18:34<1:24:38,  6.19s/it]
Epoch 199 | postive loss : 0.99, negtive loss : 1968.01, worst lambd: 141.72, worst gap: 0.00:  20%|██        | 200/1000 [20:38<1:22:34,  6.19s/it]
Epoch 219 | postive loss : 0.97, negtive loss : 2026.45, worst lambd: 141.72, worst gap: 0.00:  22%|██▏       | 220/1000 [22:42<1:20:30,  6.19s/it]
Epoch 239 | postive loss : 0.94, negtive loss : 2068.51, worst lambd: 141.72, worst gap: 0.00:  24%|██▍       | 240/1000 [24:46<1:18:27,  6.19s/it]
Epoch 259 | postive loss : 0.93, negtive loss : 2100.68, worst lambd: 141.72, worst gap: 0.00:  26%|██▌       | 260/1000 [26:50<1:16:23,  6.19s/it]
Epoch 279 | postive loss : 0.92, negtive loss : 2128.17, worst lambd: 141.72, worst gap: 0.00:  28%|██▊       | 280/1000 [28:54<1:14:19,  6.19s/it]
Epoch 299 | postive loss : 0.92, negtive loss : 2147.65, worst lambd: 141.72, worst gap: 0.00:  30%|███       | 300/1000 [30:58<1:12:15,  6.19s/it]
Epoch 319 | postive loss : 0.91, negtive loss : 2166.46, worst lambd: 141.72, worst gap: 0.00:  32%|███▏      | 320/1000 [33:01<1:10:10,  6.19s/it]
Epoch 339 | postive loss : 0.90, negtive loss : 2182.02, worst lambd: 141.72, worst gap: 0.00:  34%|███▍      | 340/1000 [35:05<1:08:06,  6.19s/it]
Epoch 359 | postive loss : 0.89, negtive loss : 2199.67, worst lambd: 141.72, worst gap: 0.00:  36%|███▌      | 360/1000 [37:09<1:06:02,  6.19s/it]
Epoch 379 | postive loss : 0.88, negtive loss : 2210.18, worst lambd: 141.72, worst gap: 0.00:  38%|███▊      | 380/1000 [39:13<1:03:59,  6.19s/it]
Epoch 399 | postive loss : 0.87, negtive loss : 2222.62, worst lambd: 141.72, worst gap: 0.00:  40%|████      | 400/1000 [41:17<1:01:55,  6.19s/it]
Epoch 419 | postive loss : 0.87, negtive loss : 2237.20, worst lambd: 141.72, worst gap: 0.00:  42%|████▏     | 420/1000 [43:21<59:51,  6.19s/it]  
Epoch 439 | postive loss : 0.89, negtive loss : 2244.45, worst lambd: 141.72, worst gap: 0.00:  44%|████▍     | 440/1000 [45:24<57:47,  6.19s/it]
Epoch 459 | postive loss : 0.87, negtive loss : 2249.63, worst lambd: 141.72, worst gap: 0.00:  46%|████▌     | 460/1000 [47:28<55:43,  6.19s/it]
Epoch 479 | postive loss : 0.87, negtive loss : 2260.43, worst lambd: 141.72, worst gap: 0.00:  48%|████▊     | 480/1000 [49:32<53:39,  6.19s/it]
Epoch 499 | postive loss : 0.86, negtive loss : 2271.30, worst lambd: 141.72, worst gap: 0.00:  50%|█████     | 500/1000 [51:36<51:35,  6.19s/it]
Epoch 519 | postive loss : 0.85, negtive loss : 2276.31, worst lambd: 141.72, worst gap: 0.00:  52%|█████▏    | 520/1000 [53:40<49:31,  6.19s/it]
Epoch 539 | postive loss : 0.84, negtive loss : 2284.96, worst lambd: 141.72, worst gap: 0.00:  54%|█████▍    | 540/1000 [55:43<47:27,  6.19s/it]
Epoch 559 | postive loss : 0.86, negtive loss : 2290.20, worst lambd: 141.72, worst gap: 0.00:  56%|█████▌    | 560/1000 [57:47<45:24,  6.19s/it]
Epoch 579 | postive loss : 0.85, negtive loss : 2303.04, worst lambd: 141.72, worst gap: 0.00:  58%|█████▊    | 580/1000 [59:51<43:20,  6.19s/it]
Epoch 599 | postive loss : 0.85, negtive loss : 2301.57, worst lambd: 141.72, worst gap: 0.00:  60%|██████    | 600/1000 [1:01:55<41:16,  6.19s/it]
Epoch 619 | postive loss : 0.86, negtive loss : 2319.28, worst lambd: 141.72, worst gap: 0.00:  62%|██████▏   | 620/1000 [1:03:59<39:12,  6.19s/it]
Epoch 639 | postive loss : 0.84, negtive loss : 2321.08, worst lambd: 141.72, worst gap: 0.00:  64%|██████▍   | 640/1000 [1:06:03<37:08,  6.19s/it]
Epoch 659 | postive loss : 0.85, negtive loss : 2326.06, worst lambd: 141.72, worst gap: 0.00:  66%|██████▌   | 660/1000 [1:08:06<35:04,  6.19s/it]
Epoch 679 | postive loss : 0.84, negtive loss : 2337.92, worst lambd: 141.72, worst gap: 0.00:  68%|██████▊   | 680/1000 [1:10:10<33:01,  6.19s/it]
Epoch 699 | postive loss : 0.85, negtive loss : 2340.19, worst lambd: 141.72, worst gap: 0.00:  70%|███████   | 700/1000 [1:12:14<30:57,  6.19s/it]
Epoch 719 | postive loss : 0.85, negtive loss : 2350.03, worst lambd: 141.72, worst gap: 0.00:  72%|███████▏  | 720/1000 [1:14:18<28:53,  6.19s/it]
Epoch 739 | postive loss : 0.84, negtive loss : 2353.19, worst lambd: 141.72, worst gap: 0.00:  74%|███████▍  | 740/1000 [1:16:22<26:49,  6.19s/it]
Epoch 759 | postive loss : 0.83, negtive loss : 2365.11, worst lambd: 141.72, worst gap: 0.00:  76%|███████▌  | 760/1000 [1:18:25<24:45,  6.19s/it]
Epoch 779 | postive loss : 0.85, negtive loss : 2367.21, worst lambd: 141.72, worst gap: 0.00:  78%|███████▊  | 780/1000 [1:20:29<22:41,  6.19s/it]
Epoch 799 | postive loss : 0.83, negtive loss : 2374.14, worst lambd: 141.72, worst gap: 0.00:  80%|████████  | 800/1000 [1:22:33<20:38,  6.19s/it]
Epoch 819 | postive loss : 0.84, negtive loss : 2380.10, worst lambd: 141.72, worst gap: 0.00:  82%|████████▏ | 820/1000 [1:24:37<18:34,  6.19s/it]
Epoch 839 | postive loss : 0.82, negtive loss : 2388.97, worst lambd: 141.72, worst gap: 0.00:  84%|████████▍ | 840/1000 [1:26:41<16:30,  6.19s/it]
Epoch 859 | postive loss : 0.83, negtive loss : 2397.93, worst lambd: 141.72, worst gap: 0.00:  86%|████████▌ | 860/1000 [1:28:45<14:26,  6.19s/it]
Epoch 879 | postive loss : 0.83, negtive loss : 2400.94, worst lambd: 141.72, worst gap: 0.00:  88%|████████▊ | 880/1000 [1:30:48<12:22,  6.19s/it]
Epoch 899 | postive loss : 0.83, negtive loss : 2413.72, worst lambd: 141.72, worst gap: 0.00:  90%|█████████ | 900/1000 [1:32:52<10:19,  6.19s/it]
Epoch 919 | postive loss : 0.84, negtive loss : 2413.52, worst lambd: 141.72, worst gap: 0.00:  92%|█████████▏| 920/1000 [1:34:56<08:15,  6.19s/it]
Epoch 939 | postive loss : 0.83, negtive loss : 2419.43, worst lambd: 141.72, worst gap: 0.00:  94%|█████████▍| 940/1000 [1:37:00<06:11,  6.19s/it]
Epoch 959 | postive loss : 0.82, negtive loss : 2421.00, worst lambd: 141.72, worst gap: 0.00:  96%|█████████▌| 960/1000 [1:39:04<04:07,  6.19s/it]
Epoch 979 | postive loss : 0.83, negtive loss : 2426.05, worst lambd: 141.72, worst gap: 0.00:  98%|█████████▊| 980/1000 [1:41:08<02:03,  6.19s/it]
Epoch 999 | postive loss : 0.83, negtive loss : 2429.50, worst lambd: 141.72, worst gap: 0.00: 100%|██████████| 1000/1000 [1:43:12<00:00,  6.19s/it]
Epoch 999 | postive loss : 0.83, negtive loss : 2429.50, worst lambd: 141.72, worst gap: 0.00: 100%|██████████| 1000/1000 [1:43:12<00:00,  6.19s/it]
Info : finish model training
Info : save model sucessfully
Info : save sucessfully


set learningrate with 0.001  ----------------------------------------------------------------------
INFO -- prepare : Init model SN2E
INFO -- prepare : set model cuda: 1
INFO -- prepare : Model initialization complete
INFO -- prepare : Init optimizer
INFO -- prepare : Finish preparing Optimizer...
Info -- : start model training

  0%|          | 0/500 [00:00<?, ?it/s]
Epoch 0 | postive loss : 80.30, negtive loss : 2605.08, worst lambd: 127.76, worst gap: 1.73:   0%|          | 0/500 [00:08<?, ?it/s]
Epoch 1 | postive loss : 78.73, negtive loss : 2563.93, worst lambd: 138.41, worst gap: 1.14:   0%|          | 0/500 [00:14<?, ?it/s]
Epoch 1 | postive loss : 78.73, negtive loss : 2563.93, worst lambd: 138.41, worst gap: 1.14:   0%|          | 0/500 [00:20<?, ?it/s]
Epoch 2 | postive loss : 77.98, negtive loss : 2539.03, worst lambd: 138.41, worst gap: 1.14:   0%|          | 0/500 [00:20<?, ?it/s]
Epoch 3 | postive loss : 77.37, negtive loss : 2518.35, worst lambd: 143.59, worst gap: 1.14:   0%|          | 0/500 [00:26<?, ?it/s]
Epoch 4 | postive loss : 76.80, negtive loss : 2499.28, worst lambd: 144.57, worst gap: 1.14:   0%|          | 0/500 [00:33<?, ?it/s]
Epoch 5 | postive loss : 76.26, negtive loss : 2481.93, worst lambd: 144.57, worst gap: 1.14:   0%|          | 0/500 [00:39<?, ?it/s]
Epoch 6 | postive loss : 75.73, negtive loss : 2464.42, worst lambd: 144.57, worst gap: 1.14:   0%|          | 0/500 [00:45<?, ?it/s]
Epoch 7 | postive loss : 75.22, negtive loss : 2447.86, worst lambd: 144.99, worst gap: 1.14:   0%|          | 0/500 [00:51<?, ?it/s]
Epoch 8 | postive loss : 74.71, negtive loss : 2432.37, worst lambd: 144.99, worst gap: 1.14:   0%|          | 0/500 [00:57<?, ?it/s]
Epoch 9 | postive loss : 74.21, negtive loss : 2416.08, worst lambd: 144.99, worst gap: 1.08:   0%|          | 0/500 [01:04<?, ?it/s]
Epoch 9 | postive loss : 74.21, negtive loss : 2416.08, worst lambd: 144.99, worst gap: 1.08:   2%|▏         | 10/500 [01:04<52:22,  6.41s/it]
Epoch 10 | postive loss : 73.71, negtive loss : 2399.67, worst lambd: 144.99, worst gap: 1.08:   2%|▏         | 10/500 [01:10<52:22,  6.41s/it]
Epoch 11 | postive loss : 73.23, negtive loss : 2384.46, worst lambd: 144.99, worst gap: 1.08:   2%|▏         | 10/500 [01:16<52:22,  6.41s/it]
Epoch 12 | postive loss : 72.74, negtive loss : 2369.34, worst lambd: 144.99, worst gap: 1.08:   2%|▏         | 10/500 [01:22<52:22,  6.41s/it]
Epoch 13 | postive loss : 72.26, negtive loss : 2354.06, worst lambd: 144.99, worst gap: 1.08:   2%|▏         | 10/500 [01:29<52:22,  6.41s/it]
Epoch 14 | postive loss : 71.78, negtive loss : 2339.46, worst lambd: 144.99, worst gap: 1.08:   2%|▏         | 10/500 [01:35<52:22,  6.41s/it]
Epoch 15 | postive loss : 71.30, negtive loss : 2324.58, worst lambd: 144.99, worst gap: 1.08:   2%|▏         | 10/500 [01:41<52:22,  6.41s/it]
Epoch 16 | postive loss : 70.83, negtive loss : 2309.22, worst lambd: 144.99, worst gap: 1.08:   2%|▏         | 10/500 [01:47<52:22,  6.41s/it]
Epoch 17 | postive loss : 70.36, negtive loss : 2294.13, worst lambd: 144.99, worst gap: 1.08:   2%|▏         | 10/500 [01:54<52:22,  6.41s/it]
Epoch 18 | postive loss : 69.90, negtive loss : 2280.42, worst lambd: 144.99, worst gap: 0.98:   2%|▏         | 10/500 [02:00<52:22,  6.41s/it]
Epoch 19 | postive loss : 69.44, negtive loss : 2265.35, worst lambd: 144.99, worst gap: 0.98:   2%|▏         | 10/500 [02:06<52:22,  6.41s/it]
Epoch 19 | postive loss : 69.44, negtive loss : 2265.35, worst lambd: 144.99, worst gap: 0.98:   4%|▍         | 20/500 [02:06<50:28,  6.31s/it]
Epoch 20 | postive loss : 68.98, negtive loss : 2250.97, worst lambd: 144.99, worst gap: 0.98:   4%|▍         | 20/500 [02:12<50:28,  6.31s/it]
Epoch 21 | postive loss : 68.52, negtive loss : 2237.22, worst lambd: 144.99, worst gap: 0.98:   4%|▍         | 20/500 [02:18<50:28,  6.31s/it]
Epoch 22 | postive loss : 68.07, negtive loss : 2223.56, worst lambd: 144.99, worst gap: 0.98:   4%|▍         | 20/500 [02:25<50:28,  6.31s/it]
Epoch 23 | postive loss : 67.62, negtive loss : 2208.35, worst lambd: 144.99, worst gap: 0.98:   4%|▍         | 20/500 [02:31<50:28,  6.31s/it]
Epoch 24 | postive loss : 67.17, negtive loss : 2195.23, worst lambd: 144.99, worst gap: 0.98:   4%|▍         | 20/500 [02:37<50:28,  6.31s/it]
Epoch 25 | postive loss : 66.72, negtive loss : 2180.78, worst lambd: 144.99, worst gap: 0.98:   4%|▍         | 20/500 [02:43<50:28,  6.31s/it]
Epoch 26 | postive loss : 66.28, negtive loss : 2166.76, worst lambd: 144.99, worst gap: 0.98:   4%|▍         | 20/500 [02:50<50:28,  6.31s/it]
Epoch 27 | postive loss : 65.84, negtive loss : 2153.16, worst lambd: 144.99, worst gap: 0.96:   4%|▍         | 20/500 [02:56<50:28,  6.31s/it]
Epoch 28 | postive loss : 65.40, negtive loss : 2138.92, worst lambd: 144.99, worst gap: 0.96:   4%|▍         | 20/500 [03:02<50:28,  6.31s/it]
Epoch 29 | postive loss : 64.96, negtive loss : 2126.28, worst lambd: 144.99, worst gap: 0.96:   4%|▍         | 20/500 [03:08<50:28,  6.31s/it]
Epoch 29 | postive loss : 64.96, negtive loss : 2126.28, worst lambd: 144.99, worst gap: 0.96:   6%|▌         | 30/500 [03:08<49:08,  6.27s/it]
Epoch 30 | postive loss : 64.53, negtive loss : 2112.70, worst lambd: 144.99, worst gap: 0.96:   6%|▌         | 30/500 [03:15<49:08,  6.27s/it]
Epoch 31 | postive loss : 64.10, negtive loss : 2099.19, worst lambd: 144.99, worst gap: 0.96:   6%|▌         | 30/500 [03:21<49:08,  6.27s/it]
Epoch 32 | postive loss : 63.67, negtive loss : 2085.50, worst lambd: 144.99, worst gap: 0.96:   6%|▌         | 30/500 [03:27<49:08,  6.27s/it]
Epoch 33 | postive loss : 63.24, negtive loss : 2072.65, worst lambd: 144.99, worst gap: 0.96:   6%|▌         | 30/500 [03:33<49:08,  6.27s/it]
Epoch 34 | postive loss : 62.81, negtive loss : 2059.32, worst lambd: 144.99, worst gap: 0.96:   6%|▌         | 30/500 [03:39<49:08,  6.27s/it]
Epoch 35 | postive loss : 62.39, negtive loss : 2046.13, worst lambd: 144.99, worst gap: 0.96:   6%|▌         | 30/500 [03:46<49:08,  6.27s/it]
Epoch 36 | postive loss : 61.97, negtive loss : 2033.44, worst lambd: 144.99, worst gap: 0.95:   6%|▌         | 30/500 [03:52<49:08,  6.27s/it]
Epoch 37 | postive loss : 61.55, negtive loss : 2020.17, worst lambd: 144.99, worst gap: 0.95:   6%|▌         | 30/500 [03:58<49:08,  6.27s/it]
Epoch 38 | postive loss : 61.14, negtive loss : 2007.27, worst lambd: 144.99, worst gap: 0.95:   6%|▌         | 30/500 [04:04<49:08,  6.27s/it]
Epoch 39 | postive loss : 60.72, negtive loss : 1994.74, worst lambd: 144.99, worst gap: 0.95:   6%|▌         | 30/500 [04:11<49:08,  6.27s/it]
Epoch 39 | postive loss : 60.72, negtive loss : 1994.74, worst lambd: 144.99, worst gap: 0.95:   8%|▊         | 40/500 [04:11<47:58,  6.26s/it]
Epoch 40 | postive loss : 60.31, negtive loss : 1981.62, worst lambd: 144.99, worst gap: 0.87:   8%|▊         | 40/500 [04:17<47:58,  6.26s/it]
Epoch 41 | postive loss : 59.90, negtive loss : 1968.84, worst lambd: 144.99, worst gap: 0.87:   8%|▊         | 40/500 [04:23<47:58,  6.26s/it]
Epoch 42 | postive loss : 59.49, negtive loss : 1956.98, worst lambd: 144.99, worst gap: 0.87:   8%|▊         | 40/500 [04:29<47:58,  6.26s/it]
Epoch 43 | postive loss : 59.09, negtive loss : 1944.26, worst lambd: 144.99, worst gap: 0.87:   8%|▊         | 40/500 [04:36<47:58,  6.26s/it]
Epoch 44 | postive loss : 58.69, negtive loss : 1931.41, worst lambd: 144.99, worst gap: 0.87:   8%|▊         | 40/500 [04:42<47:58,  6.26s/it]
Epoch 45 | postive loss : 58.28, negtive loss : 1919.32, worst lambd: 144.99, worst gap: 0.87:   8%|▊         | 40/500 [04:48<47:58,  6.26s/it]
Epoch 46 | postive loss : 57.88, negtive loss : 1907.18, worst lambd: 144.99, worst gap: 0.87:   8%|▊         | 40/500 [04:54<47:58,  6.26s/it]
Epoch 47 | postive loss : 57.48, negtive loss : 1894.37, worst lambd: 144.99, worst gap: 0.87:   8%|▊         | 40/500 [05:01<47:58,  6.26s/it]
Epoch 48 | postive loss : 57.09, negtive loss : 1882.74, worst lambd: 144.99, worst gap: 0.87:   8%|▊         | 40/500 [05:07<47:58,  6.26s/it]
Epoch 49 | postive loss : 56.70, negtive loss : 1869.51, worst lambd: 144.99, worst gap: 0.87:   8%|▊         | 40/500 [05:13<47:58,  6.26s/it]
Epoch 49 | postive loss : 56.70, negtive loss : 1869.51, worst lambd: 144.99, worst gap: 0.87:  10%|█         | 50/500 [05:13<46:53,  6.25s/it]
Epoch 50 | postive loss : 56.30, negtive loss : 1858.17, worst lambd: 144.99, worst gap: 0.87:  10%|█         | 50/500 [05:19<46:53,  6.25s/it]
Epoch 51 | postive loss : 55.91, negtive loss : 1845.87, worst lambd: 144.99, worst gap: 0.87:  10%|█         | 50/500 [05:26<46:53,  6.25s/it]
Epoch 52 | postive loss : 55.52, negtive loss : 1834.34, worst lambd: 144.99, worst gap: 0.87:  10%|█         | 50/500 [05:32<46:53,  6.25s/it]
Epoch 53 | postive loss : 55.14, negtive loss : 1822.36, worst lambd: 144.99, worst gap: 0.87:  10%|█         | 50/500 [05:38<46:53,  6.25s/it]
Epoch 54 | postive loss : 54.76, negtive loss : 1810.61, worst lambd: 144.99, worst gap: 0.85:  10%|█         | 50/500 [05:44<46:53,  6.25s/it]
Epoch 55 | postive loss : 54.38, negtive loss : 1798.96, worst lambd: 144.99, worst gap: 0.85:  10%|█         | 50/500 [05:51<46:53,  6.25s/it]
Epoch 56 | postive loss : 54.00, negtive loss : 1787.49, worst lambd: 144.99, worst gap: 0.85:  10%|█         | 50/500 [05:57<46:53,  6.25s/it]
Epoch 57 | postive loss : 53.62, negtive loss : 1775.63, worst lambd: 144.99, worst gap: 0.85:  10%|█         | 50/500 [06:03<46:53,  6.25s/it]
Epoch 58 | postive loss : 53.24, negtive loss : 1764.19, worst lambd: 144.99, worst gap: 0.85:  10%|█         | 50/500 [06:09<46:53,  6.25s/it]
Epoch 59 | postive loss : 52.87, negtive loss : 1752.36, worst lambd: 144.99, worst gap: 0.85:  10%|█         | 50/500 [06:15<46:53,  6.25s/it]
Epoch 59 | postive loss : 52.87, negtive loss : 1752.36, worst lambd: 144.99, worst gap: 0.85:  12%|█▏        | 60/500 [06:15<45:49,  6.25s/it]
Epoch 60 | postive loss : 52.49, negtive loss : 1741.38, worst lambd: 144.99, worst gap: 0.81:  12%|█▏        | 60/500 [06:22<45:49,  6.25s/it]
Epoch 61 | postive loss : 52.12, negtive loss : 1729.91, worst lambd: 144.99, worst gap: 0.81:  12%|█▏        | 60/500 [06:28<45:49,  6.25s/it]
Epoch 62 | postive loss : 51.75, negtive loss : 1718.87, worst lambd: 144.99, worst gap: 0.81:  12%|█▏        | 60/500 [06:34<45:49,  6.25s/it]
Epoch 63 | postive loss : 51.39, negtive loss : 1708.08, worst lambd: 144.99, worst gap: 0.81:  12%|█▏        | 60/500 [06:40<45:49,  6.25s/it]
Epoch 64 | postive loss : 51.02, negtive loss : 1696.65, worst lambd: 144.99, worst gap: 0.74:  12%|█▏        | 60/500 [06:47<45:49,  6.25s/it]
Epoch 65 | postive loss : 50.66, negtive loss : 1685.50, worst lambd: 144.99, worst gap: 0.74:  12%|█▏        | 60/500 [06:53<45:49,  6.25s/it]
Epoch 66 | postive loss : 50.30, negtive loss : 1674.47, worst lambd: 144.99, worst gap: 0.74:  12%|█▏        | 60/500 [06:59<45:49,  6.25s/it]
Epoch 67 | postive loss : 49.94, negtive loss : 1663.50, worst lambd: 144.99, worst gap: 0.74:  12%|█▏        | 60/500 [07:05<45:49,  6.25s/it]
Epoch 68 | postive loss : 49.58, negtive loss : 1653.05, worst lambd: 144.99, worst gap: 0.74:  12%|█▏        | 60/500 [07:12<45:49,  6.25s/it]
Epoch 69 | postive loss : 49.23, negtive loss : 1642.33, worst lambd: 144.99, worst gap: 0.74:  12%|█▏        | 60/500 [07:18<45:49,  6.25s/it]
Epoch 69 | postive loss : 49.23, negtive loss : 1642.33, worst lambd: 144.99, worst gap: 0.74:  14%|█▍        | 70/500 [07:18<44:45,  6.25s/it]
Epoch 70 | postive loss : 48.87, negtive loss : 1631.82, worst lambd: 144.99, worst gap: 0.74:  14%|█▍        | 70/500 [07:24<44:45,  6.25s/it]
Epoch 71 | postive loss : 48.52, negtive loss : 1621.04, worst lambd: 144.99, worst gap: 0.74:  14%|█▍        | 70/500 [07:30<44:45,  6.25s/it]
Epoch 72 | postive loss : 48.17, negtive loss : 1610.67, worst lambd: 144.99, worst gap: 0.74:  14%|█▍        | 70/500 [07:37<44:45,  6.25s/it]
Epoch 73 | postive loss : 47.82, negtive loss : 1599.71, worst lambd: 144.99, worst gap: 0.74:  14%|█▍        | 70/500 [07:43<44:45,  6.25s/it]
Epoch 74 | postive loss : 47.48, negtive loss : 1589.43, worst lambd: 144.99, worst gap: 0.74:  14%|█▍        | 70/500 [07:49<44:45,  6.25s/it]
Epoch 75 | postive loss : 47.14, negtive loss : 1579.06, worst lambd: 144.99, worst gap: 0.74:  14%|█▍        | 70/500 [07:55<44:45,  6.25s/it]
Epoch 76 | postive loss : 46.78, negtive loss : 1568.68, worst lambd: 144.99, worst gap: 0.74:  14%|█▍        | 70/500 [08:02<44:45,  6.25s/it]
Epoch 77 | postive loss : 46.45, negtive loss : 1558.69, worst lambd: 144.99, worst gap: 0.74:  14%|█▍        | 70/500 [08:08<44:45,  6.25s/it]
Epoch 78 | postive loss : 46.11, negtive loss : 1548.53, worst lambd: 144.99, worst gap: 0.74:  14%|█▍        | 70/500 [08:14<44:45,  6.25s/it]
Epoch 79 | postive loss : 45.77, negtive loss : 1538.46, worst lambd: 144.99, worst gap: 0.74:  14%|█▍        | 70/500 [08:20<44:45,  6.25s/it]
Epoch 79 | postive loss : 45.77, negtive loss : 1538.46, worst lambd: 144.99, worst gap: 0.74:  16%|█▌        | 80/500 [08:20<43:42,  6.24s/it]
Epoch 80 | postive loss : 45.43, negtive loss : 1527.75, worst lambd: 144.99, worst gap: 0.74:  16%|█▌        | 80/500 [08:27<43:42,  6.24s/it]
Epoch 81 | postive loss : 45.10, negtive loss : 1518.10, worst lambd: 144.99, worst gap: 0.74:  16%|█▌        | 80/500 [08:33<43:42,  6.24s/it]
Epoch 82 | postive loss : 44.77, negtive loss : 1508.21, worst lambd: 144.99, worst gap: 0.70:  16%|█▌        | 80/500 [08:39<43:42,  6.24s/it]
Epoch 83 | postive loss : 44.44, negtive loss : 1498.60, worst lambd: 144.99, worst gap: 0.70:  16%|█▌        | 80/500 [08:45<43:42,  6.24s/it]
Epoch 84 | postive loss : 44.10, negtive loss : 1488.56, worst lambd: 144.99, worst gap: 0.70:  16%|█▌        | 80/500 [08:52<43:42,  6.24s/it]
Epoch 85 | postive loss : 43.78, negtive loss : 1478.78, worst lambd: 144.99, worst gap: 0.70:  16%|█▌        | 80/500 [08:58<43:42,  6.24s/it]
Epoch 86 | postive loss : 43.45, negtive loss : 1468.96, worst lambd: 144.99, worst gap: 0.70:  16%|█▌        | 80/500 [09:04<43:42,  6.24s/it]
Epoch 87 | postive loss : 43.12, negtive loss : 1459.50, worst lambd: 144.99, worst gap: 0.63:  16%|█▌        | 80/500 [09:10<43:42,  6.24s/it]
Epoch 88 | postive loss : 42.80, negtive loss : 1449.56, worst lambd: 144.99, worst gap: 0.63:  16%|█▌        | 80/500 [09:16<43:42,  6.24s/it]
Epoch 89 | postive loss : 42.48, negtive loss : 1440.62, worst lambd: 144.99, worst gap: 0.63:  16%|█▌        | 80/500 [09:23<43:42,  6.24s/it]
Epoch 89 | postive loss : 42.48, negtive loss : 1440.62, worst lambd: 144.99, worst gap: 0.63:  18%|█▊        | 90/500 [09:23<42:40,  6.24s/it]
Epoch 90 | postive loss : 42.17, negtive loss : 1431.04, worst lambd: 144.99, worst gap: 0.63:  18%|█▊        | 90/500 [09:29<42:40,  6.24s/it]
Epoch 91 | postive loss : 41.84, negtive loss : 1421.48, worst lambd: 144.99, worst gap: 0.63:  18%|█▊        | 90/500 [09:35<42:40,  6.24s/it]
Epoch 92 | postive loss : 41.53, negtive loss : 1412.34, worst lambd: 144.99, worst gap: 0.63:  18%|█▊        | 90/500 [09:41<42:40,  6.24s/it]
Epoch 93 | postive loss : 41.22, negtive loss : 1403.01, worst lambd: 144.99, worst gap: 0.63:  18%|█▊        | 90/500 [09:48<42:40,  6.24s/it]
Epoch 94 | postive loss : 40.90, negtive loss : 1393.73, worst lambd: 144.99, worst gap: 0.63:  18%|█▊        | 90/500 [09:54<42:40,  6.24s/it]
Epoch 95 | postive loss : 40.60, negtive loss : 1384.47, worst lambd: 144.99, worst gap: 0.63:  18%|█▊        | 90/500 [10:00<42:40,  6.24s/it]
Epoch 96 | postive loss : 40.28, negtive loss : 1375.25, worst lambd: 144.99, worst gap: 0.63:  18%|█▊        | 90/500 [10:06<42:40,  6.24s/it]
Epoch 97 | postive loss : 39.98, negtive loss : 1366.09, worst lambd: 144.99, worst gap: 0.63:  18%|█▊        | 90/500 [10:13<42:40,  6.24s/it]
Epoch 98 | postive loss : 39.67, negtive loss : 1357.45, worst lambd: 144.99, worst gap: 0.63:  18%|█▊        | 90/500 [10:19<42:40,  6.24s/it]
Epoch 99 | postive loss : 39.37, negtive loss : 1348.10, worst lambd: 144.99, worst gap: 0.63:  18%|█▊        | 90/500 [10:25<42:40,  6.24s/it]
Epoch 99 | postive loss : 39.37, negtive loss : 1348.10, worst lambd: 144.99, worst gap: 0.63:  20%|██        | 100/500 [10:25<41:37,  6.24s/it]
Epoch 100 | postive loss : 39.07, negtive loss : 1339.59, worst lambd: 144.99, worst gap: 0.63:  20%|██        | 100/500 [10:31<41:37,  6.24s/it]
Epoch 101 | postive loss : 38.76, negtive loss : 1330.69, worst lambd: 144.99, worst gap: 0.63:  20%|██        | 100/500 [10:38<41:37,  6.24s/it]
Epoch 102 | postive loss : 38.47, negtive loss : 1321.85, worst lambd: 144.99, worst gap: 0.63:  20%|██        | 100/500 [10:44<41:37,  6.24s/it]
Epoch 103 | postive loss : 38.17, negtive loss : 1313.08, worst lambd: 144.99, worst gap: 0.63:  20%|██        | 100/500 [10:50<41:37,  6.24s/it]
Epoch 104 | postive loss : 37.87, negtive loss : 1304.49, worst lambd: 144.99, worst gap: 0.63:  20%|██        | 100/500 [10:56<41:37,  6.24s/it]
Epoch 105 | postive loss : 37.57, negtive loss : 1295.39, worst lambd: 144.99, worst gap: 0.63:  20%|██        | 100/500 [11:03<41:37,  6.24s/it]
Epoch 106 | postive loss : 37.28, negtive loss : 1287.01, worst lambd: 144.99, worst gap: 0.59:  20%|██        | 100/500 [11:09<41:37,  6.24s/it]
Epoch 107 | postive loss : 36.99, negtive loss : 1278.61, worst lambd: 144.99, worst gap: 0.59:  20%|██        | 100/500 [11:15<41:37,  6.24s/it]
Epoch 108 | postive loss : 36.70, negtive loss : 1270.22, worst lambd: 144.99, worst gap: 0.59:  20%|██        | 100/500 [11:21<41:37,  6.24s/it]
Epoch 109 | postive loss : 36.41, negtive loss : 1261.48, worst lambd: 144.99, worst gap: 0.59:  20%|██        | 100/500 [11:28<41:37,  6.24s/it]
Epoch 109 | postive loss : 36.41, negtive loss : 1261.48, worst lambd: 144.99, worst gap: 0.59:  22%|██▏       | 110/500 [11:28<40:34,  6.24s/it]
Epoch 110 | postive loss : 36.13, negtive loss : 1253.28, worst lambd: 144.99, worst gap: 0.59:  22%|██▏       | 110/500 [11:34<40:34,  6.24s/it]
Epoch 111 | postive loss : 35.84, negtive loss : 1244.52, worst lambd: 144.99, worst gap: 0.57:  22%|██▏       | 110/500 [11:40<40:34,  6.24s/it]
Epoch 112 | postive loss : 35.56, negtive loss : 1236.30, worst lambd: 144.99, worst gap: 0.45:  22%|██▏       | 110/500 [11:46<40:34,  6.24s/it]
Epoch 113 | postive loss : 35.28, negtive loss : 1227.72, worst lambd: 144.99, worst gap: 0.45:  22%|██▏       | 110/500 [11:53<40:34,  6.24s/it]
Epoch 114 | postive loss : 34.99, negtive loss : 1219.22, worst lambd: 144.99, worst gap: 0.45:  22%|██▏       | 110/500 [11:59<40:34,  6.24s/it]
Epoch 115 | postive loss : 34.72, negtive loss : 1211.99, worst lambd: 144.99, worst gap: 0.45:  22%|██▏       | 110/500 [12:05<40:34,  6.24s/it]
Epoch 116 | postive loss : 34.44, negtive loss : 1203.25, worst lambd: 144.99, worst gap: 0.45:  22%|██▏       | 110/500 [12:11<40:34,  6.24s/it]
Epoch 117 | postive loss : 34.17, negtive loss : 1195.24, worst lambd: 144.99, worst gap: 0.45:  22%|██▏       | 110/500 [12:18<40:34,  6.24s/it]
Epoch 118 | postive loss : 33.89, negtive loss : 1187.20, worst lambd: 144.99, worst gap: 0.45:  22%|██▏       | 110/500 [12:24<40:34,  6.24s/it]
Epoch 119 | postive loss : 33.62, negtive loss : 1179.21, worst lambd: 144.99, worst gap: 0.45:  22%|██▏       | 110/500 [12:30<40:34,  6.24s/it]
Epoch 119 | postive loss : 33.62, negtive loss : 1179.21, worst lambd: 144.99, worst gap: 0.45:  24%|██▍       | 120/500 [12:30<39:32,  6.24s/it]
Epoch 120 | postive loss : 33.34, negtive loss : 1171.21, worst lambd: 144.99, worst gap: 0.45:  24%|██▍       | 120/500 [12:36<39:32,  6.24s/it]
Epoch 121 | postive loss : 33.08, negtive loss : 1163.47, worst lambd: 144.99, worst gap: 0.45:  24%|██▍       | 120/500 [12:42<39:32,  6.24s/it]
Epoch 122 | postive loss : 32.81, negtive loss : 1155.56, worst lambd: 144.99, worst gap: 0.45:  24%|██▍       | 120/500 [12:49<39:32,  6.24s/it]
Epoch 123 | postive loss : 32.54, negtive loss : 1147.71, worst lambd: 144.99, worst gap: 0.45:  24%|██▍       | 120/500 [12:55<39:32,  6.24s/it]
Epoch 124 | postive loss : 32.28, negtive loss : 1139.78, worst lambd: 144.99, worst gap: 0.45:  24%|██▍       | 120/500 [13:01<39:32,  6.24s/it]
Epoch 125 | postive loss : 32.01, negtive loss : 1132.31, worst lambd: 144.99, worst gap: 0.45:  24%|██▍       | 120/500 [13:07<39:32,  6.24s/it]
Epoch 126 | postive loss : 31.75, negtive loss : 1124.21, worst lambd: 144.99, worst gap: 0.45:  24%|██▍       | 120/500 [13:14<39:32,  6.24s/it]
Epoch 127 | postive loss : 31.49, negtive loss : 1117.08, worst lambd: 144.99, worst gap: 0.45:  24%|██▍       | 120/500 [13:20<39:32,  6.24s/it]
Epoch 128 | postive loss : 31.23, negtive loss : 1109.56, worst lambd: 144.99, worst gap: 0.45:  24%|██▍       | 120/500 [13:26<39:32,  6.24s/it]
Epoch 129 | postive loss : 30.97, negtive loss : 1102.05, worst lambd: 144.99, worst gap: 0.45:  24%|██▍       | 120/500 [13:32<39:32,  6.24s/it]
Epoch 129 | postive loss : 30.97, negtive loss : 1102.05, worst lambd: 144.99, worst gap: 0.45:  26%|██▌       | 130/500 [13:32<38:29,  6.24s/it]
Epoch 130 | postive loss : 30.72, negtive loss : 1094.32, worst lambd: 144.99, worst gap: 0.45:  26%|██▌       | 130/500 [13:39<38:29,  6.24s/it]
Epoch 131 | postive loss : 30.46, negtive loss : 1086.91, worst lambd: 144.99, worst gap: 0.45:  26%|██▌       | 130/500 [13:45<38:29,  6.24s/it]
Epoch 132 | postive loss : 30.21, negtive loss : 1079.58, worst lambd: 144.99, worst gap: 0.45:  26%|██▌       | 130/500 [13:51<38:29,  6.24s/it]
Epoch 133 | postive loss : 29.96, negtive loss : 1072.11, worst lambd: 144.99, worst gap: 0.45:  26%|██▌       | 130/500 [13:57<38:29,  6.24s/it]
Epoch 134 | postive loss : 29.71, negtive loss : 1064.74, worst lambd: 144.99, worst gap: 0.45:  26%|██▌       | 130/500 [14:04<38:29,  6.24s/it]
Epoch 135 | postive loss : 29.46, negtive loss : 1057.51, worst lambd: 144.99, worst gap: 0.45:  26%|██▌       | 130/500 [14:10<38:29,  6.24s/it]
Epoch 136 | postive loss : 29.21, negtive loss : 1049.93, worst lambd: 144.99, worst gap: 0.45:  26%|██▌       | 130/500 [14:16<38:29,  6.24s/it]
Epoch 137 | postive loss : 28.96, negtive loss : 1042.85, worst lambd: 144.99, worst gap: 0.45:  26%|██▌       | 130/500 [14:22<38:29,  6.24s/it]
Epoch 138 | postive loss : 28.72, negtive loss : 1035.54, worst lambd: 144.99, worst gap: 0.45:  26%|██▌       | 130/500 [14:29<38:29,  6.24s/it]
Epoch 139 | postive loss : 28.48, negtive loss : 1028.42, worst lambd: 144.99, worst gap: 0.45:  26%|██▌       | 130/500 [14:35<38:29,  6.24s/it]
Epoch 139 | postive loss : 28.48, negtive loss : 1028.42, worst lambd: 144.99, worst gap: 0.45:  28%|██▊       | 140/500 [14:35<37:26,  6.24s/it]
Epoch 140 | postive loss : 28.23, negtive loss : 1021.12, worst lambd: 144.99, worst gap: 0.45:  28%|██▊       | 140/500 [14:41<37:26,  6.24s/it]
Epoch 141 | postive loss : 28.00, negtive loss : 1014.06, worst lambd: 144.99, worst gap: 0.45:  28%|██▊       | 140/500 [14:47<37:26,  6.24s/it]
Epoch 142 | postive loss : 27.76, negtive loss : 1007.27, worst lambd: 144.99, worst gap: 0.45:  28%|██▊       | 140/500 [14:53<37:26,  6.24s/it]
Epoch 143 | postive loss : 27.52, negtive loss : 1000.22, worst lambd: 144.99, worst gap: 0.45:  28%|██▊       | 140/500 [15:00<37:26,  6.24s/it]
Epoch 144 | postive loss : 27.28, negtive loss : 993.39, worst lambd: 144.99, worst gap: 0.45:  28%|██▊       | 140/500 [15:06<37:26,  6.24s/it] 
Epoch 145 | postive loss : 27.05, negtive loss : 986.47, worst lambd: 144.99, worst gap: 0.45:  28%|██▊       | 140/500 [15:12<37:26,  6.24s/it]
Epoch 146 | postive loss : 26.82, negtive loss : 979.50, worst lambd: 144.99, worst gap: 0.45:  28%|██▊       | 140/500 [15:18<37:26,  6.24s/it]
Epoch 147 | postive loss : 26.58, negtive loss : 972.62, worst lambd: 144.99, worst gap: 0.45:  28%|██▊       | 140/500 [15:25<37:26,  6.24s/it]
Epoch 148 | postive loss : 26.35, negtive loss : 965.91, worst lambd: 144.99, worst gap: 0.44:  28%|██▊       | 140/500 [15:31<37:26,  6.24s/it]
Epoch 149 | postive loss : 26.12, negtive loss : 959.24, worst lambd: 144.99, worst gap: 0.44:  28%|██▊       | 140/500 [15:37<37:26,  6.24s/it]
Epoch 149 | postive loss : 26.12, negtive loss : 959.24, worst lambd: 144.99, worst gap: 0.44:  30%|███       | 150/500 [15:37<36:24,  6.24s/it]
Epoch 150 | postive loss : 25.89, negtive loss : 952.38, worst lambd: 144.99, worst gap: 0.44:  30%|███       | 150/500 [15:43<36:24,  6.24s/it]
Epoch 151 | postive loss : 25.67, negtive loss : 945.67, worst lambd: 144.99, worst gap: 0.41:  30%|███       | 150/500 [15:50<36:24,  6.24s/it]
Epoch 152 | postive loss : 25.44, negtive loss : 939.23, worst lambd: 144.99, worst gap: 0.41:  30%|███       | 150/500 [15:56<36:24,  6.24s/it]
Epoch 153 | postive loss : 25.22, negtive loss : 932.31, worst lambd: 144.99, worst gap: 0.41:  30%|███       | 150/500 [16:02<36:24,  6.24s/it]
Epoch 154 | postive loss : 25.00, negtive loss : 925.78, worst lambd: 144.99, worst gap: 0.41:  30%|███       | 150/500 [16:08<36:24,  6.24s/it]
Epoch 155 | postive loss : 24.78, negtive loss : 919.56, worst lambd: 144.99, worst gap: 0.41:  30%|███       | 150/500 [16:15<36:24,  6.24s/it]
Epoch 156 | postive loss : 24.56, negtive loss : 912.81, worst lambd: 144.99, worst gap: 0.41:  30%|███       | 150/500 [16:21<36:24,  6.24s/it]
Epoch 157 | postive loss : 24.34, negtive loss : 906.49, worst lambd: 144.99, worst gap: 0.41:  30%|███       | 150/500 [16:27<36:24,  6.24s/it]
Epoch 158 | postive loss : 24.12, negtive loss : 900.01, worst lambd: 144.99, worst gap: 0.41:  30%|███       | 150/500 [16:33<36:24,  6.24s/it]
Epoch 159 | postive loss : 23.91, negtive loss : 893.66, worst lambd: 144.99, worst gap: 0.41:  30%|███       | 150/500 [16:40<36:24,  6.24s/it]
Epoch 159 | postive loss : 23.91, negtive loss : 893.66, worst lambd: 144.99, worst gap: 0.41:  32%|███▏      | 160/500 [16:40<35:21,  6.24s/it]
Epoch 160 | postive loss : 23.69, negtive loss : 887.19, worst lambd: 144.99, worst gap: 0.41:  32%|███▏      | 160/500 [16:46<35:21,  6.24s/it]
Epoch 161 | postive loss : 23.48, negtive loss : 881.29, worst lambd: 144.99, worst gap: 0.41:  32%|███▏      | 160/500 [16:52<35:21,  6.24s/it]
Epoch 162 | postive loss : 23.27, negtive loss : 874.96, worst lambd: 144.99, worst gap: 0.41:  32%|███▏      | 160/500 [16:58<35:21,  6.24s/it]
Epoch 163 | postive loss : 23.06, negtive loss : 868.82, worst lambd: 144.99, worst gap: 0.41:  32%|███▏      | 160/500 [17:05<35:21,  6.24s/it]
Epoch 164 | postive loss : 22.85, negtive loss : 862.59, worst lambd: 144.99, worst gap: 0.41:  32%|███▏      | 160/500 [17:11<35:21,  6.24s/it]
Epoch 165 | postive loss : 22.64, negtive loss : 856.34, worst lambd: 144.99, worst gap: 0.41:  32%|███▏      | 160/500 [17:17<35:21,  6.24s/it]
Epoch 166 | postive loss : 22.43, negtive loss : 850.26, worst lambd: 144.99, worst gap: 0.41:  32%|███▏      | 160/500 [17:23<35:21,  6.24s/it]
Epoch 167 | postive loss : 22.23, negtive loss : 844.32, worst lambd: 144.99, worst gap: 0.41:  32%|███▏      | 160/500 [17:29<35:21,  6.24s/it]
Epoch 168 | postive loss : 22.03, negtive loss : 838.30, worst lambd: 144.99, worst gap: 0.41:  32%|███▏      | 160/500 [17:36<35:21,  6.24s/it]
Epoch 169 | postive loss : 21.82, negtive loss : 832.33, worst lambd: 144.99, worst gap: 0.41:  32%|███▏      | 160/500 [17:42<35:21,  6.24s/it]
Epoch 169 | postive loss : 21.82, negtive loss : 832.33, worst lambd: 144.99, worst gap: 0.41:  34%|███▍      | 170/500 [17:42<34:19,  6.24s/it]
Epoch 170 | postive loss : 21.62, negtive loss : 826.50, worst lambd: 144.99, worst gap: 0.41:  34%|███▍      | 170/500 [17:48<34:19,  6.24s/it]
Epoch 171 | postive loss : 21.42, negtive loss : 820.67, worst lambd: 144.99, worst gap: 0.41:  34%|███▍      | 170/500 [17:54<34:19,  6.24s/it]
Epoch 172 | postive loss : 21.22, negtive loss : 814.84, worst lambd: 144.99, worst gap: 0.41:  34%|███▍      | 170/500 [18:01<34:19,  6.24s/it]
Epoch 173 | postive loss : 21.03, negtive loss : 809.30, worst lambd: 144.99, worst gap: 0.33:  34%|███▍      | 170/500 [18:07<34:19,  6.24s/it]
Epoch 174 | postive loss : 20.83, negtive loss : 803.34, worst lambd: 144.99, worst gap: 0.33:  34%|███▍      | 170/500 [18:13<34:19,  6.24s/it]
Epoch 175 | postive loss : 20.64, negtive loss : 797.65, worst lambd: 144.99, worst gap: 0.33:  34%|███▍      | 170/500 [18:19<34:19,  6.24s/it]
Epoch 176 | postive loss : 20.44, negtive loss : 792.18, worst lambd: 144.99, worst gap: 0.33:  34%|███▍      | 170/500 [18:26<34:19,  6.24s/it]
Epoch 177 | postive loss : 20.25, negtive loss : 786.44, worst lambd: 144.99, worst gap: 0.33:  34%|███▍      | 170/500 [18:32<34:19,  6.24s/it]
Epoch 178 | postive loss : 20.06, negtive loss : 781.16, worst lambd: 144.99, worst gap: 0.33:  34%|███▍      | 170/500 [18:38<34:19,  6.24s/it]
Epoch 179 | postive loss : 19.87, negtive loss : 775.53, worst lambd: 144.99, worst gap: 0.33:  34%|███▍      | 170/500 [18:44<34:19,  6.24s/it]
Epoch 179 | postive loss : 19.87, negtive loss : 775.53, worst lambd: 144.99, worst gap: 0.33:  36%|███▌      | 180/500 [18:44<33:16,  6.24s/it]
Epoch 180 | postive loss : 19.68, negtive loss : 770.15, worst lambd: 144.99, worst gap: 0.33:  36%|███▌      | 180/500 [18:51<33:16,  6.24s/it]
Epoch 181 | postive loss : 19.50, negtive loss : 764.82, worst lambd: 144.99, worst gap: 0.33:  36%|███▌      | 180/500 [18:57<33:16,  6.24s/it]
Epoch 182 | postive loss : 19.31, negtive loss : 759.52, worst lambd: 144.99, worst gap: 0.33:  36%|███▌      | 180/500 [19:03<33:16,  6.24s/it]
Epoch 183 | postive loss : 19.13, negtive loss : 754.37, worst lambd: 144.99, worst gap: 0.33:  36%|███▌      | 180/500 [19:09<33:16,  6.24s/it]
Epoch 184 | postive loss : 18.94, negtive loss : 749.15, worst lambd: 144.99, worst gap: 0.33:  36%|███▌      | 180/500 [19:16<33:16,  6.24s/it]
Epoch 185 | postive loss : 18.76, negtive loss : 744.00, worst lambd: 144.99, worst gap: 0.33:  36%|███▌      | 180/500 [19:22<33:16,  6.24s/it]
Epoch 186 | postive loss : 18.58, negtive loss : 738.93, worst lambd: 144.99, worst gap: 0.33:  36%|███▌      | 180/500 [19:28<33:16,  6.24s/it]
Epoch 187 | postive loss : 18.40, negtive loss : 734.16, worst lambd: 144.99, worst gap: 0.33:  36%|███▌      | 180/500 [19:34<33:16,  6.24s/it]
Epoch 188 | postive loss : 18.23, negtive loss : 729.08, worst lambd: 144.99, worst gap: 0.33:  36%|███▌      | 180/500 [19:41<33:16,  6.24s/it]
Epoch 189 | postive loss : 18.05, negtive loss : 724.21, worst lambd: 144.99, worst gap: 0.33:  36%|███▌      | 180/500 [19:47<33:16,  6.24s/it]
Epoch 189 | postive loss : 18.05, negtive loss : 724.21, worst lambd: 144.99, worst gap: 0.33:  38%|███▊      | 190/500 [19:47<32:14,  6.24s/it]
Epoch 190 | postive loss : 17.87, negtive loss : 719.51, worst lambd: 144.99, worst gap: 0.32:  38%|███▊      | 190/500 [19:53<32:14,  6.24s/it]
Epoch 191 | postive loss : 17.70, negtive loss : 714.66, worst lambd: 144.99, worst gap: 0.32:  38%|███▊      | 190/500 [19:59<32:14,  6.24s/it]
Epoch 192 | postive loss : 17.53, negtive loss : 709.97, worst lambd: 144.99, worst gap: 0.32:  38%|███▊      | 190/500 [20:05<32:14,  6.24s/it]
Epoch 193 | postive loss : 17.35, negtive loss : 705.36, worst lambd: 144.99, worst gap: 0.30:  38%|███▊      | 190/500 [20:12<32:14,  6.24s/it]
Epoch 194 | postive loss : 17.19, negtive loss : 700.99, worst lambd: 144.99, worst gap: 0.28:  38%|███▊      | 190/500 [20:18<32:14,  6.24s/it]
Epoch 195 | postive loss : 17.02, negtive loss : 696.36, worst lambd: 144.99, worst gap: 0.28:  38%|███▊      | 190/500 [20:24<32:14,  6.24s/it]
Epoch 196 | postive loss : 16.85, negtive loss : 692.05, worst lambd: 144.99, worst gap: 0.28:  38%|███▊      | 190/500 [20:30<32:14,  6.24s/it]
Epoch 197 | postive loss : 16.68, negtive loss : 687.82, worst lambd: 144.99, worst gap: 0.28:  38%|███▊      | 190/500 [20:37<32:14,  6.24s/it]
Epoch 198 | postive loss : 16.52, negtive loss : 683.44, worst lambd: 144.99, worst gap: 0.28:  38%|███▊      | 190/500 [20:43<32:14,  6.24s/it]
Epoch 199 | postive loss : 16.36, negtive loss : 679.40, worst lambd: 144.99, worst gap: 0.28:  38%|███▊      | 190/500 [20:49<32:14,  6.24s/it]
Epoch 199 | postive loss : 16.36, negtive loss : 679.40, worst lambd: 144.99, worst gap: 0.28:  40%|████      | 200/500 [20:49<31:11,  6.24s/it]
Epoch 200 | postive loss : 16.19, negtive loss : 675.22, worst lambd: 144.99, worst gap: 0.28:  40%|████      | 200/500 [20:55<31:11,  6.24s/it]
Epoch 201 | postive loss : 16.03, negtive loss : 671.32, worst lambd: 144.99, worst gap: 0.28:  40%|████      | 200/500 [21:02<31:11,  6.24s/it]
Epoch 202 | postive loss : 15.88, negtive loss : 667.12, worst lambd: 144.99, worst gap: 0.27:  40%|████      | 200/500 [21:08<31:11,  6.24s/it]
Epoch 203 | postive loss : 15.72, negtive loss : 663.39, worst lambd: 144.99, worst gap: 0.27:  40%|████      | 200/500 [21:14<31:11,  6.24s/it]
Epoch 204 | postive loss : 15.56, negtive loss : 659.60, worst lambd: 144.99, worst gap: 0.27:  40%|████      | 200/500 [21:20<31:11,  6.24s/it]
Epoch 205 | postive loss : 15.41, negtive loss : 655.94, worst lambd: 144.99, worst gap: 0.27:  40%|████      | 200/500 [21:27<31:11,  6.24s/it]
Epoch 206 | postive loss : 15.25, negtive loss : 652.42, worst lambd: 144.99, worst gap: 0.27:  40%|████      | 200/500 [21:33<31:11,  6.24s/it]
Epoch 207 | postive loss : 15.10, negtive loss : 648.83, worst lambd: 144.99, worst gap: 0.27:  40%|████      | 200/500 [21:39<31:11,  6.24s/it]
Epoch 208 | postive loss : 14.95, negtive loss : 645.48, worst lambd: 144.99, worst gap: 0.27:  40%|████      | 200/500 [21:45<31:11,  6.24s/it]
Epoch 209 | postive loss : 14.80, negtive loss : 642.22, worst lambd: 144.99, worst gap: 0.27:  40%|████      | 200/500 [21:52<31:11,  6.24s/it]
Epoch 209 | postive loss : 14.80, negtive loss : 642.22, worst lambd: 144.99, worst gap: 0.27:  42%|████▏     | 210/500 [21:52<30:09,  6.24s/it]
Epoch 210 | postive loss : 14.66, negtive loss : 639.12, worst lambd: 144.99, worst gap: 0.26:  42%|████▏     | 210/500 [21:58<30:09,  6.24s/it]
Epoch 211 | postive loss : 14.51, negtive loss : 635.68, worst lambd: 144.99, worst gap: 0.26:  42%|████▏     | 210/500 [22:04<30:09,  6.24s/it]
Epoch 212 | postive loss : 14.36, negtive loss : 632.83, worst lambd: 144.99, worst gap: 0.25:  42%|████▏     | 210/500 [22:10<30:09,  6.24s/it]
Epoch 213 | postive loss : 14.22, negtive loss : 630.06, worst lambd: 144.99, worst gap: 0.25:  42%|████▏     | 210/500 [22:17<30:09,  6.24s/it]
Epoch 214 | postive loss : 14.08, negtive loss : 627.05, worst lambd: 144.99, worst gap: 0.25:  42%|████▏     | 210/500 [22:23<30:09,  6.24s/it]
Epoch 215 | postive loss : 13.94, negtive loss : 624.45, worst lambd: 144.99, worst gap: 0.25:  42%|████▏     | 210/500 [22:29<30:09,  6.24s/it]
Epoch 216 | postive loss : 13.80, negtive loss : 621.60, worst lambd: 144.99, worst gap: 0.25:  42%|████▏     | 210/500 [22:35<30:09,  6.24s/it]
Epoch 217 | postive loss : 13.66, negtive loss : 619.09, worst lambd: 144.99, worst gap: 0.25:  42%|████▏     | 210/500 [22:41<30:09,  6.24s/it]
Epoch 218 | postive loss : 13.52, negtive loss : 616.91, worst lambd: 144.99, worst gap: 0.25:  42%|████▏     | 210/500 [22:48<30:09,  6.24s/it]
Epoch 219 | postive loss : 13.39, negtive loss : 614.43, worst lambd: 144.99, worst gap: 0.25:  42%|████▏     | 210/500 [22:54<30:09,  6.24s/it]
Epoch 219 | postive loss : 13.39, negtive loss : 614.43, worst lambd: 144.99, worst gap: 0.25:  44%|████▍     | 220/500 [22:54<29:07,  6.24s/it]
Epoch 220 | postive loss : 13.26, negtive loss : 612.44, worst lambd: 144.99, worst gap: 0.25:  44%|████▍     | 220/500 [23:00<29:07,  6.24s/it]
Epoch 221 | postive loss : 13.12, negtive loss : 610.08, worst lambd: 144.99, worst gap: 0.21:  44%|████▍     | 220/500 [23:06<29:07,  6.24s/it]
Epoch 222 | postive loss : 12.99, negtive loss : 608.23, worst lambd: 144.99, worst gap: 0.21:  44%|████▍     | 220/500 [23:13<29:07,  6.24s/it]
Epoch 223 | postive loss : 12.86, negtive loss : 606.25, worst lambd: 144.99, worst gap: 0.21:  44%|████▍     | 220/500 [23:19<29:07,  6.24s/it]
Epoch 224 | postive loss : 12.74, negtive loss : 604.49, worst lambd: 144.99, worst gap: 0.21:  44%|████▍     | 220/500 [23:25<29:07,  6.24s/it]
Epoch 225 | postive loss : 12.61, negtive loss : 603.18, worst lambd: 144.99, worst gap: 0.21:  44%|████▍     | 220/500 [23:31<29:07,  6.24s/it]
Epoch 226 | postive loss : 12.48, negtive loss : 601.51, worst lambd: 144.99, worst gap: 0.21:  44%|████▍     | 220/500 [23:38<29:07,  6.24s/it]
Epoch 227 | postive loss : 12.36, negtive loss : 600.00, worst lambd: 144.99, worst gap: 0.21:  44%|████▍     | 220/500 [23:44<29:07,  6.24s/it]
Epoch 228 | postive loss : 12.24, negtive loss : 598.70, worst lambd: 144.99, worst gap: 0.21:  44%|████▍     | 220/500 [23:50<29:07,  6.24s/it]
Epoch 229 | postive loss : 12.12, negtive loss : 597.64, worst lambd: 144.99, worst gap: 0.21:  44%|████▍     | 220/500 [23:56<29:07,  6.24s/it]
Epoch 229 | postive loss : 12.12, negtive loss : 597.64, worst lambd: 144.99, worst gap: 0.21:  46%|████▌     | 230/500 [23:56<28:04,  6.24s/it]
Epoch 230 | postive loss : 12.00, negtive loss : 596.53, worst lambd: 144.99, worst gap: 0.21:  46%|████▌     | 230/500 [24:03<28:04,  6.24s/it]
Epoch 231 | postive loss : 11.88, negtive loss : 595.86, worst lambd: 144.99, worst gap: 0.21:  46%|████▌     | 230/500 [24:09<28:04,  6.24s/it]
Epoch 232 | postive loss : 11.76, negtive loss : 594.73, worst lambd: 144.99, worst gap: 0.21:  46%|████▌     | 230/500 [24:15<28:04,  6.24s/it]
Epoch 233 | postive loss : 11.64, negtive loss : 594.10, worst lambd: 144.99, worst gap: 0.21:  46%|████▌     | 230/500 [24:21<28:04,  6.24s/it]
Epoch 234 | postive loss : 11.53, negtive loss : 593.26, worst lambd: 144.99, worst gap: 0.21:  46%|████▌     | 230/500 [24:28<28:04,  6.24s/it]
Epoch 235 | postive loss : 11.42, negtive loss : 592.86, worst lambd: 144.99, worst gap: 0.21:  46%|████▌     | 230/500 [24:34<28:04,  6.24s/it]
Epoch 236 | postive loss : 11.31, negtive loss : 592.70, worst lambd: 144.99, worst gap: 0.21:  46%|████▌     | 230/500 [24:40<28:04,  6.24s/it]
Epoch 237 | postive loss : 11.19, negtive loss : 592.17, worst lambd: 144.99, worst gap: 0.21:  46%|████▌     | 230/500 [24:46<28:04,  6.24s/it]
Epoch 238 | postive loss : 11.09, negtive loss : 592.31, worst lambd: 144.99, worst gap: 0.21:  46%|████▌     | 230/500 [24:53<28:04,  6.24s/it]
Epoch 239 | postive loss : 10.98, negtive loss : 592.38, worst lambd: 144.99, worst gap: 0.21:  46%|████▌     | 230/500 [24:59<28:04,  6.24s/it]
Epoch 239 | postive loss : 10.98, negtive loss : 592.38, worst lambd: 144.99, worst gap: 0.21:  48%|████▊     | 240/500 [24:59<27:02,  6.24s/it]
Epoch 240 | postive loss : 10.87, negtive loss : 592.48, worst lambd: 144.99, worst gap: 0.21:  48%|████▊     | 240/500 [25:05<27:02,  6.24s/it]
Epoch 241 | postive loss : 10.76, negtive loss : 592.70, worst lambd: 144.99, worst gap: 0.18:  48%|████▊     | 240/500 [25:11<27:02,  6.24s/it]
Epoch 242 | postive loss : 10.66, negtive loss : 592.85, worst lambd: 144.99, worst gap: 0.18:  48%|████▊     | 240/500 [25:18<27:02,  6.24s/it]
Epoch 243 | postive loss : 10.56, negtive loss : 593.11, worst lambd: 144.99, worst gap: 0.18:  48%|████▊     | 240/500 [25:24<27:02,  6.24s/it]
Epoch 244 | postive loss : 10.45, negtive loss : 593.58, worst lambd: 144.99, worst gap: 0.18:  48%|████▊     | 240/500 [25:30<27:02,  6.24s/it]
Epoch 245 | postive loss : 10.35, negtive loss : 594.61, worst lambd: 144.99, worst gap: 0.18:  48%|████▊     | 240/500 [25:36<27:02,  6.24s/it]
Epoch 246 | postive loss : 10.25, negtive loss : 595.02, worst lambd: 144.99, worst gap: 0.16:  48%|████▊     | 240/500 [25:42<27:02,  6.24s/it]
Epoch 247 | postive loss : 10.15, negtive loss : 596.37, worst lambd: 144.99, worst gap: 0.16:  48%|████▊     | 240/500 [25:49<27:02,  6.24s/it]
Epoch 248 | postive loss : 10.05, negtive loss : 597.14, worst lambd: 144.99, worst gap: 0.16:  48%|████▊     | 240/500 [25:55<27:02,  6.24s/it]
Epoch 249 | postive loss : 9.96, negtive loss : 598.26, worst lambd: 144.99, worst gap: 0.16:  48%|████▊     | 240/500 [26:01<27:02,  6.24s/it] 
Epoch 249 | postive loss : 9.96, negtive loss : 598.26, worst lambd: 144.99, worst gap: 0.16:  50%|█████     | 250/500 [26:01<26:00,  6.24s/it]
Epoch 250 | postive loss : 9.86, negtive loss : 599.46, worst lambd: 144.99, worst gap: 0.16:  50%|█████     | 250/500 [26:07<26:00,  6.24s/it]
Epoch 251 | postive loss : 9.77, negtive loss : 600.74, worst lambd: 144.99, worst gap: 0.16:  50%|█████     | 250/500 [26:14<26:00,  6.24s/it]
Epoch 252 | postive loss : 9.67, negtive loss : 602.27, worst lambd: 144.99, worst gap: 0.16:  50%|█████     | 250/500 [26:20<26:00,  6.24s/it]
Epoch 253 | postive loss : 9.58, negtive loss : 603.98, worst lambd: 144.99, worst gap: 0.16:  50%|█████     | 250/500 [26:26<26:00,  6.24s/it]
Epoch 254 | postive loss : 9.49, negtive loss : 605.19, worst lambd: 144.99, worst gap: 0.16:  50%|█████     | 250/500 [26:32<26:00,  6.24s/it]
Epoch 255 | postive loss : 9.39, negtive loss : 606.86, worst lambd: 144.99, worst gap: 0.16:  50%|█████     | 250/500 [26:39<26:00,  6.24s/it]
Epoch 256 | postive loss : 9.31, negtive loss : 609.11, worst lambd: 144.99, worst gap: 0.16:  50%|█████     | 250/500 [26:45<26:00,  6.24s/it]
Epoch 257 | postive loss : 9.22, negtive loss : 610.79, worst lambd: 144.99, worst gap: 0.16:  50%|█████     | 250/500 [26:51<26:00,  6.24s/it]
Epoch 258 | postive loss : 9.12, negtive loss : 612.96, worst lambd: 144.99, worst gap: 0.16:  50%|█████     | 250/500 [26:57<26:00,  6.24s/it]
Epoch 259 | postive loss : 9.04, negtive loss : 614.90, worst lambd: 144.99, worst gap: 0.16:  50%|█████     | 250/500 [27:04<26:00,  6.24s/it]
Epoch 259 | postive loss : 9.04, negtive loss : 614.90, worst lambd: 144.99, worst gap: 0.16:  52%|█████▏    | 260/500 [27:04<24:57,  6.24s/it]
Epoch 260 | postive loss : 8.95, negtive loss : 617.71, worst lambd: 144.99, worst gap: 0.16:  52%|█████▏    | 260/500 [27:10<24:57,  6.24s/it]
Epoch 261 | postive loss : 8.87, negtive loss : 620.01, worst lambd: 144.99, worst gap: 0.16:  52%|█████▏    | 260/500 [27:16<24:57,  6.24s/it]
Epoch 262 | postive loss : 8.78, negtive loss : 622.45, worst lambd: 144.99, worst gap: 0.16:  52%|█████▏    | 260/500 [27:22<24:57,  6.24s/it]
Epoch 263 | postive loss : 8.70, negtive loss : 625.40, worst lambd: 144.99, worst gap: 0.16:  52%|█████▏    | 260/500 [27:29<24:57,  6.24s/it]
Epoch 264 | postive loss : 8.61, negtive loss : 628.12, worst lambd: 144.99, worst gap: 0.16:  52%|█████▏    | 260/500 [27:35<24:57,  6.24s/it]
Epoch 265 | postive loss : 8.53, negtive loss : 630.54, worst lambd: 144.99, worst gap: 0.16:  52%|█████▏    | 260/500 [27:41<24:57,  6.24s/it]
Epoch 266 | postive loss : 8.45, negtive loss : 634.34, worst lambd: 144.99, worst gap: 0.16:  52%|█████▏    | 260/500 [27:47<24:57,  6.24s/it]
Epoch 267 | postive loss : 8.36, negtive loss : 636.70, worst lambd: 144.99, worst gap: 0.16:  52%|█████▏    | 260/500 [27:54<24:57,  6.24s/it]
Epoch 268 | postive loss : 8.28, negtive loss : 639.93, worst lambd: 144.99, worst gap: 0.12:  52%|█████▏    | 260/500 [28:00<24:57,  6.24s/it]
Epoch 269 | postive loss : 8.21, negtive loss : 643.56, worst lambd: 144.99, worst gap: 0.12:  52%|█████▏    | 260/500 [28:06<24:57,  6.24s/it]
Epoch 269 | postive loss : 8.21, negtive loss : 643.56, worst lambd: 144.99, worst gap: 0.12:  54%|█████▍    | 270/500 [28:06<23:55,  6.24s/it]
Epoch 270 | postive loss : 8.13, negtive loss : 646.70, worst lambd: 144.99, worst gap: 0.12:  54%|█████▍    | 270/500 [28:12<23:55,  6.24s/it]
Epoch 271 | postive loss : 8.05, negtive loss : 650.55, worst lambd: 144.99, worst gap: 0.12:  54%|█████▍    | 270/500 [28:19<23:55,  6.24s/it]
Epoch 272 | postive loss : 7.97, negtive loss : 654.27, worst lambd: 144.99, worst gap: 0.12:  54%|█████▍    | 270/500 [28:25<23:55,  6.24s/it]
Epoch 273 | postive loss : 7.89, negtive loss : 657.80, worst lambd: 144.99, worst gap: 0.12:  54%|█████▍    | 270/500 [28:31<23:55,  6.24s/it]
Epoch 274 | postive loss : 7.82, negtive loss : 661.69, worst lambd: 144.99, worst gap: 0.12:  54%|█████▍    | 270/500 [28:37<23:55,  6.24s/it]
Epoch 275 | postive loss : 7.74, negtive loss : 665.61, worst lambd: 144.99, worst gap: 0.12:  54%|█████▍    | 270/500 [28:44<23:55,  6.24s/it]
Epoch 276 | postive loss : 7.66, negtive loss : 669.18, worst lambd: 144.99, worst gap: 0.12:  54%|█████▍    | 270/500 [28:50<23:55,  6.24s/it]
Epoch 277 | postive loss : 7.59, negtive loss : 674.27, worst lambd: 144.99, worst gap: 0.12:  54%|█████▍    | 270/500 [28:56<23:55,  6.24s/it]
Epoch 278 | postive loss : 7.52, negtive loss : 678.14, worst lambd: 144.99, worst gap: 0.12:  54%|█████▍    | 270/500 [29:03<23:55,  6.24s/it]
Epoch 279 | postive loss : 7.44, negtive loss : 682.30, worst lambd: 144.99, worst gap: 0.12:  54%|█████▍    | 270/500 [29:09<23:55,  6.24s/it]
Epoch 279 | postive loss : 7.44, negtive loss : 682.30, worst lambd: 144.99, worst gap: 0.12:  56%|█████▌    | 280/500 [29:09<22:55,  6.25s/it]
Epoch 280 | postive loss : 7.37, negtive loss : 686.32, worst lambd: 144.99, worst gap: 0.12:  56%|█████▌    | 280/500 [29:15<22:55,  6.25s/it]
Epoch 281 | postive loss : 7.30, negtive loss : 691.22, worst lambd: 144.99, worst gap: 0.12:  56%|█████▌    | 280/500 [29:21<22:55,  6.25s/it]
Epoch 282 | postive loss : 7.22, negtive loss : 696.15, worst lambd: 144.99, worst gap: 0.12:  56%|█████▌    | 280/500 [29:28<22:55,  6.25s/it]
Epoch 283 | postive loss : 7.15, negtive loss : 699.76, worst lambd: 144.99, worst gap: 0.12:  56%|█████▌    | 280/500 [29:34<22:55,  6.25s/it]
Epoch 284 | postive loss : 7.08, negtive loss : 704.63, worst lambd: 144.99, worst gap: 0.12:  56%|█████▌    | 280/500 [29:40<22:55,  6.25s/it]
Epoch 285 | postive loss : 7.01, negtive loss : 710.13, worst lambd: 144.99, worst gap: 0.12:  56%|█████▌    | 280/500 [29:47<22:55,  6.25s/it]
Epoch 286 | postive loss : 6.94, negtive loss : 714.41, worst lambd: 144.99, worst gap: 0.12:  56%|█████▌    | 280/500 [29:53<22:55,  6.25s/it]
Epoch 287 | postive loss : 6.87, negtive loss : 719.17, worst lambd: 144.99, worst gap: 0.12:  56%|█████▌    | 280/500 [29:59<22:55,  6.25s/it]
Epoch 288 | postive loss : 6.80, negtive loss : 724.00, worst lambd: 144.99, worst gap: 0.08:  56%|█████▌    | 280/500 [30:06<22:55,  6.25s/it]
Epoch 289 | postive loss : 6.73, negtive loss : 729.20, worst lambd: 144.99, worst gap: 0.08:  56%|█████▌    | 280/500 [30:12<22:55,  6.25s/it]
Epoch 289 | postive loss : 6.73, negtive loss : 729.20, worst lambd: 144.99, worst gap: 0.08:  58%|█████▊    | 290/500 [30:12<21:56,  6.27s/it]
Epoch 290 | postive loss : 6.67, negtive loss : 734.78, worst lambd: 144.99, worst gap: 0.08:  58%|█████▊    | 290/500 [30:18<21:56,  6.27s/it]
Epoch 291 | postive loss : 6.60, negtive loss : 740.39, worst lambd: 144.99, worst gap: 0.08:  58%|█████▊    | 290/500 [30:25<21:56,  6.27s/it]
Epoch 292 | postive loss : 6.53, negtive loss : 745.21, worst lambd: 144.99, worst gap: 0.08:  58%|█████▊    | 290/500 [30:31<21:56,  6.27s/it]
Epoch 293 | postive loss : 6.46, negtive loss : 750.13, worst lambd: 144.99, worst gap: 0.08:  58%|█████▊    | 290/500 [30:37<21:56,  6.27s/it]
Epoch 294 | postive loss : 6.40, negtive loss : 755.47, worst lambd: 144.99, worst gap: 0.08:  58%|█████▊    | 290/500 [30:43<21:56,  6.27s/it]
Epoch 295 | postive loss : 6.33, negtive loss : 760.49, worst lambd: 144.99, worst gap: 0.08:  58%|█████▊    | 290/500 [30:50<21:56,  6.27s/it]
Epoch 296 | postive loss : 6.27, negtive loss : 766.77, worst lambd: 144.99, worst gap: 0.08:  58%|█████▊    | 290/500 [30:56<21:56,  6.27s/it]
Epoch 297 | postive loss : 6.20, negtive loss : 771.53, worst lambd: 144.99, worst gap: 0.08:  58%|█████▊    | 290/500 [31:02<21:56,  6.27s/it]
Epoch 298 | postive loss : 6.14, negtive loss : 777.36, worst lambd: 144.99, worst gap: 0.08:  58%|█████▊    | 290/500 [31:09<21:56,  6.27s/it]
Epoch 299 | postive loss : 6.08, negtive loss : 782.60, worst lambd: 144.99, worst gap: 0.08:  58%|█████▊    | 290/500 [31:15<21:56,  6.27s/it]
Epoch 299 | postive loss : 6.08, negtive loss : 782.60, worst lambd: 144.99, worst gap: 0.08:  60%|██████    | 300/500 [31:15<20:56,  6.28s/it]
Epoch 300 | postive loss : 6.01, negtive loss : 788.56, worst lambd: 144.99, worst gap: 0.08:  60%|██████    | 300/500 [31:21<20:56,  6.28s/it]
Epoch 301 | postive loss : 5.95, negtive loss : 793.86, worst lambd: 144.99, worst gap: 0.08:  60%|██████    | 300/500 [31:28<20:56,  6.28s/it]
Epoch 302 | postive loss : 5.88, negtive loss : 800.25, worst lambd: 144.99, worst gap: 0.08:  60%|██████    | 300/500 [31:34<20:56,  6.28s/it]
Epoch 303 | postive loss : 5.82, negtive loss : 805.06, worst lambd: 144.99, worst gap: 0.07:  60%|██████    | 300/500 [31:40<20:56,  6.28s/it]
Epoch 304 | postive loss : 5.76, negtive loss : 811.54, worst lambd: 144.99, worst gap: 0.07:  60%|██████    | 300/500 [31:47<20:56,  6.28s/it]
Epoch 305 | postive loss : 5.70, negtive loss : 817.18, worst lambd: 144.99, worst gap: 0.07:  60%|██████    | 300/500 [31:53<20:56,  6.28s/it]
Epoch 306 | postive loss : 5.64, negtive loss : 822.80, worst lambd: 144.99, worst gap: 0.07:  60%|██████    | 300/500 [31:59<20:56,  6.28s/it]
Epoch 307 | postive loss : 5.58, negtive loss : 828.70, worst lambd: 144.99, worst gap: 0.07:  60%|██████    | 300/500 [32:05<20:56,  6.28s/it]
Epoch 308 | postive loss : 5.52, negtive loss : 834.89, worst lambd: 144.99, worst gap: 0.07:  60%|██████    | 300/500 [32:12<20:56,  6.28s/it]
Epoch 309 | postive loss : 5.46, negtive loss : 840.76, worst lambd: 144.99, worst gap: 0.07:  60%|██████    | 300/500 [32:18<20:56,  6.28s/it]
Epoch 309 | postive loss : 5.46, negtive loss : 840.76, worst lambd: 144.99, worst gap: 0.07:  62%|██████▏   | 310/500 [32:18<19:54,  6.29s/it]
Epoch 310 | postive loss : 5.40, negtive loss : 846.69, worst lambd: 144.99, worst gap: 0.07:  62%|██████▏   | 310/500 [32:24<19:54,  6.29s/it]
Epoch 311 | postive loss : 5.34, negtive loss : 852.84, worst lambd: 144.99, worst gap: 0.07:  62%|██████▏   | 310/500 [32:31<19:54,  6.29s/it]
Epoch 312 | postive loss : 5.28, negtive loss : 858.10, worst lambd: 144.99, worst gap: 0.07:  62%|██████▏   | 310/500 [32:37<19:54,  6.29s/it]
Epoch 313 | postive loss : 5.22, negtive loss : 863.50, worst lambd: 144.99, worst gap: 0.07:  62%|██████▏   | 310/500 [32:43<19:54,  6.29s/it]
Epoch 314 | postive loss : 5.17, negtive loss : 870.43, worst lambd: 144.99, worst gap: 0.06:  62%|██████▏   | 310/500 [32:50<19:54,  6.29s/it]
Epoch 315 | postive loss : 5.11, negtive loss : 876.56, worst lambd: 144.99, worst gap: 0.06:  62%|██████▏   | 310/500 [32:56<19:54,  6.29s/it]
Epoch 316 | postive loss : 5.05, negtive loss : 881.64, worst lambd: 144.99, worst gap: 0.06:  62%|██████▏   | 310/500 [33:02<19:54,  6.29s/it]
Epoch 317 | postive loss : 5.00, negtive loss : 887.64, worst lambd: 144.99, worst gap: 0.06:  62%|██████▏   | 310/500 [33:08<19:54,  6.29s/it]
Epoch 318 | postive loss : 4.94, negtive loss : 893.79, worst lambd: 144.99, worst gap: 0.06:  62%|██████▏   | 310/500 [33:15<19:54,  6.29s/it]
Epoch 319 | postive loss : 4.88, negtive loss : 900.10, worst lambd: 144.99, worst gap: 0.05:  62%|██████▏   | 310/500 [33:21<19:54,  6.29s/it]
Epoch 319 | postive loss : 4.88, negtive loss : 900.10, worst lambd: 144.99, worst gap: 0.05:  64%|██████▍   | 320/500 [33:21<18:51,  6.29s/it]
Epoch 320 | postive loss : 4.83, negtive loss : 906.07, worst lambd: 144.99, worst gap: 0.05:  64%|██████▍   | 320/500 [33:27<18:51,  6.29s/it]
Epoch 321 | postive loss : 4.78, negtive loss : 912.65, worst lambd: 144.99, worst gap: 0.04:  64%|██████▍   | 320/500 [33:33<18:51,  6.29s/it]
Epoch 322 | postive loss : 4.72, negtive loss : 917.30, worst lambd: 144.99, worst gap: 0.04:  64%|██████▍   | 320/500 [33:40<18:51,  6.29s/it]
Epoch 323 | postive loss : 4.67, negtive loss : 923.73, worst lambd: 144.99, worst gap: 0.04:  64%|██████▍   | 320/500 [33:46<18:51,  6.29s/it]
Epoch 324 | postive loss : 4.61, negtive loss : 930.44, worst lambd: 144.99, worst gap: 0.04:  64%|██████▍   | 320/500 [33:52<18:51,  6.29s/it]
Epoch 325 | postive loss : 4.56, negtive loss : 936.48, worst lambd: 144.99, worst gap: 0.04:  64%|██████▍   | 320/500 [33:58<18:51,  6.29s/it]
Epoch 326 | postive loss : 4.51, negtive loss : 943.06, worst lambd: 144.99, worst gap: 0.04:  64%|██████▍   | 320/500 [34:05<18:51,  6.29s/it]
Epoch 327 | postive loss : 4.46, negtive loss : 948.02, worst lambd: 144.99, worst gap: 0.04:  64%|██████▍   | 320/500 [34:11<18:51,  6.29s/it]
Epoch 328 | postive loss : 4.40, negtive loss : 954.49, worst lambd: 144.99, worst gap: 0.04:  64%|██████▍   | 320/500 [34:17<18:51,  6.29s/it]
Epoch 329 | postive loss : 4.35, negtive loss : 959.67, worst lambd: 144.99, worst gap: 0.04:  64%|██████▍   | 320/500 [34:23<18:51,  6.29s/it]
Epoch 329 | postive loss : 4.35, negtive loss : 959.67, worst lambd: 144.99, worst gap: 0.04:  66%|██████▌   | 330/500 [34:23<17:46,  6.27s/it]
Epoch 330 | postive loss : 4.30, negtive loss : 966.52, worst lambd: 144.99, worst gap: 0.04:  66%|██████▌   | 330/500 [34:29<17:46,  6.27s/it]
Epoch 331 | postive loss : 4.25, negtive loss : 971.91, worst lambd: 144.99, worst gap: 0.04:  66%|██████▌   | 330/500 [34:36<17:46,  6.27s/it]
Epoch 332 | postive loss : 4.20, negtive loss : 978.67, worst lambd: 144.99, worst gap: 0.04:  66%|██████▌   | 330/500 [34:42<17:46,  6.27s/it]
Epoch 333 | postive loss : 4.15, negtive loss : 984.01, worst lambd: 144.99, worst gap: 0.04:  66%|██████▌   | 330/500 [34:48<17:46,  6.27s/it]
Epoch 334 | postive loss : 4.10, negtive loss : 990.59, worst lambd: 144.99, worst gap: 0.04:  66%|██████▌   | 330/500 [34:54<17:46,  6.27s/it]
Epoch 335 | postive loss : 4.06, negtive loss : 996.41, worst lambd: 144.99, worst gap: 0.04:  66%|██████▌   | 330/500 [35:01<17:46,  6.27s/it]
Epoch 336 | postive loss : 4.01, negtive loss : 1000.89, worst lambd: 144.99, worst gap: 0.04:  66%|██████▌   | 330/500 [35:07<17:46,  6.27s/it]
Epoch 337 | postive loss : 3.96, negtive loss : 1007.56, worst lambd: 144.99, worst gap: 0.04:  66%|██████▌   | 330/500 [35:13<17:46,  6.27s/it]
Epoch 338 | postive loss : 3.91, negtive loss : 1014.38, worst lambd: 144.99, worst gap: 0.04:  66%|██████▌   | 330/500 [35:19<17:46,  6.27s/it]
Epoch 339 | postive loss : 3.87, negtive loss : 1019.45, worst lambd: 144.99, worst gap: 0.04:  66%|██████▌   | 330/500 [35:26<17:46,  6.27s/it]
Epoch 339 | postive loss : 3.87, negtive loss : 1019.45, worst lambd: 144.99, worst gap: 0.04:  68%|██████▊   | 340/500 [35:26<16:41,  6.26s/it]
Epoch 340 | postive loss : 3.82, negtive loss : 1025.84, worst lambd: 144.99, worst gap: 0.04:  68%|██████▊   | 340/500 [35:32<16:41,  6.26s/it]
Epoch 341 | postive loss : 3.77, negtive loss : 1030.04, worst lambd: 144.99, worst gap: 0.04:  68%|██████▊   | 340/500 [35:38<16:41,  6.26s/it]
Epoch 342 | postive loss : 3.73, negtive loss : 1036.79, worst lambd: 144.99, worst gap: 0.04:  68%|██████▊   | 340/500 [35:44<16:41,  6.26s/it]
Epoch 343 | postive loss : 3.68, negtive loss : 1043.38, worst lambd: 144.99, worst gap: 0.04:  68%|██████▊   | 340/500 [35:50<16:41,  6.26s/it]
Epoch 344 | postive loss : 3.64, negtive loss : 1049.37, worst lambd: 144.99, worst gap: 0.04:  68%|██████▊   | 340/500 [35:57<16:41,  6.26s/it]
Epoch 345 | postive loss : 3.59, negtive loss : 1054.23, worst lambd: 144.99, worst gap: 0.04:  68%|██████▊   | 340/500 [36:03<16:41,  6.26s/it]
Epoch 346 | postive loss : 3.55, negtive loss : 1060.11, worst lambd: 144.99, worst gap: 0.04:  68%|██████▊   | 340/500 [36:09<16:41,  6.26s/it]
Epoch 347 | postive loss : 3.51, negtive loss : 1065.73, worst lambd: 144.99, worst gap: 0.03:  68%|██████▊   | 340/500 [36:15<16:41,  6.26s/it]
Epoch 348 | postive loss : 3.46, negtive loss : 1071.33, worst lambd: 144.99, worst gap: 0.03:  68%|██████▊   | 340/500 [36:22<16:41,  6.26s/it]
Epoch 349 | postive loss : 3.42, negtive loss : 1077.31, worst lambd: 144.99, worst gap: 0.03:  68%|██████▊   | 340/500 [36:28<16:41,  6.26s/it]
Epoch 349 | postive loss : 3.42, negtive loss : 1077.31, worst lambd: 144.99, worst gap: 0.03:  70%|███████   | 350/500 [36:28<15:37,  6.25s/it]
Epoch 350 | postive loss : 3.38, negtive loss : 1083.10, worst lambd: 144.99, worst gap: 0.03:  70%|███████   | 350/500 [36:34<15:37,  6.25s/it]
Epoch 351 | postive loss : 3.34, negtive loss : 1089.29, worst lambd: 144.99, worst gap: 0.03:  70%|███████   | 350/500 [36:40<15:37,  6.25s/it]
Epoch 352 | postive loss : 3.30, negtive loss : 1094.59, worst lambd: 144.99, worst gap: 0.03:  70%|███████   | 350/500 [36:47<15:37,  6.25s/it]
Epoch 353 | postive loss : 3.25, negtive loss : 1099.44, worst lambd: 144.99, worst gap: 0.03:  70%|███████   | 350/500 [36:53<15:37,  6.25s/it]
Epoch 354 | postive loss : 3.21, negtive loss : 1105.58, worst lambd: 144.99, worst gap: 0.03:  70%|███████   | 350/500 [36:59<15:37,  6.25s/it]
Epoch 355 | postive loss : 3.17, negtive loss : 1111.80, worst lambd: 144.99, worst gap: 0.03:  70%|███████   | 350/500 [37:05<15:37,  6.25s/it]
Epoch 356 | postive loss : 3.13, negtive loss : 1116.11, worst lambd: 144.99, worst gap: 0.03:  70%|███████   | 350/500 [37:11<15:37,  6.25s/it]
Epoch 357 | postive loss : 3.10, negtive loss : 1122.28, worst lambd: 144.99, worst gap: 0.03:  70%|███████   | 350/500 [37:18<15:37,  6.25s/it]
Epoch 358 | postive loss : 3.06, negtive loss : 1127.05, worst lambd: 144.99, worst gap: 0.03:  70%|███████   | 350/500 [37:24<15:37,  6.25s/it]
Epoch 359 | postive loss : 3.02, negtive loss : 1133.22, worst lambd: 144.99, worst gap: 0.03:  70%|███████   | 350/500 [37:30<15:37,  6.25s/it]
Epoch 359 | postive loss : 3.02, negtive loss : 1133.22, worst lambd: 144.99, worst gap: 0.03:  72%|███████▏  | 360/500 [37:30<14:34,  6.24s/it]
Epoch 360 | postive loss : 2.98, negtive loss : 1139.36, worst lambd: 144.99, worst gap: 0.03:  72%|███████▏  | 360/500 [37:36<14:34,  6.24s/it]
Epoch 361 | postive loss : 2.94, negtive loss : 1145.00, worst lambd: 144.99, worst gap: 0.03:  72%|███████▏  | 360/500 [37:43<14:34,  6.24s/it]
Epoch 362 | postive loss : 2.90, negtive loss : 1149.32, worst lambd: 144.99, worst gap: 0.03:  72%|███████▏  | 360/500 [37:49<14:34,  6.24s/it]
Epoch 363 | postive loss : 2.87, negtive loss : 1154.23, worst lambd: 144.99, worst gap: 0.03:  72%|███████▏  | 360/500 [37:55<14:34,  6.24s/it]
Epoch 364 | postive loss : 2.83, negtive loss : 1161.04, worst lambd: 144.99, worst gap: 0.03:  72%|███████▏  | 360/500 [38:01<14:34,  6.24s/it]
Epoch 365 | postive loss : 2.80, negtive loss : 1165.87, worst lambd: 144.99, worst gap: 0.03:  72%|███████▏  | 360/500 [38:07<14:34,  6.24s/it]
Epoch 366 | postive loss : 2.76, negtive loss : 1170.95, worst lambd: 144.99, worst gap: 0.03:  72%|███████▏  | 360/500 [38:14<14:34,  6.24s/it]
Epoch 367 | postive loss : 2.73, negtive loss : 1177.36, worst lambd: 144.99, worst gap: 0.03:  72%|███████▏  | 360/500 [38:20<14:34,  6.24s/it]
Epoch 368 | postive loss : 2.69, negtive loss : 1183.48, worst lambd: 144.99, worst gap: 0.03:  72%|███████▏  | 360/500 [38:26<14:34,  6.24s/it]
Epoch 369 | postive loss : 2.66, negtive loss : 1188.93, worst lambd: 144.99, worst gap: 0.02:  72%|███████▏  | 360/500 [38:32<14:34,  6.24s/it]
Epoch 369 | postive loss : 2.66, negtive loss : 1188.93, worst lambd: 144.99, worst gap: 0.02:  74%|███████▍  | 370/500 [38:32<13:31,  6.24s/it]
Epoch 370 | postive loss : 2.63, negtive loss : 1193.08, worst lambd: 144.99, worst gap: 0.02:  74%|███████▍  | 370/500 [38:39<13:31,  6.24s/it]
Epoch 371 | postive loss : 2.59, negtive loss : 1199.25, worst lambd: 144.99, worst gap: 0.02:  74%|███████▍  | 370/500 [38:45<13:31,  6.24s/it]
Epoch 372 | postive loss : 2.56, negtive loss : 1202.43, worst lambd: 144.99, worst gap: 0.02:  74%|███████▍  | 370/500 [38:51<13:31,  6.24s/it]
Epoch 373 | postive loss : 2.53, negtive loss : 1208.84, worst lambd: 144.99, worst gap: 0.02:  74%|███████▍  | 370/500 [38:57<13:31,  6.24s/it]
Epoch 374 | postive loss : 2.49, negtive loss : 1214.99, worst lambd: 144.99, worst gap: 0.02:  74%|███████▍  | 370/500 [39:04<13:31,  6.24s/it]
Epoch 375 | postive loss : 2.46, negtive loss : 1219.23, worst lambd: 144.99, worst gap: 0.02:  74%|███████▍  | 370/500 [39:10<13:31,  6.24s/it]
Epoch 376 | postive loss : 2.43, negtive loss : 1225.45, worst lambd: 144.99, worst gap: 0.02:  74%|███████▍  | 370/500 [39:16<13:31,  6.24s/it]
Epoch 377 | postive loss : 2.40, negtive loss : 1229.17, worst lambd: 144.99, worst gap: 0.02:  74%|███████▍  | 370/500 [39:22<13:31,  6.24s/it]
Epoch 378 | postive loss : 2.37, negtive loss : 1234.46, worst lambd: 144.99, worst gap: 0.02:  74%|███████▍  | 370/500 [39:28<13:31,  6.24s/it]
Epoch 379 | postive loss : 2.34, negtive loss : 1238.81, worst lambd: 144.99, worst gap: 0.02:  74%|███████▍  | 370/500 [39:35<13:31,  6.24s/it]
Epoch 379 | postive loss : 2.34, negtive loss : 1238.81, worst lambd: 144.99, worst gap: 0.02:  76%|███████▌  | 380/500 [39:35<12:28,  6.24s/it]
Epoch 380 | postive loss : 2.31, negtive loss : 1244.74, worst lambd: 144.99, worst gap: 0.02:  76%|███████▌  | 380/500 [39:41<12:28,  6.24s/it]
Epoch 381 | postive loss : 2.28, negtive loss : 1249.16, worst lambd: 144.99, worst gap: 0.02:  76%|███████▌  | 380/500 [39:47<12:28,  6.24s/it]
Epoch 382 | postive loss : 2.25, negtive loss : 1254.00, worst lambd: 144.99, worst gap: 0.02:  76%|███████▌  | 380/500 [39:53<12:28,  6.24s/it]
Epoch 383 | postive loss : 2.22, negtive loss : 1259.20, worst lambd: 144.99, worst gap: 0.02:  76%|███████▌  | 380/500 [40:00<12:28,  6.24s/it]
Epoch 384 | postive loss : 2.20, negtive loss : 1264.77, worst lambd: 144.99, worst gap: 0.02:  76%|███████▌  | 380/500 [40:06<12:28,  6.24s/it]
Epoch 385 | postive loss : 2.17, negtive loss : 1268.75, worst lambd: 144.99, worst gap: 0.01:  76%|███████▌  | 380/500 [40:12<12:28,  6.24s/it]
Epoch 386 | postive loss : 2.14, negtive loss : 1273.00, worst lambd: 144.99, worst gap: 0.01:  76%|███████▌  | 380/500 [40:18<12:28,  6.24s/it]
Epoch 387 | postive loss : 2.12, negtive loss : 1278.30, worst lambd: 144.99, worst gap: 0.01:  76%|███████▌  | 380/500 [40:25<12:28,  6.24s/it]
Epoch 388 | postive loss : 2.09, negtive loss : 1282.54, worst lambd: 144.99, worst gap: 0.01:  76%|███████▌  | 380/500 [40:31<12:28,  6.24s/it]
Epoch 389 | postive loss : 2.06, negtive loss : 1288.10, worst lambd: 144.99, worst gap: 0.01:  76%|███████▌  | 380/500 [40:37<12:28,  6.24s/it]
Epoch 389 | postive loss : 2.06, negtive loss : 1288.10, worst lambd: 144.99, worst gap: 0.01:  78%|███████▊  | 390/500 [40:37<11:25,  6.23s/it]
Epoch 390 | postive loss : 2.04, negtive loss : 1292.67, worst lambd: 144.99, worst gap: 0.01:  78%|███████▊  | 390/500 [40:43<11:25,  6.23s/it]
Epoch 391 | postive loss : 2.01, negtive loss : 1297.06, worst lambd: 144.99, worst gap: 0.01:  78%|███████▊  | 390/500 [40:49<11:25,  6.23s/it]
Epoch 392 | postive loss : 1.99, negtive loss : 1303.04, worst lambd: 144.99, worst gap: 0.01:  78%|███████▊  | 390/500 [40:56<11:25,  6.23s/it]
Epoch 393 | postive loss : 1.96, negtive loss : 1308.10, worst lambd: 144.99, worst gap: 0.01:  78%|███████▊  | 390/500 [41:02<11:25,  6.23s/it]
Epoch 394 | postive loss : 1.94, negtive loss : 1312.13, worst lambd: 144.99, worst gap: 0.01:  78%|███████▊  | 390/500 [41:08<11:25,  6.23s/it]
Epoch 395 | postive loss : 1.92, negtive loss : 1316.11, worst lambd: 144.99, worst gap: 0.01:  78%|███████▊  | 390/500 [41:14<11:25,  6.23s/it]
Epoch 396 | postive loss : 1.89, negtive loss : 1321.14, worst lambd: 144.99, worst gap: 0.01:  78%|███████▊  | 390/500 [41:21<11:25,  6.23s/it]
Epoch 397 | postive loss : 1.87, negtive loss : 1326.47, worst lambd: 144.99, worst gap: 0.01:  78%|███████▊  | 390/500 [41:27<11:25,  6.23s/it]
Epoch 398 | postive loss : 1.85, negtive loss : 1331.62, worst lambd: 144.99, worst gap: 0.01:  78%|███████▊  | 390/500 [41:33<11:25,  6.23s/it]
Epoch 399 | postive loss : 1.83, negtive loss : 1335.44, worst lambd: 144.99, worst gap: 0.01:  78%|███████▊  | 390/500 [41:39<11:25,  6.23s/it]
Epoch 399 | postive loss : 1.83, negtive loss : 1335.44, worst lambd: 144.99, worst gap: 0.01:  80%|████████  | 400/500 [41:39<10:23,  6.23s/it]
Epoch 400 | postive loss : 1.80, negtive loss : 1338.87, worst lambd: 144.99, worst gap: 0.01:  80%|████████  | 400/500 [41:46<10:23,  6.23s/it]
Epoch 401 | postive loss : 1.78, negtive loss : 1342.95, worst lambd: 144.99, worst gap: 0.01:  80%|████████  | 400/500 [41:52<10:23,  6.23s/it]
Epoch 402 | postive loss : 1.76, negtive loss : 1349.21, worst lambd: 144.99, worst gap: 0.01:  80%|████████  | 400/500 [41:58<10:23,  6.23s/it]
Epoch 403 | postive loss : 1.74, negtive loss : 1352.65, worst lambd: 144.99, worst gap: 0.01:  80%|████████  | 400/500 [42:04<10:23,  6.23s/it]
Epoch 404 | postive loss : 1.72, negtive loss : 1360.15, worst lambd: 144.99, worst gap: 0.01:  80%|████████  | 400/500 [42:10<10:23,  6.23s/it]
Epoch 405 | postive loss : 1.70, negtive loss : 1364.08, worst lambd: 144.99, worst gap: 0.01:  80%|████████  | 400/500 [42:17<10:23,  6.23s/it]
Epoch 406 | postive loss : 1.68, negtive loss : 1367.33, worst lambd: 144.99, worst gap: 0.01:  80%|████████  | 400/500 [42:23<10:23,  6.23s/it]
Epoch 407 | postive loss : 1.66, negtive loss : 1372.60, worst lambd: 144.99, worst gap: 0.01:  80%|████████  | 400/500 [42:29<10:23,  6.23s/it]
Epoch 408 | postive loss : 1.64, negtive loss : 1375.20, worst lambd: 144.99, worst gap: 0.01:  80%|████████  | 400/500 [42:35<10:23,  6.23s/it]
Epoch 409 | postive loss : 1.62, negtive loss : 1380.41, worst lambd: 144.99, worst gap: 0.01:  80%|████████  | 400/500 [42:42<10:23,  6.23s/it]
Epoch 409 | postive loss : 1.62, negtive loss : 1380.41, worst lambd: 144.99, worst gap: 0.01:  82%|████████▏ | 410/500 [42:42<09:20,  6.23s/it]
Epoch 410 | postive loss : 1.60, negtive loss : 1385.39, worst lambd: 144.99, worst gap: 0.01:  82%|████████▏ | 410/500 [42:48<09:20,  6.23s/it]
Epoch 411 | postive loss : 1.59, negtive loss : 1389.38, worst lambd: 144.99, worst gap: 0.01:  82%|████████▏ | 410/500 [42:54<09:20,  6.23s/it]
Epoch 412 | postive loss : 1.57, negtive loss : 1395.62, worst lambd: 144.99, worst gap: 0.01:  82%|████████▏ | 410/500 [43:00<09:20,  6.23s/it]
Epoch 413 | postive loss : 1.55, negtive loss : 1400.09, worst lambd: 144.99, worst gap: 0.01:  82%|████████▏ | 410/500 [43:06<09:20,  6.23s/it]
Epoch 414 | postive loss : 1.53, negtive loss : 1402.34, worst lambd: 144.99, worst gap: 0.01:  82%|████████▏ | 410/500 [43:13<09:20,  6.23s/it]
Epoch 415 | postive loss : 1.52, negtive loss : 1407.73, worst lambd: 144.99, worst gap: 0.01:  82%|████████▏ | 410/500 [43:19<09:20,  6.23s/it]
Epoch 416 | postive loss : 1.50, negtive loss : 1413.25, worst lambd: 144.99, worst gap: 0.01:  82%|████████▏ | 410/500 [43:25<09:20,  6.23s/it]
Epoch 417 | postive loss : 1.48, negtive loss : 1416.59, worst lambd: 144.99, worst gap: 0.01:  82%|████████▏ | 410/500 [43:31<09:20,  6.23s/it]
Epoch 418 | postive loss : 1.47, negtive loss : 1421.15, worst lambd: 144.99, worst gap: 0.01:  82%|████████▏ | 410/500 [43:38<09:20,  6.23s/it]
Epoch 419 | postive loss : 1.45, negtive loss : 1425.93, worst lambd: 144.99, worst gap: 0.01:  82%|████████▏ | 410/500 [43:44<09:20,  6.23s/it]
Epoch 419 | postive loss : 1.45, negtive loss : 1425.93, worst lambd: 144.99, worst gap: 0.01:  84%|████████▍ | 420/500 [43:44<08:18,  6.23s/it]
Epoch 420 | postive loss : 1.44, negtive loss : 1429.45, worst lambd: 144.99, worst gap: 0.01:  84%|████████▍ | 420/500 [43:50<08:18,  6.23s/it]
Epoch 421 | postive loss : 1.42, negtive loss : 1433.99, worst lambd: 144.99, worst gap: 0.01:  84%|████████▍ | 420/500 [43:56<08:18,  6.23s/it]
Epoch 422 | postive loss : 1.41, negtive loss : 1438.60, worst lambd: 144.99, worst gap: 0.01:  84%|████████▍ | 420/500 [44:03<08:18,  6.23s/it]
Epoch 423 | postive loss : 1.40, negtive loss : 1444.14, worst lambd: 144.99, worst gap: 0.01:  84%|████████▍ | 420/500 [44:09<08:18,  6.23s/it]
Epoch 424 | postive loss : 1.38, negtive loss : 1447.49, worst lambd: 144.99, worst gap: 0.01:  84%|████████▍ | 420/500 [44:15<08:18,  6.23s/it]
Epoch 425 | postive loss : 1.37, negtive loss : 1453.80, worst lambd: 144.99, worst gap: 0.01:  84%|████████▍ | 420/500 [44:21<08:18,  6.23s/it]
Epoch 426 | postive loss : 1.35, negtive loss : 1456.12, worst lambd: 144.99, worst gap: 0.01:  84%|████████▍ | 420/500 [44:27<08:18,  6.23s/it]
Epoch 427 | postive loss : 1.34, negtive loss : 1460.83, worst lambd: 144.99, worst gap: 0.01:  84%|████████▍ | 420/500 [44:34<08:18,  6.23s/it]
Epoch 428 | postive loss : 1.33, negtive loss : 1465.26, worst lambd: 144.99, worst gap: 0.01:  84%|████████▍ | 420/500 [44:40<08:18,  6.23s/it]
Epoch 429 | postive loss : 1.32, negtive loss : 1469.23, worst lambd: 144.99, worst gap: 0.01:  84%|████████▍ | 420/500 [44:46<08:18,  6.23s/it]
Epoch 429 | postive loss : 1.32, negtive loss : 1469.23, worst lambd: 144.99, worst gap: 0.01:  86%|████████▌ | 430/500 [44:46<07:16,  6.23s/it]
Epoch 430 | postive loss : 1.30, negtive loss : 1474.83, worst lambd: 144.99, worst gap: 0.01:  86%|████████▌ | 430/500 [44:52<07:16,  6.23s/it]
Epoch 431 | postive loss : 1.29, negtive loss : 1478.56, worst lambd: 144.99, worst gap: 0.01:  86%|████████▌ | 430/500 [44:59<07:16,  6.23s/it]
Epoch 432 | postive loss : 1.28, negtive loss : 1483.95, worst lambd: 144.99, worst gap: 0.01:  86%|████████▌ | 430/500 [45:05<07:16,  6.23s/it]
Epoch 433 | postive loss : 1.27, negtive loss : 1486.06, worst lambd: 144.99, worst gap: 0.01:  86%|████████▌ | 430/500 [45:11<07:16,  6.23s/it]
Epoch 434 | postive loss : 1.26, negtive loss : 1492.48, worst lambd: 144.99, worst gap: 0.01:  86%|████████▌ | 430/500 [45:17<07:16,  6.23s/it]
Epoch 435 | postive loss : 1.25, negtive loss : 1496.00, worst lambd: 144.99, worst gap: 0.01:  86%|████████▌ | 430/500 [45:24<07:16,  6.23s/it]
Epoch 436 | postive loss : 1.24, negtive loss : 1497.95, worst lambd: 144.99, worst gap: 0.01:  86%|████████▌ | 430/500 [45:30<07:16,  6.23s/it]
Epoch 437 | postive loss : 1.23, negtive loss : 1503.31, worst lambd: 144.99, worst gap: 0.01:  86%|████████▌ | 430/500 [45:36<07:16,  6.23s/it]
Epoch 438 | postive loss : 1.22, negtive loss : 1509.84, worst lambd: 144.99, worst gap: 0.01:  86%|████████▌ | 430/500 [45:42<07:16,  6.23s/it]
Epoch 439 | postive loss : 1.21, negtive loss : 1511.72, worst lambd: 144.99, worst gap: 0.01:  86%|████████▌ | 430/500 [45:48<07:16,  6.23s/it]
Epoch 439 | postive loss : 1.21, negtive loss : 1511.72, worst lambd: 144.99, worst gap: 0.01:  88%|████████▊ | 440/500 [45:48<06:13,  6.23s/it]
Epoch 440 | postive loss : 1.20, negtive loss : 1518.71, worst lambd: 144.99, worst gap: 0.01:  88%|████████▊ | 440/500 [45:55<06:13,  6.23s/it]
Epoch 441 | postive loss : 1.19, negtive loss : 1520.75, worst lambd: 144.99, worst gap: 0.01:  88%|████████▊ | 440/500 [46:01<06:13,  6.23s/it]
Epoch 442 | postive loss : 1.18, negtive loss : 1525.70, worst lambd: 144.99, worst gap: 0.01:  88%|████████▊ | 440/500 [46:07<06:13,  6.23s/it]
Epoch 443 | postive loss : 1.17, negtive loss : 1529.50, worst lambd: 144.99, worst gap: 0.01:  88%|████████▊ | 440/500 [46:13<06:13,  6.23s/it]
Epoch 444 | postive loss : 1.16, negtive loss : 1534.79, worst lambd: 144.99, worst gap: 0.01:  88%|████████▊ | 440/500 [46:20<06:13,  6.23s/it]
Epoch 445 | postive loss : 1.16, negtive loss : 1538.24, worst lambd: 144.99, worst gap: 0.01:  88%|████████▊ | 440/500 [46:26<06:13,  6.23s/it]
Epoch 446 | postive loss : 1.15, negtive loss : 1541.52, worst lambd: 144.99, worst gap: 0.01:  88%|████████▊ | 440/500 [46:32<06:13,  6.23s/it]
Epoch 447 | postive loss : 1.14, negtive loss : 1546.99, worst lambd: 144.99, worst gap: 0.01:  88%|████████▊ | 440/500 [46:38<06:13,  6.23s/it]
Epoch 448 | postive loss : 1.13, negtive loss : 1549.43, worst lambd: 144.99, worst gap: 0.01:  88%|████████▊ | 440/500 [46:45<06:13,  6.23s/it]
Epoch 449 | postive loss : 1.12, negtive loss : 1553.73, worst lambd: 144.99, worst gap: 0.01:  88%|████████▊ | 440/500 [46:51<06:13,  6.23s/it]
Epoch 449 | postive loss : 1.12, negtive loss : 1553.73, worst lambd: 144.99, worst gap: 0.01:  90%|█████████ | 450/500 [46:51<05:11,  6.23s/it]
Epoch 450 | postive loss : 1.12, negtive loss : 1558.93, worst lambd: 144.99, worst gap: 0.01:  90%|█████████ | 450/500 [46:57<05:11,  6.23s/it]
Epoch 451 | postive loss : 1.11, negtive loss : 1563.17, worst lambd: 144.99, worst gap: 0.01:  90%|█████████ | 450/500 [47:03<05:11,  6.23s/it]
Epoch 452 | postive loss : 1.10, negtive loss : 1566.10, worst lambd: 144.99, worst gap: 0.01:  90%|█████████ | 450/500 [47:09<05:11,  6.23s/it]
Epoch 453 | postive loss : 1.10, negtive loss : 1572.53, worst lambd: 144.99, worst gap: 0.01:  90%|█████████ | 450/500 [47:16<05:11,  6.23s/it]
Epoch 454 | postive loss : 1.09, negtive loss : 1576.00, worst lambd: 144.99, worst gap: 0.01:  90%|█████████ | 450/500 [47:22<05:11,  6.23s/it]
Epoch 455 | postive loss : 1.08, negtive loss : 1578.77, worst lambd: 144.99, worst gap: 0.01:  90%|█████████ | 450/500 [47:28<05:11,  6.23s/it]
Epoch 456 | postive loss : 1.08, negtive loss : 1583.40, worst lambd: 144.99, worst gap: 0.01:  90%|█████████ | 450/500 [47:34<05:11,  6.23s/it]
Epoch 457 | postive loss : 1.07, negtive loss : 1586.69, worst lambd: 144.99, worst gap: 0.01:  90%|█████████ | 450/500 [47:41<05:11,  6.23s/it]
Epoch 458 | postive loss : 1.06, negtive loss : 1590.86, worst lambd: 144.99, worst gap: 0.01:  90%|█████████ | 450/500 [47:47<05:11,  6.23s/it]
Epoch 459 | postive loss : 1.06, negtive loss : 1594.71, worst lambd: 144.99, worst gap: 0.01:  90%|█████████ | 450/500 [47:53<05:11,  6.23s/it]
Epoch 459 | postive loss : 1.06, negtive loss : 1594.71, worst lambd: 144.99, worst gap: 0.01:  92%|█████████▏| 460/500 [47:53<04:09,  6.23s/it]
Epoch 460 | postive loss : 1.05, negtive loss : 1599.29, worst lambd: 144.99, worst gap: 0.01:  92%|█████████▏| 460/500 [47:59<04:09,  6.23s/it]
Epoch 461 | postive loss : 1.05, negtive loss : 1605.06, worst lambd: 144.99, worst gap: 0.01:  92%|█████████▏| 460/500 [48:06<04:09,  6.23s/it]
Epoch 462 | postive loss : 1.04, negtive loss : 1607.98, worst lambd: 144.99, worst gap: 0.01:  92%|█████████▏| 460/500 [48:12<04:09,  6.23s/it]
Epoch 463 | postive loss : 1.04, negtive loss : 1611.72, worst lambd: 144.99, worst gap: 0.01:  92%|█████████▏| 460/500 [48:18<04:09,  6.23s/it]
Epoch 464 | postive loss : 1.03, negtive loss : 1615.81, worst lambd: 144.99, worst gap: 0.01:  92%|█████████▏| 460/500 [48:24<04:09,  6.23s/it]
Epoch 465 | postive loss : 1.03, negtive loss : 1620.56, worst lambd: 144.99, worst gap: 0.01:  92%|█████████▏| 460/500 [48:30<04:09,  6.23s/it]
Epoch 466 | postive loss : 1.02, negtive loss : 1624.47, worst lambd: 144.99, worst gap: 0.01:  92%|█████████▏| 460/500 [48:37<04:09,  6.23s/it]
Epoch 467 | postive loss : 1.02, negtive loss : 1625.62, worst lambd: 144.99, worst gap: 0.01:  92%|█████████▏| 460/500 [48:43<04:09,  6.23s/it]
Epoch 468 | postive loss : 1.01, negtive loss : 1630.40, worst lambd: 144.99, worst gap: 0.01:  92%|█████████▏| 460/500 [48:49<04:09,  6.23s/it]
Epoch 469 | postive loss : 1.01, negtive loss : 1635.93, worst lambd: 144.99, worst gap: 0.01:  92%|█████████▏| 460/500 [48:55<04:09,  6.23s/it]
Epoch 469 | postive loss : 1.01, negtive loss : 1635.93, worst lambd: 144.99, worst gap: 0.01:  94%|█████████▍| 470/500 [48:55<03:06,  6.23s/it]
Epoch 470 | postive loss : 1.00, negtive loss : 1638.58, worst lambd: 144.99, worst gap: 0.01:  94%|█████████▍| 470/500 [49:02<03:06,  6.23s/it]
Epoch 471 | postive loss : 1.00, negtive loss : 1642.91, worst lambd: 144.99, worst gap: 0.01:  94%|█████████▍| 470/500 [49:08<03:06,  6.23s/it]
Epoch 472 | postive loss : 0.99, negtive loss : 1648.24, worst lambd: 144.99, worst gap: 0.01:  94%|█████████▍| 470/500 [49:14<03:06,  6.23s/it]
Epoch 473 | postive loss : 0.99, negtive loss : 1652.22, worst lambd: 144.99, worst gap: 0.01:  94%|█████████▍| 470/500 [49:20<03:06,  6.23s/it]
Epoch 474 | postive loss : 0.99, negtive loss : 1655.27, worst lambd: 144.99, worst gap: 0.01:  94%|█████████▍| 470/500 [49:27<03:06,  6.23s/it]
Epoch 475 | postive loss : 0.98, negtive loss : 1659.11, worst lambd: 144.99, worst gap: 0.01:  94%|█████████▍| 470/500 [49:33<03:06,  6.23s/it]
Epoch 476 | postive loss : 0.98, negtive loss : 1662.59, worst lambd: 144.99, worst gap: 0.01:  94%|█████████▍| 470/500 [49:39<03:06,  6.23s/it]
Epoch 477 | postive loss : 0.98, negtive loss : 1667.05, worst lambd: 144.99, worst gap: 0.01:  94%|█████████▍| 470/500 [49:45<03:06,  6.23s/it]
Epoch 478 | postive loss : 0.97, negtive loss : 1670.94, worst lambd: 144.99, worst gap: 0.01:  94%|█████████▍| 470/500 [49:51<03:06,  6.23s/it]
Epoch 479 | postive loss : 0.97, negtive loss : 1674.92, worst lambd: 144.99, worst gap: 0.01:  94%|█████████▍| 470/500 [49:58<03:06,  6.23s/it]
Epoch 479 | postive loss : 0.97, negtive loss : 1674.92, worst lambd: 144.99, worst gap: 0.01:  96%|█████████▌| 480/500 [49:58<02:04,  6.23s/it]
Epoch 480 | postive loss : 0.97, negtive loss : 1676.26, worst lambd: 144.99, worst gap: 0.01:  96%|█████████▌| 480/500 [50:04<02:04,  6.23s/it]
Epoch 481 | postive loss : 0.96, negtive loss : 1680.02, worst lambd: 144.99, worst gap: 0.01:  96%|█████████▌| 480/500 [50:10<02:04,  6.23s/it]
Epoch 482 | postive loss : 0.96, negtive loss : 1686.97, worst lambd: 144.99, worst gap: 0.01:  96%|█████████▌| 480/500 [50:16<02:04,  6.23s/it]
Epoch 483 | postive loss : 0.96, negtive loss : 1690.86, worst lambd: 144.99, worst gap: 0.01:  96%|█████████▌| 480/500 [50:23<02:04,  6.23s/it]
Epoch 484 | postive loss : 0.95, negtive loss : 1693.58, worst lambd: 144.99, worst gap: 0.01:  96%|█████████▌| 480/500 [50:29<02:04,  6.23s/it]
Epoch 485 | postive loss : 0.95, negtive loss : 1697.29, worst lambd: 144.99, worst gap: 0.01:  96%|█████████▌| 480/500 [50:35<02:04,  6.23s/it]
Epoch 486 | postive loss : 0.95, negtive loss : 1699.63, worst lambd: 144.99, worst gap: 0.01:  96%|█████████▌| 480/500 [50:41<02:04,  6.23s/it]
Epoch 487 | postive loss : 0.94, negtive loss : 1702.32, worst lambd: 144.99, worst gap: 0.01:  96%|█████████▌| 480/500 [50:48<02:04,  6.23s/it]
Epoch 488 | postive loss : 0.94, negtive loss : 1708.89, worst lambd: 144.99, worst gap: 0.01:  96%|█████████▌| 480/500 [50:54<02:04,  6.23s/it]
Epoch 489 | postive loss : 0.94, negtive loss : 1710.81, worst lambd: 144.99, worst gap: 0.01:  96%|█████████▌| 480/500 [51:00<02:04,  6.23s/it]
Epoch 489 | postive loss : 0.94, negtive loss : 1710.81, worst lambd: 144.99, worst gap: 0.01:  98%|█████████▊| 490/500 [51:00<01:02,  6.23s/it]
Epoch 490 | postive loss : 0.93, negtive loss : 1715.93, worst lambd: 144.99, worst gap: 0.01:  98%|█████████▊| 490/500 [51:06<01:02,  6.23s/it]
Epoch 491 | postive loss : 0.93, negtive loss : 1716.90, worst lambd: 144.99, worst gap: 0.01:  98%|█████████▊| 490/500 [51:12<01:02,  6.23s/it]
Epoch 492 | postive loss : 0.93, negtive loss : 1721.72, worst lambd: 144.99, worst gap: 0.01:  98%|█████████▊| 490/500 [51:19<01:02,  6.23s/it]
Epoch 493 | postive loss : 0.93, negtive loss : 1726.06, worst lambd: 144.99, worst gap: 0.01:  98%|█████████▊| 490/500 [51:25<01:02,  6.23s/it]
Epoch 494 | postive loss : 0.92, negtive loss : 1728.23, worst lambd: 144.99, worst gap: 0.01:  98%|█████████▊| 490/500 [51:31<01:02,  6.23s/it]
Epoch 495 | postive loss : 0.92, negtive loss : 1731.28, worst lambd: 144.99, worst gap: 0.01:  98%|█████████▊| 490/500 [51:37<01:02,  6.23s/it]
Epoch 496 | postive loss : 0.92, negtive loss : 1737.71, worst lambd: 144.99, worst gap: 0.01:  98%|█████████▊| 490/500 [51:44<01:02,  6.23s/it]
Epoch 497 | postive loss : 0.92, negtive loss : 1738.78, worst lambd: 144.99, worst gap: 0.01:  98%|█████████▊| 490/500 [51:50<01:02,  6.23s/it]
Epoch 498 | postive loss : 0.92, negtive loss : 1741.82, worst lambd: 144.99, worst gap: 0.01:  98%|█████████▊| 490/500 [51:56<01:02,  6.23s/it]
Epoch 499 | postive loss : 0.91, negtive loss : 1746.71, worst lambd: 144.99, worst gap: 0.01:  98%|█████████▊| 490/500 [52:02<01:02,  6.23s/it]
Epoch 499 | postive loss : 0.91, negtive loss : 1746.71, worst lambd: 144.99, worst gap: 0.01: 100%|██████████| 500/500 [52:02<00:00,  6.23s/it]
Epoch 499 | postive loss : 0.91, negtive loss : 1746.71, worst lambd: 144.99, worst gap: 0.01: 100%|██████████| 500/500 [52:02<00:00,  6.25s/it]
Info : finish model training
Info : save model sucessfully
Info : save sucessfully
set learningrate with 0.01  ----------------------------------------------------------------------
INFO -- prepare : Init model SN2E
INFO -- prepare : set model cuda: 1
INFO -- prepare : Model initialization complete
INFO -- prepare : Init optimizer
INFO -- prepare : Finish preparing Optimizer...
Info -- : start model training

  0%|          | 0/500 [00:00<?, ?it/s]
Epoch 0 | postive loss : 84.07, negtive loss : 2588.59, worst lambd: 182.42, worst gap: 0.91:   0%|          | 0/500 [00:06<?, ?it/s]
Epoch 1 | postive loss : 75.87, negtive loss : 2406.82, worst lambd: 182.42, worst gap: 0.91:   0%|          | 0/500 [00:12<?, ?it/s]
Epoch 1 | postive loss : 75.87, negtive loss : 2406.82, worst lambd: 182.42, worst gap: 0.91:   0%|          | 0/500 [00:17<?, ?it/s]
Epoch 2 | postive loss : 71.35, negtive loss : 2267.78, worst lambd: 182.42, worst gap: 0.89:   0%|          | 0/500 [00:18<?, ?it/s]
Epoch 3 | postive loss : 67.13, negtive loss : 2137.39, worst lambd: 182.42, worst gap: 0.88:   0%|          | 0/500 [00:24<?, ?it/s]
Epoch 4 | postive loss : 62.99, negtive loss : 2009.88, worst lambd: 182.42, worst gap: 0.78:   0%|          | 0/500 [00:31<?, ?it/s]
Epoch 5 | postive loss : 59.15, negtive loss : 1892.22, worst lambd: 182.42, worst gap: 0.78:   0%|          | 0/500 [00:37<?, ?it/s]
Epoch 6 | postive loss : 55.46, negtive loss : 1779.59, worst lambd: 182.42, worst gap: 0.78:   0%|          | 0/500 [00:43<?, ?it/s]
Epoch 7 | postive loss : 51.96, negtive loss : 1672.52, worst lambd: 182.42, worst gap: 0.78:   0%|          | 0/500 [00:49<?, ?it/s]
Epoch 8 | postive loss : 48.66, negtive loss : 1569.25, worst lambd: 182.42, worst gap: 0.78:   0%|          | 0/500 [00:56<?, ?it/s]
Epoch 9 | postive loss : 45.55, negtive loss : 1472.86, worst lambd: 182.42, worst gap: 0.78:   0%|          | 0/500 [01:02<?, ?it/s]
Epoch 9 | postive loss : 45.55, negtive loss : 1472.86, worst lambd: 182.42, worst gap: 0.78:   2%|▏         | 10/500 [01:02<50:57,  6.24s/it]
Epoch 10 | postive loss : 42.62, negtive loss : 1381.50, worst lambd: 182.42, worst gap: 0.56:   2%|▏         | 10/500 [01:08<50:57,  6.24s/it]
Epoch 11 | postive loss : 39.81, negtive loss : 1296.14, worst lambd: 182.42, worst gap: 0.56:   2%|▏         | 10/500 [01:14<50:57,  6.24s/it]
Epoch 12 | postive loss : 37.17, negtive loss : 1214.51, worst lambd: 182.42, worst gap: 0.56:   2%|▏         | 10/500 [01:21<50:57,  6.24s/it]
Epoch 13 | postive loss : 34.71, negtive loss : 1138.08, worst lambd: 182.42, worst gap: 0.52:   2%|▏         | 10/500 [01:27<50:57,  6.24s/it]
Epoch 14 | postive loss : 32.34, negtive loss : 1065.25, worst lambd: 182.42, worst gap: 0.46:   2%|▏         | 10/500 [01:33<50:57,  6.24s/it]
Epoch 15 | postive loss : 30.13, negtive loss : 996.31, worst lambd: 182.42, worst gap: 0.44:   2%|▏         | 10/500 [01:39<50:57,  6.24s/it] 
Epoch 16 | postive loss : 28.03, negtive loss : 932.45, worst lambd: 182.42, worst gap: 0.44:   2%|▏         | 10/500 [01:46<50:57,  6.24s/it]
Epoch 17 | postive loss : 26.06, negtive loss : 871.48, worst lambd: 182.42, worst gap: 0.35:   2%|▏         | 10/500 [01:52<50:57,  6.24s/it]
Epoch 18 | postive loss : 24.21, negtive loss : 815.55, worst lambd: 182.42, worst gap: 0.35:   2%|▏         | 10/500 [01:58<50:57,  6.24s/it]
Epoch 19 | postive loss : 22.45, negtive loss : 762.40, worst lambd: 182.42, worst gap: 0.35:   2%|▏         | 10/500 [02:04<50:57,  6.24s/it]
Epoch 19 | postive loss : 22.45, negtive loss : 762.40, worst lambd: 182.42, worst gap: 0.35:   4%|▍         | 20/500 [02:04<49:55,  6.24s/it]
Epoch 20 | postive loss : 20.83, negtive loss : 715.02, worst lambd: 182.42, worst gap: 0.32:   4%|▍         | 20/500 [02:11<49:55,  6.24s/it]
Epoch 21 | postive loss : 19.32, negtive loss : 671.15, worst lambd: 182.42, worst gap: 0.25:   4%|▍         | 20/500 [02:17<49:55,  6.24s/it]
Epoch 22 | postive loss : 17.95, negtive loss : 634.29, worst lambd: 182.42, worst gap: 0.25:   4%|▍         | 20/500 [02:23<49:55,  6.24s/it]
Epoch 23 | postive loss : 16.71, negtive loss : 602.43, worst lambd: 182.42, worst gap: 0.25:   4%|▍         | 20/500 [02:29<49:55,  6.24s/it]
Epoch 24 | postive loss : 15.64, negtive loss : 577.32, worst lambd: 182.42, worst gap: 0.25:   4%|▍         | 20/500 [02:35<49:55,  6.24s/it]
Epoch 25 | postive loss : 14.69, negtive loss : 558.35, worst lambd: 182.42, worst gap: 0.25:   4%|▍         | 20/500 [02:42<49:55,  6.24s/it]
Epoch 26 | postive loss : 13.89, negtive loss : 546.41, worst lambd: 182.42, worst gap: 0.25:   4%|▍         | 20/500 [02:48<49:55,  6.24s/it]
Epoch 27 | postive loss : 13.16, negtive loss : 541.52, worst lambd: 182.42, worst gap: 0.21:   4%|▍         | 20/500 [02:54<49:55,  6.24s/it]
Epoch 28 | postive loss : 12.49, negtive loss : 544.20, worst lambd: 182.42, worst gap: 0.21:   4%|▍         | 20/500 [03:00<49:55,  6.24s/it]
Epoch 29 | postive loss : 11.82, negtive loss : 550.67, worst lambd: 182.42, worst gap: 0.21:   4%|▍         | 20/500 [03:07<49:55,  6.24s/it]
Epoch 29 | postive loss : 11.82, negtive loss : 550.67, worst lambd: 182.42, worst gap: 0.21:   6%|▌         | 30/500 [03:07<48:50,  6.24s/it]
Epoch 30 | postive loss : 11.19, negtive loss : 563.08, worst lambd: 182.42, worst gap: 0.17:   6%|▌         | 30/500 [03:13<48:50,  6.24s/it]
Epoch 31 | postive loss : 10.58, negtive loss : 579.02, worst lambd: 182.42, worst gap: 0.17:   6%|▌         | 30/500 [03:19<48:50,  6.24s/it]
Epoch 32 | postive loss : 9.97, negtive loss : 597.86, worst lambd: 182.42, worst gap: 0.17:   6%|▌         | 30/500 [03:25<48:50,  6.24s/it] 
Epoch 33 | postive loss : 9.42, negtive loss : 622.17, worst lambd: 182.42, worst gap: 0.17:   6%|▌         | 30/500 [03:32<48:50,  6.24s/it]
Epoch 34 | postive loss : 8.86, negtive loss : 646.40, worst lambd: 182.42, worst gap: 0.13:   6%|▌         | 30/500 [03:38<48:50,  6.24s/it]
Epoch 35 | postive loss : 8.34, negtive loss : 675.71, worst lambd: 182.42, worst gap: 0.13:   6%|▌         | 30/500 [03:44<48:50,  6.24s/it]
Epoch 36 | postive loss : 7.83, negtive loss : 710.64, worst lambd: 182.42, worst gap: 0.13:   6%|▌         | 30/500 [03:50<48:50,  6.24s/it]
Epoch 37 | postive loss : 7.34, negtive loss : 746.52, worst lambd: 182.42, worst gap: 0.09:   6%|▌         | 30/500 [03:56<48:50,  6.24s/it]
Epoch 38 | postive loss : 6.87, negtive loss : 782.96, worst lambd: 182.42, worst gap: 0.09:   6%|▌         | 30/500 [04:03<48:50,  6.24s/it]
Epoch 39 | postive loss : 6.43, negtive loss : 826.78, worst lambd: 182.42, worst gap: 0.09:   6%|▌         | 30/500 [04:09<48:50,  6.24s/it]
Epoch 39 | postive loss : 6.43, negtive loss : 826.78, worst lambd: 182.42, worst gap: 0.09:   8%|▊         | 40/500 [04:09<47:47,  6.23s/it]
Epoch 40 | postive loss : 5.98, negtive loss : 868.04, worst lambd: 182.42, worst gap: 0.09:   8%|▊         | 40/500 [04:15<47:47,  6.23s/it]
Epoch 41 | postive loss : 5.59, negtive loss : 911.93, worst lambd: 182.42, worst gap: 0.09:   8%|▊         | 40/500 [04:21<47:47,  6.23s/it]
Epoch 42 | postive loss : 5.19, negtive loss : 951.03, worst lambd: 182.42, worst gap: 0.07:   8%|▊         | 40/500 [04:28<47:47,  6.23s/it]
Epoch 43 | postive loss : 4.83, negtive loss : 990.97, worst lambd: 182.42, worst gap: 0.07:   8%|▊         | 40/500 [04:34<47:47,  6.23s/it]
Epoch 44 | postive loss : 4.48, negtive loss : 1031.71, worst lambd: 182.42, worst gap: 0.06:   8%|▊         | 40/500 [04:40<47:47,  6.23s/it]
Epoch 45 | postive loss : 4.17, negtive loss : 1066.96, worst lambd: 182.42, worst gap: 0.06:   8%|▊         | 40/500 [04:46<47:47,  6.23s/it]
Epoch 46 | postive loss : 3.89, negtive loss : 1106.53, worst lambd: 182.42, worst gap: 0.06:   8%|▊         | 40/500 [04:53<47:47,  6.23s/it]
Epoch 47 | postive loss : 3.61, negtive loss : 1140.06, worst lambd: 182.42, worst gap: 0.04:   8%|▊         | 40/500 [04:59<47:47,  6.23s/it]
Epoch 48 | postive loss : 3.37, negtive loss : 1175.41, worst lambd: 182.42, worst gap: 0.04:   8%|▊         | 40/500 [05:05<47:47,  6.23s/it]
Epoch 49 | postive loss : 3.15, negtive loss : 1205.35, worst lambd: 182.42, worst gap: 0.04:   8%|▊         | 40/500 [05:11<47:47,  6.23s/it]
Epoch 49 | postive loss : 3.15, negtive loss : 1205.35, worst lambd: 182.42, worst gap: 0.04:  10%|█         | 50/500 [05:11<46:44,  6.23s/it]
Epoch 50 | postive loss : 2.94, negtive loss : 1236.17, worst lambd: 182.42, worst gap: 0.03:  10%|█         | 50/500 [05:17<46:44,  6.23s/it]
Epoch 51 | postive loss : 2.77, negtive loss : 1262.42, worst lambd: 182.42, worst gap: 0.03:  10%|█         | 50/500 [05:24<46:44,  6.23s/it]
Epoch 52 | postive loss : 2.62, negtive loss : 1293.09, worst lambd: 182.42, worst gap: 0.03:  10%|█         | 50/500 [05:30<46:44,  6.23s/it]
Epoch 53 | postive loss : 2.48, negtive loss : 1317.01, worst lambd: 182.42, worst gap: 0.03:  10%|█         | 50/500 [05:36<46:44,  6.23s/it]
Epoch 54 | postive loss : 2.36, negtive loss : 1341.52, worst lambd: 182.42, worst gap: 0.03:  10%|█         | 50/500 [05:42<46:44,  6.23s/it]
Epoch 55 | postive loss : 2.26, negtive loss : 1363.67, worst lambd: 182.42, worst gap: 0.03:  10%|█         | 50/500 [05:49<46:44,  6.23s/it]
Epoch 56 | postive loss : 2.15, negtive loss : 1387.29, worst lambd: 182.42, worst gap: 0.03:  10%|█         | 50/500 [05:55<46:44,  6.23s/it]
Epoch 57 | postive loss : 2.05, negtive loss : 1403.03, worst lambd: 182.42, worst gap: 0.03:  10%|█         | 50/500 [06:01<46:44,  6.23s/it]
Epoch 58 | postive loss : 1.99, negtive loss : 1422.45, worst lambd: 182.42, worst gap: 0.03:  10%|█         | 50/500 [06:07<46:44,  6.23s/it]
Epoch 59 | postive loss : 1.93, negtive loss : 1440.75, worst lambd: 182.42, worst gap: 0.03:  10%|█         | 50/500 [06:14<46:44,  6.23s/it]
Epoch 59 | postive loss : 1.93, negtive loss : 1440.75, worst lambd: 182.42, worst gap: 0.03:  12%|█▏        | 60/500 [06:14<45:42,  6.23s/it]
Epoch 60 | postive loss : 1.88, negtive loss : 1456.59, worst lambd: 182.42, worst gap: 0.03:  12%|█▏        | 60/500 [06:20<45:42,  6.23s/it]
Epoch 61 | postive loss : 1.84, negtive loss : 1472.95, worst lambd: 182.42, worst gap: 0.03:  12%|█▏        | 60/500 [06:26<45:42,  6.23s/it]
Epoch 62 | postive loss : 1.79, negtive loss : 1487.29, worst lambd: 182.42, worst gap: 0.03:  12%|█▏        | 60/500 [06:32<45:42,  6.23s/it]
Epoch 63 | postive loss : 1.77, negtive loss : 1503.18, worst lambd: 182.42, worst gap: 0.03:  12%|█▏        | 60/500 [06:38<45:42,  6.23s/it]
Epoch 64 | postive loss : 1.74, negtive loss : 1511.05, worst lambd: 182.42, worst gap: 0.02:  12%|█▏        | 60/500 [06:45<45:42,  6.23s/it]
Epoch 65 | postive loss : 1.74, negtive loss : 1524.41, worst lambd: 182.42, worst gap: 0.02:  12%|█▏        | 60/500 [06:51<45:42,  6.23s/it]
Epoch 66 | postive loss : 1.71, negtive loss : 1534.47, worst lambd: 182.42, worst gap: 0.02:  12%|█▏        | 60/500 [06:57<45:42,  6.23s/it]
Epoch 67 | postive loss : 1.69, negtive loss : 1543.58, worst lambd: 182.42, worst gap: 0.01:  12%|█▏        | 60/500 [07:03<45:42,  6.23s/it]
Epoch 68 | postive loss : 1.68, negtive loss : 1554.87, worst lambd: 182.42, worst gap: 0.01:  12%|█▏        | 60/500 [07:10<45:42,  6.23s/it]
Epoch 69 | postive loss : 1.67, negtive loss : 1559.40, worst lambd: 182.42, worst gap: 0.01:  12%|█▏        | 60/500 [07:16<45:42,  6.23s/it]
Epoch 69 | postive loss : 1.67, negtive loss : 1559.40, worst lambd: 182.42, worst gap: 0.01:  14%|█▍        | 70/500 [07:16<44:39,  6.23s/it]
Epoch 70 | postive loss : 1.69, negtive loss : 1569.01, worst lambd: 182.42, worst gap: 0.01:  14%|█▍        | 70/500 [07:22<44:39,  6.23s/it]
Epoch 71 | postive loss : 1.64, negtive loss : 1575.30, worst lambd: 182.42, worst gap: 0.01:  14%|█▍        | 70/500 [07:28<44:39,  6.23s/it]
Epoch 72 | postive loss : 1.65, negtive loss : 1583.34, worst lambd: 182.42, worst gap: 0.01:  14%|█▍        | 70/500 [07:35<44:39,  6.23s/it]
Epoch 73 | postive loss : 1.62, negtive loss : 1586.19, worst lambd: 182.42, worst gap: 0.01:  14%|█▍        | 70/500 [07:41<44:39,  6.23s/it]
Epoch 74 | postive loss : 1.61, negtive loss : 1591.20, worst lambd: 182.42, worst gap: 0.01:  14%|█▍        | 70/500 [07:47<44:39,  6.23s/it]
Epoch 75 | postive loss : 1.59, negtive loss : 1596.36, worst lambd: 182.42, worst gap: 0.01:  14%|█▍        | 70/500 [07:53<44:39,  6.23s/it]
Epoch 76 | postive loss : 1.58, negtive loss : 1602.08, worst lambd: 182.42, worst gap: 0.01:  14%|█▍        | 70/500 [07:59<44:39,  6.23s/it]
Epoch 77 | postive loss : 1.59, negtive loss : 1610.47, worst lambd: 182.42, worst gap: 0.01:  14%|█▍        | 70/500 [08:06<44:39,  6.23s/it]
Epoch 78 | postive loss : 1.59, negtive loss : 1613.16, worst lambd: 182.42, worst gap: 0.01:  14%|█▍        | 70/500 [08:12<44:39,  6.23s/it]
Epoch 79 | postive loss : 1.57, negtive loss : 1615.68, worst lambd: 182.42, worst gap: 0.01:  14%|█▍        | 70/500 [08:18<44:39,  6.23s/it]
Epoch 79 | postive loss : 1.57, negtive loss : 1615.68, worst lambd: 182.42, worst gap: 0.01:  16%|█▌        | 80/500 [08:18<43:37,  6.23s/it]
Epoch 80 | postive loss : 1.56, negtive loss : 1618.20, worst lambd: 182.42, worst gap: 0.01:  16%|█▌        | 80/500 [08:24<43:37,  6.23s/it]
Epoch 81 | postive loss : 1.57, negtive loss : 1624.03, worst lambd: 182.42, worst gap: 0.01:  16%|█▌        | 80/500 [08:31<43:37,  6.23s/it]
Epoch 82 | postive loss : 1.58, negtive loss : 1627.21, worst lambd: 182.42, worst gap: 0.01:  16%|█▌        | 80/500 [08:37<43:37,  6.23s/it]
Epoch 83 | postive loss : 1.53, negtive loss : 1628.91, worst lambd: 182.42, worst gap: 0.01:  16%|█▌        | 80/500 [08:43<43:37,  6.23s/it]
Epoch 84 | postive loss : 1.55, negtive loss : 1635.27, worst lambd: 182.42, worst gap: 0.01:  16%|█▌        | 80/500 [08:49<43:37,  6.23s/it]
Epoch 85 | postive loss : 1.54, negtive loss : 1635.62, worst lambd: 182.42, worst gap: 0.01:  16%|█▌        | 80/500 [08:56<43:37,  6.23s/it]
Epoch 86 | postive loss : 1.53, negtive loss : 1633.93, worst lambd: 182.42, worst gap: 0.01:  16%|█▌        | 80/500 [09:02<43:37,  6.23s/it]
Epoch 87 | postive loss : 1.52, negtive loss : 1641.36, worst lambd: 182.42, worst gap: 0.01:  16%|█▌        | 80/500 [09:08<43:37,  6.23s/it]
Epoch 88 | postive loss : 1.53, negtive loss : 1642.68, worst lambd: 182.42, worst gap: 0.01:  16%|█▌        | 80/500 [09:14<43:37,  6.23s/it]
Epoch 89 | postive loss : 1.50, negtive loss : 1646.24, worst lambd: 182.42, worst gap: 0.01:  16%|█▌        | 80/500 [09:21<43:37,  6.23s/it]
Epoch 89 | postive loss : 1.50, negtive loss : 1646.24, worst lambd: 182.42, worst gap: 0.01:  18%|█▊        | 90/500 [09:21<42:36,  6.24s/it]
Epoch 90 | postive loss : 1.52, negtive loss : 1648.21, worst lambd: 182.42, worst gap: 0.01:  18%|█▊        | 90/500 [09:27<42:36,  6.24s/it]
Epoch 91 | postive loss : 1.51, negtive loss : 1652.03, worst lambd: 182.42, worst gap: 0.01:  18%|█▊        | 90/500 [09:33<42:36,  6.24s/it]
Epoch 92 | postive loss : 1.50, negtive loss : 1653.77, worst lambd: 182.42, worst gap: 0.01:  18%|█▊        | 90/500 [09:39<42:36,  6.24s/it]
Epoch 93 | postive loss : 1.48, negtive loss : 1656.09, worst lambd: 182.42, worst gap: 0.01:  18%|█▊        | 90/500 [09:46<42:36,  6.24s/it]
Epoch 94 | postive loss : 1.50, negtive loss : 1658.26, worst lambd: 182.42, worst gap: 0.01:  18%|█▊        | 90/500 [09:52<42:36,  6.24s/it]
Epoch 95 | postive loss : 1.49, negtive loss : 1662.19, worst lambd: 182.42, worst gap: 0.01:  18%|█▊        | 90/500 [09:58<42:36,  6.24s/it]
Epoch 96 | postive loss : 1.49, negtive loss : 1664.76, worst lambd: 182.42, worst gap: 0.01:  18%|█▊        | 90/500 [10:04<42:36,  6.24s/it]
Epoch 97 | postive loss : 1.48, negtive loss : 1665.00, worst lambd: 182.42, worst gap: 0.01:  18%|█▊        | 90/500 [10:11<42:36,  6.24s/it]
Epoch 98 | postive loss : 1.48, negtive loss : 1668.70, worst lambd: 182.42, worst gap: 0.01:  18%|█▊        | 90/500 [10:17<42:36,  6.24s/it]
Epoch 99 | postive loss : 1.51, negtive loss : 1670.87, worst lambd: 182.42, worst gap: 0.01:  18%|█▊        | 90/500 [10:23<42:36,  6.24s/it]
Epoch 99 | postive loss : 1.51, negtive loss : 1670.87, worst lambd: 182.42, worst gap: 0.01:  20%|██        | 100/500 [10:23<41:34,  6.24s/it]
Epoch 100 | postive loss : 1.48, negtive loss : 1672.04, worst lambd: 182.42, worst gap: 0.01:  20%|██        | 100/500 [10:29<41:34,  6.24s/it]
Epoch 101 | postive loss : 1.46, negtive loss : 1674.75, worst lambd: 182.42, worst gap: 0.01:  20%|██        | 100/500 [10:35<41:34,  6.24s/it]
Epoch 102 | postive loss : 1.49, negtive loss : 1678.14, worst lambd: 182.42, worst gap: 0.01:  20%|██        | 100/500 [10:42<41:34,  6.24s/it]
Epoch 103 | postive loss : 1.48, negtive loss : 1680.59, worst lambd: 182.42, worst gap: 0.01:  20%|██        | 100/500 [10:48<41:34,  6.24s/it]
Epoch 104 | postive loss : 1.45, negtive loss : 1682.18, worst lambd: 182.42, worst gap: 0.01:  20%|██        | 100/500 [10:54<41:34,  6.24s/it]
Epoch 105 | postive loss : 1.49, negtive loss : 1685.91, worst lambd: 182.42, worst gap: 0.01:  20%|██        | 100/500 [11:00<41:34,  6.24s/it]
Epoch 106 | postive loss : 1.46, negtive loss : 1689.85, worst lambd: 182.42, worst gap: 0.01:  20%|██        | 100/500 [11:07<41:34,  6.24s/it]
Epoch 107 | postive loss : 1.49, negtive loss : 1688.83, worst lambd: 182.42, worst gap: 0.01:  20%|██        | 100/500 [11:13<41:34,  6.24s/it]
Epoch 108 | postive loss : 1.47, negtive loss : 1688.95, worst lambd: 182.42, worst gap: 0.00:  20%|██        | 100/500 [11:19<41:34,  6.24s/it]
Epoch 109 | postive loss : 1.45, negtive loss : 1690.74, worst lambd: 182.42, worst gap: 0.00:  20%|██        | 100/500 [11:25<41:34,  6.24s/it]
Epoch 109 | postive loss : 1.45, negtive loss : 1690.74, worst lambd: 182.42, worst gap: 0.00:  22%|██▏       | 110/500 [11:25<40:32,  6.24s/it]
Epoch 110 | postive loss : 1.45, negtive loss : 1697.90, worst lambd: 182.42, worst gap: 0.00:  22%|██▏       | 110/500 [11:32<40:32,  6.24s/it]
Epoch 111 | postive loss : 1.43, negtive loss : 1698.88, worst lambd: 182.42, worst gap: 0.00:  22%|██▏       | 110/500 [11:38<40:32,  6.24s/it]
Epoch 112 | postive loss : 1.44, negtive loss : 1700.35, worst lambd: 182.42, worst gap: 0.00:  22%|██▏       | 110/500 [11:44<40:32,  6.24s/it]
Epoch 113 | postive loss : 1.42, negtive loss : 1704.07, worst lambd: 182.42, worst gap: 0.00:  22%|██▏       | 110/500 [11:50<40:32,  6.24s/it]
Epoch 114 | postive loss : 1.42, negtive loss : 1706.49, worst lambd: 182.42, worst gap: 0.00:  22%|██▏       | 110/500 [11:57<40:32,  6.24s/it]
Epoch 115 | postive loss : 1.42, negtive loss : 1704.42, worst lambd: 182.42, worst gap: 0.00:  22%|██▏       | 110/500 [12:03<40:32,  6.24s/it]
Epoch 116 | postive loss : 1.44, negtive loss : 1710.89, worst lambd: 182.42, worst gap: 0.00:  22%|██▏       | 110/500 [12:09<40:32,  6.24s/it]
Epoch 117 | postive loss : 1.43, negtive loss : 1707.67, worst lambd: 182.42, worst gap: 0.00:  22%|██▏       | 110/500 [12:15<40:32,  6.24s/it]
Epoch 118 | postive loss : 1.42, negtive loss : 1707.73, worst lambd: 182.42, worst gap: 0.00:  22%|██▏       | 110/500 [12:22<40:32,  6.24s/it]
Epoch 119 | postive loss : 1.41, negtive loss : 1711.68, worst lambd: 182.42, worst gap: 0.00:  22%|██▏       | 110/500 [12:28<40:32,  6.24s/it]
Epoch 119 | postive loss : 1.41, negtive loss : 1711.68, worst lambd: 182.42, worst gap: 0.00:  24%|██▍       | 120/500 [12:28<39:30,  6.24s/it]
Epoch 120 | postive loss : 1.43, negtive loss : 1713.65, worst lambd: 182.42, worst gap: 0.00:  24%|██▍       | 120/500 [12:34<39:30,  6.24s/it]
Epoch 121 | postive loss : 1.40, negtive loss : 1714.00, worst lambd: 182.42, worst gap: 0.00:  24%|██▍       | 120/500 [12:40<39:30,  6.24s/it]
Epoch 122 | postive loss : 1.39, negtive loss : 1716.16, worst lambd: 182.42, worst gap: 0.00:  24%|██▍       | 120/500 [12:47<39:30,  6.24s/it]
Epoch 123 | postive loss : 1.39, negtive loss : 1718.48, worst lambd: 182.42, worst gap: 0.00:  24%|██▍       | 120/500 [12:53<39:30,  6.24s/it]
Epoch 124 | postive loss : 1.39, negtive loss : 1723.33, worst lambd: 182.42, worst gap: 0.00:  24%|██▍       | 120/500 [12:59<39:30,  6.24s/it]
Epoch 125 | postive loss : 1.39, negtive loss : 1724.02, worst lambd: 182.42, worst gap: 0.00:  24%|██▍       | 120/500 [13:05<39:30,  6.24s/it]
Epoch 126 | postive loss : 1.44, negtive loss : 1723.68, worst lambd: 182.42, worst gap: 0.00:  24%|██▍       | 120/500 [13:11<39:30,  6.24s/it]
Epoch 127 | postive loss : 1.42, negtive loss : 1722.02, worst lambd: 182.42, worst gap: 0.00:  24%|██▍       | 120/500 [13:18<39:30,  6.24s/it]
Epoch 128 | postive loss : 1.42, negtive loss : 1726.63, worst lambd: 182.42, worst gap: 0.00:  24%|██▍       | 120/500 [13:24<39:30,  6.24s/it]
Epoch 129 | postive loss : 1.38, negtive loss : 1727.02, worst lambd: 182.42, worst gap: 0.00:  24%|██▍       | 120/500 [13:30<39:30,  6.24s/it]
Epoch 129 | postive loss : 1.38, negtive loss : 1727.02, worst lambd: 182.42, worst gap: 0.00:  26%|██▌       | 130/500 [13:30<38:28,  6.24s/it]
Epoch 130 | postive loss : 1.37, negtive loss : 1727.00, worst lambd: 182.42, worst gap: 0.00:  26%|██▌       | 130/500 [13:36<38:28,  6.24s/it]
Epoch 131 | postive loss : 1.38, negtive loss : 1733.59, worst lambd: 182.42, worst gap: 0.00:  26%|██▌       | 130/500 [13:43<38:28,  6.24s/it]
Epoch 132 | postive loss : 1.37, negtive loss : 1733.08, worst lambd: 182.42, worst gap: 0.00:  26%|██▌       | 130/500 [13:49<38:28,  6.24s/it]
Epoch 133 | postive loss : 1.39, negtive loss : 1738.76, worst lambd: 182.42, worst gap: 0.00:  26%|██▌       | 130/500 [13:55<38:28,  6.24s/it]
Epoch 134 | postive loss : 1.40, negtive loss : 1736.93, worst lambd: 182.42, worst gap: 0.00:  26%|██▌       | 130/500 [14:01<38:28,  6.24s/it]
Epoch 135 | postive loss : 1.41, negtive loss : 1735.49, worst lambd: 182.42, worst gap: 0.00:  26%|██▌       | 130/500 [14:08<38:28,  6.24s/it]
Epoch 136 | postive loss : 1.37, negtive loss : 1738.88, worst lambd: 182.42, worst gap: 0.00:  26%|██▌       | 130/500 [14:14<38:28,  6.24s/it]
Epoch 137 | postive loss : 1.36, negtive loss : 1739.40, worst lambd: 182.42, worst gap: 0.00:  26%|██▌       | 130/500 [14:20<38:28,  6.24s/it]
Epoch 138 | postive loss : 1.37, negtive loss : 1743.33, worst lambd: 182.42, worst gap: 0.00:  26%|██▌       | 130/500 [14:26<38:28,  6.24s/it]
Epoch 139 | postive loss : 1.39, negtive loss : 1743.68, worst lambd: 182.42, worst gap: 0.00:  26%|██▌       | 130/500 [14:33<38:28,  6.24s/it]
Epoch 139 | postive loss : 1.39, negtive loss : 1743.68, worst lambd: 182.42, worst gap: 0.00:  28%|██▊       | 140/500 [14:33<37:25,  6.24s/it]
Epoch 140 | postive loss : 1.40, negtive loss : 1745.48, worst lambd: 182.42, worst gap: 0.00:  28%|██▊       | 140/500 [14:39<37:25,  6.24s/it]
Epoch 141 | postive loss : 1.38, negtive loss : 1749.98, worst lambd: 182.42, worst gap: 0.00:  28%|██▊       | 140/500 [14:45<37:25,  6.24s/it]
Epoch 142 | postive loss : 1.41, negtive loss : 1750.14, worst lambd: 182.42, worst gap: 0.00:  28%|██▊       | 140/500 [14:51<37:25,  6.24s/it]
Epoch 143 | postive loss : 1.38, negtive loss : 1749.80, worst lambd: 182.42, worst gap: 0.00:  28%|██▊       | 140/500 [14:58<37:25,  6.24s/it]
Epoch 144 | postive loss : 1.37, negtive loss : 1748.95, worst lambd: 182.42, worst gap: 0.00:  28%|██▊       | 140/500 [15:04<37:25,  6.24s/it]
Epoch 145 | postive loss : 1.36, negtive loss : 1752.83, worst lambd: 182.42, worst gap: 0.00:  28%|██▊       | 140/500 [15:10<37:25,  6.24s/it]
Epoch 146 | postive loss : 1.35, negtive loss : 1755.20, worst lambd: 182.42, worst gap: 0.00:  28%|██▊       | 140/500 [15:16<37:25,  6.24s/it]
Epoch 147 | postive loss : 1.34, negtive loss : 1758.34, worst lambd: 182.42, worst gap: 0.00:  28%|██▊       | 140/500 [15:22<37:25,  6.24s/it]
Epoch 148 | postive loss : 1.36, negtive loss : 1761.14, worst lambd: 182.42, worst gap: 0.00:  28%|██▊       | 140/500 [15:29<37:25,  6.24s/it]
Epoch 149 | postive loss : 1.36, negtive loss : 1760.34, worst lambd: 182.42, worst gap: 0.00:  28%|██▊       | 140/500 [15:35<37:25,  6.24s/it]
Epoch 149 | postive loss : 1.36, negtive loss : 1760.34, worst lambd: 182.42, worst gap: 0.00:  30%|███       | 150/500 [15:35<36:23,  6.24s/it]
Epoch 150 | postive loss : 1.34, negtive loss : 1761.60, worst lambd: 182.42, worst gap: 0.00:  30%|███       | 150/500 [15:41<36:23,  6.24s/it]
Epoch 151 | postive loss : 1.35, negtive loss : 1767.07, worst lambd: 182.42, worst gap: 0.00:  30%|███       | 150/500 [15:47<36:23,  6.24s/it]
Epoch 152 | postive loss : 1.34, negtive loss : 1770.02, worst lambd: 182.42, worst gap: 0.00:  30%|███       | 150/500 [15:54<36:23,  6.24s/it]
Epoch 153 | postive loss : 1.36, negtive loss : 1770.38, worst lambd: 182.42, worst gap: 0.00:  30%|███       | 150/500 [16:00<36:23,  6.24s/it]
Epoch 154 | postive loss : 1.33, negtive loss : 1769.87, worst lambd: 182.42, worst gap: 0.00:  30%|███       | 150/500 [16:06<36:23,  6.24s/it]
Epoch 155 | postive loss : 1.37, negtive loss : 1774.90, worst lambd: 182.42, worst gap: 0.00:  30%|███       | 150/500 [16:12<36:23,  6.24s/it]
Epoch 156 | postive loss : 1.35, negtive loss : 1776.54, worst lambd: 182.42, worst gap: 0.00:  30%|███       | 150/500 [16:19<36:23,  6.24s/it]
Epoch 157 | postive loss : 1.36, negtive loss : 1775.96, worst lambd: 182.42, worst gap: 0.00:  30%|███       | 150/500 [16:25<36:23,  6.24s/it]
Epoch 158 | postive loss : 1.36, negtive loss : 1773.96, worst lambd: 182.42, worst gap: 0.00:  30%|███       | 150/500 [16:31<36:23,  6.24s/it]
Epoch 159 | postive loss : 1.32, negtive loss : 1776.61, worst lambd: 182.42, worst gap: 0.00:  30%|███       | 150/500 [16:37<36:23,  6.24s/it]
Epoch 159 | postive loss : 1.32, negtive loss : 1776.61, worst lambd: 182.42, worst gap: 0.00:  32%|███▏      | 160/500 [16:37<35:21,  6.24s/it]
Epoch 160 | postive loss : 1.35, negtive loss : 1783.57, worst lambd: 182.42, worst gap: 0.00:  32%|███▏      | 160/500 [16:44<35:21,  6.24s/it]
Epoch 161 | postive loss : 1.35, negtive loss : 1780.18, worst lambd: 182.42, worst gap: 0.00:  32%|███▏      | 160/500 [16:50<35:21,  6.24s/it]
Epoch 162 | postive loss : 1.36, negtive loss : 1781.22, worst lambd: 182.42, worst gap: 0.00:  32%|███▏      | 160/500 [16:56<35:21,  6.24s/it]
Epoch 163 | postive loss : 1.35, negtive loss : 1784.91, worst lambd: 182.42, worst gap: 0.00:  32%|███▏      | 160/500 [17:02<35:21,  6.24s/it]
Epoch 164 | postive loss : 1.33, negtive loss : 1787.78, worst lambd: 182.42, worst gap: 0.00:  32%|███▏      | 160/500 [17:09<35:21,  6.24s/it]
Epoch 165 | postive loss : 1.31, negtive loss : 1785.51, worst lambd: 182.42, worst gap: 0.00:  32%|███▏      | 160/500 [17:15<35:21,  6.24s/it]
Epoch 166 | postive loss : 1.34, negtive loss : 1794.26, worst lambd: 182.42, worst gap: 0.00:  32%|███▏      | 160/500 [17:21<35:21,  6.24s/it]
Epoch 167 | postive loss : 1.32, negtive loss : 1789.69, worst lambd: 182.42, worst gap: 0.00:  32%|███▏      | 160/500 [17:27<35:21,  6.24s/it]
Epoch 168 | postive loss : 1.32, negtive loss : 1796.06, worst lambd: 182.42, worst gap: 0.00:  32%|███▏      | 160/500 [17:34<35:21,  6.24s/it]
Epoch 169 | postive loss : 1.31, negtive loss : 1791.60, worst lambd: 182.42, worst gap: 0.00:  32%|███▏      | 160/500 [17:40<35:21,  6.24s/it]
Epoch 169 | postive loss : 1.31, negtive loss : 1791.60, worst lambd: 182.42, worst gap: 0.00:  34%|███▍      | 170/500 [17:40<34:18,  6.24s/it]
Epoch 170 | postive loss : 1.33, negtive loss : 1800.68, worst lambd: 182.42, worst gap: 0.00:  34%|███▍      | 170/500 [17:46<34:18,  6.24s/it]
Epoch 171 | postive loss : 1.33, negtive loss : 1797.41, worst lambd: 182.42, worst gap: 0.00:  34%|███▍      | 170/500 [17:52<34:18,  6.24s/it]
Epoch 172 | postive loss : 1.31, negtive loss : 1796.29, worst lambd: 182.42, worst gap: 0.00:  34%|███▍      | 170/500 [17:58<34:18,  6.24s/it]
Epoch 173 | postive loss : 1.29, negtive loss : 1805.34, worst lambd: 182.42, worst gap: 0.00:  34%|███▍      | 170/500 [18:05<34:18,  6.24s/it]
Epoch 174 | postive loss : 1.29, negtive loss : 1803.97, worst lambd: 182.42, worst gap: 0.00:  34%|███▍      | 170/500 [18:11<34:18,  6.24s/it]
Epoch 175 | postive loss : 1.30, negtive loss : 1806.27, worst lambd: 182.42, worst gap: 0.00:  34%|███▍      | 170/500 [18:17<34:18,  6.24s/it]
Epoch 176 | postive loss : 1.31, negtive loss : 1811.06, worst lambd: 182.42, worst gap: 0.00:  34%|███▍      | 170/500 [18:23<34:18,  6.24s/it]
Epoch 177 | postive loss : 1.31, negtive loss : 1808.73, worst lambd: 182.42, worst gap: 0.00:  34%|███▍      | 170/500 [18:30<34:18,  6.24s/it]
Epoch 178 | postive loss : 1.31, negtive loss : 1809.52, worst lambd: 182.42, worst gap: 0.00:  34%|███▍      | 170/500 [18:36<34:18,  6.24s/it]
Epoch 179 | postive loss : 1.29, negtive loss : 1811.55, worst lambd: 182.42, worst gap: 0.00:  34%|███▍      | 170/500 [18:42<34:18,  6.24s/it]
Epoch 179 | postive loss : 1.29, negtive loss : 1811.55, worst lambd: 182.42, worst gap: 0.00:  36%|███▌      | 180/500 [18:42<33:16,  6.24s/it]
Epoch 180 | postive loss : 1.31, negtive loss : 1812.98, worst lambd: 182.42, worst gap: 0.00:  36%|███▌      | 180/500 [18:48<33:16,  6.24s/it]
Epoch 181 | postive loss : 1.33, negtive loss : 1815.48, worst lambd: 182.42, worst gap: 0.00:  36%|███▌      | 180/500 [18:55<33:16,  6.24s/it]
Epoch 182 | postive loss : 1.31, negtive loss : 1813.36, worst lambd: 182.42, worst gap: 0.00:  36%|███▌      | 180/500 [19:01<33:16,  6.24s/it]
Epoch 183 | postive loss : 1.31, negtive loss : 1813.59, worst lambd: 182.42, worst gap: 0.00:  36%|███▌      | 180/500 [19:07<33:16,  6.24s/it]
Epoch 184 | postive loss : 1.32, negtive loss : 1819.29, worst lambd: 182.42, worst gap: 0.00:  36%|███▌      | 180/500 [19:13<33:16,  6.24s/it]
Epoch 185 | postive loss : 1.32, negtive loss : 1818.49, worst lambd: 182.42, worst gap: 0.00:  36%|███▌      | 180/500 [19:20<33:16,  6.24s/it]
Epoch 186 | postive loss : 1.32, negtive loss : 1820.18, worst lambd: 182.42, worst gap: 0.00:  36%|███▌      | 180/500 [19:26<33:16,  6.24s/it]
Epoch 187 | postive loss : 1.31, negtive loss : 1820.62, worst lambd: 182.42, worst gap: 0.00:  36%|███▌      | 180/500 [19:32<33:16,  6.24s/it]
Epoch 188 | postive loss : 1.32, negtive loss : 1822.22, worst lambd: 182.42, worst gap: 0.00:  36%|███▌      | 180/500 [19:38<33:16,  6.24s/it]
Epoch 189 | postive loss : 1.31, negtive loss : 1822.25, worst lambd: 182.42, worst gap: 0.00:  36%|███▌      | 180/500 [19:45<33:16,  6.24s/it]
Epoch 189 | postive loss : 1.31, negtive loss : 1822.25, worst lambd: 182.42, worst gap: 0.00:  38%|███▊      | 190/500 [19:45<32:15,  6.24s/it]
Epoch 190 | postive loss : 1.31, negtive loss : 1825.00, worst lambd: 182.42, worst gap: 0.00:  38%|███▊      | 190/500 [19:51<32:15,  6.24s/it]
Epoch 191 | postive loss : 1.33, negtive loss : 1829.13, worst lambd: 182.42, worst gap: 0.00:  38%|███▊      | 190/500 [19:57<32:15,  6.24s/it]
Epoch 192 | postive loss : 1.35, negtive loss : 1828.62, worst lambd: 182.42, worst gap: 0.00:  38%|███▊      | 190/500 [20:03<32:15,  6.24s/it]
Epoch 193 | postive loss : 1.31, negtive loss : 1831.24, worst lambd: 182.42, worst gap: 0.00:  38%|███▊      | 190/500 [20:10<32:15,  6.24s/it]
Epoch 194 | postive loss : 1.33, negtive loss : 1839.26, worst lambd: 182.42, worst gap: 0.00:  38%|███▊      | 190/500 [20:16<32:15,  6.24s/it]
Epoch 195 | postive loss : 1.30, negtive loss : 1832.78, worst lambd: 182.42, worst gap: 0.00:  38%|███▊      | 190/500 [20:22<32:15,  6.24s/it]
Epoch 196 | postive loss : 1.30, negtive loss : 1839.75, worst lambd: 182.42, worst gap: 0.00:  38%|███▊      | 190/500 [20:28<32:15,  6.24s/it]
Epoch 197 | postive loss : 1.28, negtive loss : 1840.97, worst lambd: 182.42, worst gap: 0.00:  38%|███▊      | 190/500 [20:35<32:15,  6.24s/it]
Epoch 198 | postive loss : 1.28, negtive loss : 1843.47, worst lambd: 182.42, worst gap: 0.00:  38%|███▊      | 190/500 [20:41<32:15,  6.24s/it]
Epoch 199 | postive loss : 1.32, negtive loss : 1848.46, worst lambd: 182.42, worst gap: 0.00:  38%|███▊      | 190/500 [20:47<32:15,  6.24s/it]
Epoch 199 | postive loss : 1.32, negtive loss : 1848.46, worst lambd: 182.42, worst gap: 0.00:  40%|████      | 200/500 [20:47<31:12,  6.24s/it]
Epoch 200 | postive loss : 1.34, negtive loss : 1844.64, worst lambd: 182.42, worst gap: 0.00:  40%|████      | 200/500 [20:53<31:12,  6.24s/it]
Epoch 201 | postive loss : 1.30, negtive loss : 1842.75, worst lambd: 182.42, worst gap: 0.00:  40%|████      | 200/500 [21:00<31:12,  6.24s/it]
Epoch 202 | postive loss : 1.28, negtive loss : 1847.85, worst lambd: 182.42, worst gap: 0.00:  40%|████      | 200/500 [21:06<31:12,  6.24s/it]
Epoch 203 | postive loss : 1.31, negtive loss : 1847.37, worst lambd: 182.42, worst gap: 0.00:  40%|████      | 200/500 [21:12<31:12,  6.24s/it]
Epoch 204 | postive loss : 1.30, negtive loss : 1852.06, worst lambd: 182.42, worst gap: 0.00:  40%|████      | 200/500 [21:18<31:12,  6.24s/it]
Epoch 205 | postive loss : 1.28, negtive loss : 1852.24, worst lambd: 182.42, worst gap: 0.00:  40%|████      | 200/500 [21:24<31:12,  6.24s/it]
Epoch 206 | postive loss : 1.26, negtive loss : 1854.90, worst lambd: 182.42, worst gap: 0.00:  40%|████      | 200/500 [21:31<31:12,  6.24s/it]
Epoch 207 | postive loss : 1.22, negtive loss : 1857.41, worst lambd: 182.42, worst gap: 0.00:  40%|████      | 200/500 [21:37<31:12,  6.24s/it]
Epoch 208 | postive loss : 1.27, negtive loss : 1865.46, worst lambd: 182.42, worst gap: 0.00:  40%|████      | 200/500 [21:43<31:12,  6.24s/it]
Epoch 209 | postive loss : 1.25, negtive loss : 1860.76, worst lambd: 182.42, worst gap: 0.00:  40%|████      | 200/500 [21:49<31:12,  6.24s/it]
Epoch 209 | postive loss : 1.25, negtive loss : 1860.76, worst lambd: 182.42, worst gap: 0.00:  42%|████▏     | 210/500 [21:49<30:09,  6.24s/it]
Epoch 210 | postive loss : 1.28, negtive loss : 1863.55, worst lambd: 182.42, worst gap: 0.00:  42%|████▏     | 210/500 [21:56<30:09,  6.24s/it]
Epoch 211 | postive loss : 1.30, negtive loss : 1867.68, worst lambd: 182.42, worst gap: 0.00:  42%|████▏     | 210/500 [22:02<30:09,  6.24s/it]
Epoch 212 | postive loss : 1.31, negtive loss : 1867.05, worst lambd: 182.42, worst gap: 0.00:  42%|████▏     | 210/500 [22:08<30:09,  6.24s/it]
Epoch 213 | postive loss : 1.31, negtive loss : 1869.18, worst lambd: 182.42, worst gap: 0.00:  42%|████▏     | 210/500 [22:14<30:09,  6.24s/it]
Epoch 214 | postive loss : 1.26, negtive loss : 1866.39, worst lambd: 182.42, worst gap: 0.00:  42%|████▏     | 210/500 [22:21<30:09,  6.24s/it]
Epoch 215 | postive loss : 1.28, negtive loss : 1869.12, worst lambd: 182.42, worst gap: 0.00:  42%|████▏     | 210/500 [22:27<30:09,  6.24s/it]
Epoch 216 | postive loss : 1.29, negtive loss : 1868.72, worst lambd: 182.42, worst gap: 0.00:  42%|████▏     | 210/500 [22:33<30:09,  6.24s/it]
Epoch 217 | postive loss : 1.23, negtive loss : 1867.01, worst lambd: 182.42, worst gap: 0.00:  42%|████▏     | 210/500 [22:39<30:09,  6.24s/it]
Epoch 218 | postive loss : 1.25, negtive loss : 1869.04, worst lambd: 182.42, worst gap: 0.00:  42%|████▏     | 210/500 [22:46<30:09,  6.24s/it]
Epoch 219 | postive loss : 1.30, negtive loss : 1877.44, worst lambd: 182.42, worst gap: 0.00:  42%|████▏     | 210/500 [22:52<30:09,  6.24s/it]
Epoch 219 | postive loss : 1.30, negtive loss : 1877.44, worst lambd: 182.42, worst gap: 0.00:  44%|████▍     | 220/500 [22:52<29:07,  6.24s/it]
Epoch 220 | postive loss : 1.26, negtive loss : 1876.34, worst lambd: 182.42, worst gap: 0.00:  44%|████▍     | 220/500 [22:58<29:07,  6.24s/it]
Epoch 221 | postive loss : 1.26, negtive loss : 1879.66, worst lambd: 182.42, worst gap: 0.00:  44%|████▍     | 220/500 [23:04<29:07,  6.24s/it]
Epoch 222 | postive loss : 1.25, negtive loss : 1876.98, worst lambd: 182.42, worst gap: 0.00:  44%|████▍     | 220/500 [23:11<29:07,  6.24s/it]
Epoch 223 | postive loss : 1.27, negtive loss : 1880.69, worst lambd: 182.42, worst gap: 0.00:  44%|████▍     | 220/500 [23:17<29:07,  6.24s/it]
Epoch 224 | postive loss : 1.27, negtive loss : 1877.33, worst lambd: 182.42, worst gap: 0.00:  44%|████▍     | 220/500 [23:23<29:07,  6.24s/it]
Epoch 225 | postive loss : 1.28, negtive loss : 1884.22, worst lambd: 182.42, worst gap: 0.00:  44%|████▍     | 220/500 [23:29<29:07,  6.24s/it]
Epoch 226 | postive loss : 1.30, negtive loss : 1884.46, worst lambd: 182.42, worst gap: 0.00:  44%|████▍     | 220/500 [23:35<29:07,  6.24s/it]
Epoch 227 | postive loss : 1.29, negtive loss : 1893.67, worst lambd: 182.42, worst gap: 0.00:  44%|████▍     | 220/500 [23:42<29:07,  6.24s/it]
Epoch 228 | postive loss : 1.29, negtive loss : 1892.89, worst lambd: 182.42, worst gap: 0.00:  44%|████▍     | 220/500 [23:48<29:07,  6.24s/it]
Epoch 229 | postive loss : 1.30, negtive loss : 1897.48, worst lambd: 182.42, worst gap: 0.00:  44%|████▍     | 220/500 [23:54<29:07,  6.24s/it]
Epoch 229 | postive loss : 1.30, negtive loss : 1897.48, worst lambd: 182.42, worst gap: 0.00:  46%|████▌     | 230/500 [23:54<28:04,  6.24s/it]
Epoch 230 | postive loss : 1.28, negtive loss : 1888.13, worst lambd: 182.42, worst gap: 0.00:  46%|████▌     | 230/500 [24:00<28:04,  6.24s/it]
Epoch 231 | postive loss : 1.27, negtive loss : 1894.92, worst lambd: 182.42, worst gap: 0.00:  46%|████▌     | 230/500 [24:07<28:04,  6.24s/it]
Epoch 232 | postive loss : 1.28, negtive loss : 1891.57, worst lambd: 182.42, worst gap: 0.00:  46%|████▌     | 230/500 [24:13<28:04,  6.24s/it]
Epoch 233 | postive loss : 1.29, negtive loss : 1894.98, worst lambd: 182.42, worst gap: 0.00:  46%|████▌     | 230/500 [24:19<28:04,  6.24s/it]
Epoch 234 | postive loss : 1.28, negtive loss : 1896.12, worst lambd: 182.42, worst gap: 0.00:  46%|████▌     | 230/500 [24:25<28:04,  6.24s/it]
Epoch 235 | postive loss : 1.25, negtive loss : 1896.44, worst lambd: 182.42, worst gap: 0.00:  46%|████▌     | 230/500 [24:32<28:04,  6.24s/it]
Epoch 236 | postive loss : 1.24, negtive loss : 1902.27, worst lambd: 182.42, worst gap: 0.00:  46%|████▌     | 230/500 [24:38<28:04,  6.24s/it]
Epoch 237 | postive loss : 1.24, negtive loss : 1898.51, worst lambd: 182.42, worst gap: 0.00:  46%|████▌     | 230/500 [24:44<28:04,  6.24s/it]
Epoch 238 | postive loss : 1.26, negtive loss : 1902.63, worst lambd: 182.42, worst gap: 0.00:  46%|████▌     | 230/500 [24:50<28:04,  6.24s/it]
Epoch 239 | postive loss : 1.26, negtive loss : 1905.21, worst lambd: 182.42, worst gap: 0.00:  46%|████▌     | 230/500 [24:57<28:04,  6.24s/it]
Epoch 239 | postive loss : 1.26, negtive loss : 1905.21, worst lambd: 182.42, worst gap: 0.00:  48%|████▊     | 240/500 [24:57<27:02,  6.24s/it]
Epoch 240 | postive loss : 1.27, negtive loss : 1907.47, worst lambd: 182.42, worst gap: 0.00:  48%|████▊     | 240/500 [25:03<27:02,  6.24s/it]
Epoch 241 | postive loss : 1.30, negtive loss : 1904.02, worst lambd: 182.42, worst gap: 0.00:  48%|████▊     | 240/500 [25:09<27:02,  6.24s/it]
Epoch 242 | postive loss : 1.28, negtive loss : 1907.04, worst lambd: 182.42, worst gap: 0.00:  48%|████▊     | 240/500 [25:15<27:02,  6.24s/it]
Epoch 243 | postive loss : 1.29, negtive loss : 1907.32, worst lambd: 182.42, worst gap: 0.00:  48%|████▊     | 240/500 [25:22<27:02,  6.24s/it]
Epoch 244 | postive loss : 1.28, negtive loss : 1907.76, worst lambd: 182.42, worst gap: 0.00:  48%|████▊     | 240/500 [25:28<27:02,  6.24s/it]
Epoch 245 | postive loss : 1.28, negtive loss : 1910.00, worst lambd: 182.42, worst gap: 0.00:  48%|████▊     | 240/500 [25:34<27:02,  6.24s/it]
Epoch 246 | postive loss : 1.26, negtive loss : 1909.09, worst lambd: 182.42, worst gap: 0.00:  48%|████▊     | 240/500 [25:40<27:02,  6.24s/it]
Epoch 247 | postive loss : 1.26, negtive loss : 1913.76, worst lambd: 182.42, worst gap: 0.00:  48%|████▊     | 240/500 [25:47<27:02,  6.24s/it]
Epoch 248 | postive loss : 1.28, negtive loss : 1915.89, worst lambd: 182.42, worst gap: 0.00:  48%|████▊     | 240/500 [25:53<27:02,  6.24s/it]
Epoch 249 | postive loss : 1.30, negtive loss : 1920.41, worst lambd: 182.42, worst gap: 0.00:  48%|████▊     | 240/500 [25:59<27:02,  6.24s/it]
Epoch 249 | postive loss : 1.30, negtive loss : 1920.41, worst lambd: 182.42, worst gap: 0.00:  50%|█████     | 250/500 [25:59<25:59,  6.24s/it]
Epoch 250 | postive loss : 1.27, negtive loss : 1917.42, worst lambd: 182.42, worst gap: 0.00:  50%|█████     | 250/500 [26:05<25:59,  6.24s/it]
Epoch 251 | postive loss : 1.27, negtive loss : 1920.91, worst lambd: 182.42, worst gap: 0.00:  50%|█████     | 250/500 [26:11<25:59,  6.24s/it]
Epoch 252 | postive loss : 1.25, negtive loss : 1921.54, worst lambd: 182.42, worst gap: 0.00:  50%|█████     | 250/500 [26:18<25:59,  6.24s/it]
Epoch 253 | postive loss : 1.27, negtive loss : 1928.84, worst lambd: 182.42, worst gap: 0.00:  50%|█████     | 250/500 [26:24<25:59,  6.24s/it]
Epoch 254 | postive loss : 1.25, negtive loss : 1925.17, worst lambd: 182.42, worst gap: 0.00:  50%|█████     | 250/500 [26:30<25:59,  6.24s/it]
Epoch 255 | postive loss : 1.26, negtive loss : 1927.86, worst lambd: 182.42, worst gap: 0.00:  50%|█████     | 250/500 [26:36<25:59,  6.24s/it]
Epoch 256 | postive loss : 1.28, negtive loss : 1926.20, worst lambd: 182.42, worst gap: 0.00:  50%|█████     | 250/500 [26:43<25:59,  6.24s/it]
Epoch 257 | postive loss : 1.25, negtive loss : 1929.27, worst lambd: 182.42, worst gap: 0.00:  50%|█████     | 250/500 [26:49<25:59,  6.24s/it]
Epoch 258 | postive loss : 1.29, negtive loss : 1935.09, worst lambd: 182.42, worst gap: 0.00:  50%|█████     | 250/500 [26:55<25:59,  6.24s/it]
Epoch 259 | postive loss : 1.31, negtive loss : 1936.93, worst lambd: 182.42, worst gap: 0.00:  50%|█████     | 250/500 [27:01<25:59,  6.24s/it]
Epoch 259 | postive loss : 1.31, negtive loss : 1936.93, worst lambd: 182.42, worst gap: 0.00:  52%|█████▏    | 260/500 [27:01<24:57,  6.24s/it]
Epoch 260 | postive loss : 1.29, negtive loss : 1933.82, worst lambd: 182.42, worst gap: 0.00:  52%|█████▏    | 260/500 [27:08<24:57,  6.24s/it]
Epoch 261 | postive loss : 1.27, negtive loss : 1931.90, worst lambd: 182.42, worst gap: 0.00:  52%|█████▏    | 260/500 [27:14<24:57,  6.24s/it]
Epoch 262 | postive loss : 1.25, negtive loss : 1933.15, worst lambd: 182.42, worst gap: 0.00:  52%|█████▏    | 260/500 [27:20<24:57,  6.24s/it]
Epoch 263 | postive loss : 1.27, negtive loss : 1942.54, worst lambd: 182.42, worst gap: 0.00:  52%|█████▏    | 260/500 [27:26<24:57,  6.24s/it]
Epoch 264 | postive loss : 1.26, negtive loss : 1941.54, worst lambd: 182.42, worst gap: 0.00:  52%|█████▏    | 260/500 [27:33<24:57,  6.24s/it]
Epoch 265 | postive loss : 1.25, negtive loss : 1944.72, worst lambd: 182.42, worst gap: 0.00:  52%|█████▏    | 260/500 [27:39<24:57,  6.24s/it]
Epoch 266 | postive loss : 1.27, negtive loss : 1943.26, worst lambd: 182.42, worst gap: 0.00:  52%|█████▏    | 260/500 [27:45<24:57,  6.24s/it]
Epoch 267 | postive loss : 1.26, negtive loss : 1946.83, worst lambd: 182.42, worst gap: 0.00:  52%|█████▏    | 260/500 [27:51<24:57,  6.24s/it]
Epoch 268 | postive loss : 1.25, negtive loss : 1942.90, worst lambd: 182.42, worst gap: 0.00:  52%|█████▏    | 260/500 [27:58<24:57,  6.24s/it]
Epoch 269 | postive loss : 1.25, negtive loss : 1946.60, worst lambd: 182.42, worst gap: 0.00:  52%|█████▏    | 260/500 [28:04<24:57,  6.24s/it]
Epoch 269 | postive loss : 1.25, negtive loss : 1946.60, worst lambd: 182.42, worst gap: 0.00:  54%|█████▍    | 270/500 [28:04<23:54,  6.24s/it]
Epoch 270 | postive loss : 1.27, negtive loss : 1945.34, worst lambd: 182.42, worst gap: 0.00:  54%|█████▍    | 270/500 [28:10<23:54,  6.24s/it]
Epoch 271 | postive loss : 1.23, negtive loss : 1950.94, worst lambd: 182.42, worst gap: 0.00:  54%|█████▍    | 270/500 [28:16<23:54,  6.24s/it]
Epoch 272 | postive loss : 1.23, negtive loss : 1954.80, worst lambd: 182.42, worst gap: 0.00:  54%|█████▍    | 270/500 [28:22<23:54,  6.24s/it]
Epoch 273 | postive loss : 1.26, negtive loss : 1962.62, worst lambd: 182.42, worst gap: 0.00:  54%|█████▍    | 270/500 [28:29<23:54,  6.24s/it]
Epoch 274 | postive loss : 1.25, negtive loss : 1961.38, worst lambd: 182.42, worst gap: 0.00:  54%|█████▍    | 270/500 [28:35<23:54,  6.24s/it]
Epoch 275 | postive loss : 1.28, negtive loss : 1961.48, worst lambd: 182.42, worst gap: 0.00:  54%|█████▍    | 270/500 [28:41<23:54,  6.24s/it]
Epoch 276 | postive loss : 1.26, negtive loss : 1962.86, worst lambd: 182.42, worst gap: 0.00:  54%|█████▍    | 270/500 [28:47<23:54,  6.24s/it]
Epoch 277 | postive loss : 1.24, negtive loss : 1957.01, worst lambd: 182.42, worst gap: 0.00:  54%|█████▍    | 270/500 [28:54<23:54,  6.24s/it]
Epoch 278 | postive loss : 1.23, negtive loss : 1965.73, worst lambd: 182.42, worst gap: 0.00:  54%|█████▍    | 270/500 [29:00<23:54,  6.24s/it]
Epoch 279 | postive loss : 1.24, negtive loss : 1964.21, worst lambd: 182.42, worst gap: 0.00:  54%|█████▍    | 270/500 [29:06<23:54,  6.24s/it]
Epoch 279 | postive loss : 1.24, negtive loss : 1964.21, worst lambd: 182.42, worst gap: 0.00:  56%|█████▌    | 280/500 [29:06<22:52,  6.24s/it]
Epoch 280 | postive loss : 1.26, negtive loss : 1968.25, worst lambd: 182.42, worst gap: 0.00:  56%|█████▌    | 280/500 [29:12<22:52,  6.24s/it]
Epoch 281 | postive loss : 1.26, negtive loss : 1965.46, worst lambd: 182.42, worst gap: 0.00:  56%|█████▌    | 280/500 [29:19<22:52,  6.24s/it]
Epoch 282 | postive loss : 1.26, negtive loss : 1968.45, worst lambd: 182.42, worst gap: 0.00:  56%|█████▌    | 280/500 [29:25<22:52,  6.24s/it]
Epoch 283 | postive loss : 1.25, negtive loss : 1967.44, worst lambd: 182.42, worst gap: 0.00:  56%|█████▌    | 280/500 [29:31<22:52,  6.24s/it]
Epoch 284 | postive loss : 1.23, negtive loss : 1972.30, worst lambd: 182.42, worst gap: 0.00:  56%|█████▌    | 280/500 [29:37<22:52,  6.24s/it]
Epoch 285 | postive loss : 1.27, negtive loss : 1974.64, worst lambd: 182.42, worst gap: 0.00:  56%|█████▌    | 280/500 [29:44<22:52,  6.24s/it]
Epoch 286 | postive loss : 1.25, negtive loss : 1973.71, worst lambd: 182.42, worst gap: 0.00:  56%|█████▌    | 280/500 [29:50<22:52,  6.24s/it]
Epoch 287 | postive loss : 1.27, negtive loss : 1973.22, worst lambd: 182.42, worst gap: 0.00:  56%|█████▌    | 280/500 [29:56<22:52,  6.24s/it]
Epoch 288 | postive loss : 1.28, negtive loss : 1971.66, worst lambd: 182.42, worst gap: 0.00:  56%|█████▌    | 280/500 [30:02<22:52,  6.24s/it]
Epoch 289 | postive loss : 1.29, negtive loss : 1974.05, worst lambd: 182.42, worst gap: 0.00:  56%|█████▌    | 280/500 [30:08<22:52,  6.24s/it]
Epoch 289 | postive loss : 1.29, negtive loss : 1974.05, worst lambd: 182.42, worst gap: 0.00:  58%|█████▊    | 290/500 [30:08<21:49,  6.24s/it]
Epoch 290 | postive loss : 1.28, negtive loss : 1972.33, worst lambd: 182.42, worst gap: 0.00:  58%|█████▊    | 290/500 [30:15<21:49,  6.24s/it]
Epoch 291 | postive loss : 1.28, negtive loss : 1977.85, worst lambd: 182.42, worst gap: 0.00:  58%|█████▊    | 290/500 [30:21<21:49,  6.24s/it]
Epoch 292 | postive loss : 1.28, negtive loss : 1984.13, worst lambd: 182.42, worst gap: 0.00:  58%|█████▊    | 290/500 [30:27<21:49,  6.24s/it]
Epoch 293 | postive loss : 1.25, negtive loss : 1980.21, worst lambd: 182.42, worst gap: 0.00:  58%|█████▊    | 290/500 [30:33<21:49,  6.24s/it]
Epoch 294 | postive loss : 1.24, negtive loss : 1978.26, worst lambd: 182.42, worst gap: 0.00:  58%|█████▊    | 290/500 [30:40<21:49,  6.24s/it]
Epoch 295 | postive loss : 1.27, negtive loss : 1979.87, worst lambd: 182.42, worst gap: 0.00:  58%|█████▊    | 290/500 [30:46<21:49,  6.24s/it]
Epoch 296 | postive loss : 1.27, negtive loss : 1986.56, worst lambd: 182.42, worst gap: 0.00:  58%|█████▊    | 290/500 [30:52<21:49,  6.24s/it]
Epoch 297 | postive loss : 1.24, negtive loss : 1987.17, worst lambd: 182.42, worst gap: 0.00:  58%|█████▊    | 290/500 [30:58<21:49,  6.24s/it]
Epoch 298 | postive loss : 1.23, negtive loss : 1987.65, worst lambd: 182.42, worst gap: 0.00:  58%|█████▊    | 290/500 [31:05<21:49,  6.24s/it]
Epoch 299 | postive loss : 1.25, negtive loss : 1985.95, worst lambd: 182.42, worst gap: 0.00:  58%|█████▊    | 290/500 [31:11<21:49,  6.24s/it]
Epoch 299 | postive loss : 1.25, negtive loss : 1985.95, worst lambd: 182.42, worst gap: 0.00:  60%|██████    | 300/500 [31:11<20:47,  6.24s/it]
Epoch 300 | postive loss : 1.22, negtive loss : 1992.78, worst lambd: 182.42, worst gap: 0.00:  60%|██████    | 300/500 [31:17<20:47,  6.24s/it]
Epoch 301 | postive loss : 1.28, negtive loss : 1998.87, worst lambd: 182.42, worst gap: 0.00:  60%|██████    | 300/500 [31:23<20:47,  6.24s/it]
Epoch 302 | postive loss : 1.27, negtive loss : 1999.62, worst lambd: 182.42, worst gap: 0.00:  60%|██████    | 300/500 [31:30<20:47,  6.24s/it]
Epoch 303 | postive loss : 1.26, negtive loss : 1995.31, worst lambd: 182.42, worst gap: 0.00:  60%|██████    | 300/500 [31:36<20:47,  6.24s/it]
Epoch 304 | postive loss : 1.29, negtive loss : 1996.99, worst lambd: 182.42, worst gap: 0.00:  60%|██████    | 300/500 [31:42<20:47,  6.24s/it]
Epoch 305 | postive loss : 1.28, negtive loss : 2001.10, worst lambd: 182.42, worst gap: 0.00:  60%|██████    | 300/500 [31:48<20:47,  6.24s/it]
Epoch 306 | postive loss : 1.23, negtive loss : 1996.82, worst lambd: 182.42, worst gap: 0.00:  60%|██████    | 300/500 [31:55<20:47,  6.24s/it]
Epoch 307 | postive loss : 1.25, negtive loss : 1999.13, worst lambd: 182.42, worst gap: 0.00:  60%|██████    | 300/500 [32:01<20:47,  6.24s/it]
Epoch 308 | postive loss : 1.26, negtive loss : 2003.41, worst lambd: 182.42, worst gap: 0.00:  60%|██████    | 300/500 [32:07<20:47,  6.24s/it]
Epoch 309 | postive loss : 1.24, negtive loss : 2004.35, worst lambd: 182.42, worst gap: 0.00:  60%|██████    | 300/500 [32:13<20:47,  6.24s/it]
Epoch 309 | postive loss : 1.24, negtive loss : 2004.35, worst lambd: 182.42, worst gap: 0.00:  62%|██████▏   | 310/500 [32:13<19:45,  6.24s/it]
Epoch 310 | postive loss : 1.24, negtive loss : 2002.97, worst lambd: 182.42, worst gap: 0.00:  62%|██████▏   | 310/500 [32:19<19:45,  6.24s/it]
Epoch 311 | postive loss : 1.26, negtive loss : 2011.55, worst lambd: 182.42, worst gap: 0.00:  62%|██████▏   | 310/500 [32:26<19:45,  6.24s/it]
Epoch 312 | postive loss : 1.26, negtive loss : 2008.41, worst lambd: 182.42, worst gap: 0.00:  62%|██████▏   | 310/500 [32:32<19:45,  6.24s/it]
Epoch 313 | postive loss : 1.26, negtive loss : 2008.80, worst lambd: 182.42, worst gap: 0.00:  62%|██████▏   | 310/500 [32:38<19:45,  6.24s/it]
Epoch 314 | postive loss : 1.28, negtive loss : 2008.86, worst lambd: 182.42, worst gap: 0.00:  62%|██████▏   | 310/500 [32:44<19:45,  6.24s/it]
Epoch 315 | postive loss : 1.27, negtive loss : 2009.22, worst lambd: 182.42, worst gap: 0.00:  62%|██████▏   | 310/500 [32:51<19:45,  6.24s/it]
Epoch 316 | postive loss : 1.25, negtive loss : 2009.74, worst lambd: 182.42, worst gap: 0.00:  62%|██████▏   | 310/500 [32:57<19:45,  6.24s/it]
Epoch 317 | postive loss : 1.23, negtive loss : 2015.41, worst lambd: 182.42, worst gap: 0.00:  62%|██████▏   | 310/500 [33:03<19:45,  6.24s/it]
Epoch 318 | postive loss : 1.22, negtive loss : 2019.21, worst lambd: 182.42, worst gap: 0.00:  62%|██████▏   | 310/500 [33:09<19:45,  6.24s/it]
Epoch 319 | postive loss : 1.23, negtive loss : 2016.97, worst lambd: 182.42, worst gap: 0.00:  62%|██████▏   | 310/500 [33:16<19:45,  6.24s/it]
Epoch 319 | postive loss : 1.23, negtive loss : 2016.97, worst lambd: 182.42, worst gap: 0.00:  64%|██████▍   | 320/500 [33:16<18:42,  6.24s/it]
Epoch 320 | postive loss : 1.25, negtive loss : 2019.07, worst lambd: 182.42, worst gap: 0.00:  64%|██████▍   | 320/500 [33:22<18:42,  6.24s/it]
Epoch 321 | postive loss : 1.23, negtive loss : 2021.11, worst lambd: 182.42, worst gap: 0.00:  64%|██████▍   | 320/500 [33:28<18:42,  6.24s/it]
Epoch 322 | postive loss : 1.25, negtive loss : 2026.20, worst lambd: 182.42, worst gap: 0.00:  64%|██████▍   | 320/500 [33:34<18:42,  6.24s/it]
Epoch 323 | postive loss : 1.26, negtive loss : 2020.66, worst lambd: 182.42, worst gap: 0.00:  64%|██████▍   | 320/500 [33:41<18:42,  6.24s/it]
Epoch 324 | postive loss : 1.30, negtive loss : 2026.85, worst lambd: 182.42, worst gap: 0.00:  64%|██████▍   | 320/500 [33:47<18:42,  6.24s/it]
Epoch 325 | postive loss : 1.27, negtive loss : 2023.85, worst lambd: 182.42, worst gap: 0.00:  64%|██████▍   | 320/500 [33:53<18:42,  6.24s/it]
Epoch 326 | postive loss : 1.28, negtive loss : 2029.13, worst lambd: 182.42, worst gap: 0.00:  64%|██████▍   | 320/500 [33:59<18:42,  6.24s/it]
Epoch 327 | postive loss : 1.25, negtive loss : 2021.21, worst lambd: 182.42, worst gap: 0.00:  64%|██████▍   | 320/500 [34:06<18:42,  6.24s/it]
Epoch 328 | postive loss : 1.24, negtive loss : 2029.99, worst lambd: 182.42, worst gap: 0.00:  64%|██████▍   | 320/500 [34:12<18:42,  6.24s/it]
Epoch 329 | postive loss : 1.22, negtive loss : 2028.69, worst lambd: 182.42, worst gap: 0.00:  64%|██████▍   | 320/500 [34:18<18:42,  6.24s/it]
Epoch 329 | postive loss : 1.22, negtive loss : 2028.69, worst lambd: 182.42, worst gap: 0.00:  66%|██████▌   | 330/500 [34:18<17:40,  6.24s/it]
Epoch 330 | postive loss : 1.23, negtive loss : 2027.47, worst lambd: 182.42, worst gap: 0.00:  66%|██████▌   | 330/500 [34:24<17:40,  6.24s/it]
Epoch 331 | postive loss : 1.23, negtive loss : 2032.55, worst lambd: 182.42, worst gap: 0.00:  66%|██████▌   | 330/500 [34:31<17:40,  6.24s/it]
Epoch 332 | postive loss : 1.22, negtive loss : 2035.63, worst lambd: 182.42, worst gap: 0.00:  66%|██████▌   | 330/500 [34:37<17:40,  6.24s/it]
Epoch 333 | postive loss : 1.25, negtive loss : 2039.97, worst lambd: 182.42, worst gap: 0.00:  66%|██████▌   | 330/500 [34:43<17:40,  6.24s/it]
Epoch 334 | postive loss : 1.24, negtive loss : 2038.79, worst lambd: 182.42, worst gap: 0.00:  66%|██████▌   | 330/500 [34:49<17:40,  6.24s/it]
Epoch 335 | postive loss : 1.26, negtive loss : 2040.20, worst lambd: 182.42, worst gap: 0.00:  66%|██████▌   | 330/500 [34:55<17:40,  6.24s/it]
Epoch 336 | postive loss : 1.26, negtive loss : 2040.74, worst lambd: 182.42, worst gap: 0.00:  66%|██████▌   | 330/500 [35:02<17:40,  6.24s/it]
Epoch 337 | postive loss : 1.26, negtive loss : 2041.11, worst lambd: 182.42, worst gap: 0.00:  66%|██████▌   | 330/500 [35:08<17:40,  6.24s/it]
Epoch 338 | postive loss : 1.27, negtive loss : 2042.41, worst lambd: 182.42, worst gap: 0.00:  66%|██████▌   | 330/500 [35:14<17:40,  6.24s/it]
Epoch 339 | postive loss : 1.24, negtive loss : 2042.58, worst lambd: 182.42, worst gap: 0.00:  66%|██████▌   | 330/500 [35:20<17:40,  6.24s/it]
Epoch 339 | postive loss : 1.24, negtive loss : 2042.58, worst lambd: 182.42, worst gap: 0.00:  68%|██████▊   | 340/500 [35:20<16:38,  6.24s/it]
Epoch 340 | postive loss : 1.25, negtive loss : 2048.44, worst lambd: 182.42, worst gap: 0.00:  68%|██████▊   | 340/500 [35:27<16:38,  6.24s/it]
Epoch 341 | postive loss : 1.24, negtive loss : 2048.62, worst lambd: 182.42, worst gap: 0.00:  68%|██████▊   | 340/500 [35:33<16:38,  6.24s/it]
Epoch 342 | postive loss : 1.27, negtive loss : 2050.53, worst lambd: 182.42, worst gap: 0.00:  68%|██████▊   | 340/500 [35:39<16:38,  6.24s/it]
Epoch 343 | postive loss : 1.28, negtive loss : 2054.05, worst lambd: 182.42, worst gap: 0.00:  68%|██████▊   | 340/500 [35:45<16:38,  6.24s/it]
Epoch 344 | postive loss : 1.25, negtive loss : 2046.64, worst lambd: 182.42, worst gap: 0.00:  68%|██████▊   | 340/500 [35:52<16:38,  6.24s/it]
Epoch 345 | postive loss : 1.23, negtive loss : 2049.47, worst lambd: 182.42, worst gap: 0.00:  68%|██████▊   | 340/500 [35:58<16:38,  6.24s/it]
Epoch 346 | postive loss : 1.21, negtive loss : 2051.07, worst lambd: 182.42, worst gap: 0.00:  68%|██████▊   | 340/500 [36:04<16:38,  6.24s/it]
Epoch 347 | postive loss : 1.25, negtive loss : 2056.15, worst lambd: 182.42, worst gap: 0.00:  68%|██████▊   | 340/500 [36:10<16:38,  6.24s/it]
Epoch 348 | postive loss : 1.24, negtive loss : 2056.02, worst lambd: 182.42, worst gap: 0.00:  68%|██████▊   | 340/500 [36:17<16:38,  6.24s/it]
Epoch 349 | postive loss : 1.25, negtive loss : 2059.51, worst lambd: 182.42, worst gap: 0.00:  68%|██████▊   | 340/500 [36:23<16:38,  6.24s/it]
Epoch 349 | postive loss : 1.25, negtive loss : 2059.51, worst lambd: 182.42, worst gap: 0.00:  70%|███████   | 350/500 [36:23<15:35,  6.24s/it]
Epoch 350 | postive loss : 1.24, negtive loss : 2056.15, worst lambd: 182.42, worst gap: 0.00:  70%|███████   | 350/500 [36:29<15:35,  6.24s/it]
Epoch 351 | postive loss : 1.22, negtive loss : 2058.72, worst lambd: 182.42, worst gap: 0.00:  70%|███████   | 350/500 [36:35<15:35,  6.24s/it]
Epoch 352 | postive loss : 1.25, negtive loss : 2059.37, worst lambd: 182.42, worst gap: 0.00:  70%|███████   | 350/500 [36:42<15:35,  6.24s/it]
Epoch 353 | postive loss : 1.26, negtive loss : 2061.10, worst lambd: 182.42, worst gap: 0.00:  70%|███████   | 350/500 [36:48<15:35,  6.24s/it]
Epoch 354 | postive loss : 1.25, negtive loss : 2060.13, worst lambd: 182.42, worst gap: 0.00:  70%|███████   | 350/500 [36:54<15:35,  6.24s/it]
Epoch 355 | postive loss : 1.23, negtive loss : 2065.22, worst lambd: 182.42, worst gap: 0.00:  70%|███████   | 350/500 [37:00<15:35,  6.24s/it]
Epoch 356 | postive loss : 1.23, negtive loss : 2063.44, worst lambd: 182.42, worst gap: 0.00:  70%|███████   | 350/500 [37:06<15:35,  6.24s/it]
Epoch 357 | postive loss : 1.24, negtive loss : 2068.87, worst lambd: 182.42, worst gap: 0.00:  70%|███████   | 350/500 [37:13<15:35,  6.24s/it]
Epoch 358 | postive loss : 1.22, negtive loss : 2066.52, worst lambd: 182.42, worst gap: 0.00:  70%|███████   | 350/500 [37:19<15:35,  6.24s/it]
Epoch 359 | postive loss : 1.22, negtive loss : 2063.14, worst lambd: 182.42, worst gap: 0.00:  70%|███████   | 350/500 [37:25<15:35,  6.24s/it]
Epoch 359 | postive loss : 1.22, negtive loss : 2063.14, worst lambd: 182.42, worst gap: 0.00:  72%|███████▏  | 360/500 [37:25<14:33,  6.24s/it]
Epoch 360 | postive loss : 1.22, negtive loss : 2070.16, worst lambd: 182.42, worst gap: 0.00:  72%|███████▏  | 360/500 [37:31<14:33,  6.24s/it]
Epoch 361 | postive loss : 1.24, negtive loss : 2064.50, worst lambd: 182.42, worst gap: 0.00:  72%|███████▏  | 360/500 [37:38<14:33,  6.24s/it]
Epoch 362 | postive loss : 1.20, negtive loss : 2064.16, worst lambd: 182.42, worst gap: 0.00:  72%|███████▏  | 360/500 [37:44<14:33,  6.24s/it]
Epoch 363 | postive loss : 1.26, negtive loss : 2077.06, worst lambd: 182.42, worst gap: 0.00:  72%|███████▏  | 360/500 [37:50<14:33,  6.24s/it]
Epoch 364 | postive loss : 1.28, negtive loss : 2077.27, worst lambd: 182.42, worst gap: 0.00:  72%|███████▏  | 360/500 [37:56<14:33,  6.24s/it]
Epoch 365 | postive loss : 1.26, negtive loss : 2073.77, worst lambd: 182.42, worst gap: 0.00:  72%|███████▏  | 360/500 [38:03<14:33,  6.24s/it]
Epoch 366 | postive loss : 1.23, negtive loss : 2075.24, worst lambd: 182.42, worst gap: 0.00:  72%|███████▏  | 360/500 [38:09<14:33,  6.24s/it]
Epoch 367 | postive loss : 1.24, negtive loss : 2079.84, worst lambd: 182.42, worst gap: 0.00:  72%|███████▏  | 360/500 [38:15<14:33,  6.24s/it]
Epoch 368 | postive loss : 1.27, negtive loss : 2075.25, worst lambd: 182.42, worst gap: 0.00:  72%|███████▏  | 360/500 [38:21<14:33,  6.24s/it]
Epoch 369 | postive loss : 1.28, negtive loss : 2083.60, worst lambd: 182.42, worst gap: 0.00:  72%|███████▏  | 360/500 [38:28<14:33,  6.24s/it]
Epoch 369 | postive loss : 1.28, negtive loss : 2083.60, worst lambd: 182.42, worst gap: 0.00:  74%|███████▍  | 370/500 [38:28<13:30,  6.24s/it]
Epoch 370 | postive loss : 1.27, negtive loss : 2081.51, worst lambd: 182.42, worst gap: 0.00:  74%|███████▍  | 370/500 [38:34<13:30,  6.24s/it]
Epoch 371 | postive loss : 1.25, negtive loss : 2081.69, worst lambd: 182.42, worst gap: 0.00:  74%|███████▍  | 370/500 [38:40<13:30,  6.24s/it]
Epoch 372 | postive loss : 1.24, negtive loss : 2073.44, worst lambd: 182.42, worst gap: 0.00:  74%|███████▍  | 370/500 [38:46<13:30,  6.24s/it]
Epoch 373 | postive loss : 1.23, negtive loss : 2077.62, worst lambd: 182.42, worst gap: 0.00:  74%|███████▍  | 370/500 [38:53<13:30,  6.24s/it]
Epoch 374 | postive loss : 1.25, negtive loss : 2081.65, worst lambd: 182.42, worst gap: 0.00:  74%|███████▍  | 370/500 [38:59<13:30,  6.24s/it]
Epoch 375 | postive loss : 1.27, negtive loss : 2086.65, worst lambd: 182.42, worst gap: 0.00:  74%|███████▍  | 370/500 [39:05<13:30,  6.24s/it]
Epoch 376 | postive loss : 1.25, negtive loss : 2089.10, worst lambd: 182.42, worst gap: 0.00:  74%|███████▍  | 370/500 [39:11<13:30,  6.24s/it]
Epoch 377 | postive loss : 1.24, negtive loss : 2089.37, worst lambd: 182.42, worst gap: 0.00:  74%|███████▍  | 370/500 [39:17<13:30,  6.24s/it]
Epoch 378 | postive loss : 1.23, negtive loss : 2090.71, worst lambd: 182.42, worst gap: 0.00:  74%|███████▍  | 370/500 [39:24<13:30,  6.24s/it]
Epoch 379 | postive loss : 1.24, negtive loss : 2091.37, worst lambd: 182.42, worst gap: 0.00:  74%|███████▍  | 370/500 [39:30<13:30,  6.24s/it]
Epoch 379 | postive loss : 1.24, negtive loss : 2091.37, worst lambd: 182.42, worst gap: 0.00:  76%|███████▌  | 380/500 [39:30<12:28,  6.24s/it]
Epoch 380 | postive loss : 1.21, negtive loss : 2087.42, worst lambd: 182.42, worst gap: 0.00:  76%|███████▌  | 380/500 [39:36<12:28,  6.24s/it]
Epoch 381 | postive loss : 1.23, negtive loss : 2090.66, worst lambd: 182.42, worst gap: 0.00:  76%|███████▌  | 380/500 [39:42<12:28,  6.24s/it]
Epoch 382 | postive loss : 1.23, negtive loss : 2094.34, worst lambd: 182.42, worst gap: 0.00:  76%|███████▌  | 380/500 [39:49<12:28,  6.24s/it]
Epoch 383 | postive loss : 1.25, negtive loss : 2090.28, worst lambd: 182.42, worst gap: 0.00:  76%|███████▌  | 380/500 [39:55<12:28,  6.24s/it]
Epoch 384 | postive loss : 1.24, negtive loss : 2088.46, worst lambd: 182.42, worst gap: 0.00:  76%|███████▌  | 380/500 [40:01<12:28,  6.24s/it]
Epoch 385 | postive loss : 1.25, negtive loss : 2090.83, worst lambd: 182.42, worst gap: 0.00:  76%|███████▌  | 380/500 [40:07<12:28,  6.24s/it]
Epoch 386 | postive loss : 1.26, negtive loss : 2099.16, worst lambd: 182.42, worst gap: 0.00:  76%|███████▌  | 380/500 [40:14<12:28,  6.24s/it]
Epoch 387 | postive loss : 1.24, negtive loss : 2092.99, worst lambd: 182.42, worst gap: 0.00:  76%|███████▌  | 380/500 [40:20<12:28,  6.24s/it]
Epoch 388 | postive loss : 1.25, negtive loss : 2094.05, worst lambd: 182.42, worst gap: 0.00:  76%|███████▌  | 380/500 [40:26<12:28,  6.24s/it]
Epoch 389 | postive loss : 1.24, negtive loss : 2093.84, worst lambd: 182.42, worst gap: 0.00:  76%|███████▌  | 380/500 [40:32<12:28,  6.24s/it]
Epoch 389 | postive loss : 1.24, negtive loss : 2093.84, worst lambd: 182.42, worst gap: 0.00:  78%|███████▊  | 390/500 [40:32<11:26,  6.24s/it]
Epoch 390 | postive loss : 1.25, negtive loss : 2098.00, worst lambd: 182.42, worst gap: 0.00:  78%|███████▊  | 390/500 [40:39<11:26,  6.24s/it]
Epoch 391 | postive loss : 1.28, negtive loss : 2102.99, worst lambd: 182.42, worst gap: 0.00:  78%|███████▊  | 390/500 [40:45<11:26,  6.24s/it]
Epoch 392 | postive loss : 1.27, negtive loss : 2100.49, worst lambd: 182.42, worst gap: 0.00:  78%|███████▊  | 390/500 [40:51<11:26,  6.24s/it]
Epoch 393 | postive loss : 1.24, negtive loss : 2101.18, worst lambd: 182.42, worst gap: 0.00:  78%|███████▊  | 390/500 [40:57<11:26,  6.24s/it]
Epoch 394 | postive loss : 1.27, negtive loss : 2109.72, worst lambd: 182.42, worst gap: 0.00:  78%|███████▊  | 390/500 [41:03<11:26,  6.24s/it]
Epoch 395 | postive loss : 1.24, negtive loss : 2101.27, worst lambd: 182.42, worst gap: 0.00:  78%|███████▊  | 390/500 [41:10<11:26,  6.24s/it]
Epoch 396 | postive loss : 1.24, negtive loss : 2104.56, worst lambd: 182.42, worst gap: 0.00:  78%|███████▊  | 390/500 [41:16<11:26,  6.24s/it]
Epoch 397 | postive loss : 1.25, negtive loss : 2101.73, worst lambd: 182.42, worst gap: 0.00:  78%|███████▊  | 390/500 [41:22<11:26,  6.24s/it]
Epoch 398 | postive loss : 1.24, negtive loss : 2103.03, worst lambd: 182.42, worst gap: 0.00:  78%|███████▊  | 390/500 [41:28<11:26,  6.24s/it]
Epoch 399 | postive loss : 1.22, negtive loss : 2105.01, worst lambd: 182.42, worst gap: 0.00:  78%|███████▊  | 390/500 [41:35<11:26,  6.24s/it]
Epoch 399 | postive loss : 1.22, negtive loss : 2105.01, worst lambd: 182.42, worst gap: 0.00:  80%|████████  | 400/500 [41:35<10:23,  6.24s/it]
Epoch 400 | postive loss : 1.23, negtive loss : 2104.57, worst lambd: 182.42, worst gap: 0.00:  80%|████████  | 400/500 [41:41<10:23,  6.24s/it]
Epoch 401 | postive loss : 1.25, negtive loss : 2109.14, worst lambd: 182.42, worst gap: 0.00:  80%|████████  | 400/500 [41:47<10:23,  6.24s/it]
Epoch 402 | postive loss : 1.27, negtive loss : 2115.09, worst lambd: 182.42, worst gap: 0.00:  80%|████████  | 400/500 [41:53<10:23,  6.24s/it]
Epoch 403 | postive loss : 1.25, negtive loss : 2110.03, worst lambd: 182.42, worst gap: 0.00:  80%|████████  | 400/500 [42:00<10:23,  6.24s/it]
Epoch 404 | postive loss : 1.25, negtive loss : 2112.07, worst lambd: 182.42, worst gap: 0.00:  80%|████████  | 400/500 [42:06<10:23,  6.24s/it]
Epoch 405 | postive loss : 1.27, negtive loss : 2112.20, worst lambd: 182.42, worst gap: 0.00:  80%|████████  | 400/500 [42:12<10:23,  6.24s/it]
Epoch 406 | postive loss : 1.25, negtive loss : 2113.30, worst lambd: 182.42, worst gap: 0.00:  80%|████████  | 400/500 [42:18<10:23,  6.24s/it]
Epoch 407 | postive loss : 1.24, negtive loss : 2113.88, worst lambd: 182.42, worst gap: 0.00:  80%|████████  | 400/500 [42:25<10:23,  6.24s/it]
Epoch 408 | postive loss : 1.24, negtive loss : 2113.79, worst lambd: 182.42, worst gap: 0.00:  80%|████████  | 400/500 [42:31<10:23,  6.24s/it]
Epoch 409 | postive loss : 1.21, negtive loss : 2116.62, worst lambd: 182.42, worst gap: 0.00:  80%|████████  | 400/500 [42:37<10:23,  6.24s/it]
Epoch 409 | postive loss : 1.21, negtive loss : 2116.62, worst lambd: 182.42, worst gap: 0.00:  82%|████████▏ | 410/500 [42:37<09:21,  6.24s/it]
Epoch 410 | postive loss : 1.23, negtive loss : 2121.32, worst lambd: 182.42, worst gap: 0.00:  82%|████████▏ | 410/500 [42:43<09:21,  6.24s/it]
Epoch 411 | postive loss : 1.23, negtive loss : 2120.40, worst lambd: 182.42, worst gap: 0.00:  82%|████████▏ | 410/500 [42:50<09:21,  6.24s/it]
Epoch 412 | postive loss : 1.23, negtive loss : 2118.32, worst lambd: 182.42, worst gap: 0.00:  82%|████████▏ | 410/500 [42:56<09:21,  6.24s/it]
Epoch 413 | postive loss : 1.22, negtive loss : 2126.86, worst lambd: 182.42, worst gap: 0.00:  82%|████████▏ | 410/500 [43:02<09:21,  6.24s/it]
Epoch 414 | postive loss : 1.25, negtive loss : 2127.89, worst lambd: 182.42, worst gap: 0.00:  82%|████████▏ | 410/500 [43:08<09:21,  6.24s/it]
Epoch 415 | postive loss : 1.23, negtive loss : 2125.91, worst lambd: 182.42, worst gap: 0.00:  82%|████████▏ | 410/500 [43:15<09:21,  6.24s/it]
Epoch 416 | postive loss : 1.22, negtive loss : 2127.12, worst lambd: 182.42, worst gap: 0.00:  82%|████████▏ | 410/500 [43:21<09:21,  6.24s/it]
Epoch 417 | postive loss : 1.23, negtive loss : 2127.90, worst lambd: 182.42, worst gap: 0.00:  82%|████████▏ | 410/500 [43:27<09:21,  6.24s/it]
Epoch 418 | postive loss : 1.25, negtive loss : 2134.70, worst lambd: 182.42, worst gap: 0.00:  82%|████████▏ | 410/500 [43:34<09:21,  6.24s/it]
Epoch 419 | postive loss : 1.23, negtive loss : 2124.39, worst lambd: 182.42, worst gap: 0.00:  82%|████████▏ | 410/500 [43:40<09:21,  6.24s/it]
Epoch 419 | postive loss : 1.23, negtive loss : 2124.39, worst lambd: 182.42, worst gap: 0.00:  84%|████████▍ | 420/500 [43:40<08:20,  6.25s/it]
Epoch 420 | postive loss : 1.23, negtive loss : 2131.29, worst lambd: 182.42, worst gap: 0.00:  84%|████████▍ | 420/500 [43:46<08:20,  6.25s/it]
Epoch 421 | postive loss : 1.23, negtive loss : 2131.86, worst lambd: 182.42, worst gap: 0.00:  84%|████████▍ | 420/500 [43:53<08:20,  6.25s/it]
Epoch 422 | postive loss : 1.28, negtive loss : 2128.59, worst lambd: 182.42, worst gap: 0.00:  84%|████████▍ | 420/500 [43:59<08:20,  6.25s/it]
Epoch 423 | postive loss : 1.23, negtive loss : 2122.52, worst lambd: 182.42, worst gap: 0.00:  84%|████████▍ | 420/500 [44:05<08:20,  6.25s/it]
Epoch 424 | postive loss : 1.23, negtive loss : 2134.23, worst lambd: 182.42, worst gap: 0.00:  84%|████████▍ | 420/500 [44:11<08:20,  6.25s/it]
Epoch 425 | postive loss : 1.26, negtive loss : 2136.30, worst lambd: 182.42, worst gap: 0.00:  84%|████████▍ | 420/500 [44:18<08:20,  6.25s/it]
Epoch 426 | postive loss : 1.23, negtive loss : 2137.82, worst lambd: 182.42, worst gap: 0.00:  84%|████████▍ | 420/500 [44:24<08:20,  6.25s/it]
Epoch 427 | postive loss : 1.22, negtive loss : 2134.73, worst lambd: 182.42, worst gap: 0.00:  84%|████████▍ | 420/500 [44:30<08:20,  6.25s/it]
Epoch 428 | postive loss : 1.23, negtive loss : 2139.56, worst lambd: 182.42, worst gap: 0.00:  84%|████████▍ | 420/500 [44:36<08:20,  6.25s/it]
Epoch 429 | postive loss : 1.21, negtive loss : 2137.04, worst lambd: 182.42, worst gap: 0.00:  84%|████████▍ | 420/500 [44:43<08:20,  6.25s/it]
Epoch 429 | postive loss : 1.21, negtive loss : 2137.04, worst lambd: 182.42, worst gap: 0.00:  86%|████████▌ | 430/500 [44:43<07:18,  6.26s/it]
Epoch 430 | postive loss : 1.21, negtive loss : 2135.23, worst lambd: 182.42, worst gap: 0.00:  86%|████████▌ | 430/500 [44:49<07:18,  6.26s/it]
Epoch 431 | postive loss : 1.24, negtive loss : 2136.65, worst lambd: 182.42, worst gap: 0.00:  86%|████████▌ | 430/500 [44:55<07:18,  6.26s/it]
Epoch 432 | postive loss : 1.23, negtive loss : 2141.17, worst lambd: 182.42, worst gap: 0.00:  86%|████████▌ | 430/500 [45:01<07:18,  6.26s/it]
Epoch 433 | postive loss : 1.21, negtive loss : 2140.36, worst lambd: 182.42, worst gap: 0.00:  86%|████████▌ | 430/500 [45:08<07:18,  6.26s/it]
Epoch 434 | postive loss : 1.22, negtive loss : 2142.19, worst lambd: 182.42, worst gap: 0.00:  86%|████████▌ | 430/500 [45:14<07:18,  6.26s/it]
Epoch 435 | postive loss : 1.24, negtive loss : 2142.77, worst lambd: 182.42, worst gap: 0.00:  86%|████████▌ | 430/500 [45:20<07:18,  6.26s/it]
Epoch 436 | postive loss : 1.23, negtive loss : 2143.14, worst lambd: 182.42, worst gap: 0.00:  86%|████████▌ | 430/500 [45:26<07:18,  6.26s/it]
Epoch 437 | postive loss : 1.25, negtive loss : 2145.53, worst lambd: 182.42, worst gap: 0.00:  86%|████████▌ | 430/500 [45:33<07:18,  6.26s/it]
Epoch 438 | postive loss : 1.22, negtive loss : 2142.68, worst lambd: 182.42, worst gap: 0.00:  86%|████████▌ | 430/500 [45:39<07:18,  6.26s/it]
Epoch 439 | postive loss : 1.22, negtive loss : 2143.98, worst lambd: 182.42, worst gap: 0.00:  86%|████████▌ | 430/500 [45:45<07:18,  6.26s/it]
Epoch 439 | postive loss : 1.22, negtive loss : 2143.98, worst lambd: 182.42, worst gap: 0.00:  88%|████████▊ | 440/500 [45:45<06:15,  6.25s/it]
Epoch 440 | postive loss : 1.22, negtive loss : 2148.99, worst lambd: 182.42, worst gap: 0.00:  88%|████████▊ | 440/500 [45:51<06:15,  6.25s/it]
Epoch 441 | postive loss : 1.22, negtive loss : 2149.96, worst lambd: 182.42, worst gap: 0.00:  88%|████████▊ | 440/500 [45:58<06:15,  6.25s/it]
Epoch 442 | postive loss : 1.23, negtive loss : 2152.95, worst lambd: 182.42, worst gap: 0.00:  88%|████████▊ | 440/500 [46:04<06:15,  6.25s/it]
Epoch 443 | postive loss : 1.19, negtive loss : 2150.10, worst lambd: 182.42, worst gap: 0.00:  88%|████████▊ | 440/500 [46:10<06:15,  6.25s/it]
Epoch 444 | postive loss : 1.25, negtive loss : 2159.24, worst lambd: 182.42, worst gap: 0.00:  88%|████████▊ | 440/500 [46:16<06:15,  6.25s/it]
Epoch 445 | postive loss : 1.21, negtive loss : 2155.17, worst lambd: 182.42, worst gap: 0.00:  88%|████████▊ | 440/500 [46:22<06:15,  6.25s/it]
Epoch 446 | postive loss : 1.20, negtive loss : 2154.94, worst lambd: 182.42, worst gap: 0.00:  88%|████████▊ | 440/500 [46:29<06:15,  6.25s/it]
Epoch 447 | postive loss : 1.22, negtive loss : 2155.67, worst lambd: 182.42, worst gap: 0.00:  88%|████████▊ | 440/500 [46:35<06:15,  6.25s/it]
Epoch 448 | postive loss : 1.23, negtive loss : 2152.78, worst lambd: 182.42, worst gap: 0.00:  88%|████████▊ | 440/500 [46:41<06:15,  6.25s/it]
Epoch 449 | postive loss : 1.27, negtive loss : 2162.05, worst lambd: 182.42, worst gap: 0.00:  88%|████████▊ | 440/500 [46:47<06:15,  6.25s/it]
Epoch 449 | postive loss : 1.27, negtive loss : 2162.05, worst lambd: 182.42, worst gap: 0.00:  90%|█████████ | 450/500 [46:47<05:12,  6.25s/it]
Epoch 450 | postive loss : 1.26, negtive loss : 2158.07, worst lambd: 182.42, worst gap: 0.00:  90%|█████████ | 450/500 [46:54<05:12,  6.25s/it]
Epoch 451 | postive loss : 1.26, negtive loss : 2156.61, worst lambd: 182.42, worst gap: 0.00:  90%|█████████ | 450/500 [47:00<05:12,  6.25s/it]
Epoch 452 | postive loss : 1.25, negtive loss : 2154.06, worst lambd: 182.42, worst gap: 0.00:  90%|█████████ | 450/500 [47:06<05:12,  6.25s/it]
Epoch 453 | postive loss : 1.26, negtive loss : 2153.26, worst lambd: 182.42, worst gap: 0.00:  90%|█████████ | 450/500 [47:12<05:12,  6.25s/it]
Epoch 454 | postive loss : 1.24, negtive loss : 2157.32, worst lambd: 182.42, worst gap: 0.00:  90%|█████████ | 450/500 [47:19<05:12,  6.25s/it]
Epoch 455 | postive loss : 1.26, negtive loss : 2156.40, worst lambd: 182.42, worst gap: 0.00:  90%|█████████ | 450/500 [47:25<05:12,  6.25s/it]
Epoch 456 | postive loss : 1.24, negtive loss : 2154.32, worst lambd: 182.42, worst gap: 0.00:  90%|█████████ | 450/500 [47:31<05:12,  6.25s/it]
Epoch 457 | postive loss : 1.20, negtive loss : 2157.61, worst lambd: 182.42, worst gap: 0.00:  90%|█████████ | 450/500 [47:37<05:12,  6.25s/it]
Epoch 458 | postive loss : 1.19, negtive loss : 2154.16, worst lambd: 182.42, worst gap: 0.00:  90%|█████████ | 450/500 [47:44<05:12,  6.25s/it]
Epoch 459 | postive loss : 1.21, negtive loss : 2165.27, worst lambd: 182.42, worst gap: 0.00:  90%|█████████ | 450/500 [47:50<05:12,  6.25s/it]
Epoch 459 | postive loss : 1.21, negtive loss : 2165.27, worst lambd: 182.42, worst gap: 0.00:  92%|█████████▏| 460/500 [47:50<04:09,  6.25s/it]
Epoch 460 | postive loss : 1.23, negtive loss : 2166.63, worst lambd: 182.42, worst gap: 0.00:  92%|█████████▏| 460/500 [47:56<04:09,  6.25s/it]
Epoch 461 | postive loss : 1.26, negtive loss : 2165.08, worst lambd: 182.42, worst gap: 0.00:  92%|█████████▏| 460/500 [48:02<04:09,  6.25s/it]
Epoch 462 | postive loss : 1.24, negtive loss : 2163.94, worst lambd: 182.42, worst gap: 0.00:  92%|█████████▏| 460/500 [48:09<04:09,  6.25s/it]
Epoch 463 | postive loss : 1.22, negtive loss : 2163.36, worst lambd: 182.42, worst gap: 0.00:  92%|█████████▏| 460/500 [48:15<04:09,  6.25s/it]
Epoch 464 | postive loss : 1.22, negtive loss : 2165.70, worst lambd: 182.42, worst gap: 0.00:  92%|█████████▏| 460/500 [48:21<04:09,  6.25s/it]
Epoch 465 | postive loss : 1.21, negtive loss : 2169.95, worst lambd: 182.42, worst gap: 0.00:  92%|█████████▏| 460/500 [48:27<04:09,  6.25s/it]
Epoch 466 | postive loss : 1.21, negtive loss : 2164.64, worst lambd: 182.42, worst gap: 0.00:  92%|█████████▏| 460/500 [48:34<04:09,  6.25s/it]
Epoch 467 | postive loss : 1.25, negtive loss : 2169.73, worst lambd: 182.42, worst gap: 0.00:  92%|█████████▏| 460/500 [48:40<04:09,  6.25s/it]
Epoch 468 | postive loss : 1.22, negtive loss : 2168.36, worst lambd: 182.42, worst gap: 0.00:  92%|█████████▏| 460/500 [48:46<04:09,  6.25s/it]
Epoch 469 | postive loss : 1.20, negtive loss : 2170.68, worst lambd: 182.42, worst gap: 0.00:  92%|█████████▏| 460/500 [48:52<04:09,  6.25s/it]
Epoch 469 | postive loss : 1.20, negtive loss : 2170.68, worst lambd: 182.42, worst gap: 0.00:  94%|█████████▍| 470/500 [48:52<03:07,  6.24s/it]
Epoch 470 | postive loss : 1.21, negtive loss : 2170.27, worst lambd: 182.42, worst gap: 0.00:  94%|█████████▍| 470/500 [48:58<03:07,  6.24s/it]
Epoch 471 | postive loss : 1.24, negtive loss : 2173.60, worst lambd: 182.42, worst gap: 0.00:  94%|█████████▍| 470/500 [49:05<03:07,  6.24s/it]
Epoch 472 | postive loss : 1.20, negtive loss : 2171.06, worst lambd: 182.42, worst gap: 0.00:  94%|█████████▍| 470/500 [49:11<03:07,  6.24s/it]
Epoch 473 | postive loss : 1.22, negtive loss : 2171.11, worst lambd: 182.42, worst gap: 0.00:  94%|█████████▍| 470/500 [49:17<03:07,  6.24s/it]
Epoch 474 | postive loss : 1.22, negtive loss : 2175.68, worst lambd: 182.42, worst gap: 0.00:  94%|█████████▍| 470/500 [49:23<03:07,  6.24s/it]
Epoch 475 | postive loss : 1.22, negtive loss : 2176.74, worst lambd: 182.42, worst gap: 0.00:  94%|█████████▍| 470/500 [49:30<03:07,  6.24s/it]
Epoch 476 | postive loss : 1.21, negtive loss : 2178.33, worst lambd: 182.42, worst gap: 0.00:  94%|█████████▍| 470/500 [49:36<03:07,  6.24s/it]
Epoch 477 | postive loss : 1.23, negtive loss : 2178.52, worst lambd: 182.42, worst gap: 0.00:  94%|█████████▍| 470/500 [49:42<03:07,  6.24s/it]
Epoch 478 | postive loss : 1.21, negtive loss : 2175.29, worst lambd: 182.42, worst gap: 0.00:  94%|█████████▍| 470/500 [49:48<03:07,  6.24s/it]
Epoch 479 | postive loss : 1.24, negtive loss : 2181.19, worst lambd: 182.42, worst gap: 0.00:  94%|█████████▍| 470/500 [49:55<03:07,  6.24s/it]
Epoch 479 | postive loss : 1.24, negtive loss : 2181.19, worst lambd: 182.42, worst gap: 0.00:  96%|█████████▌| 480/500 [49:55<02:04,  6.24s/it]
Epoch 480 | postive loss : 1.26, negtive loss : 2184.24, worst lambd: 182.42, worst gap: 0.00:  96%|█████████▌| 480/500 [50:01<02:04,  6.24s/it]
Epoch 481 | postive loss : 1.23, negtive loss : 2181.52, worst lambd: 182.42, worst gap: 0.00:  96%|█████████▌| 480/500 [50:07<02:04,  6.24s/it]
Epoch 482 | postive loss : 1.24, negtive loss : 2179.85, worst lambd: 182.42, worst gap: 0.00:  96%|█████████▌| 480/500 [50:13<02:04,  6.24s/it]
Epoch 483 | postive loss : 1.23, negtive loss : 2183.24, worst lambd: 182.42, worst gap: 0.00:  96%|█████████▌| 480/500 [50:20<02:04,  6.24s/it]
Epoch 484 | postive loss : 1.22, negtive loss : 2188.94, worst lambd: 182.42, worst gap: 0.00:  96%|█████████▌| 480/500 [50:26<02:04,  6.24s/it]
Epoch 485 | postive loss : 1.21, negtive loss : 2189.17, worst lambd: 182.42, worst gap: 0.00:  96%|█████████▌| 480/500 [50:32<02:04,  6.24s/it]
Epoch 486 | postive loss : 1.18, negtive loss : 2189.78, worst lambd: 182.42, worst gap: 0.00:  96%|█████████▌| 480/500 [50:38<02:04,  6.24s/it]
Epoch 487 | postive loss : 1.23, negtive loss : 2194.83, worst lambd: 182.42, worst gap: 0.00:  96%|█████████▌| 480/500 [50:45<02:04,  6.24s/it]
Epoch 488 | postive loss : 1.26, negtive loss : 2200.84, worst lambd: 182.42, worst gap: 0.00:  96%|█████████▌| 480/500 [50:51<02:04,  6.24s/it]
Epoch 489 | postive loss : 1.23, negtive loss : 2187.18, worst lambd: 182.42, worst gap: 0.00:  96%|█████████▌| 480/500 [50:57<02:04,  6.24s/it]
Epoch 489 | postive loss : 1.23, negtive loss : 2187.18, worst lambd: 182.42, worst gap: 0.00:  98%|█████████▊| 490/500 [50:57<01:02,  6.24s/it]
Epoch 490 | postive loss : 1.22, negtive loss : 2189.58, worst lambd: 182.42, worst gap: 0.00:  98%|█████████▊| 490/500 [51:03<01:02,  6.24s/it]
Epoch 491 | postive loss : 1.23, negtive loss : 2189.56, worst lambd: 182.42, worst gap: 0.00:  98%|█████████▊| 490/500 [51:10<01:02,  6.24s/it]
Epoch 492 | postive loss : 1.24, negtive loss : 2184.69, worst lambd: 182.42, worst gap: 0.00:  98%|█████████▊| 490/500 [51:16<01:02,  6.24s/it]
Epoch 493 | postive loss : 1.21, negtive loss : 2186.02, worst lambd: 182.42, worst gap: 0.00:  98%|█████████▊| 490/500 [51:22<01:02,  6.24s/it]
Epoch 494 | postive loss : 1.22, negtive loss : 2188.73, worst lambd: 182.42, worst gap: 0.00:  98%|█████████▊| 490/500 [51:28<01:02,  6.24s/it]
Epoch 495 | postive loss : 1.24, negtive loss : 2189.41, worst lambd: 182.42, worst gap: 0.00:  98%|█████████▊| 490/500 [51:34<01:02,  6.24s/it]
Epoch 496 | postive loss : 1.19, negtive loss : 2195.14, worst lambd: 182.42, worst gap: 0.00:  98%|█████████▊| 490/500 [51:41<01:02,  6.24s/it]
Epoch 497 | postive loss : 1.20, negtive loss : 2192.84, worst lambd: 182.42, worst gap: 0.00:  98%|█████████▊| 490/500 [51:47<01:02,  6.24s/it]
Epoch 498 | postive loss : 1.21, negtive loss : 2195.37, worst lambd: 182.42, worst gap: 0.00:  98%|█████████▊| 490/500 [51:53<01:02,  6.24s/it]
Epoch 499 | postive loss : 1.19, negtive loss : 2192.82, worst lambd: 182.42, worst gap: 0.00:  98%|█████████▊| 490/500 [51:59<01:02,  6.24s/it]
Epoch 499 | postive loss : 1.19, negtive loss : 2192.82, worst lambd: 182.42, worst gap: 0.00: 100%|██████████| 500/500 [51:59<00:00,  6.24s/it]
Epoch 499 | postive loss : 1.19, negtive loss : 2192.82, worst lambd: 182.42, worst gap: 0.00: 100%|██████████| 500/500 [51:59<00:00,  6.24s/it]
Info : finish model training
Info : save model sucessfully
Info : save sucessfully
set learningrate with 0.25  ----------------------------------------------------------------------
INFO -- prepare : Init model SN2E
INFO -- prepare : set model cuda: 1
INFO -- prepare : Model initialization complete
INFO -- prepare : Init optimizer
INFO -- prepare : Finish preparing Optimizer...
Info -- : start model training

  0%|          | 0/500 [00:00<?, ?it/s]
Epoch 0 | postive loss : 256.17, negtive loss : 5399.03, worst lambd: 2841.74, worst gap: 0.27:   0%|          | 0/500 [00:06<?, ?it/s]
Epoch 1 | postive loss : 72.52, negtive loss : 1970.62, worst lambd: 2841.74, worst gap: 0.26:   0%|          | 0/500 [00:12<?, ?it/s] 
Epoch 1 | postive loss : 72.52, negtive loss : 1970.62, worst lambd: 2841.74, worst gap: 0.26:   0%|          | 0/500 [00:17<?, ?it/s]
Epoch 2 | postive loss : 63.23, negtive loss : 1722.83, worst lambd: 2841.74, worst gap: 0.26:   0%|          | 0/500 [00:18<?, ?it/s]
Epoch 3 | postive loss : 45.80, negtive loss : 1528.40, worst lambd: 2841.74, worst gap: 0.26:   0%|          | 0/500 [00:24<?, ?it/s]
Epoch 4 | postive loss : 37.80, negtive loss : 1427.11, worst lambd: 2841.74, worst gap: 0.26:   0%|          | 0/500 [00:31<?, ?it/s]
Epoch 5 | postive loss : 33.95, negtive loss : 1394.29, worst lambd: 2841.74, worst gap: 0.26:   0%|          | 0/500 [00:37<?, ?it/s]
Epoch 6 | postive loss : 32.21, negtive loss : 1370.45, worst lambd: 2841.74, worst gap: 0.26:   0%|          | 0/500 [00:43<?, ?it/s]
Epoch 7 | postive loss : 31.38, negtive loss : 1374.00, worst lambd: 2841.74, worst gap: 0.08:   0%|          | 0/500 [00:50<?, ?it/s]
Epoch 8 | postive loss : 30.97, negtive loss : 1389.33, worst lambd: 2841.74, worst gap: 0.08:   0%|          | 0/500 [00:56<?, ?it/s]
Epoch 9 | postive loss : 31.91, negtive loss : 1436.02, worst lambd: 2841.74, worst gap: 0.08:   0%|          | 0/500 [01:02<?, ?it/s]
Epoch 9 | postive loss : 31.91, negtive loss : 1436.02, worst lambd: 2841.74, worst gap: 0.08:   2%|▏         | 10/500 [01:02<51:20,  6.29s/it]
Epoch 10 | postive loss : 32.62, negtive loss : 1461.80, worst lambd: 2841.74, worst gap: 0.08:   2%|▏         | 10/500 [01:09<51:20,  6.29s/it]
Epoch 11 | postive loss : 34.02, negtive loss : 1534.75, worst lambd: 2841.74, worst gap: 0.08:   2%|▏         | 10/500 [01:15<51:20,  6.29s/it]
Epoch 12 | postive loss : 35.08, negtive loss : 1577.04, worst lambd: 2841.74, worst gap: 0.03:   2%|▏         | 10/500 [01:21<51:20,  6.29s/it]
Epoch 13 | postive loss : 36.56, negtive loss : 1658.84, worst lambd: 2841.74, worst gap: 0.03:   2%|▏         | 10/500 [01:27<51:20,  6.29s/it]
Epoch 14 | postive loss : 37.41, negtive loss : 1710.82, worst lambd: 2841.74, worst gap: 0.03:   2%|▏         | 10/500 [01:34<51:20,  6.29s/it]
Epoch 15 | postive loss : 39.31, negtive loss : 1808.81, worst lambd: 2841.74, worst gap: 0.03:   2%|▏         | 10/500 [01:40<51:20,  6.29s/it]
Epoch 16 | postive loss : 41.46, negtive loss : 1855.13, worst lambd: 2841.74, worst gap: 0.03:   2%|▏         | 10/500 [01:46<51:20,  6.29s/it]
Epoch 17 | postive loss : 41.76, negtive loss : 1917.79, worst lambd: 2841.74, worst gap: 0.03:   2%|▏         | 10/500 [01:52<51:20,  6.29s/it]
Epoch 18 | postive loss : 44.45, negtive loss : 1995.84, worst lambd: 2841.74, worst gap: 0.03:   2%|▏         | 10/500 [01:59<51:20,  6.29s/it]
Epoch 19 | postive loss : 44.35, negtive loss : 1997.50, worst lambd: 2841.74, worst gap: 0.03:   2%|▏         | 10/500 [02:05<51:20,  6.29s/it]
Epoch 19 | postive loss : 44.35, negtive loss : 1997.50, worst lambd: 2841.74, worst gap: 0.03:   4%|▍         | 20/500 [02:05<50:08,  6.27s/it]
Epoch 20 | postive loss : 45.85, negtive loss : 2055.61, worst lambd: 2841.74, worst gap: 0.03:   4%|▍         | 20/500 [02:11<50:08,  6.27s/it]
Epoch 21 | postive loss : 46.37, negtive loss : 2082.75, worst lambd: 2841.74, worst gap: 0.03:   4%|▍         | 20/500 [02:17<50:08,  6.27s/it]
Epoch 22 | postive loss : 46.92, negtive loss : 2132.35, worst lambd: 2841.74, worst gap: 0.03:   4%|▍         | 20/500 [02:24<50:08,  6.27s/it]
Epoch 23 | postive loss : 47.22, negtive loss : 2160.27, worst lambd: 2841.74, worst gap: 0.03:   4%|▍         | 20/500 [02:30<50:08,  6.27s/it]
Epoch 24 | postive loss : 46.80, negtive loss : 2157.57, worst lambd: 2841.74, worst gap: 0.03:   4%|▍         | 20/500 [02:36<50:08,  6.27s/it]
Epoch 25 | postive loss : 46.57, negtive loss : 2127.41, worst lambd: 2841.74, worst gap: 0.03:   4%|▍         | 20/500 [02:42<50:08,  6.27s/it]
Epoch 26 | postive loss : 46.96, negtive loss : 2149.07, worst lambd: 2841.74, worst gap: 0.03:   4%|▍         | 20/500 [02:49<50:08,  6.27s/it]
Epoch 27 | postive loss : 46.09, negtive loss : 2145.19, worst lambd: 2841.74, worst gap: 0.03:   4%|▍         | 20/500 [02:55<50:08,  6.27s/it]
Epoch 28 | postive loss : 46.41, negtive loss : 2146.93, worst lambd: 2841.74, worst gap: 0.03:   4%|▍         | 20/500 [03:01<50:08,  6.27s/it]
Epoch 29 | postive loss : 45.54, negtive loss : 2141.12, worst lambd: 2841.74, worst gap: 0.03:   4%|▍         | 20/500 [03:07<50:08,  6.27s/it]
Epoch 29 | postive loss : 45.54, negtive loss : 2141.12, worst lambd: 2841.74, worst gap: 0.03:   6%|▌         | 30/500 [03:07<48:59,  6.25s/it]
Epoch 30 | postive loss : 43.56, negtive loss : 2073.73, worst lambd: 2841.74, worst gap: 0.03:   6%|▌         | 30/500 [03:14<48:59,  6.25s/it]
Epoch 31 | postive loss : 44.39, negtive loss : 2113.40, worst lambd: 2841.74, worst gap: 0.03:   6%|▌         | 30/500 [03:20<48:59,  6.25s/it]
Epoch 32 | postive loss : 42.45, negtive loss : 2112.46, worst lambd: 2841.74, worst gap: 0.03:   6%|▌         | 30/500 [03:26<48:59,  6.25s/it]
Epoch 33 | postive loss : 43.23, negtive loss : 2089.16, worst lambd: 2841.74, worst gap: 0.03:   6%|▌         | 30/500 [03:32<48:59,  6.25s/it]
Epoch 34 | postive loss : 42.60, negtive loss : 2107.78, worst lambd: 2841.74, worst gap: 0.03:   6%|▌         | 30/500 [03:38<48:59,  6.25s/it]
Epoch 35 | postive loss : 41.73, negtive loss : 2144.98, worst lambd: 2841.74, worst gap: 0.03:   6%|▌         | 30/500 [03:45<48:59,  6.25s/it]
Epoch 36 | postive loss : 42.91, negtive loss : 2153.84, worst lambd: 2841.74, worst gap: 0.03:   6%|▌         | 30/500 [03:51<48:59,  6.25s/it]
Epoch 37 | postive loss : 43.20, negtive loss : 2136.76, worst lambd: 2841.74, worst gap: 0.03:   6%|▌         | 30/500 [03:57<48:59,  6.25s/it]
Epoch 38 | postive loss : 42.94, negtive loss : 2150.88, worst lambd: 2841.74, worst gap: 0.03:   6%|▌         | 30/500 [04:03<48:59,  6.25s/it]
Epoch 39 | postive loss : 41.74, negtive loss : 2096.14, worst lambd: 2841.74, worst gap: 0.03:   6%|▌         | 30/500 [04:10<48:59,  6.25s/it]
Epoch 39 | postive loss : 41.74, negtive loss : 2096.14, worst lambd: 2841.74, worst gap: 0.03:   8%|▊         | 40/500 [04:10<47:54,  6.25s/it]
Epoch 40 | postive loss : 41.81, negtive loss : 2081.56, worst lambd: 2841.74, worst gap: 0.01:   8%|▊         | 40/500 [04:16<47:54,  6.25s/it]
Epoch 41 | postive loss : 40.87, negtive loss : 2080.08, worst lambd: 2841.74, worst gap: 0.01:   8%|▊         | 40/500 [04:22<47:54,  6.25s/it]
Epoch 42 | postive loss : 41.25, negtive loss : 2087.58, worst lambd: 2841.74, worst gap: 0.01:   8%|▊         | 40/500 [04:28<47:54,  6.25s/it]
Epoch 43 | postive loss : 41.59, negtive loss : 2077.03, worst lambd: 2841.74, worst gap: 0.01:   8%|▊         | 40/500 [04:35<47:54,  6.25s/it]
Epoch 44 | postive loss : 43.47, negtive loss : 2184.75, worst lambd: 2841.74, worst gap: 0.01:   8%|▊         | 40/500 [04:41<47:54,  6.25s/it]
Epoch 45 | postive loss : 42.50, negtive loss : 2193.07, worst lambd: 2841.74, worst gap: 0.01:   8%|▊         | 40/500 [04:47<47:54,  6.25s/it]
Epoch 46 | postive loss : 41.02, negtive loss : 2115.93, worst lambd: 2841.74, worst gap: 0.01:   8%|▊         | 40/500 [04:53<47:54,  6.25s/it]
Epoch 47 | postive loss : 40.20, negtive loss : 2103.78, worst lambd: 2841.74, worst gap: 0.01:   8%|▊         | 40/500 [05:00<47:54,  6.25s/it]
Epoch 48 | postive loss : 41.41, negtive loss : 2149.72, worst lambd: 2841.74, worst gap: 0.01:   8%|▊         | 40/500 [05:06<47:54,  6.25s/it]
Epoch 49 | postive loss : 42.76, negtive loss : 2179.21, worst lambd: 2841.74, worst gap: 0.01:   8%|▊         | 40/500 [05:12<47:54,  6.25s/it]
Epoch 49 | postive loss : 42.76, negtive loss : 2179.21, worst lambd: 2841.74, worst gap: 0.01:  10%|█         | 50/500 [05:12<46:50,  6.25s/it]
Epoch 50 | postive loss : 41.83, negtive loss : 2199.37, worst lambd: 2841.74, worst gap: 0.01:  10%|█         | 50/500 [05:18<46:50,  6.25s/it]
Epoch 51 | postive loss : 41.99, negtive loss : 2235.46, worst lambd: 2841.74, worst gap: 0.01:  10%|█         | 50/500 [05:25<46:50,  6.25s/it]
Epoch 52 | postive loss : 41.07, negtive loss : 2261.27, worst lambd: 2841.74, worst gap: 0.01:  10%|█         | 50/500 [05:31<46:50,  6.25s/it]
Epoch 53 | postive loss : 41.49, negtive loss : 2227.02, worst lambd: 2841.74, worst gap: 0.01:  10%|█         | 50/500 [05:37<46:50,  6.25s/it]
Epoch 54 | postive loss : 41.36, negtive loss : 2212.81, worst lambd: 2841.74, worst gap: 0.01:  10%|█         | 50/500 [05:43<46:50,  6.25s/it]
Epoch 55 | postive loss : 40.97, negtive loss : 2240.31, worst lambd: 2841.74, worst gap: 0.01:  10%|█         | 50/500 [05:50<46:50,  6.25s/it]
Epoch 56 | postive loss : 42.12, negtive loss : 2235.68, worst lambd: 2841.74, worst gap: 0.01:  10%|█         | 50/500 [05:56<46:50,  6.25s/it]
Epoch 57 | postive loss : 41.43, negtive loss : 2269.97, worst lambd: 2841.74, worst gap: 0.01:  10%|█         | 50/500 [06:02<46:50,  6.25s/it]
Epoch 58 | postive loss : 40.02, negtive loss : 2232.13, worst lambd: 2841.74, worst gap: 0.01:  10%|█         | 50/500 [06:08<46:50,  6.25s/it]
Epoch 59 | postive loss : 41.31, negtive loss : 2286.76, worst lambd: 2841.74, worst gap: 0.01:  10%|█         | 50/500 [06:14<46:50,  6.25s/it]
Epoch 59 | postive loss : 41.31, negtive loss : 2286.76, worst lambd: 2841.74, worst gap: 0.01:  12%|█▏        | 60/500 [06:14<45:46,  6.24s/it]
Epoch 60 | postive loss : 40.66, negtive loss : 2250.91, worst lambd: 2841.74, worst gap: 0.01:  12%|█▏        | 60/500 [06:21<45:46,  6.24s/it]
Epoch 61 | postive loss : 41.28, negtive loss : 2226.38, worst lambd: 2841.74, worst gap: 0.01:  12%|█▏        | 60/500 [06:27<45:46,  6.24s/it]
Epoch 62 | postive loss : 43.29, negtive loss : 2506.60, worst lambd: 2841.74, worst gap: 0.01:  12%|█▏        | 60/500 [06:33<45:46,  6.24s/it]
Epoch 63 | postive loss : 41.44, negtive loss : 2423.70, worst lambd: 2841.74, worst gap: 0.01:  12%|█▏        | 60/500 [06:39<45:46,  6.24s/it]
Epoch 64 | postive loss : 41.52, negtive loss : 2374.09, worst lambd: 2841.74, worst gap: 0.01:  12%|█▏        | 60/500 [06:46<45:46,  6.24s/it]
Epoch 65 | postive loss : 41.96, negtive loss : 2322.51, worst lambd: 2841.74, worst gap: 0.01:  12%|█▏        | 60/500 [06:52<45:46,  6.24s/it]
Epoch 66 | postive loss : 43.08, negtive loss : 2385.51, worst lambd: 2841.74, worst gap: 0.01:  12%|█▏        | 60/500 [06:58<45:46,  6.24s/it]
Epoch 67 | postive loss : 42.30, negtive loss : 2345.43, worst lambd: 2841.74, worst gap: 0.01:  12%|█▏        | 60/500 [07:04<45:46,  6.24s/it]
Epoch 68 | postive loss : 41.39, negtive loss : 2316.31, worst lambd: 2841.74, worst gap: 0.01:  12%|█▏        | 60/500 [07:11<45:46,  6.24s/it]
Epoch 69 | postive loss : 41.40, negtive loss : 2336.38, worst lambd: 2841.74, worst gap: 0.01:  12%|█▏        | 60/500 [07:17<45:46,  6.24s/it]
Epoch 69 | postive loss : 41.40, negtive loss : 2336.38, worst lambd: 2841.74, worst gap: 0.01:  14%|█▍        | 70/500 [07:17<44:43,  6.24s/it]
Epoch 70 | postive loss : 42.44, negtive loss : 2346.82, worst lambd: 2841.74, worst gap: 0.01:  14%|█▍        | 70/500 [07:23<44:43,  6.24s/it]
Epoch 71 | postive loss : 42.52, negtive loss : 2376.24, worst lambd: 2841.74, worst gap: 0.01:  14%|█▍        | 70/500 [07:29<44:43,  6.24s/it]
Epoch 72 | postive loss : 40.68, negtive loss : 2293.40, worst lambd: 2841.74, worst gap: 0.01:  14%|█▍        | 70/500 [07:36<44:43,  6.24s/it]
Epoch 73 | postive loss : 41.25, negtive loss : 2337.51, worst lambd: 2841.74, worst gap: 0.01:  14%|█▍        | 70/500 [07:42<44:43,  6.24s/it]
Epoch 74 | postive loss : 43.27, negtive loss : 2391.29, worst lambd: 2841.74, worst gap: 0.01:  14%|█▍        | 70/500 [07:48<44:43,  6.24s/it]
Epoch 75 | postive loss : 43.27, negtive loss : 2448.01, worst lambd: 2841.74, worst gap: 0.01:  14%|█▍        | 70/500 [07:54<44:43,  6.24s/it]
Epoch 76 | postive loss : 40.28, negtive loss : 2326.78, worst lambd: 2841.74, worst gap: 0.01:  14%|█▍        | 70/500 [08:01<44:43,  6.24s/it]
Epoch 77 | postive loss : 40.36, negtive loss : 2284.33, worst lambd: 2841.74, worst gap: 0.01:  14%|█▍        | 70/500 [08:07<44:43,  6.24s/it]
Epoch 78 | postive loss : 41.06, negtive loss : 2291.29, worst lambd: 2841.74, worst gap: 0.01:  14%|█▍        | 70/500 [08:13<44:43,  6.24s/it]
Epoch 79 | postive loss : 40.99, negtive loss : 2301.39, worst lambd: 2841.74, worst gap: 0.01:  14%|█▍        | 70/500 [08:19<44:43,  6.24s/it]
Epoch 79 | postive loss : 40.99, negtive loss : 2301.39, worst lambd: 2841.74, worst gap: 0.01:  16%|█▌        | 80/500 [08:19<43:41,  6.24s/it]
Epoch 80 | postive loss : 41.64, negtive loss : 2344.77, worst lambd: 2841.74, worst gap: 0.01:  16%|█▌        | 80/500 [08:25<43:41,  6.24s/it]
Epoch 81 | postive loss : 40.16, negtive loss : 2382.90, worst lambd: 2841.74, worst gap: 0.01:  16%|█▌        | 80/500 [08:32<43:41,  6.24s/it]
Epoch 82 | postive loss : 40.20, negtive loss : 2316.70, worst lambd: 2841.74, worst gap: 0.01:  16%|█▌        | 80/500 [08:38<43:41,  6.24s/it]
Epoch 83 | postive loss : 41.63, negtive loss : 2390.06, worst lambd: 2841.74, worst gap: 0.01:  16%|█▌        | 80/500 [08:44<43:41,  6.24s/it]
Epoch 84 | postive loss : 40.54, negtive loss : 2358.15, worst lambd: 2841.74, worst gap: 0.01:  16%|█▌        | 80/500 [08:50<43:41,  6.24s/it]
Epoch 85 | postive loss : 39.95, negtive loss : 2410.90, worst lambd: 2841.74, worst gap: 0.01:  16%|█▌        | 80/500 [08:57<43:41,  6.24s/it]
Epoch 86 | postive loss : 40.07, negtive loss : 2396.04, worst lambd: 2841.74, worst gap: 0.01:  16%|█▌        | 80/500 [09:03<43:41,  6.24s/it]
Epoch 87 | postive loss : 41.09, negtive loss : 2369.82, worst lambd: 2841.74, worst gap: 0.01:  16%|█▌        | 80/500 [09:09<43:41,  6.24s/it]
Epoch 88 | postive loss : 41.22, negtive loss : 2379.50, worst lambd: 2841.74, worst gap: 0.01:  16%|█▌        | 80/500 [09:15<43:41,  6.24s/it]
Epoch 89 | postive loss : 41.99, negtive loss : 2469.89, worst lambd: 2841.74, worst gap: 0.01:  16%|█▌        | 80/500 [09:22<43:41,  6.24s/it]
Epoch 89 | postive loss : 41.99, negtive loss : 2469.89, worst lambd: 2841.74, worst gap: 0.01:  18%|█▊        | 90/500 [09:22<42:38,  6.24s/it]
Epoch 90 | postive loss : 41.32, negtive loss : 2453.26, worst lambd: 2841.74, worst gap: 0.01:  18%|█▊        | 90/500 [09:28<42:38,  6.24s/it]
Epoch 91 | postive loss : 41.36, negtive loss : 2449.59, worst lambd: 2841.74, worst gap: 0.01:  18%|█▊        | 90/500 [09:34<42:38,  6.24s/it]
Epoch 92 | postive loss : 43.07, negtive loss : 2599.07, worst lambd: 2841.74, worst gap: 0.00:  18%|█▊        | 90/500 [09:40<42:38,  6.24s/it]
Epoch 93 | postive loss : 45.31, negtive loss : 2792.98, worst lambd: 7201.85, worst gap: 0.00:  18%|█▊        | 90/500 [09:47<42:38,  6.24s/it]
Epoch 94 | postive loss : 42.29, negtive loss : 2821.59, worst lambd: 7201.85, worst gap: 0.00:  18%|█▊        | 90/500 [09:53<42:38,  6.24s/it]
Epoch 95 | postive loss : 41.17, negtive loss : 2565.65, worst lambd: 7201.85, worst gap: 0.00:  18%|█▊        | 90/500 [09:59<42:38,  6.24s/it]
Epoch 96 | postive loss : 41.83, negtive loss : 2605.28, worst lambd: 7201.85, worst gap: 0.00:  18%|█▊        | 90/500 [10:05<42:38,  6.24s/it]
Epoch 97 | postive loss : 40.97, negtive loss : 2473.78, worst lambd: 7201.85, worst gap: 0.00:  18%|█▊        | 90/500 [10:12<42:38,  6.24s/it]
Epoch 98 | postive loss : 41.83, negtive loss : 2552.16, worst lambd: 7201.85, worst gap: 0.00:  18%|█▊        | 90/500 [10:18<42:38,  6.24s/it]
Epoch 99 | postive loss : 41.96, negtive loss : 2453.66, worst lambd: 7201.85, worst gap: 0.00:  18%|█▊        | 90/500 [10:24<42:38,  6.24s/it]
Epoch 99 | postive loss : 41.96, negtive loss : 2453.66, worst lambd: 7201.85, worst gap: 0.00:  20%|██        | 100/500 [10:24<41:35,  6.24s/it]
Epoch 100 | postive loss : 43.47, negtive loss : 2490.82, worst lambd: 7201.85, worst gap: 0.00:  20%|██        | 100/500 [10:30<41:35,  6.24s/it]
Epoch 101 | postive loss : 42.52, negtive loss : 2482.59, worst lambd: 7201.85, worst gap: 0.00:  20%|██        | 100/500 [10:36<41:35,  6.24s/it]
Epoch 102 | postive loss : 39.85, negtive loss : 2419.61, worst lambd: 7201.85, worst gap: 0.00:  20%|██        | 100/500 [10:43<41:35,  6.24s/it]
Epoch 103 | postive loss : 40.88, negtive loss : 2426.41, worst lambd: 7201.85, worst gap: 0.00:  20%|██        | 100/500 [10:49<41:35,  6.24s/it]
Epoch 104 | postive loss : 41.11, negtive loss : 2501.23, worst lambd: 7201.85, worst gap: 0.00:  20%|██        | 100/500 [10:55<41:35,  6.24s/it]
Epoch 105 | postive loss : 40.97, negtive loss : 2539.75, worst lambd: 7201.85, worst gap: 0.00:  20%|██        | 100/500 [11:01<41:35,  6.24s/it]
Epoch 106 | postive loss : 40.03, negtive loss : 2440.52, worst lambd: 7201.85, worst gap: 0.00:  20%|██        | 100/500 [11:08<41:35,  6.24s/it]
Epoch 107 | postive loss : 40.43, negtive loss : 2404.72, worst lambd: 7201.85, worst gap: 0.00:  20%|██        | 100/500 [11:14<41:35,  6.24s/it]
Epoch 108 | postive loss : 41.27, negtive loss : 2381.77, worst lambd: 7201.85, worst gap: 0.00:  20%|██        | 100/500 [11:20<41:35,  6.24s/it]
Epoch 109 | postive loss : 42.10, negtive loss : 2429.30, worst lambd: 7201.85, worst gap: 0.00:  20%|██        | 100/500 [11:26<41:35,  6.24s/it]
Epoch 109 | postive loss : 42.10, negtive loss : 2429.30, worst lambd: 7201.85, worst gap: 0.00:  22%|██▏       | 110/500 [11:26<40:33,  6.24s/it]
Epoch 110 | postive loss : 41.61, negtive loss : 2449.07, worst lambd: 7201.85, worst gap: 0.00:  22%|██▏       | 110/500 [11:33<40:33,  6.24s/it]
Epoch 111 | postive loss : 41.29, negtive loss : 2401.52, worst lambd: 7201.85, worst gap: 0.00:  22%|██▏       | 110/500 [11:39<40:33,  6.24s/it]
Epoch 112 | postive loss : 41.18, negtive loss : 2487.34, worst lambd: 7201.85, worst gap: 0.00:  22%|██▏       | 110/500 [11:45<40:33,  6.24s/it]
Epoch 113 | postive loss : 41.77, negtive loss : 2469.64, worst lambd: 7201.85, worst gap: 0.00:  22%|██▏       | 110/500 [11:51<40:33,  6.24s/it]
Epoch 114 | postive loss : 40.56, negtive loss : 2424.04, worst lambd: 7201.85, worst gap: 0.00:  22%|██▏       | 110/500 [11:58<40:33,  6.24s/it]
Epoch 115 | postive loss : 41.23, negtive loss : 2474.06, worst lambd: 7201.85, worst gap: 0.00:  22%|██▏       | 110/500 [12:04<40:33,  6.24s/it]
Epoch 116 | postive loss : 40.44, negtive loss : 2483.99, worst lambd: 7201.85, worst gap: 0.00:  22%|██▏       | 110/500 [12:10<40:33,  6.24s/it]
Epoch 117 | postive loss : 40.81, negtive loss : 2531.35, worst lambd: 7201.85, worst gap: 0.00:  22%|██▏       | 110/500 [12:16<40:33,  6.24s/it]
Epoch 118 | postive loss : 40.70, negtive loss : 2608.98, worst lambd: 7201.85, worst gap: 0.00:  22%|██▏       | 110/500 [12:23<40:33,  6.24s/it]
Epoch 119 | postive loss : 41.82, negtive loss : 2620.26, worst lambd: 7201.85, worst gap: 0.00:  22%|██▏       | 110/500 [12:29<40:33,  6.24s/it]
Epoch 119 | postive loss : 41.82, negtive loss : 2620.26, worst lambd: 7201.85, worst gap: 0.00:  24%|██▍       | 120/500 [12:29<39:30,  6.24s/it]
Epoch 120 | postive loss : 40.89, negtive loss : 2554.47, worst lambd: 7201.85, worst gap: 0.00:  24%|██▍       | 120/500 [12:35<39:30,  6.24s/it]
Epoch 121 | postive loss : 41.32, negtive loss : 2561.17, worst lambd: 7201.85, worst gap: 0.00:  24%|██▍       | 120/500 [12:41<39:30,  6.24s/it]
Epoch 122 | postive loss : 41.93, negtive loss : 2510.32, worst lambd: 7201.85, worst gap: 0.00:  24%|██▍       | 120/500 [12:47<39:30,  6.24s/it]
Epoch 123 | postive loss : 41.40, negtive loss : 2602.65, worst lambd: 7201.85, worst gap: 0.00:  24%|██▍       | 120/500 [12:54<39:30,  6.24s/it]
Epoch 124 | postive loss : 41.74, negtive loss : 2585.29, worst lambd: 7201.85, worst gap: 0.00:  24%|██▍       | 120/500 [13:00<39:30,  6.24s/it]
Epoch 125 | postive loss : 41.87, negtive loss : 2542.25, worst lambd: 7201.85, worst gap: 0.00:  24%|██▍       | 120/500 [13:06<39:30,  6.24s/it]
Epoch 126 | postive loss : 43.19, negtive loss : 2621.10, worst lambd: 7201.85, worst gap: 0.00:  24%|██▍       | 120/500 [13:12<39:30,  6.24s/it]
Epoch 127 | postive loss : 42.76, negtive loss : 2569.03, worst lambd: 7201.85, worst gap: 0.00:  24%|██▍       | 120/500 [13:19<39:30,  6.24s/it]
Epoch 128 | postive loss : 42.34, negtive loss : 2499.65, worst lambd: 7201.85, worst gap: 0.00:  24%|██▍       | 120/500 [13:25<39:30,  6.24s/it]
Epoch 129 | postive loss : 42.23, negtive loss : 2451.06, worst lambd: 7201.85, worst gap: 0.00:  24%|██▍       | 120/500 [13:31<39:30,  6.24s/it]
Epoch 129 | postive loss : 42.23, negtive loss : 2451.06, worst lambd: 7201.85, worst gap: 0.00:  26%|██▌       | 130/500 [13:31<38:28,  6.24s/it]
Epoch 130 | postive loss : 40.40, negtive loss : 2438.98, worst lambd: 7201.85, worst gap: 0.00:  26%|██▌       | 130/500 [13:37<38:28,  6.24s/it]
Epoch 131 | postive loss : 41.31, negtive loss : 2373.87, worst lambd: 7201.85, worst gap: 0.00:  26%|██▌       | 130/500 [13:44<38:28,  6.24s/it]
Epoch 132 | postive loss : 42.58, negtive loss : 2491.37, worst lambd: 7201.85, worst gap: 0.00:  26%|██▌       | 130/500 [13:50<38:28,  6.24s/it]
Epoch 133 | postive loss : 41.81, negtive loss : 2513.85, worst lambd: 7201.85, worst gap: 0.00:  26%|██▌       | 130/500 [13:56<38:28,  6.24s/it]
Epoch 134 | postive loss : 43.66, negtive loss : 2785.71, worst lambd: 7201.85, worst gap: 0.00:  26%|██▌       | 130/500 [14:02<38:28,  6.24s/it]
Epoch 135 | postive loss : 45.59, negtive loss : 3258.00, worst lambd: 7201.85, worst gap: 0.00:  26%|██▌       | 130/500 [14:09<38:28,  6.24s/it]
Epoch 136 | postive loss : 41.13, negtive loss : 3178.10, worst lambd: 7201.85, worst gap: 0.00:  26%|██▌       | 130/500 [14:15<38:28,  6.24s/it]
Epoch 137 | postive loss : 40.91, negtive loss : 2867.03, worst lambd: 7201.85, worst gap: 0.00:  26%|██▌       | 130/500 [14:21<38:28,  6.24s/it]
Epoch 138 | postive loss : 41.44, negtive loss : 2835.74, worst lambd: 7201.85, worst gap: 0.00:  26%|██▌       | 130/500 [14:27<38:28,  6.24s/it]
Epoch 139 | postive loss : 42.96, negtive loss : 2782.88, worst lambd: 7201.85, worst gap: 0.00:  26%|██▌       | 130/500 [14:34<38:28,  6.24s/it]
Epoch 139 | postive loss : 42.96, negtive loss : 2782.88, worst lambd: 7201.85, worst gap: 0.00:  28%|██▊       | 140/500 [14:34<37:26,  6.24s/it]
Epoch 140 | postive loss : 42.59, negtive loss : 2757.79, worst lambd: 7201.85, worst gap: 0.00:  28%|██▊       | 140/500 [14:40<37:26,  6.24s/it]
Epoch 141 | postive loss : 41.18, negtive loss : 2587.49, worst lambd: 7201.85, worst gap: 0.00:  28%|██▊       | 140/500 [14:46<37:26,  6.24s/it]
Epoch 142 | postive loss : 41.60, negtive loss : 2613.57, worst lambd: 7201.85, worst gap: 0.00:  28%|██▊       | 140/500 [14:52<37:26,  6.24s/it]
Epoch 143 | postive loss : 42.24, negtive loss : 2476.51, worst lambd: 7201.85, worst gap: 0.00:  28%|██▊       | 140/500 [14:59<37:26,  6.24s/it]
Epoch 144 | postive loss : 39.95, negtive loss : 2365.26, worst lambd: 7201.85, worst gap: 0.00:  28%|██▊       | 140/500 [15:05<37:26,  6.24s/it]
Epoch 145 | postive loss : 39.44, negtive loss : 2343.64, worst lambd: 7201.85, worst gap: 0.00:  28%|██▊       | 140/500 [15:11<37:26,  6.24s/it]
Epoch 146 | postive loss : 39.02, negtive loss : 2397.06, worst lambd: 7201.85, worst gap: 0.00:  28%|██▊       | 140/500 [15:17<37:26,  6.24s/it]
Epoch 147 | postive loss : 39.09, negtive loss : 2452.31, worst lambd: 7201.85, worst gap: 0.00:  28%|██▊       | 140/500 [15:23<37:26,  6.24s/it]
Epoch 148 | postive loss : 39.80, negtive loss : 2385.91, worst lambd: 7201.85, worst gap: 0.00:  28%|██▊       | 140/500 [15:30<37:26,  6.24s/it]
Epoch 149 | postive loss : 40.50, negtive loss : 2529.86, worst lambd: 7201.85, worst gap: 0.00:  28%|██▊       | 140/500 [15:36<37:26,  6.24s/it]
Epoch 149 | postive loss : 40.50, negtive loss : 2529.86, worst lambd: 7201.85, worst gap: 0.00:  30%|███       | 150/500 [15:36<36:23,  6.24s/it]
Epoch 150 | postive loss : 40.16, negtive loss : 2471.87, worst lambd: 7201.85, worst gap: 0.00:  30%|███       | 150/500 [15:42<36:23,  6.24s/it]
Epoch 151 | postive loss : 40.12, negtive loss : 2555.35, worst lambd: 7201.85, worst gap: 0.00:  30%|███       | 150/500 [15:48<36:23,  6.24s/it]
Epoch 152 | postive loss : 40.43, negtive loss : 2600.87, worst lambd: 7201.85, worst gap: 0.00:  30%|███       | 150/500 [15:55<36:23,  6.24s/it]
Epoch 153 | postive loss : 41.30, negtive loss : 2529.13, worst lambd: 7201.85, worst gap: 0.00:  30%|███       | 150/500 [16:01<36:23,  6.24s/it]
Epoch 154 | postive loss : 41.52, negtive loss : 2500.60, worst lambd: 7201.85, worst gap: 0.00:  30%|███       | 150/500 [16:07<36:23,  6.24s/it]
Epoch 155 | postive loss : 41.84, negtive loss : 2525.41, worst lambd: 7201.85, worst gap: 0.00:  30%|███       | 150/500 [16:13<36:23,  6.24s/it]
Epoch 156 | postive loss : 40.99, negtive loss : 2486.05, worst lambd: 7201.85, worst gap: 0.00:  30%|███       | 150/500 [16:20<36:23,  6.24s/it]
Epoch 157 | postive loss : 40.09, negtive loss : 2467.31, worst lambd: 7201.85, worst gap: 0.00:  30%|███       | 150/500 [16:26<36:23,  6.24s/it]
Epoch 158 | postive loss : 40.36, negtive loss : 2514.43, worst lambd: 7201.85, worst gap: 0.00:  30%|███       | 150/500 [16:32<36:23,  6.24s/it]
Epoch 159 | postive loss : 42.30, negtive loss : 2612.12, worst lambd: 7201.85, worst gap: 0.00:  30%|███       | 150/500 [16:38<36:23,  6.24s/it]
Epoch 159 | postive loss : 42.30, negtive loss : 2612.12, worst lambd: 7201.85, worst gap: 0.00:  32%|███▏      | 160/500 [16:38<35:20,  6.24s/it]
Epoch 160 | postive loss : 42.26, negtive loss : 2572.23, worst lambd: 7201.85, worst gap: 0.00:  32%|███▏      | 160/500 [16:44<35:20,  6.24s/it]
Epoch 161 | postive loss : 42.70, negtive loss : 2591.36, worst lambd: 7201.85, worst gap: 0.00:  32%|███▏      | 160/500 [16:51<35:20,  6.24s/it]
Epoch 162 | postive loss : 41.19, negtive loss : 2591.93, worst lambd: 7201.85, worst gap: 0.00:  32%|███▏      | 160/500 [16:57<35:20,  6.24s/it]
Epoch 163 | postive loss : 40.62, negtive loss : 2603.22, worst lambd: 7201.85, worst gap: 0.00:  32%|███▏      | 160/500 [17:03<35:20,  6.24s/it]
Epoch 164 | postive loss : 42.42, negtive loss : 2660.06, worst lambd: 7201.85, worst gap: 0.00:  32%|███▏      | 160/500 [17:09<35:20,  6.24s/it]
Epoch 165 | postive loss : 43.77, negtive loss : 2763.24, worst lambd: 7201.85, worst gap: 0.00:  32%|███▏      | 160/500 [17:16<35:20,  6.24s/it]
Epoch 166 | postive loss : 43.09, negtive loss : 2767.60, worst lambd: 7201.85, worst gap: 0.00:  32%|███▏      | 160/500 [17:22<35:20,  6.24s/it]
Epoch 167 | postive loss : 41.78, negtive loss : 2646.40, worst lambd: 7201.85, worst gap: 0.00:  32%|███▏      | 160/500 [17:28<35:20,  6.24s/it]
Epoch 168 | postive loss : 46.78, negtive loss : 3546.32, worst lambd: 7201.85, worst gap: 0.00:  32%|███▏      | 160/500 [17:34<35:20,  6.24s/it]
Epoch 169 | postive loss : 42.16, negtive loss : 3134.12, worst lambd: 7201.85, worst gap: 0.00:  32%|███▏      | 160/500 [17:41<35:20,  6.24s/it]
Epoch 169 | postive loss : 42.16, negtive loss : 3134.12, worst lambd: 7201.85, worst gap: 0.00:  34%|███▍      | 170/500 [17:41<34:17,  6.23s/it]
Epoch 170 | postive loss : 40.67, negtive loss : 2942.29, worst lambd: 7201.85, worst gap: 0.00:  34%|███▍      | 170/500 [17:47<34:17,  6.23s/it]
Epoch 171 | postive loss : 41.35, negtive loss : 2719.47, worst lambd: 7201.85, worst gap: 0.00:  34%|███▍      | 170/500 [17:53<34:17,  6.23s/it]
Epoch 172 | postive loss : 40.90, negtive loss : 2644.60, worst lambd: 7201.85, worst gap: 0.00:  34%|███▍      | 170/500 [17:59<34:17,  6.23s/it]
Epoch 173 | postive loss : 42.64, negtive loss : 2646.07, worst lambd: 7201.85, worst gap: 0.00:  34%|███▍      | 170/500 [18:05<34:17,  6.23s/it]
Epoch 174 | postive loss : 43.12, negtive loss : 2578.02, worst lambd: 7201.85, worst gap: 0.00:  34%|███▍      | 170/500 [18:12<34:17,  6.23s/it]
Epoch 175 | postive loss : 41.66, negtive loss : 2454.04, worst lambd: 7201.85, worst gap: 0.00:  34%|███▍      | 170/500 [18:18<34:17,  6.23s/it]
Epoch 176 | postive loss : 40.94, negtive loss : 2436.21, worst lambd: 7201.85, worst gap: 0.00:  34%|███▍      | 170/500 [18:24<34:17,  6.23s/it]
Epoch 177 | postive loss : 40.50, negtive loss : 2402.45, worst lambd: 7201.85, worst gap: 0.00:  34%|███▍      | 170/500 [18:30<34:17,  6.23s/it]
Epoch 178 | postive loss : 39.95, negtive loss : 2361.09, worst lambd: 7201.85, worst gap: 0.00:  34%|███▍      | 170/500 [18:37<34:17,  6.23s/it]
Epoch 179 | postive loss : 41.44, negtive loss : 2447.60, worst lambd: 7201.85, worst gap: 0.00:  34%|███▍      | 170/500 [18:43<34:17,  6.23s/it]
Epoch 179 | postive loss : 41.44, negtive loss : 2447.60, worst lambd: 7201.85, worst gap: 0.00:  36%|███▌      | 180/500 [18:43<33:15,  6.23s/it]
Epoch 180 | postive loss : 41.68, negtive loss : 2605.93, worst lambd: 7201.85, worst gap: 0.00:  36%|███▌      | 180/500 [18:49<33:15,  6.23s/it]
Epoch 181 | postive loss : 40.63, negtive loss : 2513.91, worst lambd: 7201.85, worst gap: 0.00:  36%|███▌      | 180/500 [18:55<33:15,  6.23s/it]
Epoch 182 | postive loss : 40.51, negtive loss : 2507.15, worst lambd: 7201.85, worst gap: 0.00:  36%|███▌      | 180/500 [19:02<33:15,  6.23s/it]
Epoch 183 | postive loss : 40.79, negtive loss : 2599.28, worst lambd: 7201.85, worst gap: 0.00:  36%|███▌      | 180/500 [19:08<33:15,  6.23s/it]
Epoch 184 | postive loss : 40.05, negtive loss : 2539.31, worst lambd: 7201.85, worst gap: 0.00:  36%|███▌      | 180/500 [19:14<33:15,  6.23s/it]
Epoch 185 | postive loss : 41.08, negtive loss : 2649.69, worst lambd: 7201.85, worst gap: 0.00:  36%|███▌      | 180/500 [19:20<33:15,  6.23s/it]
Epoch 186 | postive loss : 40.97, negtive loss : 2522.99, worst lambd: 7201.85, worst gap: 0.00:  36%|███▌      | 180/500 [19:27<33:15,  6.23s/it]
Epoch 187 | postive loss : 41.82, negtive loss : 2587.40, worst lambd: 7201.85, worst gap: 0.00:  36%|███▌      | 180/500 [19:33<33:15,  6.23s/it]
Epoch 188 | postive loss : 42.12, negtive loss : 2687.36, worst lambd: 7201.85, worst gap: 0.00:  36%|███▌      | 180/500 [19:39<33:15,  6.23s/it]
Epoch 189 | postive loss : 41.76, negtive loss : 2609.78, worst lambd: 7201.85, worst gap: 0.00:  36%|███▌      | 180/500 [19:45<33:15,  6.23s/it]
Epoch 189 | postive loss : 41.76, negtive loss : 2609.78, worst lambd: 7201.85, worst gap: 0.00:  38%|███▊      | 190/500 [19:45<32:12,  6.23s/it]
Epoch 190 | postive loss : 40.64, negtive loss : 2474.31, worst lambd: 7201.85, worst gap: 0.00:  38%|███▊      | 190/500 [19:51<32:12,  6.23s/it]
Epoch 191 | postive loss : 41.38, negtive loss : 2460.13, worst lambd: 7201.85, worst gap: 0.00:  38%|███▊      | 190/500 [19:58<32:12,  6.23s/it]
Epoch 192 | postive loss : 40.78, negtive loss : 2610.93, worst lambd: 7201.85, worst gap: 0.00:  38%|███▊      | 190/500 [20:04<32:12,  6.23s/it]
Epoch 193 | postive loss : 40.03, negtive loss : 2555.75, worst lambd: 7201.85, worst gap: 0.00:  38%|███▊      | 190/500 [20:10<32:12,  6.23s/it]
Epoch 194 | postive loss : 40.48, negtive loss : 2543.38, worst lambd: 7201.85, worst gap: 0.00:  38%|███▊      | 190/500 [20:16<32:12,  6.23s/it]
Epoch 195 | postive loss : 43.65, negtive loss : 2716.68, worst lambd: 7201.85, worst gap: 0.00:  38%|███▊      | 190/500 [20:23<32:12,  6.23s/it]
Epoch 196 | postive loss : 41.52, negtive loss : 2771.66, worst lambd: 7201.85, worst gap: 0.00:  38%|███▊      | 190/500 [20:29<32:12,  6.23s/it]
Epoch 197 | postive loss : 42.52, negtive loss : 2664.43, worst lambd: 7201.85, worst gap: 0.00:  38%|███▊      | 190/500 [20:35<32:12,  6.23s/it]
Epoch 198 | postive loss : 42.13, negtive loss : 2635.31, worst lambd: 7201.85, worst gap: 0.00:  38%|███▊      | 190/500 [20:41<32:12,  6.23s/it]
Epoch 199 | postive loss : 42.99, negtive loss : 2645.66, worst lambd: 7201.85, worst gap: 0.00:  38%|███▊      | 190/500 [20:48<32:12,  6.23s/it]
Epoch 199 | postive loss : 42.99, negtive loss : 2645.66, worst lambd: 7201.85, worst gap: 0.00:  40%|████      | 200/500 [20:48<31:10,  6.23s/it]
Epoch 200 | postive loss : 43.43, negtive loss : 2571.61, worst lambd: 7201.85, worst gap: 0.00:  40%|████      | 200/500 [20:54<31:10,  6.23s/it]
Epoch 201 | postive loss : 44.43, negtive loss : 2592.69, worst lambd: 7201.85, worst gap: 0.00:  40%|████      | 200/500 [21:00<31:10,  6.23s/it]
Epoch 202 | postive loss : 43.13, negtive loss : 2596.32, worst lambd: 7201.85, worst gap: 0.00:  40%|████      | 200/500 [21:06<31:10,  6.23s/it]
Epoch 203 | postive loss : 42.88, negtive loss : 2529.45, worst lambd: 7201.85, worst gap: 0.00:  40%|████      | 200/500 [21:12<31:10,  6.23s/it]
Epoch 204 | postive loss : 42.64, negtive loss : 2499.72, worst lambd: 7201.85, worst gap: 0.00:  40%|████      | 200/500 [21:19<31:10,  6.23s/it]
Epoch 205 | postive loss : 41.02, negtive loss : 2468.88, worst lambd: 7201.85, worst gap: 0.00:  40%|████      | 200/500 [21:25<31:10,  6.23s/it]
Epoch 206 | postive loss : 40.55, negtive loss : 2481.63, worst lambd: 7201.85, worst gap: 0.00:  40%|████      | 200/500 [21:31<31:10,  6.23s/it]
Epoch 207 | postive loss : 40.55, negtive loss : 2509.13, worst lambd: 7201.85, worst gap: 0.00:  40%|████      | 200/500 [21:37<31:10,  6.23s/it]
Epoch 208 | postive loss : 41.08, negtive loss : 2524.70, worst lambd: 7201.85, worst gap: 0.00:  40%|████      | 200/500 [21:44<31:10,  6.23s/it]
Epoch 209 | postive loss : 42.21, negtive loss : 2493.69, worst lambd: 7201.85, worst gap: 0.00:  40%|████      | 200/500 [21:50<31:10,  6.23s/it]
Epoch 209 | postive loss : 42.21, negtive loss : 2493.69, worst lambd: 7201.85, worst gap: 0.00:  42%|████▏     | 210/500 [21:50<30:07,  6.23s/it]
Epoch 210 | postive loss : 42.73, negtive loss : 2521.33, worst lambd: 7201.85, worst gap: 0.00:  42%|████▏     | 210/500 [21:56<30:07,  6.23s/it]
Epoch 211 | postive loss : 41.54, negtive loss : 2601.88, worst lambd: 7201.85, worst gap: 0.00:  42%|████▏     | 210/500 [22:02<30:07,  6.23s/it]
Epoch 212 | postive loss : 42.04, negtive loss : 2565.18, worst lambd: 7201.85, worst gap: 0.00:  42%|████▏     | 210/500 [22:09<30:07,  6.23s/it]
Epoch 213 | postive loss : 42.81, negtive loss : 2568.88, worst lambd: 7201.85, worst gap: 0.00:  42%|████▏     | 210/500 [22:15<30:07,  6.23s/it]
Epoch 214 | postive loss : 42.70, negtive loss : 2571.43, worst lambd: 7201.85, worst gap: 0.00:  42%|████▏     | 210/500 [22:21<30:07,  6.23s/it]
Epoch 215 | postive loss : 41.78, negtive loss : 2554.23, worst lambd: 7201.85, worst gap: 0.00:  42%|████▏     | 210/500 [22:27<30:07,  6.23s/it]
Epoch 216 | postive loss : 41.35, negtive loss : 2556.43, worst lambd: 7201.85, worst gap: 0.00:  42%|████▏     | 210/500 [22:34<30:07,  6.23s/it]
Epoch 217 | postive loss : 42.20, negtive loss : 2668.28, worst lambd: 7201.85, worst gap: 0.00:  42%|████▏     | 210/500 [22:40<30:07,  6.23s/it]
Epoch 218 | postive loss : 41.40, negtive loss : 2622.99, worst lambd: 7201.85, worst gap: 0.00:  42%|████▏     | 210/500 [22:46<30:07,  6.23s/it]
Epoch 219 | postive loss : 41.93, negtive loss : 2610.88, worst lambd: 7201.85, worst gap: 0.00:  42%|████▏     | 210/500 [22:52<30:07,  6.23s/it]
Epoch 219 | postive loss : 41.93, negtive loss : 2610.88, worst lambd: 7201.85, worst gap: 0.00:  44%|████▍     | 220/500 [22:52<29:05,  6.23s/it]
Epoch 220 | postive loss : 41.78, negtive loss : 2577.41, worst lambd: 7201.85, worst gap: 0.00:  44%|████▍     | 220/500 [22:58<29:05,  6.23s/it]
Epoch 221 | postive loss : 41.03, negtive loss : 2579.37, worst lambd: 7201.85, worst gap: 0.00:  44%|████▍     | 220/500 [23:05<29:05,  6.23s/it]
Epoch 222 | postive loss : 40.29, negtive loss : 2554.48, worst lambd: 7201.85, worst gap: 0.00:  44%|████▍     | 220/500 [23:11<29:05,  6.23s/it]
Epoch 223 | postive loss : 40.40, negtive loss : 2534.75, worst lambd: 7201.85, worst gap: 0.00:  44%|████▍     | 220/500 [23:17<29:05,  6.23s/it]
Epoch 224 | postive loss : 41.87, negtive loss : 2577.82, worst lambd: 7201.85, worst gap: 0.00:  44%|████▍     | 220/500 [23:23<29:05,  6.23s/it]
Epoch 225 | postive loss : 42.78, negtive loss : 2554.76, worst lambd: 7201.85, worst gap: 0.00:  44%|████▍     | 220/500 [23:30<29:05,  6.23s/it]
Epoch 226 | postive loss : 40.52, negtive loss : 2593.50, worst lambd: 7201.85, worst gap: 0.00:  44%|████▍     | 220/500 [23:36<29:05,  6.23s/it]
Epoch 227 | postive loss : 40.44, negtive loss : 2574.78, worst lambd: 7201.85, worst gap: 0.00:  44%|████▍     | 220/500 [23:42<29:05,  6.23s/it]
Epoch 228 | postive loss : 41.31, negtive loss : 2599.08, worst lambd: 7201.85, worst gap: 0.00:  44%|████▍     | 220/500 [23:48<29:05,  6.23s/it]
Epoch 229 | postive loss : 42.56, negtive loss : 2668.33, worst lambd: 7201.85, worst gap: 0.00:  44%|████▍     | 220/500 [23:54<29:05,  6.23s/it]
Epoch 229 | postive loss : 42.56, negtive loss : 2668.33, worst lambd: 7201.85, worst gap: 0.00:  46%|████▌     | 230/500 [23:54<28:02,  6.23s/it]
Epoch 230 | postive loss : 41.51, negtive loss : 2786.48, worst lambd: 7201.85, worst gap: 0.00:  46%|████▌     | 230/500 [24:01<28:02,  6.23s/it]
Epoch 231 | postive loss : 40.51, negtive loss : 2735.59, worst lambd: 7201.85, worst gap: 0.00:  46%|████▌     | 230/500 [24:07<28:02,  6.23s/it]
Epoch 232 | postive loss : 40.31, negtive loss : 2603.91, worst lambd: 7201.85, worst gap: 0.00:  46%|████▌     | 230/500 [24:13<28:02,  6.23s/it]
Epoch 233 | postive loss : 44.08, negtive loss : 2632.09, worst lambd: 7201.85, worst gap: 0.00:  46%|████▌     | 230/500 [24:19<28:02,  6.23s/it]
Epoch 234 | postive loss : 41.56, negtive loss : 2639.61, worst lambd: 7201.85, worst gap: 0.00:  46%|████▌     | 230/500 [24:26<28:02,  6.23s/it]
Epoch 235 | postive loss : 40.17, negtive loss : 2478.60, worst lambd: 7201.85, worst gap: 0.00:  46%|████▌     | 230/500 [24:32<28:02,  6.23s/it]
Epoch 236 | postive loss : 43.90, negtive loss : 2795.01, worst lambd: 7201.85, worst gap: 0.00:  46%|████▌     | 230/500 [24:38<28:02,  6.23s/it]
Epoch 237 | postive loss : 43.56, negtive loss : 3180.94, worst lambd: 7201.85, worst gap: 0.00:  46%|████▌     | 230/500 [24:44<28:02,  6.23s/it]
Epoch 238 | postive loss : 39.23, negtive loss : 3133.96, worst lambd: 7201.85, worst gap: 0.00:  46%|████▌     | 230/500 [24:51<28:02,  6.23s/it]
Epoch 239 | postive loss : 39.73, negtive loss : 3101.21, worst lambd: 7201.85, worst gap: 0.00:  46%|████▌     | 230/500 [24:57<28:02,  6.23s/it]
Epoch 239 | postive loss : 39.73, negtive loss : 3101.21, worst lambd: 7201.85, worst gap: 0.00:  48%|████▊     | 240/500 [24:57<27:00,  6.23s/it]
Epoch 240 | postive loss : 40.34, negtive loss : 2950.44, worst lambd: 7201.85, worst gap: 0.00:  48%|████▊     | 240/500 [25:03<27:00,  6.23s/it]
Epoch 241 | postive loss : 41.75, negtive loss : 2792.06, worst lambd: 7201.85, worst gap: 0.00:  48%|████▊     | 240/500 [25:09<27:00,  6.23s/it]
Epoch 242 | postive loss : 42.90, negtive loss : 2833.66, worst lambd: 7201.85, worst gap: 0.00:  48%|████▊     | 240/500 [25:15<27:00,  6.23s/it]
Epoch 243 | postive loss : 43.50, negtive loss : 2718.45, worst lambd: 7201.85, worst gap: 0.00:  48%|████▊     | 240/500 [25:22<27:00,  6.23s/it]
Epoch 244 | postive loss : 40.58, negtive loss : 2549.20, worst lambd: 7201.85, worst gap: 0.00:  48%|████▊     | 240/500 [25:28<27:00,  6.23s/it]
Epoch 245 | postive loss : 40.36, negtive loss : 2506.48, worst lambd: 7201.85, worst gap: 0.00:  48%|████▊     | 240/500 [25:34<27:00,  6.23s/it]
Epoch 246 | postive loss : 41.35, negtive loss : 2646.95, worst lambd: 7201.85, worst gap: 0.00:  48%|████▊     | 240/500 [25:40<27:00,  6.23s/it]
Epoch 247 | postive loss : 41.59, negtive loss : 2691.52, worst lambd: 7201.85, worst gap: 0.00:  48%|████▊     | 240/500 [25:47<27:00,  6.23s/it]
Epoch 248 | postive loss : 39.25, negtive loss : 2555.23, worst lambd: 7201.85, worst gap: 0.00:  48%|████▊     | 240/500 [25:53<27:00,  6.23s/it]
Epoch 249 | postive loss : 39.54, negtive loss : 2450.38, worst lambd: 7201.85, worst gap: 0.00:  48%|████▊     | 240/500 [25:59<27:00,  6.23s/it]
Epoch 249 | postive loss : 39.54, negtive loss : 2450.38, worst lambd: 7201.85, worst gap: 0.00:  50%|█████     | 250/500 [25:59<25:57,  6.23s/it]
Epoch 250 | postive loss : 40.82, negtive loss : 2489.22, worst lambd: 7201.85, worst gap: 0.00:  50%|█████     | 250/500 [26:05<25:57,  6.23s/it]
Epoch 251 | postive loss : 40.57, negtive loss : 2481.42, worst lambd: 7201.85, worst gap: 0.00:  50%|█████     | 250/500 [26:12<25:57,  6.23s/it]
Epoch 252 | postive loss : 41.15, negtive loss : 2541.07, worst lambd: 7201.85, worst gap: 0.00:  50%|█████     | 250/500 [26:18<25:57,  6.23s/it]
Epoch 253 | postive loss : 40.84, negtive loss : 2480.78, worst lambd: 7201.85, worst gap: 0.00:  50%|█████     | 250/500 [26:24<25:57,  6.23s/it]
Epoch 254 | postive loss : 40.57, negtive loss : 2543.45, worst lambd: 7201.85, worst gap: 0.00:  50%|█████     | 250/500 [26:30<25:57,  6.23s/it]
Epoch 255 | postive loss : 42.68, negtive loss : 2687.20, worst lambd: 7201.85, worst gap: 0.00:  50%|█████     | 250/500 [26:36<25:57,  6.23s/it]
Epoch 256 | postive loss : 41.94, negtive loss : 2593.66, worst lambd: 7201.85, worst gap: 0.00:  50%|█████     | 250/500 [26:43<25:57,  6.23s/it]
Epoch 257 | postive loss : 40.90, negtive loss : 2563.28, worst lambd: 7201.85, worst gap: 0.00:  50%|█████     | 250/500 [26:49<25:57,  6.23s/it]
Epoch 258 | postive loss : 42.31, negtive loss : 2667.36, worst lambd: 7201.85, worst gap: 0.00:  50%|█████     | 250/500 [26:55<25:57,  6.23s/it]
Epoch 259 | postive loss : 42.38, negtive loss : 2640.52, worst lambd: 7201.85, worst gap: 0.00:  50%|█████     | 250/500 [27:01<25:57,  6.23s/it]
Epoch 259 | postive loss : 42.38, negtive loss : 2640.52, worst lambd: 7201.85, worst gap: 0.00:  52%|█████▏    | 260/500 [27:01<24:55,  6.23s/it]
Epoch 260 | postive loss : 42.46, negtive loss : 2667.32, worst lambd: 7201.85, worst gap: 0.00:  52%|█████▏    | 260/500 [27:08<24:55,  6.23s/it]
Epoch 261 | postive loss : 42.12, negtive loss : 2800.37, worst lambd: 7201.85, worst gap: 0.00:  52%|█████▏    | 260/500 [27:14<24:55,  6.23s/it]
Epoch 262 | postive loss : 42.07, negtive loss : 2750.85, worst lambd: 7201.85, worst gap: 0.00:  52%|█████▏    | 260/500 [27:20<24:55,  6.23s/it]
Epoch 263 | postive loss : 41.49, negtive loss : 2645.45, worst lambd: 7201.85, worst gap: 0.00:  52%|█████▏    | 260/500 [27:26<24:55,  6.23s/it]
Epoch 264 | postive loss : 41.20, negtive loss : 2718.38, worst lambd: 7201.85, worst gap: 0.00:  52%|█████▏    | 260/500 [27:33<24:55,  6.23s/it]
Epoch 265 | postive loss : 41.48, negtive loss : 2664.57, worst lambd: 7201.85, worst gap: 0.00:  52%|█████▏    | 260/500 [27:39<24:55,  6.23s/it]
Epoch 266 | postive loss : 42.16, negtive loss : 2692.46, worst lambd: 7201.85, worst gap: 0.00:  52%|█████▏    | 260/500 [27:45<24:55,  6.23s/it]
Epoch 267 | postive loss : 41.47, negtive loss : 2643.60, worst lambd: 7201.85, worst gap: 0.00:  52%|█████▏    | 260/500 [27:51<24:55,  6.23s/it]
Epoch 268 | postive loss : 40.88, negtive loss : 2648.57, worst lambd: 7201.85, worst gap: 0.00:  52%|█████▏    | 260/500 [27:57<24:55,  6.23s/it]
Epoch 269 | postive loss : 41.67, negtive loss : 2608.83, worst lambd: 7201.85, worst gap: 0.00:  52%|█████▏    | 260/500 [28:04<24:55,  6.23s/it]
Epoch 269 | postive loss : 41.67, negtive loss : 2608.83, worst lambd: 7201.85, worst gap: 0.00:  54%|█████▍    | 270/500 [28:04<23:53,  6.23s/it]
Epoch 270 | postive loss : 41.42, negtive loss : 2643.69, worst lambd: 7201.85, worst gap: 0.00:  54%|█████▍    | 270/500 [28:10<23:53,  6.23s/it]
Epoch 271 | postive loss : 41.94, negtive loss : 2659.51, worst lambd: 7201.85, worst gap: 0.00:  54%|█████▍    | 270/500 [28:16<23:53,  6.23s/it]
Epoch 272 | postive loss : 43.09, negtive loss : 2651.88, worst lambd: 7201.85, worst gap: 0.00:  54%|█████▍    | 270/500 [28:22<23:53,  6.23s/it]
Epoch 273 | postive loss : 41.71, negtive loss : 2569.39, worst lambd: 7201.85, worst gap: 0.00:  54%|█████▍    | 270/500 [28:29<23:53,  6.23s/it]
Epoch 274 | postive loss : 41.81, negtive loss : 2504.67, worst lambd: 7201.85, worst gap: 0.00:  54%|█████▍    | 270/500 [28:35<23:53,  6.23s/it]
Epoch 275 | postive loss : 41.72, negtive loss : 2562.87, worst lambd: 7201.85, worst gap: 0.00:  54%|█████▍    | 270/500 [28:41<23:53,  6.23s/it]
Epoch 276 | postive loss : 42.00, negtive loss : 2602.65, worst lambd: 7201.85, worst gap: 0.00:  54%|█████▍    | 270/500 [28:47<23:53,  6.23s/it]
Epoch 277 | postive loss : 42.12, negtive loss : 2771.80, worst lambd: 7201.85, worst gap: 0.00:  54%|█████▍    | 270/500 [28:54<23:53,  6.23s/it]
Epoch 278 | postive loss : 41.07, negtive loss : 2605.36, worst lambd: 7201.85, worst gap: 0.00:  54%|█████▍    | 270/500 [29:00<23:53,  6.23s/it]
Epoch 279 | postive loss : 40.99, negtive loss : 2791.28, worst lambd: 7201.85, worst gap: 0.00:  54%|█████▍    | 270/500 [29:06<23:53,  6.23s/it]
Epoch 279 | postive loss : 40.99, negtive loss : 2791.28, worst lambd: 7201.85, worst gap: 0.00:  56%|█████▌    | 280/500 [29:06<22:50,  6.23s/it]
Epoch 280 | postive loss : 40.47, negtive loss : 2763.38, worst lambd: 7201.85, worst gap: 0.00:  56%|█████▌    | 280/500 [29:12<22:50,  6.23s/it]
Epoch 281 | postive loss : 40.77, negtive loss : 2677.40, worst lambd: 7201.85, worst gap: 0.00:  56%|█████▌    | 280/500 [29:18<22:50,  6.23s/it]
Epoch 282 | postive loss : 42.19, negtive loss : 2744.69, worst lambd: 7201.85, worst gap: 0.00:  56%|█████▌    | 280/500 [29:25<22:50,  6.23s/it]
Epoch 283 | postive loss : 41.68, negtive loss : 2801.87, worst lambd: 7201.85, worst gap: 0.00:  56%|█████▌    | 280/500 [29:31<22:50,  6.23s/it]
Epoch 284 | postive loss : 42.30, negtive loss : 2713.33, worst lambd: 7201.85, worst gap: 0.00:  56%|█████▌    | 280/500 [29:37<22:50,  6.23s/it]
Epoch 285 | postive loss : 41.69, negtive loss : 2632.26, worst lambd: 7201.85, worst gap: 0.00:  56%|█████▌    | 280/500 [29:43<22:50,  6.23s/it]
Epoch 286 | postive loss : 40.42, negtive loss : 2528.99, worst lambd: 7201.85, worst gap: 0.00:  56%|█████▌    | 280/500 [29:50<22:50,  6.23s/it]
Epoch 287 | postive loss : 39.73, negtive loss : 2538.34, worst lambd: 7201.85, worst gap: 0.00:  56%|█████▌    | 280/500 [29:56<22:50,  6.23s/it]
Epoch 288 | postive loss : 40.75, negtive loss : 2580.38, worst lambd: 7201.85, worst gap: 0.00:  56%|█████▌    | 280/500 [30:02<22:50,  6.23s/it]
Epoch 289 | postive loss : 42.14, negtive loss : 2618.80, worst lambd: 7201.85, worst gap: 0.00:  56%|█████▌    | 280/500 [30:08<22:50,  6.23s/it]
Epoch 289 | postive loss : 42.14, negtive loss : 2618.80, worst lambd: 7201.85, worst gap: 0.00:  58%|█████▊    | 290/500 [30:08<21:48,  6.23s/it]
Epoch 290 | postive loss : 40.64, negtive loss : 2545.95, worst lambd: 7201.85, worst gap: 0.00:  58%|█████▊    | 290/500 [30:15<21:48,  6.23s/it]
Epoch 291 | postive loss : 41.57, negtive loss : 2617.49, worst lambd: 7201.85, worst gap: 0.00:  58%|█████▊    | 290/500 [30:21<21:48,  6.23s/it]
Epoch 292 | postive loss : 41.19, negtive loss : 2505.03, worst lambd: 7201.85, worst gap: 0.00:  58%|█████▊    | 290/500 [30:27<21:48,  6.23s/it]
Epoch 293 | postive loss : 40.64, negtive loss : 2532.81, worst lambd: 7201.85, worst gap: 0.00:  58%|█████▊    | 290/500 [30:33<21:48,  6.23s/it]
Epoch 294 | postive loss : 40.30, negtive loss : 2472.15, worst lambd: 7201.85, worst gap: 0.00:  58%|█████▊    | 290/500 [30:39<21:48,  6.23s/it]
Epoch 295 | postive loss : 41.76, negtive loss : 2659.05, worst lambd: 7201.85, worst gap: 0.00:  58%|█████▊    | 290/500 [30:46<21:48,  6.23s/it]
Epoch 296 | postive loss : 42.79, negtive loss : 2995.47, worst lambd: 7201.85, worst gap: 0.00:  58%|█████▊    | 290/500 [30:52<21:48,  6.23s/it]
Epoch 297 | postive loss : 41.57, negtive loss : 2838.29, worst lambd: 7201.85, worst gap: 0.00:  58%|█████▊    | 290/500 [30:58<21:48,  6.23s/it]
Epoch 298 | postive loss : 41.06, negtive loss : 2742.38, worst lambd: 7201.85, worst gap: 0.00:  58%|█████▊    | 290/500 [31:04<21:48,  6.23s/it]
Epoch 299 | postive loss : 40.00, negtive loss : 2819.74, worst lambd: 7201.85, worst gap: 0.00:  58%|█████▊    | 290/500 [31:11<21:48,  6.23s/it]
Epoch 299 | postive loss : 40.00, negtive loss : 2819.74, worst lambd: 7201.85, worst gap: 0.00:  60%|██████    | 300/500 [31:11<20:46,  6.23s/it]
Epoch 300 | postive loss : 41.39, negtive loss : 2868.47, worst lambd: 7201.85, worst gap: 0.00:  60%|██████    | 300/500 [31:17<20:46,  6.23s/it]
Epoch 301 | postive loss : 40.17, negtive loss : 2802.85, worst lambd: 7201.85, worst gap: 0.00:  60%|██████    | 300/500 [31:23<20:46,  6.23s/it]
Epoch 302 | postive loss : 40.41, negtive loss : 2683.66, worst lambd: 7201.85, worst gap: 0.00:  60%|██████    | 300/500 [31:29<20:46,  6.23s/it]
Epoch 303 | postive loss : 40.58, negtive loss : 2810.21, worst lambd: 7201.85, worst gap: 0.00:  60%|██████    | 300/500 [31:36<20:46,  6.23s/it]
Epoch 304 | postive loss : 42.06, negtive loss : 2913.51, worst lambd: 7201.85, worst gap: 0.00:  60%|██████    | 300/500 [31:42<20:46,  6.23s/it]
Epoch 305 | postive loss : 41.16, negtive loss : 2699.13, worst lambd: 7201.85, worst gap: 0.00:  60%|██████    | 300/500 [31:48<20:46,  6.23s/it]
Epoch 306 | postive loss : 40.12, negtive loss : 2639.33, worst lambd: 7201.85, worst gap: 0.00:  60%|██████    | 300/500 [31:54<20:46,  6.23s/it]
Epoch 307 | postive loss : 40.31, negtive loss : 2587.18, worst lambd: 7201.85, worst gap: 0.00:  60%|██████    | 300/500 [32:00<20:46,  6.23s/it]
Epoch 308 | postive loss : 42.23, negtive loss : 2592.26, worst lambd: 7201.85, worst gap: 0.00:  60%|██████    | 300/500 [32:07<20:46,  6.23s/it]
Epoch 309 | postive loss : 42.77, negtive loss : 2584.42, worst lambd: 7201.85, worst gap: 0.00:  60%|██████    | 300/500 [32:13<20:46,  6.23s/it]
Epoch 309 | postive loss : 42.77, negtive loss : 2584.42, worst lambd: 7201.85, worst gap: 0.00:  62%|██████▏   | 310/500 [32:13<19:43,  6.23s/it]
Epoch 310 | postive loss : 40.50, negtive loss : 2595.75, worst lambd: 7201.85, worst gap: 0.00:  62%|██████▏   | 310/500 [32:19<19:43,  6.23s/it]
Epoch 311 | postive loss : 40.46, negtive loss : 2585.34, worst lambd: 7201.85, worst gap: 0.00:  62%|██████▏   | 310/500 [32:25<19:43,  6.23s/it]
Epoch 312 | postive loss : 40.06, negtive loss : 2584.08, worst lambd: 7201.85, worst gap: 0.00:  62%|██████▏   | 310/500 [32:32<19:43,  6.23s/it]
Epoch 313 | postive loss : 40.61, negtive loss : 2528.24, worst lambd: 7201.85, worst gap: 0.00:  62%|██████▏   | 310/500 [32:38<19:43,  6.23s/it]
Epoch 314 | postive loss : 40.84, negtive loss : 2469.06, worst lambd: 7201.85, worst gap: 0.00:  62%|██████▏   | 310/500 [32:44<19:43,  6.23s/it]
Epoch 315 | postive loss : 40.37, negtive loss : 2532.82, worst lambd: 7201.85, worst gap: 0.00:  62%|██████▏   | 310/500 [32:50<19:43,  6.23s/it]
Epoch 316 | postive loss : 40.70, negtive loss : 2584.29, worst lambd: 7201.85, worst gap: 0.00:  62%|██████▏   | 310/500 [32:57<19:43,  6.23s/it]
Epoch 317 | postive loss : 40.98, negtive loss : 2561.59, worst lambd: 7201.85, worst gap: 0.00:  62%|██████▏   | 310/500 [33:03<19:43,  6.23s/it]
Epoch 318 | postive loss : 40.90, negtive loss : 2534.82, worst lambd: 7201.85, worst gap: 0.00:  62%|██████▏   | 310/500 [33:09<19:43,  6.23s/it]
Epoch 319 | postive loss : 40.99, negtive loss : 2500.60, worst lambd: 7201.85, worst gap: 0.00:  62%|██████▏   | 310/500 [33:15<19:43,  6.23s/it]
Epoch 319 | postive loss : 40.99, negtive loss : 2500.60, worst lambd: 7201.85, worst gap: 0.00:  64%|██████▍   | 320/500 [33:15<18:41,  6.23s/it]
Epoch 320 | postive loss : 40.09, negtive loss : 2525.91, worst lambd: 7201.85, worst gap: 0.00:  64%|██████▍   | 320/500 [33:21<18:41,  6.23s/it]
Epoch 321 | postive loss : 41.04, negtive loss : 2623.21, worst lambd: 7201.85, worst gap: 0.00:  64%|██████▍   | 320/500 [33:28<18:41,  6.23s/it]
Epoch 322 | postive loss : 42.36, negtive loss : 2718.55, worst lambd: 7201.85, worst gap: 0.00:  64%|██████▍   | 320/500 [33:34<18:41,  6.23s/it]
Epoch 323 | postive loss : 42.38, negtive loss : 2813.06, worst lambd: 7201.85, worst gap: 0.00:  64%|██████▍   | 320/500 [33:40<18:41,  6.23s/it]
Epoch 324 | postive loss : 40.07, negtive loss : 2714.20, worst lambd: 7201.85, worst gap: 0.00:  64%|██████▍   | 320/500 [33:46<18:41,  6.23s/it]
Epoch 325 | postive loss : 39.42, negtive loss : 2748.73, worst lambd: 7201.85, worst gap: 0.00:  64%|██████▍   | 320/500 [33:53<18:41,  6.23s/it]
Epoch 326 | postive loss : 41.69, negtive loss : 2672.15, worst lambd: 7201.85, worst gap: 0.00:  64%|██████▍   | 320/500 [33:59<18:41,  6.23s/it]
Epoch 327 | postive loss : 45.14, negtive loss : 3134.76, worst lambd: 7201.85, worst gap: 0.00:  64%|██████▍   | 320/500 [34:05<18:41,  6.23s/it]
Epoch 328 | postive loss : 42.44, negtive loss : 2958.03, worst lambd: 7201.85, worst gap: 0.00:  64%|██████▍   | 320/500 [34:11<18:41,  6.23s/it]
Epoch 329 | postive loss : 40.73, negtive loss : 2677.64, worst lambd: 7201.85, worst gap: 0.00:  64%|██████▍   | 320/500 [34:18<18:41,  6.23s/it]
Epoch 329 | postive loss : 40.73, negtive loss : 2677.64, worst lambd: 7201.85, worst gap: 0.00:  66%|██████▌   | 330/500 [34:18<17:39,  6.23s/it]
Epoch 330 | postive loss : 40.32, negtive loss : 2546.27, worst lambd: 7201.85, worst gap: 0.00:  66%|██████▌   | 330/500 [34:24<17:39,  6.23s/it]
Epoch 331 | postive loss : 41.14, negtive loss : 2547.40, worst lambd: 7201.85, worst gap: 0.00:  66%|██████▌   | 330/500 [34:30<17:39,  6.23s/it]
Epoch 332 | postive loss : 39.80, negtive loss : 2487.06, worst lambd: 7201.85, worst gap: 0.00:  66%|██████▌   | 330/500 [34:36<17:39,  6.23s/it]
Epoch 333 | postive loss : 40.47, negtive loss : 2536.18, worst lambd: 7201.85, worst gap: 0.00:  66%|██████▌   | 330/500 [34:42<17:39,  6.23s/it]
Epoch 334 | postive loss : 40.46, negtive loss : 2433.18, worst lambd: 7201.85, worst gap: 0.00:  66%|██████▌   | 330/500 [34:49<17:39,  6.23s/it]
Epoch 335 | postive loss : 41.90, negtive loss : 2440.70, worst lambd: 7201.85, worst gap: 0.00:  66%|██████▌   | 330/500 [34:55<17:39,  6.23s/it]
Epoch 336 | postive loss : 42.80, negtive loss : 2901.53, worst lambd: 7201.85, worst gap: 0.00:  66%|██████▌   | 330/500 [35:01<17:39,  6.23s/it]
Epoch 337 | postive loss : 39.75, negtive loss : 2739.63, worst lambd: 7201.85, worst gap: 0.00:  66%|██████▌   | 330/500 [35:07<17:39,  6.23s/it]
Epoch 338 | postive loss : 39.01, negtive loss : 2569.70, worst lambd: 7201.85, worst gap: 0.00:  66%|██████▌   | 330/500 [35:14<17:39,  6.23s/it]
Epoch 339 | postive loss : 40.63, negtive loss : 2521.39, worst lambd: 7201.85, worst gap: 0.00:  66%|██████▌   | 330/500 [35:20<17:39,  6.23s/it]
Epoch 339 | postive loss : 40.63, negtive loss : 2521.39, worst lambd: 7201.85, worst gap: 0.00:  68%|██████▊   | 340/500 [35:20<16:36,  6.23s/it]
Epoch 340 | postive loss : 42.59, negtive loss : 2563.57, worst lambd: 7201.85, worst gap: 0.00:  68%|██████▊   | 340/500 [35:26<16:36,  6.23s/it]
Epoch 341 | postive loss : 40.31, negtive loss : 2481.16, worst lambd: 7201.85, worst gap: 0.00:  68%|██████▊   | 340/500 [35:32<16:36,  6.23s/it]
Epoch 342 | postive loss : 41.98, negtive loss : 2652.12, worst lambd: 7201.85, worst gap: 0.00:  68%|██████▊   | 340/500 [35:38<16:36,  6.23s/it]
Epoch 343 | postive loss : 41.51, negtive loss : 2654.17, worst lambd: 7201.85, worst gap: 0.00:  68%|██████▊   | 340/500 [35:45<16:36,  6.23s/it]
Epoch 344 | postive loss : 40.77, negtive loss : 2609.06, worst lambd: 7201.85, worst gap: 0.00:  68%|██████▊   | 340/500 [35:51<16:36,  6.23s/it]
Epoch 345 | postive loss : 40.94, negtive loss : 2690.60, worst lambd: 7201.85, worst gap: 0.00:  68%|██████▊   | 340/500 [35:57<16:36,  6.23s/it]
Epoch 346 | postive loss : 42.31, negtive loss : 2701.41, worst lambd: 7201.85, worst gap: 0.00:  68%|██████▊   | 340/500 [36:03<16:36,  6.23s/it]
Epoch 347 | postive loss : 39.60, negtive loss : 2709.82, worst lambd: 7201.85, worst gap: 0.00:  68%|██████▊   | 340/500 [36:10<16:36,  6.23s/it]
Epoch 348 | postive loss : 39.43, negtive loss : 2602.47, worst lambd: 7201.85, worst gap: 0.00:  68%|██████▊   | 340/500 [36:16<16:36,  6.23s/it]
Epoch 349 | postive loss : 40.66, negtive loss : 2585.31, worst lambd: 7201.85, worst gap: 0.00:  68%|██████▊   | 340/500 [36:22<16:36,  6.23s/it]
Epoch 349 | postive loss : 40.66, negtive loss : 2585.31, worst lambd: 7201.85, worst gap: 0.00:  70%|███████   | 350/500 [36:22<15:34,  6.23s/it]
Epoch 350 | postive loss : 41.44, negtive loss : 2781.97, worst lambd: 7201.85, worst gap: 0.00:  70%|███████   | 350/500 [36:28<15:34,  6.23s/it]
Epoch 351 | postive loss : 41.33, negtive loss : 2672.13, worst lambd: 7201.85, worst gap: 0.00:  70%|███████   | 350/500 [36:35<15:34,  6.23s/it]
Epoch 352 | postive loss : 43.41, negtive loss : 2913.28, worst lambd: 7201.85, worst gap: 0.00:  70%|███████   | 350/500 [36:41<15:34,  6.23s/it]
Epoch 353 | postive loss : 42.42, negtive loss : 2943.96, worst lambd: 7201.85, worst gap: 0.00:  70%|███████   | 350/500 [36:47<15:34,  6.23s/it]
Epoch 354 | postive loss : 41.54, negtive loss : 2636.52, worst lambd: 7201.85, worst gap: 0.00:  70%|███████   | 350/500 [36:53<15:34,  6.23s/it]
Epoch 355 | postive loss : 40.55, negtive loss : 2517.98, worst lambd: 7201.85, worst gap: 0.00:  70%|███████   | 350/500 [36:59<15:34,  6.23s/it]
Epoch 356 | postive loss : 41.31, negtive loss : 2546.52, worst lambd: 7201.85, worst gap: 0.00:  70%|███████   | 350/500 [37:06<15:34,  6.23s/it]
Epoch 357 | postive loss : 41.47, negtive loss : 2593.29, worst lambd: 7201.85, worst gap: 0.00:  70%|███████   | 350/500 [37:12<15:34,  6.23s/it]
Epoch 358 | postive loss : 41.71, negtive loss : 2497.92, worst lambd: 7201.85, worst gap: 0.00:  70%|███████   | 350/500 [37:18<15:34,  6.23s/it]
Epoch 359 | postive loss : 41.02, negtive loss : 2513.96, worst lambd: 7201.85, worst gap: 0.00:  70%|███████   | 350/500 [37:24<15:34,  6.23s/it]
Epoch 359 | postive loss : 41.02, negtive loss : 2513.96, worst lambd: 7201.85, worst gap: 0.00:  72%|███████▏  | 360/500 [37:24<14:32,  6.23s/it]
Epoch 360 | postive loss : 40.69, negtive loss : 2528.44, worst lambd: 7201.85, worst gap: 0.00:  72%|███████▏  | 360/500 [37:31<14:32,  6.23s/it]
Epoch 361 | postive loss : 39.76, negtive loss : 2450.12, worst lambd: 7201.85, worst gap: 0.00:  72%|███████▏  | 360/500 [37:37<14:32,  6.23s/it]
Epoch 362 | postive loss : 41.15, negtive loss : 2540.74, worst lambd: 7201.85, worst gap: 0.00:  72%|███████▏  | 360/500 [37:43<14:32,  6.23s/it]
Epoch 363 | postive loss : 39.82, negtive loss : 2419.14, worst lambd: 7201.85, worst gap: 0.00:  72%|███████▏  | 360/500 [37:49<14:32,  6.23s/it]
Epoch 364 | postive loss : 41.86, negtive loss : 2596.46, worst lambd: 7201.85, worst gap: 0.00:  72%|███████▏  | 360/500 [37:56<14:32,  6.23s/it]
Epoch 365 | postive loss : 42.73, negtive loss : 2695.15, worst lambd: 7201.85, worst gap: 0.00:  72%|███████▏  | 360/500 [38:02<14:32,  6.23s/it]
Epoch 366 | postive loss : 42.15, negtive loss : 2732.92, worst lambd: 7201.85, worst gap: 0.00:  72%|███████▏  | 360/500 [38:08<14:32,  6.23s/it]
Epoch 367 | postive loss : 40.72, negtive loss : 2833.26, worst lambd: 7201.85, worst gap: 0.00:  72%|███████▏  | 360/500 [38:14<14:32,  6.23s/it]
Epoch 368 | postive loss : 41.33, negtive loss : 2752.43, worst lambd: 7201.85, worst gap: 0.00:  72%|███████▏  | 360/500 [38:20<14:32,  6.23s/it]
Epoch 369 | postive loss : 40.34, negtive loss : 2648.75, worst lambd: 7201.85, worst gap: 0.00:  72%|███████▏  | 360/500 [38:27<14:32,  6.23s/it]
Epoch 369 | postive loss : 40.34, negtive loss : 2648.75, worst lambd: 7201.85, worst gap: 0.00:  74%|███████▍  | 370/500 [38:27<13:29,  6.23s/it]
Epoch 370 | postive loss : 41.47, negtive loss : 2683.72, worst lambd: 7201.85, worst gap: 0.00:  74%|███████▍  | 370/500 [38:33<13:29,  6.23s/it]
Epoch 371 | postive loss : 41.01, negtive loss : 2611.42, worst lambd: 7201.85, worst gap: 0.00:  74%|███████▍  | 370/500 [38:39<13:29,  6.23s/it]
Epoch 372 | postive loss : 42.26, negtive loss : 2634.52, worst lambd: 7201.85, worst gap: 0.00:  74%|███████▍  | 370/500 [38:45<13:29,  6.23s/it]
Epoch 373 | postive loss : 42.82, negtive loss : 2480.04, worst lambd: 7201.85, worst gap: 0.00:  74%|███████▍  | 370/500 [38:52<13:29,  6.23s/it]
Epoch 374 | postive loss : 42.23, negtive loss : 2568.03, worst lambd: 7201.85, worst gap: 0.00:  74%|███████▍  | 370/500 [38:58<13:29,  6.23s/it]
Epoch 375 | postive loss : 40.60, negtive loss : 2466.35, worst lambd: 7201.85, worst gap: 0.00:  74%|███████▍  | 370/500 [39:04<13:29,  6.23s/it]
Epoch 376 | postive loss : 41.13, negtive loss : 2528.25, worst lambd: 7201.85, worst gap: 0.00:  74%|███████▍  | 370/500 [39:10<13:29,  6.23s/it]
Epoch 377 | postive loss : 41.18, negtive loss : 2538.95, worst lambd: 7201.85, worst gap: 0.00:  74%|███████▍  | 370/500 [39:17<13:29,  6.23s/it]
Epoch 378 | postive loss : 39.88, negtive loss : 2403.68, worst lambd: 7201.85, worst gap: 0.00:  74%|███████▍  | 370/500 [39:23<13:29,  6.23s/it]
Epoch 379 | postive loss : 40.68, negtive loss : 2476.05, worst lambd: 7201.85, worst gap: 0.00:  74%|███████▍  | 370/500 [39:29<13:29,  6.23s/it]
Epoch 379 | postive loss : 40.68, negtive loss : 2476.05, worst lambd: 7201.85, worst gap: 0.00:  76%|███████▌  | 380/500 [39:29<12:27,  6.23s/it]
Epoch 380 | postive loss : 41.75, negtive loss : 2439.26, worst lambd: 7201.85, worst gap: 0.00:  76%|███████▌  | 380/500 [39:35<12:27,  6.23s/it]
Epoch 381 | postive loss : 41.86, negtive loss : 2503.27, worst lambd: 7201.85, worst gap: 0.00:  76%|███████▌  | 380/500 [39:41<12:27,  6.23s/it]
Epoch 382 | postive loss : 41.61, negtive loss : 2515.04, worst lambd: 7201.85, worst gap: 0.00:  76%|███████▌  | 380/500 [39:48<12:27,  6.23s/it]
Epoch 383 | postive loss : 41.65, negtive loss : 2624.57, worst lambd: 7201.85, worst gap: 0.00:  76%|███████▌  | 380/500 [39:54<12:27,  6.23s/it]
Epoch 384 | postive loss : 43.52, negtive loss : 2728.76, worst lambd: 7201.85, worst gap: 0.00:  76%|███████▌  | 380/500 [40:00<12:27,  6.23s/it]
Epoch 385 | postive loss : 42.88, negtive loss : 2682.91, worst lambd: 7201.85, worst gap: 0.00:  76%|███████▌  | 380/500 [40:06<12:27,  6.23s/it]
Epoch 386 | postive loss : 41.48, negtive loss : 2660.70, worst lambd: 7201.85, worst gap: 0.00:  76%|███████▌  | 380/500 [40:13<12:27,  6.23s/it]
Epoch 387 | postive loss : 41.97, negtive loss : 2639.87, worst lambd: 7201.85, worst gap: 0.00:  76%|███████▌  | 380/500 [40:19<12:27,  6.23s/it]
Epoch 388 | postive loss : 41.06, negtive loss : 2634.50, worst lambd: 7201.85, worst gap: 0.00:  76%|███████▌  | 380/500 [40:25<12:27,  6.23s/it]
Epoch 389 | postive loss : 40.92, negtive loss : 2647.92, worst lambd: 7201.85, worst gap: 0.00:  76%|███████▌  | 380/500 [40:31<12:27,  6.23s/it]
Epoch 389 | postive loss : 40.92, negtive loss : 2647.92, worst lambd: 7201.85, worst gap: 0.00:  78%|███████▊  | 390/500 [40:31<11:25,  6.23s/it]
Epoch 390 | postive loss : 41.45, negtive loss : 2711.43, worst lambd: 7201.85, worst gap: 0.00:  78%|███████▊  | 390/500 [40:38<11:25,  6.23s/it]
Epoch 391 | postive loss : 40.74, negtive loss : 2635.27, worst lambd: 7201.85, worst gap: 0.00:  78%|███████▊  | 390/500 [40:44<11:25,  6.23s/it]
Epoch 392 | postive loss : 40.29, negtive loss : 2688.06, worst lambd: 7201.85, worst gap: 0.00:  78%|███████▊  | 390/500 [40:50<11:25,  6.23s/it]
Epoch 393 | postive loss : 42.38, negtive loss : 2713.38, worst lambd: 7201.85, worst gap: 0.00:  78%|███████▊  | 390/500 [40:56<11:25,  6.23s/it]
Epoch 394 | postive loss : 41.19, negtive loss : 2678.57, worst lambd: 7201.85, worst gap: 0.00:  78%|███████▊  | 390/500 [41:02<11:25,  6.23s/it]
Epoch 395 | postive loss : 41.24, negtive loss : 2753.00, worst lambd: 7201.85, worst gap: 0.00:  78%|███████▊  | 390/500 [41:09<11:25,  6.23s/it]
Epoch 396 | postive loss : 41.18, negtive loss : 2686.07, worst lambd: 7201.85, worst gap: 0.00:  78%|███████▊  | 390/500 [41:15<11:25,  6.23s/it]
Epoch 397 | postive loss : 40.90, negtive loss : 2489.20, worst lambd: 7201.85, worst gap: 0.00:  78%|███████▊  | 390/500 [41:21<11:25,  6.23s/it]
Epoch 398 | postive loss : 41.94, negtive loss : 2527.13, worst lambd: 7201.85, worst gap: 0.00:  78%|███████▊  | 390/500 [41:27<11:25,  6.23s/it]
Epoch 399 | postive loss : 41.28, negtive loss : 2595.06, worst lambd: 7201.85, worst gap: 0.00:  78%|███████▊  | 390/500 [41:34<11:25,  6.23s/it]
Epoch 399 | postive loss : 41.28, negtive loss : 2595.06, worst lambd: 7201.85, worst gap: 0.00:  80%|████████  | 400/500 [41:34<10:23,  6.23s/it]
Epoch 400 | postive loss : 41.94, negtive loss : 2658.28, worst lambd: 7201.85, worst gap: 0.00:  80%|████████  | 400/500 [41:40<10:23,  6.23s/it]
Epoch 401 | postive loss : 40.40, negtive loss : 2594.09, worst lambd: 7201.85, worst gap: 0.00:  80%|████████  | 400/500 [41:46<10:23,  6.23s/it]
Epoch 402 | postive loss : 40.50, negtive loss : 2652.80, worst lambd: 7201.85, worst gap: 0.00:  80%|████████  | 400/500 [41:52<10:23,  6.23s/it]
Epoch 403 | postive loss : 41.23, negtive loss : 2615.38, worst lambd: 7201.85, worst gap: 0.00:  80%|████████  | 400/500 [41:59<10:23,  6.23s/it]
Epoch 404 | postive loss : 41.09, negtive loss : 2536.00, worst lambd: 7201.85, worst gap: 0.00:  80%|████████  | 400/500 [42:05<10:23,  6.23s/it]
Epoch 405 | postive loss : 41.07, negtive loss : 2528.29, worst lambd: 7201.85, worst gap: 0.00:  80%|████████  | 400/500 [42:11<10:23,  6.23s/it]
Epoch 406 | postive loss : 41.40, negtive loss : 2487.79, worst lambd: 7201.85, worst gap: 0.00:  80%|████████  | 400/500 [42:17<10:23,  6.23s/it]
Epoch 407 | postive loss : 41.59, negtive loss : 2682.55, worst lambd: 7201.85, worst gap: 0.00:  80%|████████  | 400/500 [42:24<10:23,  6.23s/it]
Epoch 408 | postive loss : 42.68, negtive loss : 2835.73, worst lambd: 7201.85, worst gap: 0.00:  80%|████████  | 400/500 [42:30<10:23,  6.23s/it]
Epoch 409 | postive loss : 41.59, negtive loss : 2719.55, worst lambd: 7201.85, worst gap: 0.00:  80%|████████  | 400/500 [42:36<10:23,  6.23s/it]
Epoch 409 | postive loss : 41.59, negtive loss : 2719.55, worst lambd: 7201.85, worst gap: 0.00:  82%|████████▏ | 410/500 [42:36<09:21,  6.23s/it]
Epoch 410 | postive loss : 40.72, negtive loss : 2638.22, worst lambd: 7201.85, worst gap: 0.00:  82%|████████▏ | 410/500 [42:42<09:21,  6.23s/it]
Epoch 411 | postive loss : 41.14, negtive loss : 2712.69, worst lambd: 7201.85, worst gap: 0.00:  82%|████████▏ | 410/500 [42:49<09:21,  6.23s/it]
Epoch 412 | postive loss : 40.30, negtive loss : 2642.86, worst lambd: 7201.85, worst gap: 0.00:  82%|████████▏ | 410/500 [42:55<09:21,  6.23s/it]
Epoch 413 | postive loss : 42.60, negtive loss : 2804.34, worst lambd: 7201.85, worst gap: 0.00:  82%|████████▏ | 410/500 [43:01<09:21,  6.23s/it]
Epoch 414 | postive loss : 41.92, negtive loss : 3031.55, worst lambd: 7201.85, worst gap: 0.00:  82%|████████▏ | 410/500 [43:07<09:21,  6.23s/it]
Epoch 415 | postive loss : 41.47, negtive loss : 2724.93, worst lambd: 7201.85, worst gap: 0.00:  82%|████████▏ | 410/500 [43:13<09:21,  6.23s/it]
Epoch 416 | postive loss : 41.25, negtive loss : 2641.38, worst lambd: 7201.85, worst gap: 0.00:  82%|████████▏ | 410/500 [43:20<09:21,  6.23s/it]
Epoch 417 | postive loss : 41.94, negtive loss : 2630.84, worst lambd: 7201.85, worst gap: 0.00:  82%|████████▏ | 410/500 [43:26<09:21,  6.23s/it]
Epoch 418 | postive loss : 41.54, negtive loss : 2604.87, worst lambd: 7201.85, worst gap: 0.00:  82%|████████▏ | 410/500 [43:32<09:21,  6.23s/it]
Epoch 419 | postive loss : 41.10, negtive loss : 2570.34, worst lambd: 7201.85, worst gap: 0.00:  82%|████████▏ | 410/500 [43:38<09:21,  6.23s/it]
Epoch 419 | postive loss : 41.10, negtive loss : 2570.34, worst lambd: 7201.85, worst gap: 0.00:  84%|████████▍ | 420/500 [43:38<08:18,  6.24s/it]
Epoch 420 | postive loss : 41.38, negtive loss : 2637.27, worst lambd: 7201.85, worst gap: 0.00:  84%|████████▍ | 420/500 [43:45<08:18,  6.24s/it]
Epoch 421 | postive loss : 41.28, negtive loss : 2771.42, worst lambd: 7201.85, worst gap: 0.00:  84%|████████▍ | 420/500 [43:51<08:18,  6.24s/it]
Epoch 422 | postive loss : 42.55, negtive loss : 2754.02, worst lambd: 7201.85, worst gap: 0.00:  84%|████████▍ | 420/500 [43:57<08:18,  6.24s/it]
Epoch 423 | postive loss : 39.98, negtive loss : 2681.69, worst lambd: 7201.85, worst gap: 0.00:  84%|████████▍ | 420/500 [44:03<08:18,  6.24s/it]
Epoch 424 | postive loss : 39.54, negtive loss : 2625.16, worst lambd: 7201.85, worst gap: 0.00:  84%|████████▍ | 420/500 [44:10<08:18,  6.24s/it]
Epoch 425 | postive loss : 41.54, negtive loss : 2728.60, worst lambd: 7201.85, worst gap: 0.00:  84%|████████▍ | 420/500 [44:16<08:18,  6.24s/it]
Epoch 426 | postive loss : 42.25, negtive loss : 2667.65, worst lambd: 7201.85, worst gap: 0.00:  84%|████████▍ | 420/500 [44:22<08:18,  6.24s/it]
Epoch 427 | postive loss : 41.43, negtive loss : 2622.89, worst lambd: 7201.85, worst gap: 0.00:  84%|████████▍ | 420/500 [44:28<08:18,  6.24s/it]
Epoch 428 | postive loss : 40.84, negtive loss : 2542.61, worst lambd: 7201.85, worst gap: 0.00:  84%|████████▍ | 420/500 [44:35<08:18,  6.24s/it]
Epoch 429 | postive loss : 40.55, negtive loss : 2617.55, worst lambd: 7201.85, worst gap: 0.00:  84%|████████▍ | 420/500 [44:41<08:18,  6.24s/it]
Epoch 429 | postive loss : 40.55, negtive loss : 2617.55, worst lambd: 7201.85, worst gap: 0.00:  86%|████████▌ | 430/500 [44:41<07:16,  6.24s/it]
Epoch 430 | postive loss : 40.89, negtive loss : 2678.46, worst lambd: 7201.85, worst gap: 0.00:  86%|████████▌ | 430/500 [44:47<07:16,  6.24s/it]
Epoch 431 | postive loss : 42.09, negtive loss : 2648.83, worst lambd: 7201.85, worst gap: 0.00:  86%|████████▌ | 430/500 [44:53<07:16,  6.24s/it]
Epoch 432 | postive loss : 41.66, negtive loss : 2645.87, worst lambd: 7201.85, worst gap: 0.00:  86%|████████▌ | 430/500 [44:59<07:16,  6.24s/it]
Epoch 433 | postive loss : 42.74, negtive loss : 2681.51, worst lambd: 7201.85, worst gap: 0.00:  86%|████████▌ | 430/500 [45:06<07:16,  6.24s/it]
Epoch 434 | postive loss : 41.90, negtive loss : 2795.47, worst lambd: 7201.85, worst gap: 0.00:  86%|████████▌ | 430/500 [45:12<07:16,  6.24s/it]
Epoch 435 | postive loss : 43.41, negtive loss : 2650.15, worst lambd: 7201.85, worst gap: 0.00:  86%|████████▌ | 430/500 [45:18<07:16,  6.24s/it]
Epoch 436 | postive loss : 41.68, negtive loss : 2666.90, worst lambd: 7201.85, worst gap: 0.00:  86%|████████▌ | 430/500 [45:24<07:16,  6.24s/it]
Epoch 437 | postive loss : 40.15, negtive loss : 2559.39, worst lambd: 7201.85, worst gap: 0.00:  86%|████████▌ | 430/500 [45:31<07:16,  6.24s/it]
Epoch 438 | postive loss : 40.75, negtive loss : 2586.60, worst lambd: 7201.85, worst gap: 0.00:  86%|████████▌ | 430/500 [45:37<07:16,  6.24s/it]
Epoch 439 | postive loss : 41.35, negtive loss : 2504.93, worst lambd: 7201.85, worst gap: 0.00:  86%|████████▌ | 430/500 [45:43<07:16,  6.24s/it]
Epoch 439 | postive loss : 41.35, negtive loss : 2504.93, worst lambd: 7201.85, worst gap: 0.00:  88%|████████▊ | 440/500 [45:43<06:14,  6.23s/it]
Epoch 440 | postive loss : 41.34, negtive loss : 2441.74, worst lambd: 7201.85, worst gap: 0.00:  88%|████████▊ | 440/500 [45:49<06:14,  6.23s/it]
Epoch 441 | postive loss : 41.78, negtive loss : 2550.21, worst lambd: 7201.85, worst gap: 0.00:  88%|████████▊ | 440/500 [45:56<06:14,  6.23s/it]
Epoch 442 | postive loss : 41.05, negtive loss : 2483.95, worst lambd: 7201.85, worst gap: 0.00:  88%|████████▊ | 440/500 [46:02<06:14,  6.23s/it]
Epoch 443 | postive loss : 41.10, negtive loss : 2476.52, worst lambd: 7201.85, worst gap: 0.00:  88%|████████▊ | 440/500 [46:08<06:14,  6.23s/it]
Epoch 444 | postive loss : 41.59, negtive loss : 2544.72, worst lambd: 7201.85, worst gap: 0.00:  88%|████████▊ | 440/500 [46:14<06:14,  6.23s/it]
Epoch 445 | postive loss : 42.21, negtive loss : 2577.42, worst lambd: 7201.85, worst gap: 0.00:  88%|████████▊ | 440/500 [46:21<06:14,  6.23s/it]
Epoch 446 | postive loss : 41.64, negtive loss : 2554.06, worst lambd: 7201.85, worst gap: 0.00:  88%|████████▊ | 440/500 [46:27<06:14,  6.23s/it]
Epoch 447 | postive loss : 41.93, negtive loss : 2592.45, worst lambd: 7201.85, worst gap: 0.00:  88%|████████▊ | 440/500 [46:33<06:14,  6.23s/it]
Epoch 448 | postive loss : 41.44, negtive loss : 2523.66, worst lambd: 7201.85, worst gap: 0.00:  88%|████████▊ | 440/500 [46:39<06:14,  6.23s/it]
Epoch 449 | postive loss : 40.37, negtive loss : 2521.11, worst lambd: 7201.85, worst gap: 0.00:  88%|████████▊ | 440/500 [46:45<06:14,  6.23s/it]
Epoch 449 | postive loss : 40.37, negtive loss : 2521.11, worst lambd: 7201.85, worst gap: 0.00:  90%|█████████ | 450/500 [46:45<05:11,  6.23s/it]
Epoch 450 | postive loss : 41.26, negtive loss : 2622.61, worst lambd: 7201.85, worst gap: 0.00:  90%|█████████ | 450/500 [46:52<05:11,  6.23s/it]
Epoch 451 | postive loss : 42.02, negtive loss : 2617.69, worst lambd: 7201.85, worst gap: 0.00:  90%|█████████ | 450/500 [46:58<05:11,  6.23s/it]
Epoch 452 | postive loss : 40.84, negtive loss : 2610.39, worst lambd: 7201.85, worst gap: 0.00:  90%|█████████ | 450/500 [47:04<05:11,  6.23s/it]
Epoch 453 | postive loss : 41.48, negtive loss : 2616.06, worst lambd: 7201.85, worst gap: 0.00:  90%|█████████ | 450/500 [47:10<05:11,  6.23s/it]
Epoch 454 | postive loss : 42.45, negtive loss : 2632.77, worst lambd: 7201.85, worst gap: 0.00:  90%|█████████ | 450/500 [47:17<05:11,  6.23s/it]
Epoch 455 | postive loss : 41.14, negtive loss : 2653.19, worst lambd: 7201.85, worst gap: 0.00:  90%|█████████ | 450/500 [47:23<05:11,  6.23s/it]
Epoch 456 | postive loss : 41.13, negtive loss : 2641.87, worst lambd: 7201.85, worst gap: 0.00:  90%|█████████ | 450/500 [47:29<05:11,  6.23s/it]
Epoch 457 | postive loss : 41.44, negtive loss : 2680.30, worst lambd: 7201.85, worst gap: 0.00:  90%|█████████ | 450/500 [47:35<05:11,  6.23s/it]
Epoch 458 | postive loss : 41.96, negtive loss : 2569.66, worst lambd: 7201.85, worst gap: 0.00:  90%|█████████ | 450/500 [47:42<05:11,  6.23s/it]
Epoch 459 | postive loss : 41.96, negtive loss : 2695.83, worst lambd: 7201.85, worst gap: 0.00:  90%|█████████ | 450/500 [47:48<05:11,  6.23s/it]
Epoch 459 | postive loss : 41.96, negtive loss : 2695.83, worst lambd: 7201.85, worst gap: 0.00:  92%|█████████▏| 460/500 [47:48<04:09,  6.23s/it]
Epoch 460 | postive loss : 42.61, negtive loss : 2631.29, worst lambd: 7201.85, worst gap: 0.00:  92%|█████████▏| 460/500 [47:54<04:09,  6.23s/it]
Epoch 461 | postive loss : 40.69, negtive loss : 2641.92, worst lambd: 7201.85, worst gap: 0.00:  92%|█████████▏| 460/500 [48:00<04:09,  6.23s/it]
Epoch 462 | postive loss : 41.29, negtive loss : 2565.31, worst lambd: 7201.85, worst gap: 0.00:  92%|█████████▏| 460/500 [48:06<04:09,  6.23s/it]
Epoch 463 | postive loss : 40.66, negtive loss : 2591.28, worst lambd: 7201.85, worst gap: 0.00:  92%|█████████▏| 460/500 [48:13<04:09,  6.23s/it]
Epoch 464 | postive loss : 39.84, negtive loss : 2479.67, worst lambd: 7201.85, worst gap: 0.00:  92%|█████████▏| 460/500 [48:19<04:09,  6.23s/it]
Epoch 465 | postive loss : 39.63, negtive loss : 2417.68, worst lambd: 7201.85, worst gap: 0.00:  92%|█████████▏| 460/500 [48:25<04:09,  6.23s/it]
Epoch 466 | postive loss : 42.11, negtive loss : 2526.06, worst lambd: 7201.85, worst gap: 0.00:  92%|█████████▏| 460/500 [48:31<04:09,  6.23s/it]
Epoch 467 | postive loss : 42.44, negtive loss : 2583.02, worst lambd: 7201.85, worst gap: 0.00:  92%|█████████▏| 460/500 [48:38<04:09,  6.23s/it]
Epoch 468 | postive loss : 40.64, negtive loss : 2525.00, worst lambd: 7201.85, worst gap: 0.00:  92%|█████████▏| 460/500 [48:44<04:09,  6.23s/it]
Epoch 469 | postive loss : 40.63, negtive loss : 2520.94, worst lambd: 7201.85, worst gap: 0.00:  92%|█████████▏| 460/500 [48:50<04:09,  6.23s/it]
Epoch 469 | postive loss : 40.63, negtive loss : 2520.94, worst lambd: 7201.85, worst gap: 0.00:  94%|█████████▍| 470/500 [48:50<03:06,  6.23s/it]
Epoch 470 | postive loss : 40.74, negtive loss : 2647.73, worst lambd: 7201.85, worst gap: 0.00:  94%|█████████▍| 470/500 [48:56<03:06,  6.23s/it]
Epoch 471 | postive loss : 41.65, negtive loss : 2739.75, worst lambd: 7201.85, worst gap: 0.00:  94%|█████████▍| 470/500 [49:03<03:06,  6.23s/it]
Epoch 472 | postive loss : 41.91, negtive loss : 2687.62, worst lambd: 7201.85, worst gap: 0.00:  94%|█████████▍| 470/500 [49:09<03:06,  6.23s/it]
Epoch 473 | postive loss : 42.34, negtive loss : 2707.08, worst lambd: 7201.85, worst gap: 0.00:  94%|█████████▍| 470/500 [49:15<03:06,  6.23s/it]
Epoch 474 | postive loss : 40.47, negtive loss : 2572.63, worst lambd: 7201.85, worst gap: 0.00:  94%|█████████▍| 470/500 [49:21<03:06,  6.23s/it]
Epoch 475 | postive loss : 40.39, negtive loss : 2509.93, worst lambd: 7201.85, worst gap: 0.00:  94%|█████████▍| 470/500 [49:27<03:06,  6.23s/it]
Epoch 476 | postive loss : 41.12, negtive loss : 2483.01, worst lambd: 7201.85, worst gap: 0.00:  94%|█████████▍| 470/500 [49:34<03:06,  6.23s/it]
Epoch 477 | postive loss : 42.23, negtive loss : 2550.94, worst lambd: 7201.85, worst gap: 0.00:  94%|█████████▍| 470/500 [49:40<03:06,  6.23s/it]
Epoch 478 | postive loss : 40.82, negtive loss : 2610.75, worst lambd: 7201.85, worst gap: 0.00:  94%|█████████▍| 470/500 [49:46<03:06,  6.23s/it]
Epoch 479 | postive loss : 42.15, negtive loss : 2554.96, worst lambd: 7201.85, worst gap: 0.00:  94%|█████████▍| 470/500 [49:52<03:06,  6.23s/it]
Epoch 479 | postive loss : 42.15, negtive loss : 2554.96, worst lambd: 7201.85, worst gap: 0.00:  96%|█████████▌| 480/500 [49:52<02:04,  6.23s/it]
Epoch 480 | postive loss : 41.56, negtive loss : 2563.53, worst lambd: 7201.85, worst gap: 0.00:  96%|█████████▌| 480/500 [49:59<02:04,  6.23s/it]
Epoch 481 | postive loss : 41.15, negtive loss : 2541.48, worst lambd: 7201.85, worst gap: 0.00:  96%|█████████▌| 480/500 [50:05<02:04,  6.23s/it]
Epoch 482 | postive loss : 40.40, negtive loss : 2613.25, worst lambd: 7201.85, worst gap: 0.00:  96%|█████████▌| 480/500 [50:11<02:04,  6.23s/it]
Epoch 483 | postive loss : 39.01, negtive loss : 2484.68, worst lambd: 7201.85, worst gap: 0.00:  96%|█████████▌| 480/500 [50:17<02:04,  6.23s/it]
Epoch 484 | postive loss : 39.93, negtive loss : 2596.78, worst lambd: 7201.85, worst gap: 0.00:  96%|█████████▌| 480/500 [50:24<02:04,  6.23s/it]
Epoch 485 | postive loss : 40.84, negtive loss : 2548.25, worst lambd: 7201.85, worst gap: 0.00:  96%|█████████▌| 480/500 [50:30<02:04,  6.23s/it]
Epoch 486 | postive loss : 41.46, negtive loss : 2658.84, worst lambd: 7201.85, worst gap: 0.00:  96%|█████████▌| 480/500 [50:36<02:04,  6.23s/it]
Epoch 487 | postive loss : 39.99, negtive loss : 2651.98, worst lambd: 7201.85, worst gap: 0.00:  96%|█████████▌| 480/500 [50:42<02:04,  6.23s/it]
Epoch 488 | postive loss : 39.83, negtive loss : 2725.18, worst lambd: 7201.85, worst gap: 0.00:  96%|█████████▌| 480/500 [50:48<02:04,  6.23s/it]
Epoch 489 | postive loss : 39.95, negtive loss : 2761.87, worst lambd: 7201.85, worst gap: 0.00:  96%|█████████▌| 480/500 [50:55<02:04,  6.23s/it]
Epoch 489 | postive loss : 39.95, negtive loss : 2761.87, worst lambd: 7201.85, worst gap: 0.00:  98%|█████████▊| 490/500 [50:55<01:02,  6.23s/it]
Epoch 490 | postive loss : 41.08, negtive loss : 2639.45, worst lambd: 7201.85, worst gap: 0.00:  98%|█████████▊| 490/500 [51:01<01:02,  6.23s/it]
Epoch 491 | postive loss : 42.04, negtive loss : 2584.98, worst lambd: 7201.85, worst gap: 0.00:  98%|█████████▊| 490/500 [51:07<01:02,  6.23s/it]
Epoch 492 | postive loss : 42.21, negtive loss : 2626.57, worst lambd: 7201.85, worst gap: 0.00:  98%|█████████▊| 490/500 [51:13<01:02,  6.23s/it]
Epoch 493 | postive loss : 41.36, negtive loss : 2645.02, worst lambd: 7201.85, worst gap: 0.00:  98%|█████████▊| 490/500 [51:20<01:02,  6.23s/it]
Epoch 494 | postive loss : 40.65, negtive loss : 2633.54, worst lambd: 7201.85, worst gap: 0.00:  98%|█████████▊| 490/500 [51:26<01:02,  6.23s/it]
Epoch 495 | postive loss : 39.79, negtive loss : 2642.89, worst lambd: 7201.85, worst gap: 0.00:  98%|█████████▊| 490/500 [51:32<01:02,  6.23s/it]
Epoch 496 | postive loss : 40.21, negtive loss : 2664.54, worst lambd: 7201.85, worst gap: 0.00:  98%|█████████▊| 490/500 [51:38<01:02,  6.23s/it]
Epoch 497 | postive loss : 40.04, negtive loss : 2504.09, worst lambd: 7201.85, worst gap: 0.00:  98%|█████████▊| 490/500 [51:45<01:02,  6.23s/it]
Epoch 498 | postive loss : 39.53, negtive loss : 2479.81, worst lambd: 7201.85, worst gap: 0.00:  98%|█████████▊| 490/500 [51:51<01:02,  6.23s/it]
Epoch 499 | postive loss : 41.39, negtive loss : 2613.11, worst lambd: 7201.85, worst gap: 0.00:  98%|█████████▊| 490/500 [51:57<01:02,  6.23s/it]
Epoch 499 | postive loss : 41.39, negtive loss : 2613.11, worst lambd: 7201.85, worst gap: 0.00: 100%|██████████| 500/500 [51:57<00:00,  6.23s/it]
Epoch 499 | postive loss : 41.39, negtive loss : 2613.11, worst lambd: 7201.85, worst gap: 0.00: 100%|██████████| 500/500 [51:57<00:00,  6.24s/it]
Info : finish model training
Info : save model sucessfully
Info : save sucessfully
set learningrate with 0.05  ----------------------------------------------------------------------
INFO -- prepare : Init model SN2E
INFO -- prepare : set model cuda: 1
INFO -- prepare : Model initialization complete
INFO -- prepare : Init optimizer
INFO -- prepare : Finish preparing Optimizer...
Info -- : start model training

  0%|          | 0/500 [00:00<?, ?it/s]
Epoch 0 | postive loss : 107.00, negtive loss : 2768.20, worst lambd: 421.45, worst gap: 0.77:   0%|          | 0/500 [00:06<?, ?it/s]
Epoch 0 | postive loss : 107.00, negtive loss : 2768.20, worst lambd: 421.45, worst gap: 0.77:   0%|          | 0/500 [00:10<?, ?it/s]
Epoch 1 | postive loss : 66.71, negtive loss : 1950.79, worst lambd: 421.45, worst gap: 0.59:   0%|          | 0/500 [00:12<?, ?it/s] 
Epoch 2 | postive loss : 48.79, negtive loss : 1440.14, worst lambd: 421.45, worst gap: 0.59:   0%|          | 0/500 [00:18<?, ?it/s]
Epoch 3 | postive loss : 36.02, negtive loss : 1075.67, worst lambd: 421.45, worst gap: 0.54:   0%|          | 0/500 [00:24<?, ?it/s]
Epoch 4 | postive loss : 26.35, negtive loss : 801.39, worst lambd: 421.45, worst gap: 0.34:   0%|          | 0/500 [00:31<?, ?it/s] 
Epoch 5 | postive loss : 19.96, negtive loss : 634.86, worst lambd: 421.45, worst gap: 0.32:   0%|          | 0/500 [00:37<?, ?it/s]
Epoch 6 | postive loss : 18.15, negtive loss : 594.38, worst lambd: 421.45, worst gap: 0.32:   0%|          | 0/500 [00:43<?, ?it/s]
Epoch 7 | postive loss : 18.41, negtive loss : 634.58, worst lambd: 421.45, worst gap: 0.22:   0%|          | 0/500 [00:49<?, ?it/s]
Epoch 8 | postive loss : 16.11, negtive loss : 715.94, worst lambd: 421.45, worst gap: 0.22:   0%|          | 0/500 [00:56<?, ?it/s]
Epoch 9 | postive loss : 12.35, negtive loss : 806.06, worst lambd: 421.45, worst gap: 0.22:   0%|          | 0/500 [01:02<?, ?it/s]
Epoch 9 | postive loss : 12.35, negtive loss : 806.06, worst lambd: 421.45, worst gap: 0.22:   2%|▏         | 10/500 [01:02<50:54,  6.23s/it]
Epoch 10 | postive loss : 9.32, negtive loss : 912.24, worst lambd: 421.45, worst gap: 0.14:   2%|▏         | 10/500 [01:08<50:54,  6.23s/it]
Epoch 11 | postive loss : 7.22, negtive loss : 1021.66, worst lambd: 421.45, worst gap: 0.05:   2%|▏         | 10/500 [01:14<50:54,  6.23s/it]
Epoch 12 | postive loss : 5.79, negtive loss : 1119.73, worst lambd: 421.45, worst gap: 0.05:   2%|▏         | 10/500 [01:21<50:54,  6.23s/it]
Epoch 13 | postive loss : 4.97, negtive loss : 1202.15, worst lambd: 421.45, worst gap: 0.04:   2%|▏         | 10/500 [01:27<50:54,  6.23s/it]
Epoch 14 | postive loss : 4.55, negtive loss : 1262.09, worst lambd: 421.45, worst gap: 0.04:   2%|▏         | 10/500 [01:33<50:54,  6.23s/it]
Epoch 15 | postive loss : 4.35, negtive loss : 1307.28, worst lambd: 421.45, worst gap: 0.04:   2%|▏         | 10/500 [01:39<50:54,  6.23s/it]
Epoch 16 | postive loss : 4.42, negtive loss : 1354.87, worst lambd: 421.45, worst gap: 0.04:   2%|▏         | 10/500 [01:45<50:54,  6.23s/it]
Epoch 17 | postive loss : 4.42, negtive loss : 1393.68, worst lambd: 421.45, worst gap: 0.02:   2%|▏         | 10/500 [01:52<50:54,  6.23s/it]
Epoch 18 | postive loss : 4.60, negtive loss : 1422.80, worst lambd: 421.45, worst gap: 0.02:   2%|▏         | 10/500 [01:58<50:54,  6.23s/it]
Epoch 19 | postive loss : 4.69, negtive loss : 1445.13, worst lambd: 421.45, worst gap: 0.02:   2%|▏         | 10/500 [02:04<50:54,  6.23s/it]
Epoch 19 | postive loss : 4.69, negtive loss : 1445.13, worst lambd: 421.45, worst gap: 0.02:   4%|▍         | 20/500 [02:04<49:52,  6.23s/it]
Epoch 20 | postive loss : 4.78, negtive loss : 1476.17, worst lambd: 421.45, worst gap: 0.02:   4%|▍         | 20/500 [02:10<49:52,  6.23s/it]
Epoch 21 | postive loss : 4.95, negtive loss : 1505.79, worst lambd: 421.45, worst gap: 0.02:   4%|▍         | 20/500 [02:17<49:52,  6.23s/it]
Epoch 22 | postive loss : 4.95, negtive loss : 1525.92, worst lambd: 421.45, worst gap: 0.02:   4%|▍         | 20/500 [02:23<49:52,  6.23s/it]
Epoch 23 | postive loss : 4.94, negtive loss : 1535.08, worst lambd: 421.45, worst gap: 0.02:   4%|▍         | 20/500 [02:29<49:52,  6.23s/it]
Epoch 24 | postive loss : 4.99, negtive loss : 1566.19, worst lambd: 421.45, worst gap: 0.02:   4%|▍         | 20/500 [02:35<49:52,  6.23s/it]
Epoch 25 | postive loss : 4.88, negtive loss : 1573.61, worst lambd: 421.45, worst gap: 0.02:   4%|▍         | 20/500 [02:42<49:52,  6.23s/it]
Epoch 26 | postive loss : 5.11, negtive loss : 1598.81, worst lambd: 421.45, worst gap: 0.02:   4%|▍         | 20/500 [02:48<49:52,  6.23s/it]
Epoch 27 | postive loss : 5.22, negtive loss : 1613.58, worst lambd: 421.45, worst gap: 0.01:   4%|▍         | 20/500 [02:54<49:52,  6.23s/it]
Epoch 28 | postive loss : 5.18, negtive loss : 1636.87, worst lambd: 421.45, worst gap: 0.01:   4%|▍         | 20/500 [03:00<49:52,  6.23s/it]
Epoch 29 | postive loss : 5.19, negtive loss : 1635.85, worst lambd: 421.45, worst gap: 0.01:   4%|▍         | 20/500 [03:07<49:52,  6.23s/it]
Epoch 29 | postive loss : 5.19, negtive loss : 1635.85, worst lambd: 421.45, worst gap: 0.01:   6%|▌         | 30/500 [03:07<48:50,  6.24s/it]
Epoch 30 | postive loss : 5.01, negtive loss : 1657.89, worst lambd: 421.45, worst gap: 0.01:   6%|▌         | 30/500 [03:13<48:50,  6.24s/it]
Epoch 31 | postive loss : 5.20, negtive loss : 1673.56, worst lambd: 421.45, worst gap: 0.01:   6%|▌         | 30/500 [03:19<48:50,  6.24s/it]
Epoch 32 | postive loss : 5.27, negtive loss : 1687.90, worst lambd: 421.45, worst gap: 0.01:   6%|▌         | 30/500 [03:25<48:50,  6.24s/it]
Epoch 33 | postive loss : 4.94, negtive loss : 1695.13, worst lambd: 421.45, worst gap: 0.01:   6%|▌         | 30/500 [03:31<48:50,  6.24s/it]
Epoch 34 | postive loss : 5.34, negtive loss : 1717.70, worst lambd: 421.45, worst gap: 0.01:   6%|▌         | 30/500 [03:38<48:50,  6.24s/it]
Epoch 35 | postive loss : 5.14, negtive loss : 1718.63, worst lambd: 421.45, worst gap: 0.01:   6%|▌         | 30/500 [03:44<48:50,  6.24s/it]
Epoch 36 | postive loss : 5.27, negtive loss : 1738.93, worst lambd: 421.45, worst gap: 0.01:   6%|▌         | 30/500 [03:50<48:50,  6.24s/it]
Epoch 37 | postive loss : 5.23, negtive loss : 1744.06, worst lambd: 421.45, worst gap: 0.01:   6%|▌         | 30/500 [03:56<48:50,  6.24s/it]
Epoch 38 | postive loss : 5.16, negtive loss : 1752.13, worst lambd: 421.45, worst gap: 0.01:   6%|▌         | 30/500 [04:03<48:50,  6.24s/it]
Epoch 39 | postive loss : 5.13, negtive loss : 1768.45, worst lambd: 421.45, worst gap: 0.01:   6%|▌         | 30/500 [04:09<48:50,  6.24s/it]
Epoch 39 | postive loss : 5.13, negtive loss : 1768.45, worst lambd: 421.45, worst gap: 0.01:   8%|▊         | 40/500 [04:09<47:48,  6.24s/it]
Epoch 40 | postive loss : 5.16, negtive loss : 1777.54, worst lambd: 421.45, worst gap: 0.01:   8%|▊         | 40/500 [04:15<47:48,  6.24s/it]
Epoch 41 | postive loss : 5.25, negtive loss : 1797.83, worst lambd: 421.45, worst gap: 0.01:   8%|▊         | 40/500 [04:21<47:48,  6.24s/it]
Epoch 42 | postive loss : 5.12, negtive loss : 1799.16, worst lambd: 421.45, worst gap: 0.01:   8%|▊         | 40/500 [04:28<47:48,  6.24s/it]
Epoch 43 | postive loss : 5.14, negtive loss : 1808.99, worst lambd: 421.45, worst gap: 0.01:   8%|▊         | 40/500 [04:34<47:48,  6.24s/it]
Epoch 44 | postive loss : 5.01, negtive loss : 1815.11, worst lambd: 421.45, worst gap: 0.01:   8%|▊         | 40/500 [04:40<47:48,  6.24s/it]
Epoch 45 | postive loss : 5.18, negtive loss : 1827.43, worst lambd: 421.45, worst gap: 0.01:   8%|▊         | 40/500 [04:46<47:48,  6.24s/it]
Epoch 46 | postive loss : 5.07, negtive loss : 1833.48, worst lambd: 421.45, worst gap: 0.01:   8%|▊         | 40/500 [04:53<47:48,  6.24s/it]
Epoch 47 | postive loss : 5.23, negtive loss : 1846.03, worst lambd: 421.45, worst gap: 0.01:   8%|▊         | 40/500 [04:59<47:48,  6.24s/it]
Epoch 48 | postive loss : 5.10, negtive loss : 1842.60, worst lambd: 421.45, worst gap: 0.01:   8%|▊         | 40/500 [05:05<47:48,  6.24s/it]
Epoch 49 | postive loss : 5.05, negtive loss : 1852.86, worst lambd: 421.45, worst gap: 0.01:   8%|▊         | 40/500 [05:11<47:48,  6.24s/it]
Epoch 49 | postive loss : 5.05, negtive loss : 1852.86, worst lambd: 421.45, worst gap: 0.01:  10%|█         | 50/500 [05:11<46:45,  6.23s/it]
Epoch 50 | postive loss : 5.30, negtive loss : 1865.30, worst lambd: 421.45, worst gap: 0.01:  10%|█         | 50/500 [05:17<46:45,  6.23s/it]
Epoch 51 | postive loss : 5.18, negtive loss : 1870.68, worst lambd: 421.45, worst gap: 0.01:  10%|█         | 50/500 [05:24<46:45,  6.23s/it]
Epoch 52 | postive loss : 5.27, negtive loss : 1882.30, worst lambd: 421.45, worst gap: 0.01:  10%|█         | 50/500 [05:30<46:45,  6.23s/it]
Epoch 53 | postive loss : 5.20, negtive loss : 1883.52, worst lambd: 421.45, worst gap: 0.01:  10%|█         | 50/500 [05:36<46:45,  6.23s/it]
Epoch 54 | postive loss : 5.24, negtive loss : 1892.66, worst lambd: 421.45, worst gap: 0.01:  10%|█         | 50/500 [05:42<46:45,  6.23s/it]
Epoch 55 | postive loss : 5.09, negtive loss : 1896.03, worst lambd: 421.45, worst gap: 0.01:  10%|█         | 50/500 [05:49<46:45,  6.23s/it]
Epoch 56 | postive loss : 5.26, negtive loss : 1901.11, worst lambd: 421.45, worst gap: 0.01:  10%|█         | 50/500 [05:55<46:45,  6.23s/it]
Epoch 57 | postive loss : 5.12, negtive loss : 1911.40, worst lambd: 421.45, worst gap: 0.01:  10%|█         | 50/500 [06:01<46:45,  6.23s/it]
Epoch 58 | postive loss : 4.97, negtive loss : 1903.26, worst lambd: 421.45, worst gap: 0.01:  10%|█         | 50/500 [06:07<46:45,  6.23s/it]
Epoch 59 | postive loss : 5.20, negtive loss : 1908.01, worst lambd: 421.45, worst gap: 0.01:  10%|█         | 50/500 [06:14<46:45,  6.23s/it]
Epoch 59 | postive loss : 5.20, negtive loss : 1908.01, worst lambd: 421.45, worst gap: 0.01:  12%|█▏        | 60/500 [06:14<45:43,  6.23s/it]
Epoch 60 | postive loss : 5.34, negtive loss : 1917.23, worst lambd: 421.45, worst gap: 0.01:  12%|█▏        | 60/500 [06:20<45:43,  6.23s/it]
Epoch 61 | postive loss : 5.29, negtive loss : 1918.93, worst lambd: 421.45, worst gap: 0.01:  12%|█▏        | 60/500 [06:26<45:43,  6.23s/it]
Epoch 62 | postive loss : 5.18, negtive loss : 1932.81, worst lambd: 421.45, worst gap: 0.01:  12%|█▏        | 60/500 [06:32<45:43,  6.23s/it]
Epoch 63 | postive loss : 5.16, negtive loss : 1932.33, worst lambd: 421.45, worst gap: 0.01:  12%|█▏        | 60/500 [06:39<45:43,  6.23s/it]
Epoch 64 | postive loss : 5.26, negtive loss : 1944.07, worst lambd: 421.45, worst gap: 0.01:  12%|█▏        | 60/500 [06:45<45:43,  6.23s/it]
Epoch 65 | postive loss : 5.30, negtive loss : 1923.47, worst lambd: 421.45, worst gap: 0.01:  12%|█▏        | 60/500 [06:51<45:43,  6.23s/it]
Epoch 66 | postive loss : 5.14, negtive loss : 1933.71, worst lambd: 421.45, worst gap: 0.01:  12%|█▏        | 60/500 [06:57<45:43,  6.23s/it]
Epoch 67 | postive loss : 5.30, negtive loss : 1949.82, worst lambd: 421.45, worst gap: 0.01:  12%|█▏        | 60/500 [07:03<45:43,  6.23s/it]
Epoch 68 | postive loss : 5.25, negtive loss : 1942.06, worst lambd: 421.45, worst gap: 0.01:  12%|█▏        | 60/500 [07:10<45:43,  6.23s/it]
Epoch 69 | postive loss : 5.15, negtive loss : 1946.58, worst lambd: 421.45, worst gap: 0.00:  12%|█▏        | 60/500 [07:16<45:43,  6.23s/it]
Epoch 69 | postive loss : 5.15, negtive loss : 1946.58, worst lambd: 421.45, worst gap: 0.00:  14%|█▍        | 70/500 [07:16<44:41,  6.24s/it]
Epoch 70 | postive loss : 5.33, negtive loss : 1953.42, worst lambd: 421.45, worst gap: 0.00:  14%|█▍        | 70/500 [07:22<44:41,  6.24s/it]
Epoch 71 | postive loss : 5.24, negtive loss : 1958.83, worst lambd: 421.45, worst gap: 0.00:  14%|█▍        | 70/500 [07:28<44:41,  6.24s/it]
Epoch 72 | postive loss : 5.24, negtive loss : 1959.49, worst lambd: 421.45, worst gap: 0.00:  14%|█▍        | 70/500 [07:35<44:41,  6.24s/it]
Epoch 73 | postive loss : 5.30, negtive loss : 1960.27, worst lambd: 421.45, worst gap: 0.00:  14%|█▍        | 70/500 [07:41<44:41,  6.24s/it]
Epoch 74 | postive loss : 5.26, negtive loss : 1971.02, worst lambd: 421.45, worst gap: 0.00:  14%|█▍        | 70/500 [07:47<44:41,  6.24s/it]
Epoch 75 | postive loss : 5.29, negtive loss : 1976.72, worst lambd: 421.45, worst gap: 0.00:  14%|█▍        | 70/500 [07:53<44:41,  6.24s/it]
Epoch 76 | postive loss : 5.47, negtive loss : 1982.15, worst lambd: 421.45, worst gap: 0.00:  14%|█▍        | 70/500 [08:00<44:41,  6.24s/it]
Epoch 77 | postive loss : 5.35, negtive loss : 2009.81, worst lambd: 421.45, worst gap: 0.00:  14%|█▍        | 70/500 [08:06<44:41,  6.24s/it]
Epoch 78 | postive loss : 5.48, negtive loss : 2007.15, worst lambd: 421.45, worst gap: 0.00:  14%|█▍        | 70/500 [08:12<44:41,  6.24s/it]
Epoch 79 | postive loss : 5.37, negtive loss : 2001.56, worst lambd: 421.45, worst gap: 0.00:  14%|█▍        | 70/500 [08:18<44:41,  6.24s/it]
Epoch 79 | postive loss : 5.37, negtive loss : 2001.56, worst lambd: 421.45, worst gap: 0.00:  16%|█▌        | 80/500 [08:18<43:38,  6.24s/it]
Epoch 80 | postive loss : 5.25, negtive loss : 1993.14, worst lambd: 421.45, worst gap: 0.00:  16%|█▌        | 80/500 [08:25<43:38,  6.24s/it]
Epoch 81 | postive loss : 5.47, negtive loss : 2001.64, worst lambd: 421.45, worst gap: 0.00:  16%|█▌        | 80/500 [08:31<43:38,  6.24s/it]
Epoch 82 | postive loss : 5.37, negtive loss : 1998.07, worst lambd: 421.45, worst gap: 0.00:  16%|█▌        | 80/500 [08:37<43:38,  6.24s/it]
Epoch 83 | postive loss : 5.24, negtive loss : 2001.92, worst lambd: 421.45, worst gap: 0.00:  16%|█▌        | 80/500 [08:43<43:38,  6.24s/it]
Epoch 84 | postive loss : 5.37, negtive loss : 1994.58, worst lambd: 421.45, worst gap: 0.00:  16%|█▌        | 80/500 [08:49<43:38,  6.24s/it]
Epoch 85 | postive loss : 5.24, negtive loss : 1998.41, worst lambd: 421.45, worst gap: 0.00:  16%|█▌        | 80/500 [08:56<43:38,  6.24s/it]
Epoch 86 | postive loss : 5.37, negtive loss : 2008.52, worst lambd: 421.45, worst gap: 0.00:  16%|█▌        | 80/500 [09:02<43:38,  6.24s/it]
Epoch 87 | postive loss : 5.33, negtive loss : 2003.45, worst lambd: 421.45, worst gap: 0.00:  16%|█▌        | 80/500 [09:08<43:38,  6.24s/it]
Epoch 88 | postive loss : 5.30, negtive loss : 2006.37, worst lambd: 421.45, worst gap: 0.00:  16%|█▌        | 80/500 [09:14<43:38,  6.24s/it]
Epoch 89 | postive loss : 5.25, negtive loss : 2006.98, worst lambd: 421.45, worst gap: 0.00:  16%|█▌        | 80/500 [09:21<43:38,  6.24s/it]
Epoch 89 | postive loss : 5.25, negtive loss : 2006.98, worst lambd: 421.45, worst gap: 0.00:  18%|█▊        | 90/500 [09:21<42:36,  6.24s/it]
Epoch 90 | postive loss : 5.27, negtive loss : 2006.74, worst lambd: 421.45, worst gap: 0.00:  18%|█▊        | 90/500 [09:27<42:36,  6.24s/it]
Epoch 91 | postive loss : 5.25, negtive loss : 2012.27, worst lambd: 421.45, worst gap: 0.00:  18%|█▊        | 90/500 [09:33<42:36,  6.24s/it]
Epoch 92 | postive loss : 5.25, negtive loss : 2019.63, worst lambd: 421.45, worst gap: 0.00:  18%|█▊        | 90/500 [09:39<42:36,  6.24s/it]
Epoch 93 | postive loss : 5.25, negtive loss : 2014.52, worst lambd: 421.45, worst gap: 0.00:  18%|█▊        | 90/500 [09:46<42:36,  6.24s/it]
Epoch 94 | postive loss : 5.31, negtive loss : 2025.19, worst lambd: 421.45, worst gap: 0.00:  18%|█▊        | 90/500 [09:52<42:36,  6.24s/it]
Epoch 95 | postive loss : 5.43, negtive loss : 2025.88, worst lambd: 421.45, worst gap: 0.00:  18%|█▊        | 90/500 [09:58<42:36,  6.24s/it]
Epoch 96 | postive loss : 5.26, negtive loss : 2028.44, worst lambd: 421.45, worst gap: 0.00:  18%|█▊        | 90/500 [10:04<42:36,  6.24s/it]
Epoch 97 | postive loss : 5.22, negtive loss : 2019.55, worst lambd: 421.45, worst gap: 0.00:  18%|█▊        | 90/500 [10:11<42:36,  6.24s/it]
Epoch 98 | postive loss : 5.07, negtive loss : 2018.50, worst lambd: 421.45, worst gap: 0.00:  18%|█▊        | 90/500 [10:17<42:36,  6.24s/it]
Epoch 99 | postive loss : 5.36, negtive loss : 2022.89, worst lambd: 421.45, worst gap: 0.00:  18%|█▊        | 90/500 [10:23<42:36,  6.24s/it]
Epoch 99 | postive loss : 5.36, negtive loss : 2022.89, worst lambd: 421.45, worst gap: 0.00:  20%|██        | 100/500 [10:23<41:34,  6.24s/it]
Epoch 100 | postive loss : 5.17, negtive loss : 2027.97, worst lambd: 421.45, worst gap: 0.00:  20%|██        | 100/500 [10:29<41:34,  6.24s/it]
Epoch 101 | postive loss : 5.22, negtive loss : 2034.55, worst lambd: 421.45, worst gap: 0.00:  20%|██        | 100/500 [10:35<41:34,  6.24s/it]
Epoch 102 | postive loss : 5.42, negtive loss : 2033.05, worst lambd: 421.45, worst gap: 0.00:  20%|██        | 100/500 [10:42<41:34,  6.24s/it]
Epoch 103 | postive loss : 5.17, negtive loss : 2028.68, worst lambd: 421.45, worst gap: 0.00:  20%|██        | 100/500 [10:48<41:34,  6.24s/it]
Epoch 104 | postive loss : 5.14, negtive loss : 2037.98, worst lambd: 421.45, worst gap: 0.00:  20%|██        | 100/500 [10:54<41:34,  6.24s/it]
Epoch 105 | postive loss : 5.39, negtive loss : 2040.80, worst lambd: 421.45, worst gap: 0.00:  20%|██        | 100/500 [11:00<41:34,  6.24s/it]
Epoch 106 | postive loss : 5.38, negtive loss : 2035.95, worst lambd: 421.45, worst gap: 0.00:  20%|██        | 100/500 [11:07<41:34,  6.24s/it]
Epoch 107 | postive loss : 5.20, negtive loss : 2035.80, worst lambd: 421.45, worst gap: 0.00:  20%|██        | 100/500 [11:13<41:34,  6.24s/it]
Epoch 108 | postive loss : 5.42, negtive loss : 2045.69, worst lambd: 421.45, worst gap: 0.00:  20%|██        | 100/500 [11:19<41:34,  6.24s/it]
Epoch 109 | postive loss : 5.15, negtive loss : 2034.37, worst lambd: 421.45, worst gap: 0.00:  20%|██        | 100/500 [11:25<41:34,  6.24s/it]
Epoch 109 | postive loss : 5.15, negtive loss : 2034.37, worst lambd: 421.45, worst gap: 0.00:  22%|██▏       | 110/500 [11:25<40:31,  6.24s/it]
Epoch 110 | postive loss : 5.15, negtive loss : 2041.38, worst lambd: 421.45, worst gap: 0.00:  22%|██▏       | 110/500 [11:32<40:31,  6.24s/it]
Epoch 111 | postive loss : 5.43, negtive loss : 2042.65, worst lambd: 421.45, worst gap: 0.00:  22%|██▏       | 110/500 [11:38<40:31,  6.24s/it]
Epoch 112 | postive loss : 5.34, negtive loss : 2051.52, worst lambd: 421.45, worst gap: 0.00:  22%|██▏       | 110/500 [11:44<40:31,  6.24s/it]
Epoch 113 | postive loss : 5.30, negtive loss : 2038.46, worst lambd: 421.45, worst gap: 0.00:  22%|██▏       | 110/500 [11:50<40:31,  6.24s/it]
Epoch 114 | postive loss : 5.22, negtive loss : 2026.59, worst lambd: 421.45, worst gap: 0.00:  22%|██▏       | 110/500 [11:57<40:31,  6.24s/it]
Epoch 115 | postive loss : 5.33, negtive loss : 2050.14, worst lambd: 421.45, worst gap: 0.00:  22%|██▏       | 110/500 [12:03<40:31,  6.24s/it]
Epoch 116 | postive loss : 5.35, negtive loss : 2047.92, worst lambd: 421.45, worst gap: 0.00:  22%|██▏       | 110/500 [12:09<40:31,  6.24s/it]
Epoch 117 | postive loss : 5.23, negtive loss : 2047.03, worst lambd: 421.45, worst gap: 0.00:  22%|██▏       | 110/500 [12:15<40:31,  6.24s/it]
Epoch 118 | postive loss : 5.13, negtive loss : 2050.72, worst lambd: 421.45, worst gap: 0.00:  22%|██▏       | 110/500 [12:21<40:31,  6.24s/it]
Epoch 119 | postive loss : 5.20, negtive loss : 2052.49, worst lambd: 421.45, worst gap: 0.00:  22%|██▏       | 110/500 [12:28<40:31,  6.24s/it]
Epoch 119 | postive loss : 5.20, negtive loss : 2052.49, worst lambd: 421.45, worst gap: 0.00:  24%|██▍       | 120/500 [12:28<39:29,  6.23s/it]
Epoch 120 | postive loss : 5.36, negtive loss : 2052.00, worst lambd: 421.45, worst gap: 0.00:  24%|██▍       | 120/500 [12:34<39:29,  6.23s/it]
Epoch 121 | postive loss : 5.39, negtive loss : 2049.29, worst lambd: 421.45, worst gap: 0.00:  24%|██▍       | 120/500 [12:40<39:29,  6.23s/it]
Epoch 122 | postive loss : 5.13, negtive loss : 2042.69, worst lambd: 421.45, worst gap: 0.00:  24%|██▍       | 120/500 [12:46<39:29,  6.23s/it]
Epoch 123 | postive loss : 5.32, negtive loss : 2048.20, worst lambd: 421.45, worst gap: 0.00:  24%|██▍       | 120/500 [12:53<39:29,  6.23s/it]
Epoch 124 | postive loss : 5.16, negtive loss : 2053.75, worst lambd: 421.45, worst gap: 0.00:  24%|██▍       | 120/500 [12:59<39:29,  6.23s/it]
Epoch 125 | postive loss : 5.13, negtive loss : 2061.60, worst lambd: 421.45, worst gap: 0.00:  24%|██▍       | 120/500 [13:05<39:29,  6.23s/it]
Epoch 126 | postive loss : 5.30, negtive loss : 2039.92, worst lambd: 421.45, worst gap: 0.00:  24%|██▍       | 120/500 [13:11<39:29,  6.23s/it]
Epoch 127 | postive loss : 5.06, negtive loss : 2051.37, worst lambd: 421.45, worst gap: 0.00:  24%|██▍       | 120/500 [13:18<39:29,  6.23s/it]
Epoch 128 | postive loss : 5.26, negtive loss : 2049.95, worst lambd: 421.45, worst gap: 0.00:  24%|██▍       | 120/500 [13:24<39:29,  6.23s/it]
Epoch 129 | postive loss : 5.37, negtive loss : 2056.52, worst lambd: 421.45, worst gap: 0.00:  24%|██▍       | 120/500 [13:30<39:29,  6.23s/it]
Epoch 129 | postive loss : 5.37, negtive loss : 2056.52, worst lambd: 421.45, worst gap: 0.00:  26%|██▌       | 130/500 [13:30<38:26,  6.24s/it]
Epoch 130 | postive loss : 5.19, negtive loss : 2049.88, worst lambd: 421.45, worst gap: 0.00:  26%|██▌       | 130/500 [13:36<38:26,  6.24s/it]
Epoch 131 | postive loss : 5.28, negtive loss : 2064.88, worst lambd: 421.45, worst gap: 0.00:  26%|██▌       | 130/500 [13:43<38:26,  6.24s/it]
Epoch 132 | postive loss : 5.26, negtive loss : 2064.00, worst lambd: 421.45, worst gap: 0.00:  26%|██▌       | 130/500 [13:49<38:26,  6.24s/it]
Epoch 133 | postive loss : 5.27, negtive loss : 2067.29, worst lambd: 421.45, worst gap: 0.00:  26%|██▌       | 130/500 [13:55<38:26,  6.24s/it]
Epoch 134 | postive loss : 5.33, negtive loss : 2066.37, worst lambd: 421.45, worst gap: 0.00:  26%|██▌       | 130/500 [14:01<38:26,  6.24s/it]
Epoch 135 | postive loss : 5.38, negtive loss : 2072.70, worst lambd: 421.45, worst gap: 0.00:  26%|██▌       | 130/500 [14:07<38:26,  6.24s/it]
Epoch 136 | postive loss : 5.27, negtive loss : 2064.60, worst lambd: 421.45, worst gap: 0.00:  26%|██▌       | 130/500 [14:14<38:26,  6.24s/it]
Epoch 137 | postive loss : 5.23, negtive loss : 2055.59, worst lambd: 421.45, worst gap: 0.00:  26%|██▌       | 130/500 [14:20<38:26,  6.24s/it]
Epoch 138 | postive loss : 5.14, negtive loss : 2068.05, worst lambd: 421.45, worst gap: 0.00:  26%|██▌       | 130/500 [14:26<38:26,  6.24s/it]
Epoch 139 | postive loss : 5.20, negtive loss : 2060.92, worst lambd: 421.45, worst gap: 0.00:  26%|██▌       | 130/500 [14:32<38:26,  6.24s/it]
Epoch 139 | postive loss : 5.20, negtive loss : 2060.92, worst lambd: 421.45, worst gap: 0.00:  28%|██▊       | 140/500 [14:32<37:24,  6.24s/it]
Epoch 140 | postive loss : 5.45, negtive loss : 2068.15, worst lambd: 421.45, worst gap: 0.00:  28%|██▊       | 140/500 [14:39<37:24,  6.24s/it]
Epoch 141 | postive loss : 5.25, negtive loss : 2060.56, worst lambd: 421.45, worst gap: 0.00:  28%|██▊       | 140/500 [14:45<37:24,  6.24s/it]
Epoch 142 | postive loss : 5.22, negtive loss : 2058.10, worst lambd: 421.45, worst gap: 0.00:  28%|██▊       | 140/500 [14:51<37:24,  6.24s/it]
Epoch 143 | postive loss : 5.23, negtive loss : 2061.84, worst lambd: 421.45, worst gap: 0.00:  28%|██▊       | 140/500 [14:57<37:24,  6.24s/it]
Epoch 144 | postive loss : 5.34, negtive loss : 2070.68, worst lambd: 421.45, worst gap: 0.00:  28%|██▊       | 140/500 [15:04<37:24,  6.24s/it]
Epoch 145 | postive loss : 5.20, negtive loss : 2074.20, worst lambd: 421.45, worst gap: 0.00:  28%|██▊       | 140/500 [15:10<37:24,  6.24s/it]
Epoch 146 | postive loss : 5.26, negtive loss : 2086.18, worst lambd: 421.45, worst gap: 0.00:  28%|██▊       | 140/500 [15:16<37:24,  6.24s/it]
Epoch 147 | postive loss : 5.26, negtive loss : 2077.64, worst lambd: 421.45, worst gap: 0.00:  28%|██▊       | 140/500 [15:22<37:24,  6.24s/it]
Epoch 148 | postive loss : 5.12, negtive loss : 2085.22, worst lambd: 421.45, worst gap: 0.00:  28%|██▊       | 140/500 [15:29<37:24,  6.24s/it]
Epoch 149 | postive loss : 5.24, negtive loss : 2077.26, worst lambd: 421.45, worst gap: 0.00:  28%|██▊       | 140/500 [15:35<37:24,  6.24s/it]
Epoch 149 | postive loss : 5.24, negtive loss : 2077.26, worst lambd: 421.45, worst gap: 0.00:  30%|███       | 150/500 [15:35<36:22,  6.24s/it]
Epoch 150 | postive loss : 5.27, negtive loss : 2081.82, worst lambd: 421.45, worst gap: 0.00:  30%|███       | 150/500 [15:41<36:22,  6.24s/it]
Epoch 151 | postive loss : 5.35, negtive loss : 2074.57, worst lambd: 421.45, worst gap: 0.00:  30%|███       | 150/500 [15:47<36:22,  6.24s/it]
Epoch 152 | postive loss : 5.15, negtive loss : 2083.59, worst lambd: 421.45, worst gap: 0.00:  30%|███       | 150/500 [15:53<36:22,  6.24s/it]
Epoch 153 | postive loss : 5.27, negtive loss : 2084.76, worst lambd: 421.45, worst gap: 0.00:  30%|███       | 150/500 [16:00<36:22,  6.24s/it]
Epoch 154 | postive loss : 5.16, negtive loss : 2076.63, worst lambd: 421.45, worst gap: 0.00:  30%|███       | 150/500 [16:06<36:22,  6.24s/it]
Epoch 155 | postive loss : 5.06, negtive loss : 2078.48, worst lambd: 421.45, worst gap: 0.00:  30%|███       | 150/500 [16:12<36:22,  6.24s/it]
Epoch 156 | postive loss : 5.27, negtive loss : 2083.30, worst lambd: 421.45, worst gap: 0.00:  30%|███       | 150/500 [16:18<36:22,  6.24s/it]
Epoch 157 | postive loss : 5.36, negtive loss : 2085.63, worst lambd: 421.45, worst gap: 0.00:  30%|███       | 150/500 [16:25<36:22,  6.24s/it]
Epoch 158 | postive loss : 5.35, negtive loss : 2087.71, worst lambd: 421.45, worst gap: 0.00:  30%|███       | 150/500 [16:31<36:22,  6.24s/it]
Epoch 159 | postive loss : 5.30, negtive loss : 2079.00, worst lambd: 421.45, worst gap: 0.00:  30%|███       | 150/500 [16:37<36:22,  6.24s/it]
Epoch 159 | postive loss : 5.30, negtive loss : 2079.00, worst lambd: 421.45, worst gap: 0.00:  32%|███▏      | 160/500 [16:37<35:19,  6.24s/it]
Epoch 160 | postive loss : 5.08, negtive loss : 2073.56, worst lambd: 421.45, worst gap: 0.00:  32%|███▏      | 160/500 [16:43<35:19,  6.24s/it]
Epoch 161 | postive loss : 5.27, negtive loss : 2084.82, worst lambd: 421.45, worst gap: 0.00:  32%|███▏      | 160/500 [16:50<35:19,  6.24s/it]
Epoch 162 | postive loss : 5.10, negtive loss : 2069.91, worst lambd: 421.45, worst gap: 0.00:  32%|███▏      | 160/500 [16:56<35:19,  6.24s/it]
Epoch 163 | postive loss : 5.23, negtive loss : 2082.98, worst lambd: 421.45, worst gap: 0.00:  32%|███▏      | 160/500 [17:02<35:19,  6.24s/it]
Epoch 164 | postive loss : 5.15, negtive loss : 2091.67, worst lambd: 421.45, worst gap: 0.00:  32%|███▏      | 160/500 [17:08<35:19,  6.24s/it]
Epoch 165 | postive loss : 5.12, negtive loss : 2087.12, worst lambd: 421.45, worst gap: 0.00:  32%|███▏      | 160/500 [17:15<35:19,  6.24s/it]
Epoch 166 | postive loss : 5.27, negtive loss : 2097.35, worst lambd: 421.45, worst gap: 0.00:  32%|███▏      | 160/500 [17:21<35:19,  6.24s/it]
Epoch 167 | postive loss : 5.38, negtive loss : 2092.70, worst lambd: 421.45, worst gap: 0.00:  32%|███▏      | 160/500 [17:27<35:19,  6.24s/it]
Epoch 168 | postive loss : 5.13, negtive loss : 2078.62, worst lambd: 421.45, worst gap: 0.00:  32%|███▏      | 160/500 [17:33<35:19,  6.24s/it]
Epoch 169 | postive loss : 5.21, negtive loss : 2102.72, worst lambd: 421.45, worst gap: 0.00:  32%|███▏      | 160/500 [17:39<35:19,  6.24s/it]
Epoch 169 | postive loss : 5.21, negtive loss : 2102.72, worst lambd: 421.45, worst gap: 0.00:  34%|███▍      | 170/500 [17:39<34:17,  6.24s/it]
Epoch 170 | postive loss : 5.26, negtive loss : 2108.93, worst lambd: 421.45, worst gap: 0.00:  34%|███▍      | 170/500 [17:46<34:17,  6.24s/it]
Epoch 171 | postive loss : 5.28, negtive loss : 2106.44, worst lambd: 421.45, worst gap: 0.00:  34%|███▍      | 170/500 [17:52<34:17,  6.24s/it]
Epoch 172 | postive loss : 5.20, negtive loss : 2111.64, worst lambd: 421.45, worst gap: 0.00:  34%|███▍      | 170/500 [17:58<34:17,  6.24s/it]
Epoch 173 | postive loss : 5.16, negtive loss : 2088.37, worst lambd: 421.45, worst gap: 0.00:  34%|███▍      | 170/500 [18:04<34:17,  6.24s/it]
Epoch 174 | postive loss : 5.24, negtive loss : 2127.43, worst lambd: 421.45, worst gap: 0.00:  34%|███▍      | 170/500 [18:11<34:17,  6.24s/it]
Epoch 175 | postive loss : 5.12, negtive loss : 2093.67, worst lambd: 421.45, worst gap: 0.00:  34%|███▍      | 170/500 [18:17<34:17,  6.24s/it]
Epoch 176 | postive loss : 5.16, negtive loss : 2116.37, worst lambd: 421.45, worst gap: 0.00:  34%|███▍      | 170/500 [18:23<34:17,  6.24s/it]
Epoch 177 | postive loss : 5.30, negtive loss : 2111.77, worst lambd: 421.45, worst gap: 0.00:  34%|███▍      | 170/500 [18:29<34:17,  6.24s/it]
Epoch 178 | postive loss : 5.18, negtive loss : 2103.42, worst lambd: 421.45, worst gap: 0.00:  34%|███▍      | 170/500 [18:36<34:17,  6.24s/it]
Epoch 179 | postive loss : 5.31, negtive loss : 2109.29, worst lambd: 421.45, worst gap: 0.00:  34%|███▍      | 170/500 [18:42<34:17,  6.24s/it]
Epoch 179 | postive loss : 5.31, negtive loss : 2109.29, worst lambd: 421.45, worst gap: 0.00:  36%|███▌      | 180/500 [18:42<33:15,  6.24s/it]
Epoch 180 | postive loss : 5.27, negtive loss : 2101.02, worst lambd: 421.45, worst gap: 0.00:  36%|███▌      | 180/500 [18:48<33:15,  6.24s/it]
Epoch 181 | postive loss : 5.38, negtive loss : 2110.66, worst lambd: 421.45, worst gap: 0.00:  36%|███▌      | 180/500 [18:54<33:15,  6.24s/it]
Epoch 182 | postive loss : 5.21, negtive loss : 2099.22, worst lambd: 421.45, worst gap: 0.00:  36%|███▌      | 180/500 [19:01<33:15,  6.24s/it]
Epoch 183 | postive loss : 5.08, negtive loss : 2094.97, worst lambd: 421.45, worst gap: 0.00:  36%|███▌      | 180/500 [19:07<33:15,  6.24s/it]
Epoch 184 | postive loss : 5.48, negtive loss : 2106.34, worst lambd: 421.45, worst gap: 0.00:  36%|███▌      | 180/500 [19:13<33:15,  6.24s/it]
Epoch 185 | postive loss : 5.24, negtive loss : 2102.49, worst lambd: 421.45, worst gap: 0.00:  36%|███▌      | 180/500 [19:19<33:15,  6.24s/it]
Epoch 186 | postive loss : 5.32, negtive loss : 2099.08, worst lambd: 421.45, worst gap: 0.00:  36%|███▌      | 180/500 [19:26<33:15,  6.24s/it]
Epoch 187 | postive loss : 5.33, negtive loss : 2105.85, worst lambd: 421.45, worst gap: 0.00:  36%|███▌      | 180/500 [19:32<33:15,  6.24s/it]
Epoch 188 | postive loss : 5.15, negtive loss : 2102.34, worst lambd: 421.45, worst gap: 0.00:  36%|███▌      | 180/500 [19:38<33:15,  6.24s/it]
Epoch 189 | postive loss : 5.25, negtive loss : 2111.21, worst lambd: 421.45, worst gap: 0.00:  36%|███▌      | 180/500 [19:44<33:15,  6.24s/it]
Epoch 189 | postive loss : 5.25, negtive loss : 2111.21, worst lambd: 421.45, worst gap: 0.00:  38%|███▊      | 190/500 [19:44<32:13,  6.24s/it]
Epoch 190 | postive loss : 5.19, negtive loss : 2105.38, worst lambd: 421.45, worst gap: 0.00:  38%|███▊      | 190/500 [19:50<32:13,  6.24s/it]
Epoch 191 | postive loss : 5.24, negtive loss : 2114.11, worst lambd: 421.45, worst gap: 0.00:  38%|███▊      | 190/500 [19:57<32:13,  6.24s/it]
Epoch 192 | postive loss : 5.27, negtive loss : 2109.77, worst lambd: 421.45, worst gap: 0.00:  38%|███▊      | 190/500 [20:03<32:13,  6.24s/it]
Epoch 193 | postive loss : 5.26, negtive loss : 2116.62, worst lambd: 421.45, worst gap: 0.00:  38%|███▊      | 190/500 [20:09<32:13,  6.24s/it]
Epoch 194 | postive loss : 5.36, negtive loss : 2116.69, worst lambd: 421.45, worst gap: 0.00:  38%|███▊      | 190/500 [20:15<32:13,  6.24s/it]
Epoch 195 | postive loss : 5.27, negtive loss : 2107.44, worst lambd: 421.45, worst gap: 0.00:  38%|███▊      | 190/500 [20:22<32:13,  6.24s/it]
Epoch 196 | postive loss : 5.20, negtive loss : 2107.31, worst lambd: 421.45, worst gap: 0.00:  38%|███▊      | 190/500 [20:28<32:13,  6.24s/it]
Epoch 197 | postive loss : 5.17, negtive loss : 2115.16, worst lambd: 421.45, worst gap: 0.00:  38%|███▊      | 190/500 [20:34<32:13,  6.24s/it]
Epoch 198 | postive loss : 5.35, negtive loss : 2119.18, worst lambd: 421.45, worst gap: 0.00:  38%|███▊      | 190/500 [20:40<32:13,  6.24s/it]
Epoch 199 | postive loss : 5.38, negtive loss : 2118.70, worst lambd: 421.45, worst gap: 0.00:  38%|███▊      | 190/500 [20:47<32:13,  6.24s/it]
Epoch 199 | postive loss : 5.38, negtive loss : 2118.70, worst lambd: 421.45, worst gap: 0.00:  40%|████      | 200/500 [20:47<31:10,  6.24s/it]
Epoch 200 | postive loss : 5.34, negtive loss : 2106.26, worst lambd: 421.45, worst gap: 0.00:  40%|████      | 200/500 [20:53<31:10,  6.24s/it]
Epoch 201 | postive loss : 5.24, negtive loss : 2108.13, worst lambd: 421.45, worst gap: 0.00:  40%|████      | 200/500 [20:59<31:10,  6.24s/it]
Epoch 202 | postive loss : 5.14, negtive loss : 2106.22, worst lambd: 421.45, worst gap: 0.00:  40%|████      | 200/500 [21:05<31:10,  6.24s/it]
Epoch 203 | postive loss : 5.23, negtive loss : 2110.49, worst lambd: 421.45, worst gap: 0.00:  40%|████      | 200/500 [21:12<31:10,  6.24s/it]
Epoch 204 | postive loss : 5.31, negtive loss : 2122.51, worst lambd: 421.45, worst gap: 0.00:  40%|████      | 200/500 [21:18<31:10,  6.24s/it]
Epoch 205 | postive loss : 5.09, negtive loss : 2103.39, worst lambd: 421.45, worst gap: 0.00:  40%|████      | 200/500 [21:24<31:10,  6.24s/it]
Epoch 206 | postive loss : 5.07, negtive loss : 2113.13, worst lambd: 421.45, worst gap: 0.00:  40%|████      | 200/500 [21:30<31:10,  6.24s/it]
Epoch 207 | postive loss : 5.21, negtive loss : 2113.64, worst lambd: 421.45, worst gap: 0.00:  40%|████      | 200/500 [21:36<31:10,  6.24s/it]
Epoch 208 | postive loss : 5.18, negtive loss : 2114.20, worst lambd: 421.45, worst gap: 0.00:  40%|████      | 200/500 [21:43<31:10,  6.24s/it]
Epoch 209 | postive loss : 5.07, negtive loss : 2112.93, worst lambd: 421.45, worst gap: 0.00:  40%|████      | 200/500 [21:49<31:10,  6.24s/it]
Epoch 209 | postive loss : 5.07, negtive loss : 2112.93, worst lambd: 421.45, worst gap: 0.00:  42%|████▏     | 210/500 [21:49<30:08,  6.24s/it]
Epoch 210 | postive loss : 5.13, negtive loss : 2121.42, worst lambd: 421.45, worst gap: 0.00:  42%|████▏     | 210/500 [21:55<30:08,  6.24s/it]
Epoch 211 | postive loss : 5.32, negtive loss : 2121.56, worst lambd: 421.45, worst gap: 0.00:  42%|████▏     | 210/500 [22:01<30:08,  6.24s/it]
Epoch 212 | postive loss : 5.39, negtive loss : 2113.85, worst lambd: 421.45, worst gap: 0.00:  42%|████▏     | 210/500 [22:08<30:08,  6.24s/it]
Epoch 213 | postive loss : 5.40, negtive loss : 2123.02, worst lambd: 421.45, worst gap: 0.00:  42%|████▏     | 210/500 [22:14<30:08,  6.24s/it]
Epoch 214 | postive loss : 5.09, negtive loss : 2122.92, worst lambd: 421.45, worst gap: 0.00:  42%|████▏     | 210/500 [22:20<30:08,  6.24s/it]
Epoch 215 | postive loss : 5.40, negtive loss : 2122.43, worst lambd: 421.45, worst gap: 0.00:  42%|████▏     | 210/500 [22:26<30:08,  6.24s/it]
Epoch 216 | postive loss : 5.15, negtive loss : 2114.62, worst lambd: 421.45, worst gap: 0.00:  42%|████▏     | 210/500 [22:33<30:08,  6.24s/it]
Epoch 217 | postive loss : 5.24, negtive loss : 2123.99, worst lambd: 421.45, worst gap: 0.00:  42%|████▏     | 210/500 [22:39<30:08,  6.24s/it]
Epoch 218 | postive loss : 5.28, negtive loss : 2121.87, worst lambd: 421.45, worst gap: 0.00:  42%|████▏     | 210/500 [22:45<30:08,  6.24s/it]
Epoch 219 | postive loss : 5.24, negtive loss : 2123.32, worst lambd: 421.45, worst gap: 0.00:  42%|████▏     | 210/500 [22:51<30:08,  6.24s/it]
Epoch 219 | postive loss : 5.24, negtive loss : 2123.32, worst lambd: 421.45, worst gap: 0.00:  44%|████▍     | 220/500 [22:51<29:05,  6.24s/it]
Epoch 220 | postive loss : 5.26, negtive loss : 2131.95, worst lambd: 421.45, worst gap: 0.00:  44%|████▍     | 220/500 [22:58<29:05,  6.24s/it]
Epoch 221 | postive loss : 5.27, negtive loss : 2127.83, worst lambd: 421.45, worst gap: 0.00:  44%|████▍     | 220/500 [23:04<29:05,  6.24s/it]
Epoch 222 | postive loss : 5.14, negtive loss : 2122.57, worst lambd: 421.45, worst gap: 0.00:  44%|████▍     | 220/500 [23:10<29:05,  6.24s/it]
Epoch 223 | postive loss : 5.18, negtive loss : 2123.81, worst lambd: 421.45, worst gap: 0.00:  44%|████▍     | 220/500 [23:16<29:05,  6.24s/it]
Epoch 224 | postive loss : 5.19, negtive loss : 2128.47, worst lambd: 421.45, worst gap: 0.00:  44%|████▍     | 220/500 [23:22<29:05,  6.24s/it]
Epoch 225 | postive loss : 5.13, negtive loss : 2126.89, worst lambd: 421.45, worst gap: 0.00:  44%|████▍     | 220/500 [23:29<29:05,  6.24s/it]
Epoch 226 | postive loss : 5.13, negtive loss : 2114.15, worst lambd: 421.45, worst gap: 0.00:  44%|████▍     | 220/500 [23:35<29:05,  6.24s/it]
Epoch 227 | postive loss : 5.22, negtive loss : 2127.39, worst lambd: 421.45, worst gap: 0.00:  44%|████▍     | 220/500 [23:41<29:05,  6.24s/it]
Epoch 228 | postive loss : 5.16, negtive loss : 2124.04, worst lambd: 421.45, worst gap: 0.00:  44%|████▍     | 220/500 [23:47<29:05,  6.24s/it]
Epoch 229 | postive loss : 5.21, negtive loss : 2124.66, worst lambd: 421.45, worst gap: 0.00:  44%|████▍     | 220/500 [23:54<29:05,  6.24s/it]
Epoch 229 | postive loss : 5.21, negtive loss : 2124.66, worst lambd: 421.45, worst gap: 0.00:  46%|████▌     | 230/500 [23:54<28:03,  6.24s/it]
Epoch 230 | postive loss : 5.08, negtive loss : 2130.71, worst lambd: 421.45, worst gap: 0.00:  46%|████▌     | 230/500 [24:00<28:03,  6.24s/it]
Epoch 231 | postive loss : 5.27, negtive loss : 2137.53, worst lambd: 421.45, worst gap: 0.00:  46%|████▌     | 230/500 [24:06<28:03,  6.24s/it]
Epoch 232 | postive loss : 5.08, negtive loss : 2126.69, worst lambd: 421.45, worst gap: 0.00:  46%|████▌     | 230/500 [24:12<28:03,  6.24s/it]
Epoch 233 | postive loss : 5.32, negtive loss : 2131.76, worst lambd: 421.45, worst gap: 0.00:  46%|████▌     | 230/500 [24:19<28:03,  6.24s/it]
Epoch 234 | postive loss : 5.08, negtive loss : 2128.12, worst lambd: 421.45, worst gap: 0.00:  46%|████▌     | 230/500 [24:25<28:03,  6.24s/it]
Epoch 235 | postive loss : 5.02, negtive loss : 2143.07, worst lambd: 421.45, worst gap: 0.00:  46%|████▌     | 230/500 [24:31<28:03,  6.24s/it]
Epoch 236 | postive loss : 5.43, negtive loss : 2140.72, worst lambd: 421.45, worst gap: 0.00:  46%|████▌     | 230/500 [24:37<28:03,  6.24s/it]
Epoch 237 | postive loss : 5.12, negtive loss : 2138.87, worst lambd: 421.45, worst gap: 0.00:  46%|████▌     | 230/500 [24:44<28:03,  6.24s/it]
Epoch 238 | postive loss : 5.35, negtive loss : 2141.60, worst lambd: 421.45, worst gap: 0.00:  46%|████▌     | 230/500 [24:50<28:03,  6.24s/it]
Epoch 239 | postive loss : 5.10, negtive loss : 2136.03, worst lambd: 421.45, worst gap: 0.00:  46%|████▌     | 230/500 [24:56<28:03,  6.24s/it]
Epoch 239 | postive loss : 5.10, negtive loss : 2136.03, worst lambd: 421.45, worst gap: 0.00:  48%|████▊     | 240/500 [24:56<27:01,  6.24s/it]
Epoch 240 | postive loss : 5.19, negtive loss : 2144.10, worst lambd: 421.45, worst gap: 0.00:  48%|████▊     | 240/500 [25:02<27:01,  6.24s/it]
Epoch 241 | postive loss : 5.23, negtive loss : 2144.32, worst lambd: 421.45, worst gap: 0.00:  48%|████▊     | 240/500 [25:08<27:01,  6.24s/it]
Epoch 242 | postive loss : 5.27, negtive loss : 2149.40, worst lambd: 421.45, worst gap: 0.00:  48%|████▊     | 240/500 [25:15<27:01,  6.24s/it]
Epoch 243 | postive loss : 5.10, negtive loss : 2139.19, worst lambd: 421.45, worst gap: 0.00:  48%|████▊     | 240/500 [25:21<27:01,  6.24s/it]
Epoch 244 | postive loss : 5.23, negtive loss : 2152.31, worst lambd: 421.45, worst gap: 0.00:  48%|████▊     | 240/500 [25:27<27:01,  6.24s/it]
Epoch 245 | postive loss : 5.22, negtive loss : 2145.42, worst lambd: 421.45, worst gap: 0.00:  48%|████▊     | 240/500 [25:33<27:01,  6.24s/it]
Epoch 246 | postive loss : 5.19, negtive loss : 2134.49, worst lambd: 421.45, worst gap: 0.00:  48%|████▊     | 240/500 [25:40<27:01,  6.24s/it]
Epoch 247 | postive loss : 5.19, negtive loss : 2141.51, worst lambd: 421.45, worst gap: 0.00:  48%|████▊     | 240/500 [25:46<27:01,  6.24s/it]
Epoch 248 | postive loss : 5.14, negtive loss : 2151.78, worst lambd: 421.45, worst gap: 0.00:  48%|████▊     | 240/500 [25:52<27:01,  6.24s/it]
Epoch 249 | postive loss : 5.15, negtive loss : 2143.97, worst lambd: 421.45, worst gap: 0.00:  48%|████▊     | 240/500 [25:58<27:01,  6.24s/it]
Epoch 249 | postive loss : 5.15, negtive loss : 2143.97, worst lambd: 421.45, worst gap: 0.00:  50%|█████     | 250/500 [25:58<25:59,  6.24s/it]
Epoch 250 | postive loss : 5.18, negtive loss : 2137.41, worst lambd: 421.45, worst gap: 0.00:  50%|█████     | 250/500 [26:05<25:59,  6.24s/it]
Epoch 251 | postive loss : 5.21, negtive loss : 2149.68, worst lambd: 421.45, worst gap: 0.00:  50%|█████     | 250/500 [26:11<25:59,  6.24s/it]
Epoch 252 | postive loss : 5.36, negtive loss : 2168.19, worst lambd: 421.45, worst gap: 0.00:  50%|█████     | 250/500 [26:17<25:59,  6.24s/it]
Epoch 253 | postive loss : 5.22, negtive loss : 2149.17, worst lambd: 421.45, worst gap: 0.00:  50%|█████     | 250/500 [26:23<25:59,  6.24s/it]
Epoch 254 | postive loss : 5.09, negtive loss : 2151.57, worst lambd: 421.45, worst gap: 0.00:  50%|█████     | 250/500 [26:30<25:59,  6.24s/it]
Epoch 255 | postive loss : 5.16, negtive loss : 2156.17, worst lambd: 421.45, worst gap: 0.00:  50%|█████     | 250/500 [26:36<25:59,  6.24s/it]
Epoch 256 | postive loss : 5.26, negtive loss : 2155.03, worst lambd: 421.45, worst gap: 0.00:  50%|█████     | 250/500 [26:42<25:59,  6.24s/it]
Epoch 257 | postive loss : 5.39, negtive loss : 2160.41, worst lambd: 421.45, worst gap: 0.00:  50%|█████     | 250/500 [26:48<25:59,  6.24s/it]
Epoch 258 | postive loss : 5.13, negtive loss : 2149.38, worst lambd: 421.45, worst gap: 0.00:  50%|█████     | 250/500 [26:55<25:59,  6.24s/it]
Epoch 259 | postive loss : 5.19, negtive loss : 2160.00, worst lambd: 421.45, worst gap: 0.00:  50%|█████     | 250/500 [27:01<25:59,  6.24s/it]
Epoch 259 | postive loss : 5.19, negtive loss : 2160.00, worst lambd: 421.45, worst gap: 0.00:  52%|█████▏    | 260/500 [27:01<24:56,  6.24s/it]
Epoch 260 | postive loss : 5.35, negtive loss : 2168.21, worst lambd: 421.45, worst gap: 0.00:  52%|█████▏    | 260/500 [27:07<24:56,  6.24s/it]
Epoch 261 | postive loss : 5.12, negtive loss : 2161.87, worst lambd: 421.45, worst gap: 0.00:  52%|█████▏    | 260/500 [27:13<24:56,  6.24s/it]
Epoch 262 | postive loss : 5.28, negtive loss : 2150.52, worst lambd: 421.45, worst gap: 0.00:  52%|█████▏    | 260/500 [27:19<24:56,  6.24s/it]
Epoch 263 | postive loss : 5.25, negtive loss : 2155.91, worst lambd: 421.45, worst gap: 0.00:  52%|█████▏    | 260/500 [27:26<24:56,  6.24s/it]
Epoch 264 | postive loss : 5.21, negtive loss : 2161.42, worst lambd: 421.45, worst gap: 0.00:  52%|█████▏    | 260/500 [27:32<24:56,  6.24s/it]
Epoch 265 | postive loss : 5.27, negtive loss : 2158.36, worst lambd: 421.45, worst gap: 0.00:  52%|█████▏    | 260/500 [27:38<24:56,  6.24s/it]
Epoch 266 | postive loss : 5.28, negtive loss : 2164.55, worst lambd: 421.45, worst gap: 0.00:  52%|█████▏    | 260/500 [27:44<24:56,  6.24s/it]
Epoch 267 | postive loss : 5.28, negtive loss : 2175.76, worst lambd: 421.45, worst gap: 0.00:  52%|█████▏    | 260/500 [27:51<24:56,  6.24s/it]
Epoch 268 | postive loss : 5.16, negtive loss : 2167.11, worst lambd: 421.45, worst gap: 0.00:  52%|█████▏    | 260/500 [27:57<24:56,  6.24s/it]
Epoch 269 | postive loss : 5.34, negtive loss : 2163.77, worst lambd: 421.45, worst gap: 0.00:  52%|█████▏    | 260/500 [28:03<24:56,  6.24s/it]
Epoch 269 | postive loss : 5.34, negtive loss : 2163.77, worst lambd: 421.45, worst gap: 0.00:  54%|█████▍    | 270/500 [28:03<23:54,  6.24s/it]
Epoch 270 | postive loss : 5.29, negtive loss : 2175.09, worst lambd: 421.45, worst gap: 0.00:  54%|█████▍    | 270/500 [28:09<23:54,  6.24s/it]
Epoch 271 | postive loss : 5.21, negtive loss : 2172.64, worst lambd: 421.45, worst gap: 0.00:  54%|█████▍    | 270/500 [28:16<23:54,  6.24s/it]
Epoch 272 | postive loss : 5.20, negtive loss : 2169.48, worst lambd: 421.45, worst gap: 0.00:  54%|█████▍    | 270/500 [28:22<23:54,  6.24s/it]
Epoch 273 | postive loss : 5.13, negtive loss : 2173.17, worst lambd: 421.45, worst gap: 0.00:  54%|█████▍    | 270/500 [28:28<23:54,  6.24s/it]
Epoch 274 | postive loss : 5.27, negtive loss : 2182.37, worst lambd: 421.45, worst gap: 0.00:  54%|█████▍    | 270/500 [28:34<23:54,  6.24s/it]
Epoch 275 | postive loss : 5.16, negtive loss : 2171.27, worst lambd: 421.45, worst gap: 0.00:  54%|█████▍    | 270/500 [28:41<23:54,  6.24s/it]
Epoch 276 | postive loss : 5.28, negtive loss : 2172.50, worst lambd: 421.45, worst gap: 0.00:  54%|█████▍    | 270/500 [28:47<23:54,  6.24s/it]
Epoch 277 | postive loss : 5.23, negtive loss : 2171.69, worst lambd: 421.45, worst gap: 0.00:  54%|█████▍    | 270/500 [28:53<23:54,  6.24s/it]
Epoch 278 | postive loss : 5.20, negtive loss : 2177.05, worst lambd: 421.45, worst gap: 0.00:  54%|█████▍    | 270/500 [28:59<23:54,  6.24s/it]
Epoch 279 | postive loss : 5.17, negtive loss : 2178.27, worst lambd: 421.45, worst gap: 0.00:  54%|█████▍    | 270/500 [29:05<23:54,  6.24s/it]
Epoch 279 | postive loss : 5.17, negtive loss : 2178.27, worst lambd: 421.45, worst gap: 0.00:  56%|█████▌    | 280/500 [29:05<22:51,  6.24s/it]
Epoch 280 | postive loss : 5.22, negtive loss : 2178.89, worst lambd: 421.45, worst gap: 0.00:  56%|█████▌    | 280/500 [29:12<22:51,  6.24s/it]
Epoch 281 | postive loss : 5.28, negtive loss : 2181.37, worst lambd: 421.45, worst gap: 0.00:  56%|█████▌    | 280/500 [29:18<22:51,  6.24s/it]
Epoch 282 | postive loss : 5.22, negtive loss : 2175.98, worst lambd: 421.45, worst gap: 0.00:  56%|█████▌    | 280/500 [29:24<22:51,  6.24s/it]
Epoch 283 | postive loss : 5.32, negtive loss : 2174.39, worst lambd: 421.45, worst gap: 0.00:  56%|█████▌    | 280/500 [29:30<22:51,  6.24s/it]
Epoch 284 | postive loss : 5.30, negtive loss : 2178.88, worst lambd: 421.45, worst gap: 0.00:  56%|█████▌    | 280/500 [29:37<22:51,  6.24s/it]
Epoch 285 | postive loss : 5.32, negtive loss : 2192.73, worst lambd: 421.45, worst gap: 0.00:  56%|█████▌    | 280/500 [29:43<22:51,  6.24s/it]
Epoch 286 | postive loss : 5.40, negtive loss : 2186.88, worst lambd: 421.45, worst gap: 0.00:  56%|█████▌    | 280/500 [29:49<22:51,  6.24s/it]
Epoch 287 | postive loss : 5.01, negtive loss : 2176.84, worst lambd: 421.45, worst gap: 0.00:  56%|█████▌    | 280/500 [29:55<22:51,  6.24s/it]
Epoch 288 | postive loss : 5.23, negtive loss : 2186.72, worst lambd: 421.45, worst gap: 0.00:  56%|█████▌    | 280/500 [30:02<22:51,  6.24s/it]
Epoch 289 | postive loss : 5.24, negtive loss : 2193.04, worst lambd: 421.45, worst gap: 0.00:  56%|█████▌    | 280/500 [30:08<22:51,  6.24s/it]
Epoch 289 | postive loss : 5.24, negtive loss : 2193.04, worst lambd: 421.45, worst gap: 0.00:  58%|█████▊    | 290/500 [30:08<21:49,  6.24s/it]
Epoch 290 | postive loss : 5.14, negtive loss : 2171.68, worst lambd: 421.45, worst gap: 0.00:  58%|█████▊    | 290/500 [30:14<21:49,  6.24s/it]
Epoch 291 | postive loss : 5.27, negtive loss : 2184.51, worst lambd: 421.45, worst gap: 0.00:  58%|█████▊    | 290/500 [30:20<21:49,  6.24s/it]
Epoch 292 | postive loss : 5.17, negtive loss : 2176.65, worst lambd: 421.45, worst gap: 0.00:  58%|█████▊    | 290/500 [30:27<21:49,  6.24s/it]
Epoch 293 | postive loss : 5.31, negtive loss : 2176.82, worst lambd: 421.45, worst gap: 0.00:  58%|█████▊    | 290/500 [30:33<21:49,  6.24s/it]
Epoch 294 | postive loss : 5.27, negtive loss : 2161.24, worst lambd: 421.45, worst gap: 0.00:  58%|█████▊    | 290/500 [30:39<21:49,  6.24s/it]
Epoch 295 | postive loss : 5.15, negtive loss : 2179.57, worst lambd: 421.45, worst gap: 0.00:  58%|█████▊    | 290/500 [30:45<21:49,  6.24s/it]
Epoch 296 | postive loss : 5.27, negtive loss : 2171.52, worst lambd: 421.45, worst gap: 0.00:  58%|█████▊    | 290/500 [30:51<21:49,  6.24s/it]
Epoch 297 | postive loss : 5.08, negtive loss : 2180.30, worst lambd: 421.45, worst gap: 0.00:  58%|█████▊    | 290/500 [30:58<21:49,  6.24s/it]
Epoch 298 | postive loss : 5.25, negtive loss : 2179.63, worst lambd: 421.45, worst gap: 0.00:  58%|█████▊    | 290/500 [31:04<21:49,  6.24s/it]
Epoch 299 | postive loss : 5.22, negtive loss : 2180.85, worst lambd: 421.45, worst gap: 0.00:  58%|█████▊    | 290/500 [31:10<21:49,  6.24s/it]
Epoch 299 | postive loss : 5.22, negtive loss : 2180.85, worst lambd: 421.45, worst gap: 0.00:  60%|██████    | 300/500 [31:10<20:47,  6.24s/it]
Epoch 300 | postive loss : 5.34, negtive loss : 2188.83, worst lambd: 421.45, worst gap: 0.00:  60%|██████    | 300/500 [31:16<20:47,  6.24s/it]
Epoch 301 | postive loss : 5.16, negtive loss : 2181.71, worst lambd: 421.45, worst gap: 0.00:  60%|██████    | 300/500 [31:23<20:47,  6.24s/it]
Epoch 302 | postive loss : 5.29, negtive loss : 2183.24, worst lambd: 421.45, worst gap: 0.00:  60%|██████    | 300/500 [31:29<20:47,  6.24s/it]
Epoch 303 | postive loss : 5.24, negtive loss : 2183.47, worst lambd: 421.45, worst gap: 0.00:  60%|██████    | 300/500 [31:35<20:47,  6.24s/it]
Epoch 304 | postive loss : 5.17, negtive loss : 2185.02, worst lambd: 421.45, worst gap: 0.00:  60%|██████    | 300/500 [31:41<20:47,  6.24s/it]
Epoch 305 | postive loss : 5.09, negtive loss : 2180.71, worst lambd: 421.45, worst gap: 0.00:  60%|██████    | 300/500 [31:48<20:47,  6.24s/it]
Epoch 306 | postive loss : 5.07, negtive loss : 2174.92, worst lambd: 421.45, worst gap: 0.00:  60%|██████    | 300/500 [31:54<20:47,  6.24s/it]
Epoch 307 | postive loss : 5.37, negtive loss : 2189.05, worst lambd: 421.45, worst gap: 0.00:  60%|██████    | 300/500 [32:00<20:47,  6.24s/it]
Epoch 308 | postive loss : 5.17, negtive loss : 2188.36, worst lambd: 421.45, worst gap: 0.00:  60%|██████    | 300/500 [32:06<20:47,  6.24s/it]
Epoch 309 | postive loss : 5.23, negtive loss : 2189.93, worst lambd: 421.45, worst gap: 0.00:  60%|██████    | 300/500 [32:13<20:47,  6.24s/it]
Epoch 309 | postive loss : 5.23, negtive loss : 2189.93, worst lambd: 421.45, worst gap: 0.00:  62%|██████▏   | 310/500 [32:13<19:44,  6.24s/it]
Epoch 310 | postive loss : 5.15, negtive loss : 2197.86, worst lambd: 421.45, worst gap: 0.00:  62%|██████▏   | 310/500 [32:19<19:44,  6.24s/it]
Epoch 311 | postive loss : 5.16, negtive loss : 2198.83, worst lambd: 421.45, worst gap: 0.00:  62%|██████▏   | 310/500 [32:25<19:44,  6.24s/it]
Epoch 312 | postive loss : 5.32, negtive loss : 2195.06, worst lambd: 421.45, worst gap: 0.00:  62%|██████▏   | 310/500 [32:31<19:44,  6.24s/it]
Epoch 313 | postive loss : 5.14, negtive loss : 2196.71, worst lambd: 421.45, worst gap: 0.00:  62%|██████▏   | 310/500 [32:37<19:44,  6.24s/it]
Epoch 314 | postive loss : 5.20, negtive loss : 2196.06, worst lambd: 421.45, worst gap: 0.00:  62%|██████▏   | 310/500 [32:44<19:44,  6.24s/it]
Epoch 315 | postive loss : 5.25, negtive loss : 2196.65, worst lambd: 421.45, worst gap: 0.00:  62%|██████▏   | 310/500 [32:50<19:44,  6.24s/it]
Epoch 316 | postive loss : 5.34, negtive loss : 2190.30, worst lambd: 421.45, worst gap: 0.00:  62%|██████▏   | 310/500 [32:56<19:44,  6.24s/it]
Epoch 317 | postive loss : 5.28, negtive loss : 2176.80, worst lambd: 421.45, worst gap: 0.00:  62%|██████▏   | 310/500 [33:02<19:44,  6.24s/it]
Epoch 318 | postive loss : 5.21, negtive loss : 2195.52, worst lambd: 421.45, worst gap: 0.00:  62%|██████▏   | 310/500 [33:09<19:44,  6.24s/it]
Epoch 319 | postive loss : 5.26, negtive loss : 2184.60, worst lambd: 421.45, worst gap: 0.00:  62%|██████▏   | 310/500 [33:15<19:44,  6.24s/it]
Epoch 319 | postive loss : 5.26, negtive loss : 2184.60, worst lambd: 421.45, worst gap: 0.00:  64%|██████▍   | 320/500 [33:15<18:42,  6.24s/it]
Epoch 320 | postive loss : 5.03, negtive loss : 2191.88, worst lambd: 421.45, worst gap: 0.00:  64%|██████▍   | 320/500 [33:21<18:42,  6.24s/it]
Epoch 321 | postive loss : 5.21, negtive loss : 2191.79, worst lambd: 421.45, worst gap: 0.00:  64%|██████▍   | 320/500 [33:27<18:42,  6.24s/it]
Epoch 322 | postive loss : 5.13, negtive loss : 2186.44, worst lambd: 421.45, worst gap: 0.00:  64%|██████▍   | 320/500 [33:34<18:42,  6.24s/it]
Epoch 323 | postive loss : 5.11, negtive loss : 2195.16, worst lambd: 421.45, worst gap: 0.00:  64%|██████▍   | 320/500 [33:40<18:42,  6.24s/it]
Epoch 324 | postive loss : 5.16, negtive loss : 2184.14, worst lambd: 421.45, worst gap: 0.00:  64%|██████▍   | 320/500 [33:46<18:42,  6.24s/it]
Epoch 325 | postive loss : 5.08, negtive loss : 2189.66, worst lambd: 421.45, worst gap: 0.00:  64%|██████▍   | 320/500 [33:52<18:42,  6.24s/it]
Epoch 326 | postive loss : 5.27, negtive loss : 2190.18, worst lambd: 421.45, worst gap: 0.00:  64%|██████▍   | 320/500 [33:59<18:42,  6.24s/it]
Epoch 327 | postive loss : 5.22, negtive loss : 2194.99, worst lambd: 421.45, worst gap: 0.00:  64%|██████▍   | 320/500 [34:05<18:42,  6.24s/it]
Epoch 328 | postive loss : 5.30, negtive loss : 2191.03, worst lambd: 421.45, worst gap: 0.00:  64%|██████▍   | 320/500 [34:11<18:42,  6.24s/it]
Epoch 329 | postive loss : 5.27, negtive loss : 2189.24, worst lambd: 421.45, worst gap: 0.00:  64%|██████▍   | 320/500 [34:17<18:42,  6.24s/it]
Epoch 329 | postive loss : 5.27, negtive loss : 2189.24, worst lambd: 421.45, worst gap: 0.00:  66%|██████▌   | 330/500 [34:17<17:40,  6.24s/it]
Epoch 330 | postive loss : 5.18, negtive loss : 2199.31, worst lambd: 421.45, worst gap: 0.00:  66%|██████▌   | 330/500 [34:24<17:40,  6.24s/it]
Epoch 331 | postive loss : 5.24, negtive loss : 2205.94, worst lambd: 421.45, worst gap: 0.00:  66%|██████▌   | 330/500 [34:30<17:40,  6.24s/it]
Epoch 332 | postive loss : 5.22, negtive loss : 2194.48, worst lambd: 421.45, worst gap: 0.00:  66%|██████▌   | 330/500 [34:36<17:40,  6.24s/it]
Epoch 333 | postive loss : 5.41, negtive loss : 2201.64, worst lambd: 421.45, worst gap: 0.00:  66%|██████▌   | 330/500 [34:42<17:40,  6.24s/it]
Epoch 334 | postive loss : 5.16, negtive loss : 2205.16, worst lambd: 421.45, worst gap: 0.00:  66%|██████▌   | 330/500 [34:48<17:40,  6.24s/it]
Epoch 335 | postive loss : 5.23, negtive loss : 2195.68, worst lambd: 421.45, worst gap: 0.00:  66%|██████▌   | 330/500 [34:55<17:40,  6.24s/it]
Epoch 336 | postive loss : 5.04, negtive loss : 2200.57, worst lambd: 421.45, worst gap: 0.00:  66%|██████▌   | 330/500 [35:01<17:40,  6.24s/it]
Epoch 337 | postive loss : 5.15, negtive loss : 2199.14, worst lambd: 421.45, worst gap: 0.00:  66%|██████▌   | 330/500 [35:07<17:40,  6.24s/it]
Epoch 338 | postive loss : 5.27, negtive loss : 2199.89, worst lambd: 421.45, worst gap: 0.00:  66%|██████▌   | 330/500 [35:13<17:40,  6.24s/it]
Epoch 339 | postive loss : 5.21, negtive loss : 2201.95, worst lambd: 421.45, worst gap: 0.00:  66%|██████▌   | 330/500 [35:20<17:40,  6.24s/it]
Epoch 339 | postive loss : 5.21, negtive loss : 2201.95, worst lambd: 421.45, worst gap: 0.00:  68%|██████▊   | 340/500 [35:20<16:37,  6.24s/it]
Epoch 340 | postive loss : 5.23, negtive loss : 2199.96, worst lambd: 421.45, worst gap: 0.00:  68%|██████▊   | 340/500 [35:26<16:37,  6.24s/it]
Epoch 341 | postive loss : 5.30, negtive loss : 2217.83, worst lambd: 421.45, worst gap: 0.00:  68%|██████▊   | 340/500 [35:32<16:37,  6.24s/it]
Epoch 342 | postive loss : 5.06, negtive loss : 2197.45, worst lambd: 421.45, worst gap: 0.00:  68%|██████▊   | 340/500 [35:38<16:37,  6.24s/it]
Epoch 343 | postive loss : 5.23, negtive loss : 2210.44, worst lambd: 421.45, worst gap: 0.00:  68%|██████▊   | 340/500 [35:45<16:37,  6.24s/it]
Epoch 344 | postive loss : 5.28, negtive loss : 2204.29, worst lambd: 421.45, worst gap: 0.00:  68%|██████▊   | 340/500 [35:51<16:37,  6.24s/it]
Epoch 345 | postive loss : 5.01, negtive loss : 2200.67, worst lambd: 421.45, worst gap: 0.00:  68%|██████▊   | 340/500 [35:57<16:37,  6.24s/it]
Epoch 346 | postive loss : 5.38, negtive loss : 2209.31, worst lambd: 421.45, worst gap: 0.00:  68%|██████▊   | 340/500 [36:03<16:37,  6.24s/it]
Epoch 347 | postive loss : 5.14, negtive loss : 2200.86, worst lambd: 421.45, worst gap: 0.00:  68%|██████▊   | 340/500 [36:10<16:37,  6.24s/it]
Epoch 348 | postive loss : 5.18, negtive loss : 2192.50, worst lambd: 421.45, worst gap: 0.00:  68%|██████▊   | 340/500 [36:16<16:37,  6.24s/it]
Epoch 349 | postive loss : 5.09, negtive loss : 2203.02, worst lambd: 421.45, worst gap: 0.00:  68%|██████▊   | 340/500 [36:22<16:37,  6.24s/it]
Epoch 349 | postive loss : 5.09, negtive loss : 2203.02, worst lambd: 421.45, worst gap: 0.00:  70%|███████   | 350/500 [36:22<15:35,  6.24s/it]
Epoch 350 | postive loss : 5.32, negtive loss : 2212.46, worst lambd: 421.45, worst gap: 0.00:  70%|███████   | 350/500 [36:28<15:35,  6.24s/it]
Epoch 351 | postive loss : 5.29, negtive loss : 2207.10, worst lambd: 421.45, worst gap: 0.00:  70%|███████   | 350/500 [36:34<15:35,  6.24s/it]
Epoch 352 | postive loss : 5.26, negtive loss : 2215.10, worst lambd: 421.45, worst gap: 0.00:  70%|███████   | 350/500 [36:41<15:35,  6.24s/it]
Epoch 353 | postive loss : 5.31, negtive loss : 2202.10, worst lambd: 421.45, worst gap: 0.00:  70%|███████   | 350/500 [36:47<15:35,  6.24s/it]
Epoch 354 | postive loss : 5.18, negtive loss : 2202.32, worst lambd: 421.45, worst gap: 0.00:  70%|███████   | 350/500 [36:53<15:35,  6.24s/it]
Epoch 355 | postive loss : 5.34, negtive loss : 2208.68, worst lambd: 421.45, worst gap: 0.00:  70%|███████   | 350/500 [36:59<15:35,  6.24s/it]
Epoch 356 | postive loss : 5.16, negtive loss : 2206.83, worst lambd: 421.45, worst gap: 0.00:  70%|███████   | 350/500 [37:06<15:35,  6.24s/it]
Epoch 357 | postive loss : 5.23, negtive loss : 2210.84, worst lambd: 421.45, worst gap: 0.00:  70%|███████   | 350/500 [37:12<15:35,  6.24s/it]
Epoch 358 | postive loss : 5.11, negtive loss : 2216.11, worst lambd: 421.45, worst gap: 0.00:  70%|███████   | 350/500 [37:18<15:35,  6.24s/it]
Epoch 359 | postive loss : 5.25, negtive loss : 2219.83, worst lambd: 421.45, worst gap: 0.00:  70%|███████   | 350/500 [37:24<15:35,  6.24s/it]
Epoch 359 | postive loss : 5.25, negtive loss : 2219.83, worst lambd: 421.45, worst gap: 0.00:  72%|███████▏  | 360/500 [37:24<14:33,  6.24s/it]
Epoch 360 | postive loss : 5.18, negtive loss : 2216.52, worst lambd: 421.45, worst gap: 0.00:  72%|███████▏  | 360/500 [37:31<14:33,  6.24s/it]
Epoch 361 | postive loss : 5.25, negtive loss : 2207.30, worst lambd: 421.45, worst gap: 0.00:  72%|███████▏  | 360/500 [37:37<14:33,  6.24s/it]
Epoch 362 | postive loss : 5.13, negtive loss : 2228.22, worst lambd: 421.45, worst gap: 0.00:  72%|███████▏  | 360/500 [37:43<14:33,  6.24s/it]
Epoch 363 | postive loss : 5.47, negtive loss : 2212.64, worst lambd: 421.45, worst gap: 0.00:  72%|███████▏  | 360/500 [37:49<14:33,  6.24s/it]
Epoch 364 | postive loss : 5.05, negtive loss : 2214.66, worst lambd: 421.45, worst gap: 0.00:  72%|███████▏  | 360/500 [37:56<14:33,  6.24s/it]
Epoch 365 | postive loss : 5.28, negtive loss : 2213.80, worst lambd: 421.45, worst gap: 0.00:  72%|███████▏  | 360/500 [38:02<14:33,  6.24s/it]
Epoch 366 | postive loss : 5.17, negtive loss : 2216.57, worst lambd: 421.45, worst gap: 0.00:  72%|███████▏  | 360/500 [38:08<14:33,  6.24s/it]
Epoch 367 | postive loss : 5.14, negtive loss : 2227.30, worst lambd: 421.45, worst gap: 0.00:  72%|███████▏  | 360/500 [38:14<14:33,  6.24s/it]
Epoch 368 | postive loss : 5.29, negtive loss : 2215.99, worst lambd: 421.45, worst gap: 0.00:  72%|███████▏  | 360/500 [38:21<14:33,  6.24s/it]
Epoch 369 | postive loss : 5.10, negtive loss : 2217.42, worst lambd: 421.45, worst gap: 0.00:  72%|███████▏  | 360/500 [38:27<14:33,  6.24s/it]
Epoch 369 | postive loss : 5.10, negtive loss : 2217.42, worst lambd: 421.45, worst gap: 0.00:  74%|███████▍  | 370/500 [38:27<13:30,  6.24s/it]
Epoch 370 | postive loss : 5.31, negtive loss : 2227.30, worst lambd: 421.45, worst gap: 0.00:  74%|███████▍  | 370/500 [38:33<13:30,  6.24s/it]
Epoch 371 | postive loss : 5.19, negtive loss : 2233.24, worst lambd: 421.45, worst gap: 0.00:  74%|███████▍  | 370/500 [38:39<13:30,  6.24s/it]
Epoch 372 | postive loss : 5.22, negtive loss : 2225.19, worst lambd: 421.45, worst gap: 0.00:  74%|███████▍  | 370/500 [38:45<13:30,  6.24s/it]
Epoch 373 | postive loss : 5.14, negtive loss : 2216.60, worst lambd: 421.45, worst gap: 0.00:  74%|███████▍  | 370/500 [38:52<13:30,  6.24s/it]
Epoch 374 | postive loss : 5.29, negtive loss : 2227.20, worst lambd: 421.45, worst gap: 0.00:  74%|███████▍  | 370/500 [38:58<13:30,  6.24s/it]
Epoch 375 | postive loss : 5.14, negtive loss : 2237.77, worst lambd: 421.45, worst gap: 0.00:  74%|███████▍  | 370/500 [39:04<13:30,  6.24s/it]
Epoch 376 | postive loss : 5.25, negtive loss : 2230.36, worst lambd: 421.45, worst gap: 0.00:  74%|███████▍  | 370/500 [39:10<13:30,  6.24s/it]
Epoch 377 | postive loss : 5.10, negtive loss : 2217.72, worst lambd: 421.45, worst gap: 0.00:  74%|███████▍  | 370/500 [39:17<13:30,  6.24s/it]
Epoch 378 | postive loss : 5.05, negtive loss : 2223.54, worst lambd: 421.45, worst gap: 0.00:  74%|███████▍  | 370/500 [39:23<13:30,  6.24s/it]
Epoch 379 | postive loss : 5.25, negtive loss : 2236.03, worst lambd: 421.45, worst gap: 0.00:  74%|███████▍  | 370/500 [39:29<13:30,  6.24s/it]
Epoch 379 | postive loss : 5.25, negtive loss : 2236.03, worst lambd: 421.45, worst gap: 0.00:  76%|███████▌  | 380/500 [39:29<12:28,  6.24s/it]
Epoch 380 | postive loss : 5.43, negtive loss : 2226.48, worst lambd: 421.45, worst gap: 0.00:  76%|███████▌  | 380/500 [39:35<12:28,  6.24s/it]
Epoch 381 | postive loss : 5.45, negtive loss : 2227.39, worst lambd: 421.45, worst gap: 0.00:  76%|███████▌  | 380/500 [39:42<12:28,  6.24s/it]
Epoch 382 | postive loss : 5.14, negtive loss : 2223.56, worst lambd: 421.45, worst gap: 0.00:  76%|███████▌  | 380/500 [39:48<12:28,  6.24s/it]
Epoch 383 | postive loss : 5.33, negtive loss : 2222.25, worst lambd: 421.45, worst gap: 0.00:  76%|███████▌  | 380/500 [39:54<12:28,  6.24s/it]
Epoch 384 | postive loss : 5.29, negtive loss : 2227.32, worst lambd: 421.45, worst gap: 0.00:  76%|███████▌  | 380/500 [40:00<12:28,  6.24s/it]
Epoch 385 | postive loss : 5.29, negtive loss : 2235.30, worst lambd: 421.45, worst gap: 0.00:  76%|███████▌  | 380/500 [40:07<12:28,  6.24s/it]
Epoch 386 | postive loss : 5.29, negtive loss : 2227.33, worst lambd: 421.45, worst gap: 0.00:  76%|███████▌  | 380/500 [40:13<12:28,  6.24s/it]
Epoch 387 | postive loss : 5.28, negtive loss : 2226.23, worst lambd: 421.45, worst gap: 0.00:  76%|███████▌  | 380/500 [40:19<12:28,  6.24s/it]
Epoch 388 | postive loss : 5.21, negtive loss : 2236.37, worst lambd: 421.45, worst gap: 0.00:  76%|███████▌  | 380/500 [40:25<12:28,  6.24s/it]
Epoch 389 | postive loss : 5.04, negtive loss : 2230.13, worst lambd: 421.45, worst gap: 0.00:  76%|███████▌  | 380/500 [40:32<12:28,  6.24s/it]
Epoch 389 | postive loss : 5.04, negtive loss : 2230.13, worst lambd: 421.45, worst gap: 0.00:  78%|███████▊  | 390/500 [40:32<11:26,  6.24s/it]
Epoch 390 | postive loss : 5.21, negtive loss : 2237.17, worst lambd: 421.45, worst gap: 0.00:  78%|███████▊  | 390/500 [40:38<11:26,  6.24s/it]
Epoch 391 | postive loss : 5.36, negtive loss : 2240.13, worst lambd: 421.45, worst gap: 0.00:  78%|███████▊  | 390/500 [40:44<11:26,  6.24s/it]
Epoch 392 | postive loss : 5.20, negtive loss : 2220.36, worst lambd: 421.45, worst gap: 0.00:  78%|███████▊  | 390/500 [40:50<11:26,  6.24s/it]
Epoch 393 | postive loss : 5.22, negtive loss : 2233.11, worst lambd: 421.45, worst gap: 0.00:  78%|███████▊  | 390/500 [40:56<11:26,  6.24s/it]
Epoch 394 | postive loss : 5.14, negtive loss : 2233.13, worst lambd: 421.45, worst gap: 0.00:  78%|███████▊  | 390/500 [41:03<11:26,  6.24s/it]
Epoch 395 | postive loss : 5.15, negtive loss : 2231.47, worst lambd: 421.45, worst gap: 0.00:  78%|███████▊  | 390/500 [41:09<11:26,  6.24s/it]
Epoch 396 | postive loss : 5.22, negtive loss : 2237.27, worst lambd: 421.45, worst gap: 0.00:  78%|███████▊  | 390/500 [41:15<11:26,  6.24s/it]
Epoch 397 | postive loss : 5.25, negtive loss : 2237.43, worst lambd: 421.45, worst gap: 0.00:  78%|███████▊  | 390/500 [41:21<11:26,  6.24s/it]
Epoch 398 | postive loss : 5.29, negtive loss : 2239.92, worst lambd: 421.45, worst gap: 0.00:  78%|███████▊  | 390/500 [41:28<11:26,  6.24s/it]
Epoch 399 | postive loss : 5.28, negtive loss : 2244.54, worst lambd: 421.45, worst gap: 0.00:  78%|███████▊  | 390/500 [41:34<11:26,  6.24s/it]
Epoch 399 | postive loss : 5.28, negtive loss : 2244.54, worst lambd: 421.45, worst gap: 0.00:  80%|████████  | 400/500 [41:34<10:23,  6.24s/it]
Epoch 400 | postive loss : 5.29, negtive loss : 2243.01, worst lambd: 421.45, worst gap: 0.00:  80%|████████  | 400/500 [41:40<10:23,  6.24s/it]
Epoch 401 | postive loss : 5.27, negtive loss : 2231.47, worst lambd: 421.45, worst gap: 0.00:  80%|████████  | 400/500 [41:46<10:23,  6.24s/it]
Epoch 402 | postive loss : 5.33, negtive loss : 2225.47, worst lambd: 421.45, worst gap: 0.00:  80%|████████  | 400/500 [41:53<10:23,  6.24s/it]
Epoch 403 | postive loss : 5.31, negtive loss : 2245.45, worst lambd: 421.45, worst gap: 0.00:  80%|████████  | 400/500 [41:59<10:23,  6.24s/it]
Epoch 404 | postive loss : 5.24, negtive loss : 2236.88, worst lambd: 421.45, worst gap: 0.00:  80%|████████  | 400/500 [42:05<10:23,  6.24s/it]
Epoch 405 | postive loss : 5.29, negtive loss : 2248.77, worst lambd: 421.45, worst gap: 0.00:  80%|████████  | 400/500 [42:11<10:23,  6.24s/it]
Epoch 406 | postive loss : 5.36, negtive loss : 2247.20, worst lambd: 421.45, worst gap: 0.00:  80%|████████  | 400/500 [42:18<10:23,  6.24s/it]
Epoch 407 | postive loss : 5.11, negtive loss : 2232.82, worst lambd: 421.45, worst gap: 0.00:  80%|████████  | 400/500 [42:24<10:23,  6.24s/it]
Epoch 408 | postive loss : 5.29, negtive loss : 2236.98, worst lambd: 421.45, worst gap: 0.00:  80%|████████  | 400/500 [42:30<10:23,  6.24s/it]
Epoch 409 | postive loss : 5.13, negtive loss : 2232.81, worst lambd: 421.45, worst gap: 0.00:  80%|████████  | 400/500 [42:36<10:23,  6.24s/it]
Epoch 409 | postive loss : 5.13, negtive loss : 2232.81, worst lambd: 421.45, worst gap: 0.00:  82%|████████▏ | 410/500 [42:36<09:21,  6.24s/it]
Epoch 410 | postive loss : 5.30, negtive loss : 2235.72, worst lambd: 421.45, worst gap: 0.00:  82%|████████▏ | 410/500 [42:42<09:21,  6.24s/it]
Epoch 411 | postive loss : 5.21, negtive loss : 2232.04, worst lambd: 421.45, worst gap: 0.00:  82%|████████▏ | 410/500 [42:49<09:21,  6.24s/it]
Epoch 412 | postive loss : 5.04, negtive loss : 2236.76, worst lambd: 421.45, worst gap: 0.00:  82%|████████▏ | 410/500 [42:55<09:21,  6.24s/it]
Epoch 413 | postive loss : 5.13, negtive loss : 2241.42, worst lambd: 421.45, worst gap: 0.00:  82%|████████▏ | 410/500 [43:01<09:21,  6.24s/it]
Epoch 414 | postive loss : 5.34, negtive loss : 2238.46, worst lambd: 421.45, worst gap: 0.00:  82%|████████▏ | 410/500 [43:07<09:21,  6.24s/it]
Epoch 415 | postive loss : 5.16, negtive loss : 2241.76, worst lambd: 421.45, worst gap: 0.00:  82%|████████▏ | 410/500 [43:14<09:21,  6.24s/it]
Epoch 416 | postive loss : 5.22, negtive loss : 2242.41, worst lambd: 421.45, worst gap: 0.00:  82%|████████▏ | 410/500 [43:20<09:21,  6.24s/it]
Epoch 417 | postive loss : 5.14, negtive loss : 2238.06, worst lambd: 421.45, worst gap: 0.00:  82%|████████▏ | 410/500 [43:26<09:21,  6.24s/it]
Epoch 418 | postive loss : 5.18, negtive loss : 2240.04, worst lambd: 421.45, worst gap: 0.00:  82%|████████▏ | 410/500 [43:32<09:21,  6.24s/it]
Epoch 419 | postive loss : 5.32, negtive loss : 2253.89, worst lambd: 421.45, worst gap: 0.00:  82%|████████▏ | 410/500 [43:39<09:21,  6.24s/it]
Epoch 419 | postive loss : 5.32, negtive loss : 2253.89, worst lambd: 421.45, worst gap: 0.00:  84%|████████▍ | 420/500 [43:39<08:18,  6.24s/it]
Epoch 420 | postive loss : 5.26, negtive loss : 2248.85, worst lambd: 421.45, worst gap: 0.00:  84%|████████▍ | 420/500 [43:45<08:18,  6.24s/it]
Epoch 421 | postive loss : 5.12, negtive loss : 2235.40, worst lambd: 421.45, worst gap: 0.00:  84%|████████▍ | 420/500 [43:51<08:18,  6.24s/it]
Epoch 422 | postive loss : 5.19, negtive loss : 2237.52, worst lambd: 421.45, worst gap: 0.00:  84%|████████▍ | 420/500 [43:57<08:18,  6.24s/it]
Epoch 423 | postive loss : 5.38, negtive loss : 2255.92, worst lambd: 421.45, worst gap: 0.00:  84%|████████▍ | 420/500 [44:04<08:18,  6.24s/it]
Epoch 424 | postive loss : 5.26, negtive loss : 2248.26, worst lambd: 421.45, worst gap: 0.00:  84%|████████▍ | 420/500 [44:10<08:18,  6.24s/it]
Epoch 425 | postive loss : 5.25, negtive loss : 2231.22, worst lambd: 421.45, worst gap: 0.00:  84%|████████▍ | 420/500 [44:16<08:18,  6.24s/it]
Epoch 426 | postive loss : 5.38, negtive loss : 2244.24, worst lambd: 421.45, worst gap: 0.00:  84%|████████▍ | 420/500 [44:22<08:18,  6.24s/it]
Epoch 427 | postive loss : 5.17, negtive loss : 2248.09, worst lambd: 421.45, worst gap: 0.00:  84%|████████▍ | 420/500 [44:28<08:18,  6.24s/it]
Epoch 428 | postive loss : 5.18, negtive loss : 2244.01, worst lambd: 421.45, worst gap: 0.00:  84%|████████▍ | 420/500 [44:35<08:18,  6.24s/it]
Epoch 429 | postive loss : 5.24, negtive loss : 2236.81, worst lambd: 421.45, worst gap: 0.00:  84%|████████▍ | 420/500 [44:41<08:18,  6.24s/it]
Epoch 429 | postive loss : 5.24, negtive loss : 2236.81, worst lambd: 421.45, worst gap: 0.00:  86%|████████▌ | 430/500 [44:41<07:16,  6.24s/it]
Epoch 430 | postive loss : 5.23, negtive loss : 2236.11, worst lambd: 421.45, worst gap: 0.00:  86%|████████▌ | 430/500 [44:47<07:16,  6.24s/it]
Epoch 431 | postive loss : 5.21, negtive loss : 2239.69, worst lambd: 421.45, worst gap: 0.00:  86%|████████▌ | 430/500 [44:53<07:16,  6.24s/it]
Epoch 432 | postive loss : 5.02, negtive loss : 2243.47, worst lambd: 421.45, worst gap: 0.00:  86%|████████▌ | 430/500 [45:00<07:16,  6.24s/it]
Epoch 433 | postive loss : 5.12, negtive loss : 2255.32, worst lambd: 421.45, worst gap: 0.00:  86%|████████▌ | 430/500 [45:06<07:16,  6.24s/it]
Epoch 434 | postive loss : 5.09, negtive loss : 2243.90, worst lambd: 421.45, worst gap: 0.00:  86%|████████▌ | 430/500 [45:12<07:16,  6.24s/it]
Epoch 435 | postive loss : 5.22, negtive loss : 2264.79, worst lambd: 421.45, worst gap: 0.00:  86%|████████▌ | 430/500 [45:18<07:16,  6.24s/it]
Epoch 436 | postive loss : 5.14, negtive loss : 2259.49, worst lambd: 421.45, worst gap: 0.00:  86%|████████▌ | 430/500 [45:25<07:16,  6.24s/it]
Epoch 437 | postive loss : 5.21, negtive loss : 2268.61, worst lambd: 421.45, worst gap: 0.00:  86%|████████▌ | 430/500 [45:31<07:16,  6.24s/it]
Epoch 438 | postive loss : 5.10, negtive loss : 2252.73, worst lambd: 421.45, worst gap: 0.00:  86%|████████▌ | 430/500 [45:37<07:16,  6.24s/it]
Epoch 439 | postive loss : 5.29, negtive loss : 2265.12, worst lambd: 421.45, worst gap: 0.00:  86%|████████▌ | 430/500 [45:43<07:16,  6.24s/it]
Epoch 439 | postive loss : 5.29, negtive loss : 2265.12, worst lambd: 421.45, worst gap: 0.00:  88%|████████▊ | 440/500 [45:43<06:14,  6.24s/it]
Epoch 440 | postive loss : 5.28, negtive loss : 2257.62, worst lambd: 421.45, worst gap: 0.00:  88%|████████▊ | 440/500 [45:50<06:14,  6.24s/it]
Epoch 441 | postive loss : 5.30, negtive loss : 2257.39, worst lambd: 421.45, worst gap: 0.00:  88%|████████▊ | 440/500 [45:56<06:14,  6.24s/it]
Epoch 442 | postive loss : 4.97, negtive loss : 2244.38, worst lambd: 421.45, worst gap: 0.00:  88%|████████▊ | 440/500 [46:02<06:14,  6.24s/it]
Epoch 443 | postive loss : 5.45, negtive loss : 2274.22, worst lambd: 421.45, worst gap: 0.00:  88%|████████▊ | 440/500 [46:08<06:14,  6.24s/it]
Epoch 444 | postive loss : 5.24, negtive loss : 2254.54, worst lambd: 421.45, worst gap: 0.00:  88%|████████▊ | 440/500 [46:14<06:14,  6.24s/it]
Epoch 445 | postive loss : 5.19, negtive loss : 2251.68, worst lambd: 421.45, worst gap: 0.00:  88%|████████▊ | 440/500 [46:21<06:14,  6.24s/it]
Epoch 446 | postive loss : 5.38, negtive loss : 2253.04, worst lambd: 421.45, worst gap: 0.00:  88%|████████▊ | 440/500 [46:27<06:14,  6.24s/it]
Epoch 447 | postive loss : 5.25, negtive loss : 2254.12, worst lambd: 421.45, worst gap: 0.00:  88%|████████▊ | 440/500 [46:33<06:14,  6.24s/it]
Epoch 448 | postive loss : 5.10, negtive loss : 2252.65, worst lambd: 421.45, worst gap: 0.00:  88%|████████▊ | 440/500 [46:39<06:14,  6.24s/it]
Epoch 449 | postive loss : 5.19, negtive loss : 2267.36, worst lambd: 421.45, worst gap: 0.00:  88%|████████▊ | 440/500 [46:46<06:14,  6.24s/it]
Epoch 449 | postive loss : 5.19, negtive loss : 2267.36, worst lambd: 421.45, worst gap: 0.00:  90%|█████████ | 450/500 [46:46<05:11,  6.24s/it]
Epoch 450 | postive loss : 5.16, negtive loss : 2258.41, worst lambd: 421.45, worst gap: 0.00:  90%|█████████ | 450/500 [46:52<05:11,  6.24s/it]
Epoch 451 | postive loss : 5.18, negtive loss : 2246.70, worst lambd: 421.45, worst gap: 0.00:  90%|█████████ | 450/500 [46:58<05:11,  6.24s/it]
Epoch 452 | postive loss : 5.23, negtive loss : 2263.78, worst lambd: 421.45, worst gap: 0.00:  90%|█████████ | 450/500 [47:04<05:11,  6.24s/it]
Epoch 453 | postive loss : 5.15, negtive loss : 2259.55, worst lambd: 421.45, worst gap: 0.00:  90%|█████████ | 450/500 [47:11<05:11,  6.24s/it]
Epoch 454 | postive loss : 5.18, negtive loss : 2264.70, worst lambd: 421.45, worst gap: 0.00:  90%|█████████ | 450/500 [47:17<05:11,  6.24s/it]
Epoch 455 | postive loss : 5.26, negtive loss : 2253.88, worst lambd: 421.45, worst gap: 0.00:  90%|█████████ | 450/500 [47:23<05:11,  6.24s/it]
Epoch 456 | postive loss : 5.19, negtive loss : 2252.35, worst lambd: 421.45, worst gap: 0.00:  90%|█████████ | 450/500 [47:29<05:11,  6.24s/it]
Epoch 457 | postive loss : 5.04, negtive loss : 2254.24, worst lambd: 421.45, worst gap: 0.00:  90%|█████████ | 450/500 [47:36<05:11,  6.24s/it]
Epoch 458 | postive loss : 5.36, negtive loss : 2261.11, worst lambd: 421.45, worst gap: 0.00:  90%|█████████ | 450/500 [47:42<05:11,  6.24s/it]
Epoch 459 | postive loss : 5.20, negtive loss : 2263.69, worst lambd: 421.45, worst gap: 0.00:  90%|█████████ | 450/500 [47:48<05:11,  6.24s/it]
Epoch 459 | postive loss : 5.20, negtive loss : 2263.69, worst lambd: 421.45, worst gap: 0.00:  92%|█████████▏| 460/500 [47:48<04:09,  6.24s/it]
Epoch 460 | postive loss : 5.21, negtive loss : 2252.73, worst lambd: 421.45, worst gap: 0.00:  92%|█████████▏| 460/500 [47:54<04:09,  6.24s/it]
Epoch 461 | postive loss : 5.26, negtive loss : 2263.26, worst lambd: 421.45, worst gap: 0.00:  92%|█████████▏| 460/500 [48:00<04:09,  6.24s/it]
Epoch 462 | postive loss : 5.14, negtive loss : 2254.44, worst lambd: 421.45, worst gap: 0.00:  92%|█████████▏| 460/500 [48:07<04:09,  6.24s/it]
Epoch 463 | postive loss : 5.14, negtive loss : 2258.39, worst lambd: 421.45, worst gap: 0.00:  92%|█████████▏| 460/500 [48:13<04:09,  6.24s/it]
Epoch 464 | postive loss : 5.04, negtive loss : 2259.20, worst lambd: 421.45, worst gap: 0.00:  92%|█████████▏| 460/500 [48:19<04:09,  6.24s/it]
Epoch 465 | postive loss : 5.35, negtive loss : 2266.84, worst lambd: 421.45, worst gap: 0.00:  92%|█████████▏| 460/500 [48:25<04:09,  6.24s/it]
Epoch 466 | postive loss : 5.32, negtive loss : 2264.14, worst lambd: 421.45, worst gap: 0.00:  92%|█████████▏| 460/500 [48:32<04:09,  6.24s/it]
Epoch 467 | postive loss : 5.12, negtive loss : 2264.23, worst lambd: 421.45, worst gap: 0.00:  92%|█████████▏| 460/500 [48:38<04:09,  6.24s/it]
Epoch 468 | postive loss : 5.22, negtive loss : 2262.54, worst lambd: 421.45, worst gap: 0.00:  92%|█████████▏| 460/500 [48:44<04:09,  6.24s/it]
Epoch 469 | postive loss : 5.18, negtive loss : 2262.80, worst lambd: 421.45, worst gap: 0.00:  92%|█████████▏| 460/500 [48:50<04:09,  6.24s/it]
Epoch 469 | postive loss : 5.18, negtive loss : 2262.80, worst lambd: 421.45, worst gap: 0.00:  94%|█████████▍| 470/500 [48:50<03:07,  6.24s/it]
Epoch 470 | postive loss : 5.16, negtive loss : 2263.64, worst lambd: 421.45, worst gap: 0.00:  94%|█████████▍| 470/500 [48:57<03:07,  6.24s/it]
Epoch 471 | postive loss : 5.32, negtive loss : 2270.07, worst lambd: 421.45, worst gap: 0.00:  94%|█████████▍| 470/500 [49:03<03:07,  6.24s/it]
Epoch 472 | postive loss : 5.20, negtive loss : 2285.31, worst lambd: 421.45, worst gap: 0.00:  94%|█████████▍| 470/500 [49:09<03:07,  6.24s/it]
Epoch 473 | postive loss : 5.29, negtive loss : 2275.82, worst lambd: 421.45, worst gap: 0.00:  94%|█████████▍| 470/500 [49:15<03:07,  6.24s/it]
Epoch 474 | postive loss : 5.18, negtive loss : 2269.69, worst lambd: 421.45, worst gap: 0.00:  94%|█████████▍| 470/500 [49:22<03:07,  6.24s/it]
Epoch 475 | postive loss : 5.38, negtive loss : 2260.92, worst lambd: 421.45, worst gap: 0.00:  94%|█████████▍| 470/500 [49:28<03:07,  6.24s/it]
Epoch 476 | postive loss : 5.00, negtive loss : 2268.49, worst lambd: 421.45, worst gap: 0.00:  94%|█████████▍| 470/500 [49:34<03:07,  6.24s/it]
Epoch 477 | postive loss : 5.52, negtive loss : 2259.14, worst lambd: 421.45, worst gap: 0.00:  94%|█████████▍| 470/500 [49:40<03:07,  6.24s/it]
Epoch 478 | postive loss : 5.12, negtive loss : 2256.20, worst lambd: 421.45, worst gap: 0.00:  94%|█████████▍| 470/500 [49:47<03:07,  6.24s/it]
Epoch 479 | postive loss : 5.12, negtive loss : 2261.73, worst lambd: 421.45, worst gap: 0.00:  94%|█████████▍| 470/500 [49:53<03:07,  6.24s/it]
Epoch 479 | postive loss : 5.12, negtive loss : 2261.73, worst lambd: 421.45, worst gap: 0.00:  96%|█████████▌| 480/500 [49:53<02:04,  6.24s/it]
Epoch 480 | postive loss : 5.22, negtive loss : 2265.30, worst lambd: 421.45, worst gap: 0.00:  96%|█████████▌| 480/500 [49:59<02:04,  6.24s/it]
Epoch 481 | postive loss : 5.13, negtive loss : 2264.59, worst lambd: 421.45, worst gap: 0.00:  96%|█████████▌| 480/500 [50:05<02:04,  6.24s/it]
Epoch 482 | postive loss : 5.08, negtive loss : 2261.92, worst lambd: 421.45, worst gap: 0.00:  96%|█████████▌| 480/500 [50:11<02:04,  6.24s/it]
Epoch 483 | postive loss : 5.18, negtive loss : 2275.59, worst lambd: 421.45, worst gap: 0.00:  96%|█████████▌| 480/500 [50:18<02:04,  6.24s/it]
Epoch 484 | postive loss : 5.37, negtive loss : 2276.27, worst lambd: 421.45, worst gap: 0.00:  96%|█████████▌| 480/500 [50:24<02:04,  6.24s/it]
Epoch 485 | postive loss : 5.09, negtive loss : 2270.16, worst lambd: 421.45, worst gap: 0.00:  96%|█████████▌| 480/500 [50:30<02:04,  6.24s/it]
Epoch 486 | postive loss : 5.22, negtive loss : 2267.83, worst lambd: 421.45, worst gap: 0.00:  96%|█████████▌| 480/500 [50:36<02:04,  6.24s/it]
Epoch 487 | postive loss : 5.10, negtive loss : 2264.29, worst lambd: 421.45, worst gap: 0.00:  96%|█████████▌| 480/500 [50:43<02:04,  6.24s/it]
Epoch 488 | postive loss : 5.29, negtive loss : 2283.69, worst lambd: 421.45, worst gap: 0.00:  96%|█████████▌| 480/500 [50:49<02:04,  6.24s/it]
Epoch 489 | postive loss : 5.20, negtive loss : 2271.44, worst lambd: 421.45, worst gap: 0.00:  96%|█████████▌| 480/500 [50:55<02:04,  6.24s/it]
Epoch 489 | postive loss : 5.20, negtive loss : 2271.44, worst lambd: 421.45, worst gap: 0.00:  98%|█████████▊| 490/500 [50:55<01:02,  6.24s/it]
Epoch 490 | postive loss : 5.33, negtive loss : 2277.71, worst lambd: 421.45, worst gap: 0.00:  98%|█████████▊| 490/500 [51:01<01:02,  6.24s/it]
Epoch 491 | postive loss : 5.25, negtive loss : 2267.22, worst lambd: 421.45, worst gap: 0.00:  98%|█████████▊| 490/500 [51:08<01:02,  6.24s/it]
Epoch 492 | postive loss : 5.30, negtive loss : 2273.41, worst lambd: 421.45, worst gap: 0.00:  98%|█████████▊| 490/500 [51:14<01:02,  6.24s/it]
Epoch 493 | postive loss : 5.35, negtive loss : 2290.47, worst lambd: 421.45, worst gap: 0.00:  98%|█████████▊| 490/500 [51:20<01:02,  6.24s/it]
Epoch 494 | postive loss : 5.30, negtive loss : 2270.45, worst lambd: 421.45, worst gap: 0.00:  98%|█████████▊| 490/500 [51:26<01:02,  6.24s/it]
Epoch 495 | postive loss : 5.14, negtive loss : 2270.85, worst lambd: 421.45, worst gap: 0.00:  98%|█████████▊| 490/500 [51:33<01:02,  6.24s/it]
Epoch 496 | postive loss : 5.19, negtive loss : 2272.47, worst lambd: 421.45, worst gap: 0.00:  98%|█████████▊| 490/500 [51:39<01:02,  6.24s/it]
Epoch 497 | postive loss : 5.24, negtive loss : 2263.30, worst lambd: 421.45, worst gap: 0.00:  98%|█████████▊| 490/500 [51:45<01:02,  6.24s/it]
Epoch 498 | postive loss : 5.11, negtive loss : 2267.72, worst lambd: 421.45, worst gap: 0.00:  98%|█████████▊| 490/500 [51:51<01:02,  6.24s/it]
Epoch 499 | postive loss : 5.26, negtive loss : 2272.32, worst lambd: 421.45, worst gap: 0.00:  98%|█████████▊| 490/500 [51:57<01:02,  6.24s/it]
Epoch 499 | postive loss : 5.26, negtive loss : 2272.32, worst lambd: 421.45, worst gap: 0.00: 100%|██████████| 500/500 [51:57<00:00,  6.24s/it]
Epoch 499 | postive loss : 5.26, negtive loss : 2272.32, worst lambd: 421.45, worst gap: 0.00: 100%|██████████| 500/500 [51:57<00:00,  6.24s/it]
Info : finish model training
Info : save model sucessfully
Info : save sucessfully
