
the 0th validation begin. the optimizer is SGD-------------------------------
INFO -- prepare : Init model SN2E
INFO -- prepare : set model cuda: 0
INFO -- prepare : Model initialization complete
INFO -- prepare : Init optimizer
INFO -- prepare : Finish preparing Optimizer...
Info : start model training

  0%|          | 0/1000 [00:00<?, ?it/s]
Epoch 0 | loss : 342617.47, postive loss : 313313.30, negtive loss : 29304.17:   0%|          | 0/1000 [00:09<?, ?it/s]
Epoch 0 | loss : 342617.47, postive loss : 313313.30, negtive loss : 29304.17:   0%|          | 1/1000 [00:09<2:42:30,  9.76s/it]
Epoch 1 | loss : 340044.97, postive loss : 310743.71, negtive loss : 29301.26:   0%|          | 1/1000 [00:16<2:42:30,  9.76s/it]
Epoch 1 | loss : 340044.97, postive loss : 310743.71, negtive loss : 29301.26:   0%|          | 2/1000 [00:16<2:16:33,  8.21s/it]
Epoch 2 | loss : 333990.62, postive loss : 304700.34, negtive loss : 29290.29:   0%|          | 2/1000 [00:24<2:16:33,  8.21s/it]
Epoch 2 | loss : 333990.62, postive loss : 304700.34, negtive loss : 29290.29:   0%|          | 3/1000 [00:24<2:08:07,  7.71s/it]
Epoch 3 | loss : 328874.93, postive loss : 299587.04, negtive loss : 29287.89:   0%|          | 3/1000 [00:31<2:08:07,  7.71s/it]
Epoch 3 | loss : 328874.93, postive loss : 299587.04, negtive loss : 29287.89:   0%|          | 4/1000 [00:31<2:04:08,  7.48s/it]
Epoch 4 | loss : 324264.40, postive loss : 294978.22, negtive loss : 29286.18:   0%|          | 4/1000 [00:38<2:04:08,  7.48s/it]
Epoch 4 | loss : 324264.40, postive loss : 294978.22, negtive loss : 29286.18:   0%|          | 5/1000 [00:38<2:02:00,  7.36s/it]
Epoch 5 | loss : 319421.04, postive loss : 290140.33, negtive loss : 29280.70:   0%|          | 5/1000 [00:45<2:02:00,  7.36s/it]
Epoch 5 | loss : 319421.04, postive loss : 290140.33, negtive loss : 29280.70:   1%|          | 6/1000 [00:45<2:00:43,  7.29s/it]
Epoch 6 | loss : 314447.97, postive loss : 285173.51, negtive loss : 29274.47:   1%|          | 6/1000 [00:52<2:00:43,  7.29s/it]
Epoch 6 | loss : 314447.97, postive loss : 285173.51, negtive loss : 29274.47:   1%|          | 7/1000 [00:52<1:59:53,  7.24s/it]
Epoch 7 | loss : 310360.14, postive loss : 281091.33, negtive loss : 29268.81:   1%|          | 7/1000 [00:59<1:59:53,  7.24s/it]
Epoch 7 | loss : 310360.14, postive loss : 281091.33, negtive loss : 29268.81:   1%|          | 8/1000 [00:59<1:59:15,  7.21s/it]
Epoch 8 | loss : 305578.30, postive loss : 276313.89, negtive loss : 29264.41:   1%|          | 8/1000 [01:06<1:59:15,  7.21s/it]
Epoch 8 | loss : 305578.30, postive loss : 276313.89, negtive loss : 29264.41:   1%|          | 9/1000 [01:06<1:58:49,  7.19s/it]
Epoch 9 | loss : 301572.64, postive loss : 272311.67, negtive loss : 29260.97:   1%|          | 9/1000 [01:14<1:58:49,  7.19s/it]
Epoch 9 | loss : 301572.64, postive loss : 272311.67, negtive loss : 29260.97:   1%|          | 10/1000 [01:14<1:58:30,  7.18s/it]
Epoch 10 | loss : 296984.24, postive loss : 267725.66, negtive loss : 29258.57:   1%|          | 10/1000 [01:21<1:58:30,  7.18s/it]
Epoch 10 | loss : 296984.24, postive loss : 267725.66, negtive loss : 29258.57:   1%|          | 11/1000 [01:21<1:58:15,  7.17s/it]
Epoch 11 | loss : 292534.21, postive loss : 263278.49, negtive loss : 29255.71:   1%|          | 11/1000 [01:28<1:58:15,  7.17s/it]
Epoch 11 | loss : 292534.21, postive loss : 263278.49, negtive loss : 29255.71:   1%|          | 12/1000 [01:28<1:58:03,  7.17s/it]
Epoch 12 | loss : 288522.16, postive loss : 259268.06, negtive loss : 29254.11:   1%|          | 12/1000 [01:35<1:58:03,  7.17s/it]
Epoch 12 | loss : 288522.16, postive loss : 259268.06, negtive loss : 29254.11:   1%|▏         | 13/1000 [01:35<1:57:52,  7.17s/it]
Epoch 13 | loss : 283773.41, postive loss : 254520.09, negtive loss : 29253.33:   1%|▏         | 13/1000 [01:42<1:57:52,  7.17s/it]
Epoch 13 | loss : 283773.41, postive loss : 254520.09, negtive loss : 29253.33:   1%|▏         | 14/1000 [01:42<1:57:49,  7.17s/it]
Epoch 14 | loss : 279647.27, postive loss : 250394.52, negtive loss : 29252.75:   1%|▏         | 14/1000 [01:49<1:57:49,  7.17s/it]
Epoch 14 | loss : 279647.27, postive loss : 250394.52, negtive loss : 29252.75:   2%|▏         | 15/1000 [01:49<1:57:42,  7.17s/it]
Epoch 15 | loss : 275546.62, postive loss : 246295.56, negtive loss : 29251.06:   2%|▏         | 15/1000 [01:57<1:57:42,  7.17s/it]
Epoch 15 | loss : 275546.62, postive loss : 246295.56, negtive loss : 29251.06:   2%|▏         | 16/1000 [01:57<1:57:33,  7.17s/it]
Epoch 16 | loss : 271275.07, postive loss : 242024.08, negtive loss : 29250.99:   2%|▏         | 16/1000 [02:04<1:57:33,  7.17s/it]
Epoch 16 | loss : 271275.07, postive loss : 242024.08, negtive loss : 29250.99:   2%|▏         | 17/1000 [02:04<1:57:28,  7.17s/it]
Epoch 17 | loss : 267293.64, postive loss : 238041.64, negtive loss : 29252.00:   2%|▏         | 17/1000 [02:11<1:57:28,  7.17s/it]
Epoch 17 | loss : 267293.64, postive loss : 238041.64, negtive loss : 29252.00:   2%|▏         | 18/1000 [02:11<1:57:20,  7.17s/it]
Epoch 18 | loss : 263188.02, postive loss : 233934.85, negtive loss : 29253.16:   2%|▏         | 18/1000 [02:18<1:57:20,  7.17s/it]
Epoch 18 | loss : 263188.02, postive loss : 233934.85, negtive loss : 29253.16:   2%|▏         | 19/1000 [02:18<1:57:12,  7.17s/it]
Epoch 19 | loss : 259310.89, postive loss : 230058.46, negtive loss : 29252.43:   2%|▏         | 19/1000 [02:25<1:57:12,  7.17s/it]
Epoch 19 | loss : 259310.89, postive loss : 230058.46, negtive loss : 29252.43:   2%|▏         | 20/1000 [02:25<1:57:05,  7.17s/it]
Epoch 20 | loss : 255329.22, postive loss : 226076.27, negtive loss : 29252.95:   2%|▏         | 20/1000 [02:32<1:57:05,  7.17s/it]
Epoch 20 | loss : 255329.22, postive loss : 226076.27, negtive loss : 29252.95:   2%|▏         | 21/1000 [02:32<1:56:55,  7.17s/it]
Epoch 21 | loss : 251464.41, postive loss : 222210.11, negtive loss : 29254.30:   2%|▏         | 21/1000 [02:40<1:56:55,  7.17s/it]
Epoch 21 | loss : 251464.41, postive loss : 222210.11, negtive loss : 29254.30:   2%|▏         | 22/1000 [02:40<1:56:47,  7.17s/it]
Epoch 22 | loss : 247994.88, postive loss : 218737.68, negtive loss : 29257.20:   2%|▏         | 22/1000 [02:47<1:56:47,  7.17s/it]
Epoch 22 | loss : 247994.88, postive loss : 218737.68, negtive loss : 29257.20:   2%|▏         | 23/1000 [02:47<1:56:41,  7.17s/it]
Epoch 23 | loss : 244241.48, postive loss : 214983.96, negtive loss : 29257.51:   2%|▏         | 23/1000 [02:54<1:56:41,  7.17s/it]
Epoch 23 | loss : 244241.48, postive loss : 214983.96, negtive loss : 29257.51:   2%|▏         | 24/1000 [02:54<1:56:47,  7.18s/it]
Epoch 24 | loss : 240560.37, postive loss : 211299.89, negtive loss : 29260.48:   2%|▏         | 24/1000 [03:01<1:56:47,  7.18s/it]
Epoch 24 | loss : 240560.37, postive loss : 211299.89, negtive loss : 29260.48:   2%|▎         | 25/1000 [03:01<1:56:37,  7.18s/it]
Epoch 25 | loss : 237074.71, postive loss : 207811.91, negtive loss : 29262.80:   2%|▎         | 25/1000 [03:08<1:56:37,  7.18s/it]
Epoch 25 | loss : 237074.71, postive loss : 207811.91, negtive loss : 29262.80:   3%|▎         | 26/1000 [03:08<1:56:28,  7.17s/it]
Epoch 26 | loss : 233720.56, postive loss : 204452.90, negtive loss : 29267.66:   3%|▎         | 26/1000 [03:15<1:56:28,  7.17s/it]
Epoch 26 | loss : 233720.56, postive loss : 204452.90, negtive loss : 29267.66:   3%|▎         | 27/1000 [03:15<1:56:17,  7.17s/it]
Epoch 27 | loss : 230407.52, postive loss : 201137.16, negtive loss : 29270.36:   3%|▎         | 27/1000 [03:23<1:56:17,  7.17s/it]
Epoch 27 | loss : 230407.52, postive loss : 201137.16, negtive loss : 29270.36:   3%|▎         | 28/1000 [03:23<1:56:14,  7.18s/it]
Epoch 28 | loss : 227247.11, postive loss : 197974.17, negtive loss : 29272.95:   3%|▎         | 28/1000 [03:30<1:56:14,  7.18s/it]
Epoch 28 | loss : 227247.11, postive loss : 197974.17, negtive loss : 29272.95:   3%|▎         | 29/1000 [03:30<1:56:13,  7.18s/it]
Epoch 29 | loss : 223900.85, postive loss : 194625.21, negtive loss : 29275.64:   3%|▎         | 29/1000 [03:37<1:56:13,  7.18s/it]
Epoch 29 | loss : 223900.85, postive loss : 194625.21, negtive loss : 29275.64:   3%|▎         | 30/1000 [03:37<1:55:57,  7.17s/it]
Epoch 30 | loss : 220756.22, postive loss : 191477.12, negtive loss : 29279.10:   3%|▎         | 30/1000 [03:44<1:55:57,  7.17s/it]
Epoch 30 | loss : 220756.22, postive loss : 191477.12, negtive loss : 29279.10:   3%|▎         | 31/1000 [03:44<1:55:54,  7.18s/it]
Epoch 31 | loss : 217734.19, postive loss : 188450.10, negtive loss : 29284.09:   3%|▎         | 31/1000 [03:51<1:55:54,  7.18s/it]
Epoch 31 | loss : 217734.19, postive loss : 188450.10, negtive loss : 29284.09:   3%|▎         | 32/1000 [03:51<1:55:51,  7.18s/it]
Epoch 32 | loss : 214639.87, postive loss : 185352.07, negtive loss : 29287.79:   3%|▎         | 32/1000 [03:59<1:55:51,  7.18s/it]
Epoch 32 | loss : 214639.87, postive loss : 185352.07, negtive loss : 29287.79:   3%|▎         | 33/1000 [03:59<1:55:48,  7.19s/it]
Epoch 33 | loss : 211692.69, postive loss : 182398.96, negtive loss : 29293.73:   3%|▎         | 33/1000 [04:06<1:55:48,  7.19s/it]
Epoch 33 | loss : 211692.69, postive loss : 182398.96, negtive loss : 29293.73:   3%|▎         | 34/1000 [04:06<1:55:48,  7.19s/it]
Epoch 34 | loss : 208734.39, postive loss : 179437.80, negtive loss : 29296.60:   3%|▎         | 34/1000 [04:13<1:55:48,  7.19s/it]
Epoch 34 | loss : 208734.39, postive loss : 179437.80, negtive loss : 29296.60:   4%|▎         | 35/1000 [04:13<1:55:43,  7.20s/it]
Epoch 35 | loss : 206052.95, postive loss : 176750.95, negtive loss : 29302.00:   4%|▎         | 35/1000 [04:20<1:55:43,  7.20s/it]
Epoch 35 | loss : 206052.95, postive loss : 176750.95, negtive loss : 29302.00:   4%|▎         | 36/1000 [04:20<1:55:39,  7.20s/it]
Epoch 36 | loss : 203098.50, postive loss : 173791.98, negtive loss : 29306.52:   4%|▎         | 36/1000 [04:27<1:55:39,  7.20s/it]
Epoch 36 | loss : 203098.50, postive loss : 173791.98, negtive loss : 29306.52:   4%|▎         | 37/1000 [04:27<1:55:31,  7.20s/it]
Epoch 37 | loss : 200536.99, postive loss : 171226.15, negtive loss : 29310.84:   4%|▎         | 37/1000 [04:35<1:55:31,  7.20s/it]
Epoch 37 | loss : 200536.99, postive loss : 171226.15, negtive loss : 29310.84:   4%|▍         | 38/1000 [04:35<1:55:24,  7.20s/it]
Epoch 38 | loss : 197849.21, postive loss : 168530.69, negtive loss : 29318.52:   4%|▍         | 38/1000 [04:42<1:55:24,  7.20s/it]
Epoch 38 | loss : 197849.21, postive loss : 168530.69, negtive loss : 29318.52:   4%|▍         | 39/1000 [04:42<1:55:22,  7.20s/it]
Epoch 39 | loss : 195027.92, postive loss : 165705.10, negtive loss : 29322.82:   4%|▍         | 39/1000 [04:49<1:55:22,  7.20s/it]
Epoch 39 | loss : 195027.92, postive loss : 165705.10, negtive loss : 29322.82:   4%|▍         | 40/1000 [04:49<1:55:14,  7.20s/it]
Epoch 40 | loss : 192550.56, postive loss : 163225.48, negtive loss : 29325.08:   4%|▍         | 40/1000 [04:56<1:55:14,  7.20s/it]
Epoch 40 | loss : 192550.56, postive loss : 163225.48, negtive loss : 29325.08:   4%|▍         | 41/1000 [04:56<1:54:59,  7.19s/it]
Epoch 41 | loss : 190097.91, postive loss : 160767.46, negtive loss : 29330.45:   4%|▍         | 41/1000 [05:03<1:54:59,  7.19s/it]
Epoch 41 | loss : 190097.91, postive loss : 160767.46, negtive loss : 29330.45:   4%|▍         | 42/1000 [05:03<1:54:51,  7.19s/it]
Epoch 42 | loss : 187481.42, postive loss : 158145.56, negtive loss : 29335.86:   4%|▍         | 42/1000 [05:11<1:54:51,  7.19s/it]
Epoch 42 | loss : 187481.42, postive loss : 158145.56, negtive loss : 29335.86:   4%|▍         | 43/1000 [05:11<1:54:48,  7.20s/it]
Epoch 43 | loss : 185231.96, postive loss : 155894.54, negtive loss : 29337.43:   4%|▍         | 43/1000 [05:18<1:54:48,  7.20s/it]
Epoch 43 | loss : 185231.96, postive loss : 155894.54, negtive loss : 29337.43:   4%|▍         | 44/1000 [05:18<1:54:50,  7.21s/it]
Epoch 44 | loss : 182710.07, postive loss : 153361.76, negtive loss : 29348.31:   4%|▍         | 44/1000 [05:25<1:54:50,  7.21s/it]
Epoch 44 | loss : 182710.07, postive loss : 153361.76, negtive loss : 29348.31:   4%|▍         | 45/1000 [05:25<1:54:34,  7.20s/it]
Epoch 45 | loss : 180357.86, postive loss : 151006.24, negtive loss : 29351.62:   4%|▍         | 45/1000 [05:32<1:54:34,  7.20s/it]
Epoch 45 | loss : 180357.86, postive loss : 151006.24, negtive loss : 29351.62:   5%|▍         | 46/1000 [05:32<1:54:28,  7.20s/it]
Epoch 46 | loss : 178068.00, postive loss : 148712.87, negtive loss : 29355.13:   5%|▍         | 46/1000 [05:39<1:54:28,  7.20s/it]
Epoch 46 | loss : 178068.00, postive loss : 148712.87, negtive loss : 29355.13:   5%|▍         | 47/1000 [05:39<1:54:23,  7.20s/it]
Epoch 47 | loss : 175841.52, postive loss : 146484.20, negtive loss : 29357.33:   5%|▍         | 47/1000 [05:47<1:54:23,  7.20s/it]
Epoch 47 | loss : 175841.52, postive loss : 146484.20, negtive loss : 29357.33:   5%|▍         | 48/1000 [05:47<1:54:25,  7.21s/it]
Epoch 48 | loss : 173584.96, postive loss : 144217.92, negtive loss : 29367.04:   5%|▍         | 48/1000 [05:54<1:54:25,  7.21s/it]
Epoch 48 | loss : 173584.96, postive loss : 144217.92, negtive loss : 29367.04:   5%|▍         | 49/1000 [05:54<1:54:14,  7.21s/it]
Epoch 49 | loss : 171353.24, postive loss : 141984.48, negtive loss : 29368.77:   5%|▍         | 49/1000 [06:01<1:54:14,  7.21s/it]
Epoch 49 | loss : 171353.24, postive loss : 141984.48, negtive loss : 29368.77:   5%|▌         | 50/1000 [06:01<1:54:03,  7.20s/it]
Epoch 50 | loss : 169255.91, postive loss : 139884.66, negtive loss : 29371.25:   5%|▌         | 50/1000 [06:08<1:54:03,  7.20s/it]
Epoch 50 | loss : 169255.91, postive loss : 139884.66, negtive loss : 29371.25:   5%|▌         | 51/1000 [06:08<1:54:13,  7.22s/it]
Epoch 51 | loss : 167200.25, postive loss : 137823.48, negtive loss : 29376.77:   5%|▌         | 51/1000 [06:15<1:54:13,  7.22s/it]
Epoch 51 | loss : 167200.25, postive loss : 137823.48, negtive loss : 29376.77:   5%|▌         | 52/1000 [06:15<1:53:57,  7.21s/it]
Epoch 52 | loss : 165084.21, postive loss : 135702.57, negtive loss : 29381.64:   5%|▌         | 52/1000 [06:23<1:53:57,  7.21s/it]
Epoch 52 | loss : 165084.21, postive loss : 135702.57, negtive loss : 29381.64:   5%|▌         | 53/1000 [06:23<1:53:56,  7.22s/it]
Epoch 53 | loss : 163098.92, postive loss : 133710.89, negtive loss : 29388.04:   5%|▌         | 53/1000 [06:30<1:53:56,  7.22s/it]
Epoch 53 | loss : 163098.92, postive loss : 133710.89, negtive loss : 29388.04:   5%|▌         | 54/1000 [06:30<1:53:46,  7.22s/it]
Epoch 54 | loss : 161046.16, postive loss : 131659.36, negtive loss : 29386.80:   5%|▌         | 54/1000 [06:37<1:53:46,  7.22s/it]
Epoch 54 | loss : 161046.16, postive loss : 131659.36, negtive loss : 29386.80:   6%|▌         | 55/1000 [06:37<1:53:40,  7.22s/it]
Epoch 55 | loss : 159076.31, postive loss : 129678.96, negtive loss : 29397.35:   6%|▌         | 55/1000 [06:44<1:53:40,  7.22s/it]
Epoch 55 | loss : 159076.31, postive loss : 129678.96, negtive loss : 29397.35:   6%|▌         | 56/1000 [06:44<1:53:30,  7.21s/it]
Epoch 56 | loss : 157075.34, postive loss : 127678.04, negtive loss : 29397.30:   6%|▌         | 56/1000 [06:51<1:53:30,  7.21s/it]
Epoch 56 | loss : 157075.34, postive loss : 127678.04, negtive loss : 29397.30:   6%|▌         | 57/1000 [06:51<1:53:21,  7.21s/it]
Epoch 57 | loss : 155298.58, postive loss : 125900.63, negtive loss : 29397.96:   6%|▌         | 57/1000 [06:59<1:53:21,  7.21s/it]
Epoch 57 | loss : 155298.58, postive loss : 125900.63, negtive loss : 29397.96:   6%|▌         | 58/1000 [06:59<1:53:06,  7.20s/it]
Epoch 58 | loss : 153419.58, postive loss : 124010.46, negtive loss : 29409.13:   6%|▌         | 58/1000 [07:06<1:53:06,  7.20s/it]
Epoch 58 | loss : 153419.58, postive loss : 124010.46, negtive loss : 29409.13:   6%|▌         | 59/1000 [07:06<1:53:01,  7.21s/it]
Epoch 59 | loss : 151553.88, postive loss : 122145.08, negtive loss : 29408.80:   6%|▌         | 59/1000 [07:13<1:53:01,  7.21s/it]
Epoch 59 | loss : 151553.88, postive loss : 122145.08, negtive loss : 29408.80:   6%|▌         | 60/1000 [07:13<1:52:53,  7.21s/it]
Epoch 60 | loss : 149822.94, postive loss : 120404.32, negtive loss : 29418.62:   6%|▌         | 60/1000 [07:20<1:52:53,  7.21s/it]
Epoch 60 | loss : 149822.94, postive loss : 120404.32, negtive loss : 29418.62:   6%|▌         | 61/1000 [07:20<1:52:50,  7.21s/it]
Epoch 61 | loss : 147957.45, postive loss : 118540.18, negtive loss : 29417.27:   6%|▌         | 61/1000 [07:28<1:52:50,  7.21s/it]
Epoch 61 | loss : 147957.45, postive loss : 118540.18, negtive loss : 29417.27:   6%|▌         | 62/1000 [07:28<1:52:50,  7.22s/it]
Epoch 62 | loss : 146245.38, postive loss : 116824.57, negtive loss : 29420.81:   6%|▌         | 62/1000 [07:35<1:52:50,  7.22s/it]
Epoch 62 | loss : 146245.38, postive loss : 116824.57, negtive loss : 29420.81:   6%|▋         | 63/1000 [07:35<1:52:49,  7.22s/it]
Epoch 63 | loss : 144606.58, postive loss : 115181.58, negtive loss : 29424.99:   6%|▋         | 63/1000 [07:42<1:52:49,  7.22s/it]
Epoch 63 | loss : 144606.58, postive loss : 115181.58, negtive loss : 29424.99:   6%|▋         | 64/1000 [07:42<1:52:31,  7.21s/it]
Epoch 64 | loss : 142882.38, postive loss : 113452.86, negtive loss : 29429.52:   6%|▋         | 64/1000 [07:49<1:52:31,  7.21s/it]
Epoch 64 | loss : 142882.38, postive loss : 113452.86, negtive loss : 29429.52:   6%|▋         | 65/1000 [07:49<1:52:18,  7.21s/it]
Epoch 65 | loss : 141208.22, postive loss : 111776.24, negtive loss : 29431.98:   6%|▋         | 65/1000 [07:56<1:52:18,  7.21s/it]
Epoch 65 | loss : 141208.22, postive loss : 111776.24, negtive loss : 29431.98:   7%|▋         | 66/1000 [07:56<1:52:06,  7.20s/it]
Epoch 66 | loss : 139661.02, postive loss : 110213.14, negtive loss : 29447.88:   7%|▋         | 66/1000 [08:04<1:52:06,  7.20s/it]
Epoch 66 | loss : 139661.02, postive loss : 110213.14, negtive loss : 29447.88:   7%|▋         | 67/1000 [08:04<1:51:52,  7.19s/it]
Epoch 67 | loss : 137974.35, postive loss : 108536.34, negtive loss : 29438.02:   7%|▋         | 67/1000 [08:11<1:51:52,  7.19s/it]
Epoch 67 | loss : 137974.35, postive loss : 108536.34, negtive loss : 29438.02:   7%|▋         | 68/1000 [08:11<1:51:42,  7.19s/it]
Epoch 68 | loss : 136504.69, postive loss : 107059.37, negtive loss : 29445.31:   7%|▋         | 68/1000 [08:18<1:51:42,  7.19s/it]
Epoch 68 | loss : 136504.69, postive loss : 107059.37, negtive loss : 29445.31:   7%|▋         | 69/1000 [08:18<1:51:35,  7.19s/it]
Epoch 69 | loss : 134841.00, postive loss : 105387.68, negtive loss : 29453.32:   7%|▋         | 69/1000 [08:25<1:51:35,  7.19s/it]
Epoch 69 | loss : 134841.00, postive loss : 105387.68, negtive loss : 29453.32:   7%|▋         | 70/1000 [08:25<1:51:40,  7.21s/it]
Epoch 70 | loss : 133436.95, postive loss : 103983.32, negtive loss : 29453.64:   7%|▋         | 70/1000 [08:32<1:51:40,  7.21s/it]
Epoch 70 | loss : 133436.95, postive loss : 103983.32, negtive loss : 29453.64:   7%|▋         | 71/1000 [08:32<1:51:30,  7.20s/it]
Epoch 71 | loss : 131875.49, postive loss : 102418.62, negtive loss : 29456.88:   7%|▋         | 71/1000 [08:40<1:51:30,  7.20s/it]
Epoch 71 | loss : 131875.49, postive loss : 102418.62, negtive loss : 29456.88:   7%|▋         | 72/1000 [08:40<1:51:26,  7.21s/it]
Epoch 72 | loss : 130435.52, postive loss : 100972.57, negtive loss : 29462.95:   7%|▋         | 72/1000 [08:47<1:51:26,  7.21s/it]
Epoch 72 | loss : 130435.52, postive loss : 100972.57, negtive loss : 29462.95:   7%|▋         | 73/1000 [08:47<1:51:19,  7.21s/it]
Epoch 73 | loss : 128988.14, postive loss : 99520.48, negtive loss : 29467.66:   7%|▋         | 73/1000 [08:54<1:51:19,  7.21s/it] 
Epoch 73 | loss : 128988.14, postive loss : 99520.48, negtive loss : 29467.66:   7%|▋         | 74/1000 [08:54<1:51:07,  7.20s/it]
Epoch 74 | loss : 127623.15, postive loss : 98152.82, negtive loss : 29470.33:   7%|▋         | 74/1000 [09:01<1:51:07,  7.20s/it]
Epoch 74 | loss : 127623.15, postive loss : 98152.82, negtive loss : 29470.33:   8%|▊         | 75/1000 [09:01<1:51:02,  7.20s/it]
Epoch 75 | loss : 126195.85, postive loss : 96724.31, negtive loss : 29471.54:   8%|▊         | 75/1000 [09:08<1:51:02,  7.20s/it]
Epoch 75 | loss : 126195.85, postive loss : 96724.31, negtive loss : 29471.54:   8%|▊         | 76/1000 [09:08<1:50:56,  7.20s/it]
Epoch 76 | loss : 124770.43, postive loss : 95291.44, negtive loss : 29478.99:   8%|▊         | 76/1000 [09:16<1:50:56,  7.20s/it]
Epoch 76 | loss : 124770.43, postive loss : 95291.44, negtive loss : 29478.99:   8%|▊         | 77/1000 [09:16<1:50:44,  7.20s/it]
Epoch 77 | loss : 123506.90, postive loss : 94020.92, negtive loss : 29485.98:   8%|▊         | 77/1000 [09:23<1:50:44,  7.20s/it]
Epoch 77 | loss : 123506.90, postive loss : 94020.92, negtive loss : 29485.98:   8%|▊         | 78/1000 [09:23<1:50:31,  7.19s/it]
Epoch 78 | loss : 122160.19, postive loss : 92674.06, negtive loss : 29486.13:   8%|▊         | 78/1000 [09:30<1:50:31,  7.19s/it]
Epoch 78 | loss : 122160.19, postive loss : 92674.06, negtive loss : 29486.13:   8%|▊         | 79/1000 [09:30<1:50:18,  7.19s/it]
Epoch 79 | loss : 120841.37, postive loss : 91348.50, negtive loss : 29492.87:   8%|▊         | 79/1000 [09:37<1:50:18,  7.19s/it]
Epoch 79 | loss : 120841.37, postive loss : 91348.50, negtive loss : 29492.87:   8%|▊         | 80/1000 [09:37<1:50:15,  7.19s/it]
Epoch 80 | loss : 119616.51, postive loss : 90117.58, negtive loss : 29498.93:   8%|▊         | 80/1000 [09:44<1:50:15,  7.19s/it]
Epoch 80 | loss : 119616.51, postive loss : 90117.58, negtive loss : 29498.93:   8%|▊         | 81/1000 [09:44<1:50:06,  7.19s/it]
Epoch 81 | loss : 118346.61, postive loss : 88832.99, negtive loss : 29513.62:   8%|▊         | 81/1000 [09:51<1:50:06,  7.19s/it]
Epoch 81 | loss : 118346.61, postive loss : 88832.99, negtive loss : 29513.62:   8%|▊         | 82/1000 [09:51<1:49:55,  7.18s/it]
Epoch 82 | loss : 117135.27, postive loss : 87622.63, negtive loss : 29512.64:   8%|▊         | 82/1000 [09:59<1:49:55,  7.18s/it]
Epoch 82 | loss : 117135.27, postive loss : 87622.63, negtive loss : 29512.64:   8%|▊         | 83/1000 [09:59<1:49:44,  7.18s/it]
Epoch 83 | loss : 115960.18, postive loss : 86440.08, negtive loss : 29520.10:   8%|▊         | 83/1000 [10:06<1:49:44,  7.18s/it]
Epoch 83 | loss : 115960.18, postive loss : 86440.08, negtive loss : 29520.10:   8%|▊         | 84/1000 [10:06<1:49:42,  7.19s/it]
Epoch 84 | loss : 114730.62, postive loss : 85205.26, negtive loss : 29525.36:   8%|▊         | 84/1000 [10:13<1:49:42,  7.19s/it]
Epoch 84 | loss : 114730.62, postive loss : 85205.26, negtive loss : 29525.36:   8%|▊         | 85/1000 [10:13<1:49:40,  7.19s/it]
Epoch 85 | loss : 113573.29, postive loss : 84034.78, negtive loss : 29538.51:   8%|▊         | 85/1000 [10:20<1:49:40,  7.19s/it]
Epoch 85 | loss : 113573.29, postive loss : 84034.78, negtive loss : 29538.51:   9%|▊         | 86/1000 [10:20<1:49:39,  7.20s/it]
Epoch 86 | loss : 112522.43, postive loss : 82978.12, negtive loss : 29544.30:   9%|▊         | 86/1000 [10:27<1:49:39,  7.20s/it]
Epoch 86 | loss : 112522.43, postive loss : 82978.12, negtive loss : 29544.30:   9%|▊         | 87/1000 [10:27<1:49:39,  7.21s/it]
Epoch 87 | loss : 111361.49, postive loss : 81806.16, negtive loss : 29555.33:   9%|▊         | 87/1000 [10:35<1:49:39,  7.21s/it]
Epoch 87 | loss : 111361.49, postive loss : 81806.16, negtive loss : 29555.33:   9%|▉         | 88/1000 [10:35<1:49:30,  7.20s/it]
Epoch 88 | loss : 110278.81, postive loss : 80710.25, negtive loss : 29568.56:   9%|▉         | 88/1000 [10:42<1:49:30,  7.20s/it]
Epoch 88 | loss : 110278.81, postive loss : 80710.25, negtive loss : 29568.56:   9%|▉         | 89/1000 [10:42<1:50:03,  7.25s/it]
Epoch 89 | loss : 109286.14, postive loss : 79704.31, negtive loss : 29581.84:   9%|▉         | 89/1000 [10:49<1:50:03,  7.25s/it]
Epoch 89 | loss : 109286.14, postive loss : 79704.31, negtive loss : 29581.84:   9%|▉         | 90/1000 [10:49<1:50:19,  7.27s/it]
Epoch 90 | loss : 108224.51, postive loss : 78633.56, negtive loss : 29590.95:   9%|▉         | 90/1000 [10:57<1:50:19,  7.27s/it]
Epoch 90 | loss : 108224.51, postive loss : 78633.56, negtive loss : 29590.95:   9%|▉         | 91/1000 [10:57<1:50:24,  7.29s/it]
Epoch 91 | loss : 107226.80, postive loss : 77622.26, negtive loss : 29604.54:   9%|▉         | 91/1000 [11:04<1:50:24,  7.29s/it]
Epoch 91 | loss : 107226.80, postive loss : 77622.26, negtive loss : 29604.54:   9%|▉         | 92/1000 [11:04<1:50:27,  7.30s/it]
Epoch 92 | loss : 106269.07, postive loss : 76658.12, negtive loss : 29610.96:   9%|▉         | 92/1000 [11:11<1:50:27,  7.30s/it]
Epoch 92 | loss : 106269.07, postive loss : 76658.12, negtive loss : 29610.96:   9%|▉         | 93/1000 [11:11<1:50:27,  7.31s/it]
Epoch 93 | loss : 105321.94, postive loss : 75690.04, negtive loss : 29631.91:   9%|▉         | 93/1000 [11:19<1:50:27,  7.31s/it]
Epoch 93 | loss : 105321.94, postive loss : 75690.04, negtive loss : 29631.91:   9%|▉         | 94/1000 [11:19<1:50:13,  7.30s/it]
Epoch 94 | loss : 104435.70, postive loss : 74780.54, negtive loss : 29655.16:   9%|▉         | 94/1000 [11:26<1:50:13,  7.30s/it]
Epoch 94 | loss : 104435.70, postive loss : 74780.54, negtive loss : 29655.16:  10%|▉         | 95/1000 [11:26<1:49:52,  7.28s/it]
Epoch 95 | loss : 103535.23, postive loss : 73861.99, negtive loss : 29673.24:  10%|▉         | 95/1000 [11:33<1:49:52,  7.28s/it]
Epoch 95 | loss : 103535.23, postive loss : 73861.99, negtive loss : 29673.24:  10%|▉         | 96/1000 [11:33<1:49:44,  7.28s/it]
Epoch 96 | loss : 102691.98, postive loss : 73004.18, negtive loss : 29687.80:  10%|▉         | 96/1000 [11:40<1:49:44,  7.28s/it]
Epoch 96 | loss : 102691.98, postive loss : 73004.18, negtive loss : 29687.80:  10%|▉         | 97/1000 [11:40<1:49:39,  7.29s/it]
Epoch 97 | loss : 101883.38, postive loss : 72169.36, negtive loss : 29714.02:  10%|▉         | 97/1000 [11:48<1:49:39,  7.29s/it]
Epoch 97 | loss : 101883.38, postive loss : 72169.36, negtive loss : 29714.02:  10%|▉         | 98/1000 [11:48<1:49:32,  7.29s/it]
Epoch 98 | loss : 101077.61, postive loss : 71332.92, negtive loss : 29744.70:  10%|▉         | 98/1000 [11:55<1:49:32,  7.29s/it]
Epoch 98 | loss : 101077.61, postive loss : 71332.92, negtive loss : 29744.70:  10%|▉         | 99/1000 [11:55<1:49:25,  7.29s/it]
Epoch 99 | loss : 100354.43, postive loss : 70583.28, negtive loss : 29771.15:  10%|▉         | 99/1000 [12:02<1:49:25,  7.29s/it]
Epoch 99 | loss : 100354.43, postive loss : 70583.28, negtive loss : 29771.15:  10%|█         | 100/1000 [12:02<1:49:16,  7.28s/it]
Epoch 100 | loss : 99592.94, postive loss : 69798.40, negtive loss : 29794.53:  10%|█         | 100/1000 [12:10<1:49:16,  7.28s/it]
Epoch 100 | loss : 99592.94, postive loss : 69798.40, negtive loss : 29794.53:  10%|█         | 101/1000 [12:10<1:50:19,  7.36s/it]
Epoch 101 | loss : 98923.04, postive loss : 69098.33, negtive loss : 29824.71:  10%|█         | 101/1000 [12:17<1:50:19,  7.36s/it]
Epoch 101 | loss : 98923.04, postive loss : 69098.33, negtive loss : 29824.71:  10%|█         | 102/1000 [12:17<1:49:49,  7.34s/it]
Epoch 102 | loss : 98230.17, postive loss : 68362.27, negtive loss : 29867.90:  10%|█         | 102/1000 [12:24<1:49:49,  7.34s/it]
Epoch 102 | loss : 98230.17, postive loss : 68362.27, negtive loss : 29867.90:  10%|█         | 103/1000 [12:24<1:49:05,  7.30s/it]
Epoch 103 | loss : 97651.64, postive loss : 67753.37, negtive loss : 29898.27:  10%|█         | 103/1000 [12:32<1:49:05,  7.30s/it]
Epoch 103 | loss : 97651.64, postive loss : 67753.37, negtive loss : 29898.27:  10%|█         | 104/1000 [12:32<1:48:32,  7.27s/it]
Epoch 104 | loss : 97032.46, postive loss : 67097.32, negtive loss : 29935.14:  10%|█         | 104/1000 [12:39<1:48:32,  7.27s/it]
Epoch 104 | loss : 97032.46, postive loss : 67097.32, negtive loss : 29935.14:  10%|█         | 105/1000 [12:39<1:48:04,  7.25s/it]
Epoch 105 | loss : 96457.63, postive loss : 66471.02, negtive loss : 29986.61:  10%|█         | 105/1000 [12:46<1:48:04,  7.25s/it]
Epoch 105 | loss : 96457.63, postive loss : 66471.02, negtive loss : 29986.61:  11%|█         | 106/1000 [12:46<1:47:42,  7.23s/it]
Epoch 106 | loss : 95948.27, postive loss : 65931.25, negtive loss : 30017.02:  11%|█         | 106/1000 [12:53<1:47:42,  7.23s/it]
Epoch 106 | loss : 95948.27, postive loss : 65931.25, negtive loss : 30017.02:  11%|█         | 107/1000 [12:53<1:47:25,  7.22s/it]
Epoch 107 | loss : 95411.06, postive loss : 65343.06, negtive loss : 30067.99:  11%|█         | 107/1000 [13:00<1:47:25,  7.22s/it]
Epoch 107 | loss : 95411.06, postive loss : 65343.06, negtive loss : 30067.99:  11%|█         | 108/1000 [13:00<1:47:10,  7.21s/it]
Epoch 108 | loss : 94922.33, postive loss : 64802.83, negtive loss : 30119.51:  11%|█         | 108/1000 [13:07<1:47:10,  7.21s/it]
Epoch 108 | loss : 94922.33, postive loss : 64802.83, negtive loss : 30119.51:  11%|█         | 109/1000 [13:07<1:46:57,  7.20s/it]
Epoch 109 | loss : 94432.61, postive loss : 64253.11, negtive loss : 30179.49:  11%|█         | 109/1000 [13:15<1:46:57,  7.20s/it]
Epoch 109 | loss : 94432.61, postive loss : 64253.11, negtive loss : 30179.49:  11%|█         | 110/1000 [13:15<1:46:47,  7.20s/it]
Epoch 110 | loss : 94080.20, postive loss : 63852.58, negtive loss : 30227.62:  11%|█         | 110/1000 [13:22<1:46:47,  7.20s/it]
Epoch 110 | loss : 94080.20, postive loss : 63852.58, negtive loss : 30227.62:  11%|█         | 111/1000 [13:22<1:46:36,  7.20s/it]
Epoch 111 | loss : 93569.34, postive loss : 63284.50, negtive loss : 30284.84:  11%|█         | 111/1000 [13:29<1:46:36,  7.20s/it]
Epoch 111 | loss : 93569.34, postive loss : 63284.50, negtive loss : 30284.84:  11%|█         | 112/1000 [13:29<1:46:28,  7.19s/it]
Epoch 112 | loss : 93296.75, postive loss : 62953.38, negtive loss : 30343.37:  11%|█         | 112/1000 [13:36<1:46:28,  7.19s/it]
Epoch 112 | loss : 93296.75, postive loss : 62953.38, negtive loss : 30343.37:  11%|█▏        | 113/1000 [13:36<1:46:19,  7.19s/it]
Epoch 113 | loss : 92809.83, postive loss : 62399.63, negtive loss : 30410.20:  11%|█▏        | 113/1000 [13:43<1:46:19,  7.19s/it]
Epoch 113 | loss : 92809.83, postive loss : 62399.63, negtive loss : 30410.20:  11%|█▏        | 114/1000 [13:43<1:46:12,  7.19s/it]
Epoch 114 | loss : 92526.01, postive loss : 62051.72, negtive loss : 30474.29:  11%|█▏        | 114/1000 [13:51<1:46:12,  7.19s/it]
Epoch 114 | loss : 92526.01, postive loss : 62051.72, negtive loss : 30474.29:  12%|█▏        | 115/1000 [13:51<1:46:09,  7.20s/it]
Epoch 115 | loss : 92145.17, postive loss : 61610.07, negtive loss : 30535.10:  12%|█▏        | 115/1000 [13:58<1:46:09,  7.20s/it]
Epoch 115 | loss : 92145.17, postive loss : 61610.07, negtive loss : 30535.10:  12%|█▏        | 116/1000 [13:58<1:46:01,  7.20s/it]
Epoch 116 | loss : 91843.58, postive loss : 61236.01, negtive loss : 30607.57:  12%|█▏        | 116/1000 [14:05<1:46:01,  7.20s/it]
Epoch 116 | loss : 91843.58, postive loss : 61236.01, negtive loss : 30607.57:  12%|█▏        | 117/1000 [14:05<1:45:54,  7.20s/it]
Epoch 117 | loss : 91565.85, postive loss : 60900.12, negtive loss : 30665.73:  12%|█▏        | 117/1000 [14:12<1:45:54,  7.20s/it]
Epoch 117 | loss : 91565.85, postive loss : 60900.12, negtive loss : 30665.73:  12%|█▏        | 118/1000 [14:12<1:45:58,  7.21s/it]
Epoch 118 | loss : 91196.31, postive loss : 60441.13, negtive loss : 30755.18:  12%|█▏        | 118/1000 [14:19<1:45:58,  7.21s/it]
Epoch 118 | loss : 91196.31, postive loss : 60441.13, negtive loss : 30755.18:  12%|█▏        | 119/1000 [14:19<1:45:56,  7.22s/it]
Epoch 119 | loss : 90925.35, postive loss : 60096.22, negtive loss : 30829.13:  12%|█▏        | 119/1000 [14:27<1:45:56,  7.22s/it]
Epoch 119 | loss : 90925.35, postive loss : 60096.22, negtive loss : 30829.13:  12%|█▏        | 120/1000 [14:27<1:45:49,  7.21s/it]
Epoch 120 | loss : 90654.25, postive loss : 59752.39, negtive loss : 30901.86:  12%|█▏        | 120/1000 [14:34<1:45:49,  7.21s/it]
Epoch 120 | loss : 90654.25, postive loss : 59752.39, negtive loss : 30901.86:  12%|█▏        | 121/1000 [14:34<1:45:41,  7.21s/it]
Epoch 121 | loss : 90445.39, postive loss : 59467.92, negtive loss : 30977.47:  12%|█▏        | 121/1000 [14:41<1:45:41,  7.21s/it]
Epoch 121 | loss : 90445.39, postive loss : 59467.92, negtive loss : 30977.47:  12%|█▏        | 122/1000 [14:41<1:45:29,  7.21s/it]
Epoch 122 | loss : 90038.97, postive loss : 58979.74, negtive loss : 31059.23:  12%|█▏        | 122/1000 [14:48<1:45:29,  7.21s/it]
Epoch 122 | loss : 90038.97, postive loss : 58979.74, negtive loss : 31059.23:  12%|█▏        | 123/1000 [14:48<1:45:15,  7.20s/it]
Epoch 123 | loss : 89876.34, postive loss : 58749.13, negtive loss : 31127.20:  12%|█▏        | 123/1000 [14:56<1:45:15,  7.20s/it]
Epoch 123 | loss : 89876.34, postive loss : 58749.13, negtive loss : 31127.20:  12%|█▏        | 124/1000 [14:56<1:45:10,  7.20s/it]
Epoch 124 | loss : 89539.16, postive loss : 58332.50, negtive loss : 31206.66:  12%|█▏        | 124/1000 [15:03<1:45:10,  7.20s/it]
Epoch 124 | loss : 89539.16, postive loss : 58332.50, negtive loss : 31206.66:  12%|█▎        | 125/1000 [15:03<1:45:09,  7.21s/it]
Epoch 125 | loss : 89293.76, postive loss : 57999.77, negtive loss : 31293.99:  12%|█▎        | 125/1000 [15:10<1:45:09,  7.21s/it]
Epoch 125 | loss : 89293.76, postive loss : 57999.77, negtive loss : 31293.99:  13%|█▎        | 126/1000 [15:10<1:44:52,  7.20s/it]
Epoch 126 | loss : 89056.87, postive loss : 57685.54, negtive loss : 31371.33:  13%|█▎        | 126/1000 [15:17<1:44:52,  7.20s/it]
Epoch 126 | loss : 89056.87, postive loss : 57685.54, negtive loss : 31371.33:  13%|█▎        | 127/1000 [15:17<1:44:46,  7.20s/it]
Epoch 127 | loss : 88741.19, postive loss : 57268.19, negtive loss : 31472.99:  13%|█▎        | 127/1000 [15:24<1:44:46,  7.20s/it]
Epoch 127 | loss : 88741.19, postive loss : 57268.19, negtive loss : 31472.99:  13%|█▎        | 128/1000 [15:24<1:44:33,  7.19s/it]
Epoch 128 | loss : 88507.71, postive loss : 56985.36, negtive loss : 31522.36:  13%|█▎        | 128/1000 [15:31<1:44:33,  7.19s/it]
Epoch 128 | loss : 88507.71, postive loss : 56985.36, negtive loss : 31522.36:  13%|█▎        | 129/1000 [15:31<1:44:20,  7.19s/it]
Epoch 129 | loss : 88247.03, postive loss : 56621.17, negtive loss : 31625.86:  13%|█▎        | 129/1000 [15:39<1:44:20,  7.19s/it]
Epoch 129 | loss : 88247.03, postive loss : 56621.17, negtive loss : 31625.86:  13%|█▎        | 130/1000 [15:39<1:44:07,  7.18s/it]
Epoch 130 | loss : 87956.71, postive loss : 56269.73, negtive loss : 31686.97:  13%|█▎        | 130/1000 [15:46<1:44:07,  7.18s/it]
Epoch 130 | loss : 87956.71, postive loss : 56269.73, negtive loss : 31686.97:  13%|█▎        | 131/1000 [15:46<1:43:55,  7.18s/it]
Epoch 131 | loss : 87738.75, postive loss : 55958.37, negtive loss : 31780.37:  13%|█▎        | 131/1000 [15:53<1:43:55,  7.18s/it]
Epoch 131 | loss : 87738.75, postive loss : 55958.37, negtive loss : 31780.37:  13%|█▎        | 132/1000 [15:53<1:43:45,  7.17s/it]
Epoch 132 | loss : 87480.40, postive loss : 55629.91, negtive loss : 31850.49:  13%|█▎        | 132/1000 [16:00<1:43:45,  7.17s/it]
Epoch 132 | loss : 87480.40, postive loss : 55629.91, negtive loss : 31850.49:  13%|█▎        | 133/1000 [16:00<1:43:35,  7.17s/it]
Epoch 133 | loss : 87144.77, postive loss : 55202.13, negtive loss : 31942.64:  13%|█▎        | 133/1000 [16:07<1:43:35,  7.17s/it]
Epoch 133 | loss : 87144.77, postive loss : 55202.13, negtive loss : 31942.64:  13%|█▎        | 134/1000 [16:07<1:43:28,  7.17s/it]
Epoch 134 | loss : 86895.55, postive loss : 54928.61, negtive loss : 31966.94:  13%|█▎        | 134/1000 [16:14<1:43:28,  7.17s/it]
Epoch 134 | loss : 86895.55, postive loss : 54928.61, negtive loss : 31966.94:  14%|█▎        | 135/1000 [16:14<1:43:20,  7.17s/it]
Epoch 135 | loss : 86574.80, postive loss : 54489.68, negtive loss : 32085.12:  14%|█▎        | 135/1000 [16:22<1:43:20,  7.17s/it]
Epoch 135 | loss : 86574.80, postive loss : 54489.68, negtive loss : 32085.12:  14%|█▎        | 136/1000 [16:22<1:43:15,  7.17s/it]
Epoch 136 | loss : 86314.88, postive loss : 54177.38, negtive loss : 32137.50:  14%|█▎        | 136/1000 [16:29<1:43:15,  7.17s/it]
Epoch 136 | loss : 86314.88, postive loss : 54177.38, negtive loss : 32137.50:  14%|█▎        | 137/1000 [16:29<1:43:08,  7.17s/it]
Epoch 137 | loss : 86042.73, postive loss : 53850.44, negtive loss : 32192.29:  14%|█▎        | 137/1000 [16:36<1:43:08,  7.17s/it]
Epoch 137 | loss : 86042.73, postive loss : 53850.44, negtive loss : 32192.29:  14%|█▍        | 138/1000 [16:36<1:43:09,  7.18s/it]
Epoch 138 | loss : 85691.66, postive loss : 53388.44, negtive loss : 32303.22:  14%|█▍        | 138/1000 [16:43<1:43:09,  7.18s/it]
Epoch 138 | loss : 85691.66, postive loss : 53388.44, negtive loss : 32303.22:  14%|█▍        | 139/1000 [16:43<1:43:13,  7.19s/it]
Epoch 139 | loss : 85450.57, postive loss : 53134.37, negtive loss : 32316.20:  14%|█▍        | 139/1000 [16:50<1:43:13,  7.19s/it]
Epoch 139 | loss : 85450.57, postive loss : 53134.37, negtive loss : 32316.20:  14%|█▍        | 140/1000 [16:50<1:43:07,  7.19s/it]
Epoch 140 | loss : 85208.97, postive loss : 52852.51, negtive loss : 32356.46:  14%|█▍        | 140/1000 [16:58<1:43:07,  7.19s/it]
Epoch 140 | loss : 85208.97, postive loss : 52852.51, negtive loss : 32356.46:  14%|█▍        | 141/1000 [16:58<1:43:08,  7.20s/it]
Epoch 141 | loss : 84869.49, postive loss : 52416.25, negtive loss : 32453.24:  14%|█▍        | 141/1000 [17:05<1:43:08,  7.20s/it]
Epoch 141 | loss : 84869.49, postive loss : 52416.25, negtive loss : 32453.24:  14%|█▍        | 142/1000 [17:05<1:43:08,  7.21s/it]
Epoch 142 | loss : 84564.91, postive loss : 52077.25, negtive loss : 32487.66:  14%|█▍        | 142/1000 [17:12<1:43:08,  7.21s/it]
Epoch 142 | loss : 84564.91, postive loss : 52077.25, negtive loss : 32487.66:  14%|█▍        | 143/1000 [17:12<1:43:04,  7.22s/it]
Epoch 143 | loss : 84217.46, postive loss : 51669.73, negtive loss : 32547.73:  14%|█▍        | 143/1000 [17:19<1:43:04,  7.22s/it]
Epoch 143 | loss : 84217.46, postive loss : 51669.73, negtive loss : 32547.73:  14%|█▍        | 144/1000 [17:19<1:42:57,  7.22s/it]
Epoch 144 | loss : 83948.28, postive loss : 51365.34, negtive loss : 32582.94:  14%|█▍        | 144/1000 [17:27<1:42:57,  7.22s/it]
Epoch 144 | loss : 83948.28, postive loss : 51365.34, negtive loss : 32582.94:  14%|█▍        | 145/1000 [17:27<1:42:48,  7.21s/it]
Epoch 145 | loss : 83601.15, postive loss : 50980.49, negtive loss : 32620.66:  14%|█▍        | 145/1000 [17:34<1:42:48,  7.21s/it]
Epoch 145 | loss : 83601.15, postive loss : 50980.49, negtive loss : 32620.66:  15%|█▍        | 146/1000 [17:34<1:42:34,  7.21s/it]
Epoch 146 | loss : 83345.38, postive loss : 50698.74, negtive loss : 32646.64:  15%|█▍        | 146/1000 [17:41<1:42:34,  7.21s/it]
Epoch 146 | loss : 83345.38, postive loss : 50698.74, negtive loss : 32646.64:  15%|█▍        | 147/1000 [17:41<1:42:20,  7.20s/it]
Epoch 147 | loss : 82986.43, postive loss : 50271.67, negtive loss : 32714.76:  15%|█▍        | 147/1000 [17:48<1:42:20,  7.20s/it]
Epoch 147 | loss : 82986.43, postive loss : 50271.67, negtive loss : 32714.76:  15%|█▍        | 148/1000 [17:48<1:42:11,  7.20s/it]
Epoch 148 | loss : 82732.52, postive loss : 50019.03, negtive loss : 32713.49:  15%|█▍        | 148/1000 [17:55<1:42:11,  7.20s/it]
Epoch 148 | loss : 82732.52, postive loss : 50019.03, negtive loss : 32713.49:  15%|█▍        | 149/1000 [17:55<1:42:04,  7.20s/it]
Epoch 149 | loss : 82429.08, postive loss : 49687.95, negtive loss : 32741.13:  15%|█▍        | 149/1000 [18:03<1:42:04,  7.20s/it]
Epoch 149 | loss : 82429.08, postive loss : 49687.95, negtive loss : 32741.13:  15%|█▌        | 150/1000 [18:03<1:42:03,  7.20s/it]
Epoch 150 | loss : 82019.85, postive loss : 49206.85, negtive loss : 32813.00:  15%|█▌        | 150/1000 [18:10<1:42:03,  7.20s/it]
Epoch 150 | loss : 82019.85, postive loss : 49206.85, negtive loss : 32813.00:  15%|█▌        | 151/1000 [18:10<1:42:09,  7.22s/it]
Epoch 151 | loss : 81814.38, postive loss : 48997.79, negtive loss : 32816.59:  15%|█▌        | 151/1000 [18:17<1:42:09,  7.22s/it]
Epoch 151 | loss : 81814.38, postive loss : 48997.79, negtive loss : 32816.59:  15%|█▌        | 152/1000 [18:17<1:41:51,  7.21s/it]
Epoch 152 | loss : 81419.64, postive loss : 48573.79, negtive loss : 32845.85:  15%|█▌        | 152/1000 [18:24<1:41:51,  7.21s/it]
Epoch 152 | loss : 81419.64, postive loss : 48573.79, negtive loss : 32845.85:  15%|█▌        | 153/1000 [18:24<1:41:47,  7.21s/it]
Epoch 153 | loss : 81125.95, postive loss : 48228.14, negtive loss : 32897.81:  15%|█▌        | 153/1000 [18:31<1:41:47,  7.21s/it]
Epoch 153 | loss : 81125.95, postive loss : 48228.14, negtive loss : 32897.81:  15%|█▌        | 154/1000 [18:31<1:41:33,  7.20s/it]
Epoch 154 | loss : 80875.16, postive loss : 47987.25, negtive loss : 32887.91:  15%|█▌        | 154/1000 [18:39<1:41:33,  7.20s/it]
Epoch 154 | loss : 80875.16, postive loss : 47987.25, negtive loss : 32887.91:  16%|█▌        | 155/1000 [18:39<1:41:27,  7.20s/it]
Epoch 155 | loss : 80506.57, postive loss : 47629.83, negtive loss : 32876.74:  16%|█▌        | 155/1000 [18:46<1:41:27,  7.20s/it]
Epoch 155 | loss : 80506.57, postive loss : 47629.83, negtive loss : 32876.74:  16%|█▌        | 156/1000 [18:46<1:41:24,  7.21s/it]
Epoch 156 | loss : 80177.75, postive loss : 47235.17, negtive loss : 32942.57:  16%|█▌        | 156/1000 [18:53<1:41:24,  7.21s/it]
Epoch 156 | loss : 80177.75, postive loss : 47235.17, negtive loss : 32942.57:  16%|█▌        | 157/1000 [18:53<1:41:16,  7.21s/it]
Epoch 157 | loss : 79948.25, postive loss : 47036.07, negtive loss : 32912.17:  16%|█▌        | 157/1000 [19:00<1:41:16,  7.21s/it]
Epoch 157 | loss : 79948.25, postive loss : 47036.07, negtive loss : 32912.17:  16%|█▌        | 158/1000 [19:00<1:41:31,  7.23s/it]
Epoch 158 | loss : 79559.91, postive loss : 46582.37, negtive loss : 32977.54:  16%|█▌        | 158/1000 [19:08<1:41:31,  7.23s/it]
Epoch 158 | loss : 79559.91, postive loss : 46582.37, negtive loss : 32977.54:  16%|█▌        | 159/1000 [19:08<1:41:41,  7.26s/it]
Epoch 159 | loss : 79246.03, postive loss : 46265.11, negtive loss : 32980.92:  16%|█▌        | 159/1000 [19:15<1:41:41,  7.26s/it]
Epoch 159 | loss : 79246.03, postive loss : 46265.11, negtive loss : 32980.92:  16%|█▌        | 160/1000 [19:15<1:41:40,  7.26s/it]
Epoch 160 | loss : 79022.51, postive loss : 46072.73, negtive loss : 32949.78:  16%|█▌        | 160/1000 [19:22<1:41:40,  7.26s/it]
Epoch 160 | loss : 79022.51, postive loss : 46072.73, negtive loss : 32949.78:  16%|█▌        | 161/1000 [19:22<1:41:29,  7.26s/it]
Epoch 161 | loss : 78626.34, postive loss : 45629.94, negtive loss : 32996.40:  16%|█▌        | 161/1000 [19:29<1:41:29,  7.26s/it]
Epoch 161 | loss : 78626.34, postive loss : 45629.94, negtive loss : 32996.40:  16%|█▌        | 162/1000 [19:29<1:41:23,  7.26s/it]
Epoch 162 | loss : 78300.37, postive loss : 45265.54, negtive loss : 33034.83:  16%|█▌        | 162/1000 [19:37<1:41:23,  7.26s/it]
Epoch 162 | loss : 78300.37, postive loss : 45265.54, negtive loss : 33034.83:  16%|█▋        | 163/1000 [19:37<1:41:20,  7.27s/it]
Epoch 163 | loss : 78058.09, postive loss : 45040.39, negtive loss : 33017.70:  16%|█▋        | 163/1000 [19:44<1:41:20,  7.27s/it]
Epoch 163 | loss : 78058.09, postive loss : 45040.39, negtive loss : 33017.70:  16%|█▋        | 164/1000 [19:44<1:42:07,  7.33s/it]
Epoch 164 | loss : 77752.23, postive loss : 44724.76, negtive loss : 33027.47:  16%|█▋        | 164/1000 [19:51<1:42:07,  7.33s/it]
Epoch 164 | loss : 77752.23, postive loss : 44724.76, negtive loss : 33027.47:  16%|█▋        | 165/1000 [19:51<1:42:01,  7.33s/it]
Epoch 165 | loss : 77464.59, postive loss : 44447.86, negtive loss : 33016.73:  16%|█▋        | 165/1000 [19:59<1:42:01,  7.33s/it]
Epoch 165 | loss : 77464.59, postive loss : 44447.86, negtive loss : 33016.73:  17%|█▋        | 166/1000 [19:59<1:41:19,  7.29s/it]
Epoch 166 | loss : 77113.07, postive loss : 44049.21, negtive loss : 33063.86:  17%|█▋        | 166/1000 [20:06<1:41:19,  7.29s/it]
Epoch 166 | loss : 77113.07, postive loss : 44049.21, negtive loss : 33063.86:  17%|█▋        | 167/1000 [20:06<1:40:44,  7.26s/it]
Epoch 167 | loss : 76838.39, postive loss : 43772.53, negtive loss : 33065.85:  17%|█▋        | 167/1000 [20:13<1:40:44,  7.26s/it]
Epoch 167 | loss : 76838.39, postive loss : 43772.53, negtive loss : 33065.85:  17%|█▋        | 168/1000 [20:13<1:40:21,  7.24s/it]
Epoch 168 | loss : 76557.79, postive loss : 43461.05, negtive loss : 33096.73:  17%|█▋        | 168/1000 [20:20<1:40:21,  7.24s/it]
Epoch 168 | loss : 76557.79, postive loss : 43461.05, negtive loss : 33096.73:  17%|█▋        | 169/1000 [20:20<1:40:00,  7.22s/it]
Epoch 169 | loss : 76262.84, postive loss : 43184.47, negtive loss : 33078.37:  17%|█▋        | 169/1000 [20:27<1:40:00,  7.22s/it]
Epoch 169 | loss : 76262.84, postive loss : 43184.47, negtive loss : 33078.37:  17%|█▋        | 170/1000 [20:27<1:39:47,  7.21s/it]
Epoch 170 | loss : 75982.88, postive loss : 42888.44, negtive loss : 33094.45:  17%|█▋        | 170/1000 [20:35<1:39:47,  7.21s/it]
Epoch 170 | loss : 75982.88, postive loss : 42888.44, negtive loss : 33094.45:  17%|█▋        | 171/1000 [20:35<1:39:31,  7.20s/it]
Epoch 171 | loss : 75681.56, postive loss : 42583.54, negtive loss : 33098.02:  17%|█▋        | 171/1000 [20:42<1:39:31,  7.20s/it]
Epoch 171 | loss : 75681.56, postive loss : 42583.54, negtive loss : 33098.02:  17%|█▋        | 172/1000 [20:42<1:39:19,  7.20s/it]
Epoch 172 | loss : 75413.69, postive loss : 42269.65, negtive loss : 33144.04:  17%|█▋        | 172/1000 [20:49<1:39:19,  7.20s/it]
Epoch 172 | loss : 75413.69, postive loss : 42269.65, negtive loss : 33144.04:  17%|█▋        | 173/1000 [20:49<1:39:07,  7.19s/it]
Epoch 173 | loss : 75107.16, postive loss : 41989.82, negtive loss : 33117.35:  17%|█▋        | 173/1000 [20:56<1:39:07,  7.19s/it]
Epoch 173 | loss : 75107.16, postive loss : 41989.82, negtive loss : 33117.35:  17%|█▋        | 174/1000 [20:56<1:38:57,  7.19s/it]
Epoch 174 | loss : 74827.40, postive loss : 41685.51, negtive loss : 33141.89:  17%|█▋        | 174/1000 [21:03<1:38:57,  7.19s/it]
Epoch 174 | loss : 74827.40, postive loss : 41685.51, negtive loss : 33141.89:  18%|█▊        | 175/1000 [21:03<1:38:48,  7.19s/it]
Epoch 175 | loss : 74519.60, postive loss : 41368.01, negtive loss : 33151.59:  18%|█▊        | 175/1000 [21:10<1:38:48,  7.19s/it]
Epoch 175 | loss : 74519.60, postive loss : 41368.01, negtive loss : 33151.59:  18%|█▊        | 176/1000 [21:10<1:38:40,  7.18s/it]
Epoch 176 | loss : 74261.92, postive loss : 41099.07, negtive loss : 33162.85:  18%|█▊        | 176/1000 [21:18<1:38:40,  7.18s/it]
Epoch 176 | loss : 74261.92, postive loss : 41099.07, negtive loss : 33162.85:  18%|█▊        | 177/1000 [21:18<1:38:31,  7.18s/it]
Epoch 177 | loss : 74005.36, postive loss : 40864.57, negtive loss : 33140.78:  18%|█▊        | 177/1000 [21:25<1:38:31,  7.18s/it]
Epoch 177 | loss : 74005.36, postive loss : 40864.57, negtive loss : 33140.78:  18%|█▊        | 178/1000 [21:25<1:38:28,  7.19s/it]
Epoch 178 | loss : 73728.34, postive loss : 40575.11, negtive loss : 33153.22:  18%|█▊        | 178/1000 [21:32<1:38:28,  7.19s/it]
Epoch 178 | loss : 73728.34, postive loss : 40575.11, negtive loss : 33153.22:  18%|█▊        | 179/1000 [21:32<1:38:18,  7.18s/it]
Epoch 179 | loss : 73417.59, postive loss : 40243.80, negtive loss : 33173.79:  18%|█▊        | 179/1000 [21:39<1:38:18,  7.18s/it]
Epoch 179 | loss : 73417.59, postive loss : 40243.80, negtive loss : 33173.79:  18%|█▊        | 180/1000 [21:39<1:38:11,  7.18s/it]
Epoch 180 | loss : 73103.14, postive loss : 39885.66, negtive loss : 33217.48:  18%|█▊        | 180/1000 [21:46<1:38:11,  7.18s/it]
Epoch 180 | loss : 73103.14, postive loss : 39885.66, negtive loss : 33217.48:  18%|█▊        | 181/1000 [21:46<1:38:04,  7.18s/it]
Epoch 181 | loss : 72962.30, postive loss : 39808.84, negtive loss : 33153.46:  18%|█▊        | 181/1000 [21:54<1:38:04,  7.18s/it]
Epoch 181 | loss : 72962.30, postive loss : 39808.84, negtive loss : 33153.46:  18%|█▊        | 182/1000 [21:54<1:37:56,  7.18s/it]
Epoch 182 | loss : 72604.49, postive loss : 39407.25, negtive loss : 33197.24:  18%|█▊        | 182/1000 [22:01<1:37:56,  7.18s/it]
Epoch 182 | loss : 72604.49, postive loss : 39407.25, negtive loss : 33197.24:  18%|█▊        | 183/1000 [22:01<1:37:56,  7.19s/it]
Epoch 183 | loss : 72374.11, postive loss : 39169.32, negtive loss : 33204.80:  18%|█▊        | 183/1000 [22:08<1:37:56,  7.19s/it]
Epoch 183 | loss : 72374.11, postive loss : 39169.32, negtive loss : 33204.80:  18%|█▊        | 184/1000 [22:08<1:38:04,  7.21s/it]
Epoch 184 | loss : 72056.43, postive loss : 38849.16, negtive loss : 33207.27:  18%|█▊        | 184/1000 [22:15<1:38:04,  7.21s/it]
Epoch 184 | loss : 72056.43, postive loss : 38849.16, negtive loss : 33207.27:  18%|█▊        | 185/1000 [22:15<1:37:54,  7.21s/it]
Epoch 185 | loss : 71840.55, postive loss : 38644.90, negtive loss : 33195.66:  18%|█▊        | 185/1000 [22:22<1:37:54,  7.21s/it]
Epoch 185 | loss : 71840.55, postive loss : 38644.90, negtive loss : 33195.66:  19%|█▊        | 186/1000 [22:22<1:37:52,  7.21s/it]
Epoch 186 | loss : 71549.70, postive loss : 38358.73, negtive loss : 33190.97:  19%|█▊        | 186/1000 [22:30<1:37:52,  7.21s/it]
Epoch 186 | loss : 71549.70, postive loss : 38358.73, negtive loss : 33190.97:  19%|█▊        | 187/1000 [22:30<1:38:05,  7.24s/it]
Epoch 187 | loss : 71322.02, postive loss : 38107.14, negtive loss : 33214.88:  19%|█▊        | 187/1000 [22:37<1:38:05,  7.24s/it]
Epoch 187 | loss : 71322.02, postive loss : 38107.14, negtive loss : 33214.88:  19%|█▉        | 188/1000 [22:37<1:38:03,  7.25s/it]
Epoch 188 | loss : 71044.18, postive loss : 37851.43, negtive loss : 33192.75:  19%|█▉        | 188/1000 [22:44<1:38:03,  7.25s/it]
Epoch 188 | loss : 71044.18, postive loss : 37851.43, negtive loss : 33192.75:  19%|█▉        | 189/1000 [22:44<1:38:02,  7.25s/it]
Epoch 189 | loss : 70765.67, postive loss : 37535.94, negtive loss : 33229.74:  19%|█▉        | 189/1000 [22:52<1:38:02,  7.25s/it]
Epoch 189 | loss : 70765.67, postive loss : 37535.94, negtive loss : 33229.74:  19%|█▉        | 190/1000 [22:52<1:37:59,  7.26s/it]
Epoch 190 | loss : 70488.65, postive loss : 37264.01, negtive loss : 33224.64:  19%|█▉        | 190/1000 [22:59<1:37:59,  7.26s/it]
Epoch 190 | loss : 70488.65, postive loss : 37264.01, negtive loss : 33224.64:  19%|█▉        | 191/1000 [22:59<1:37:57,  7.26s/it]
Epoch 191 | loss : 70276.81, postive loss : 37065.62, negtive loss : 33211.19:  19%|█▉        | 191/1000 [23:06<1:37:57,  7.26s/it]
Epoch 191 | loss : 70276.81, postive loss : 37065.62, negtive loss : 33211.19:  19%|█▉        | 192/1000 [23:06<1:39:00,  7.35s/it]
Epoch 192 | loss : 69987.99, postive loss : 36779.85, negtive loss : 33208.14:  19%|█▉        | 192/1000 [23:14<1:39:00,  7.35s/it]
Epoch 192 | loss : 69987.99, postive loss : 36779.85, negtive loss : 33208.14:  19%|█▉        | 193/1000 [23:14<1:38:17,  7.31s/it]
Epoch 193 | loss : 69762.20, postive loss : 36549.45, negtive loss : 33212.75:  19%|█▉        | 193/1000 [23:21<1:38:17,  7.31s/it]
Epoch 193 | loss : 69762.20, postive loss : 36549.45, negtive loss : 33212.75:  19%|█▉        | 194/1000 [23:21<1:37:57,  7.29s/it]
Epoch 194 | loss : 69498.34, postive loss : 36302.17, negtive loss : 33196.17:  19%|█▉        | 194/1000 [23:28<1:37:57,  7.29s/it]
Epoch 194 | loss : 69498.34, postive loss : 36302.17, negtive loss : 33196.17:  20%|█▉        | 195/1000 [23:28<1:37:41,  7.28s/it]
Epoch 195 | loss : 69213.45, postive loss : 36009.24, negtive loss : 33204.22:  20%|█▉        | 195/1000 [23:35<1:37:41,  7.28s/it]
Epoch 195 | loss : 69213.45, postive loss : 36009.24, negtive loss : 33204.22:  20%|█▉        | 196/1000 [23:35<1:37:40,  7.29s/it]
Epoch 196 | loss : 69011.45, postive loss : 35826.08, negtive loss : 33185.36:  20%|█▉        | 196/1000 [23:43<1:37:40,  7.29s/it]
Epoch 196 | loss : 69011.45, postive loss : 35826.08, negtive loss : 33185.36:  20%|█▉        | 197/1000 [23:43<1:37:24,  7.28s/it]
Epoch 197 | loss : 68765.28, postive loss : 35556.56, negtive loss : 33208.72:  20%|█▉        | 197/1000 [23:50<1:37:24,  7.28s/it]
Epoch 197 | loss : 68765.28, postive loss : 35556.56, negtive loss : 33208.72:  20%|█▉        | 198/1000 [23:50<1:37:15,  7.28s/it]
Epoch 198 | loss : 68513.63, postive loss : 35322.75, negtive loss : 33190.88:  20%|█▉        | 198/1000 [23:57<1:37:15,  7.28s/it]
Epoch 198 | loss : 68513.63, postive loss : 35322.75, negtive loss : 33190.88:  20%|█▉        | 199/1000 [23:57<1:37:06,  7.27s/it]
Epoch 199 | loss : 68242.52, postive loss : 35042.50, negtive loss : 33200.01:  20%|█▉        | 199/1000 [24:05<1:37:06,  7.27s/it]
Epoch 199 | loss : 68242.52, postive loss : 35042.50, negtive loss : 33200.01:  20%|██        | 200/1000 [24:05<1:37:38,  7.32s/it]
Epoch 200 | loss : 68035.56, postive loss : 34841.18, negtive loss : 33194.38:  20%|██        | 200/1000 [24:12<1:37:38,  7.32s/it]
Epoch 200 | loss : 68035.56, postive loss : 34841.18, negtive loss : 33194.38:  20%|██        | 201/1000 [24:12<1:37:40,  7.33s/it]
Epoch 201 | loss : 67767.21, postive loss : 34599.36, negtive loss : 33167.85:  20%|██        | 201/1000 [24:19<1:37:40,  7.33s/it]
Epoch 201 | loss : 67767.21, postive loss : 34599.36, negtive loss : 33167.85:  20%|██        | 202/1000 [24:19<1:36:58,  7.29s/it]
Epoch 202 | loss : 67533.45, postive loss : 34382.41, negtive loss : 33151.03:  20%|██        | 202/1000 [24:26<1:36:58,  7.29s/it]
Epoch 202 | loss : 67533.45, postive loss : 34382.41, negtive loss : 33151.03:  20%|██        | 203/1000 [24:26<1:36:25,  7.26s/it]
Epoch 203 | loss : 67241.68, postive loss : 34073.11, negtive loss : 33168.57:  20%|██        | 203/1000 [24:34<1:36:25,  7.26s/it]
Epoch 203 | loss : 67241.68, postive loss : 34073.11, negtive loss : 33168.57:  20%|██        | 204/1000 [24:34<1:35:59,  7.24s/it]
Epoch 204 | loss : 67050.82, postive loss : 33914.82, negtive loss : 33136.00:  20%|██        | 204/1000 [24:41<1:35:59,  7.24s/it]
Epoch 204 | loss : 67050.82, postive loss : 33914.82, negtive loss : 33136.00:  20%|██        | 205/1000 [24:41<1:35:39,  7.22s/it]
Epoch 205 | loss : 66787.99, postive loss : 33668.30, negtive loss : 33119.69:  20%|██        | 205/1000 [24:48<1:35:39,  7.22s/it]
Epoch 205 | loss : 66787.99, postive loss : 33668.30, negtive loss : 33119.69:  21%|██        | 206/1000 [24:48<1:35:25,  7.21s/it]
Epoch 206 | loss : 66524.89, postive loss : 33380.77, negtive loss : 33144.12:  21%|██        | 206/1000 [24:55<1:35:25,  7.21s/it]
Epoch 206 | loss : 66524.89, postive loss : 33380.77, negtive loss : 33144.12:  21%|██        | 207/1000 [24:55<1:35:15,  7.21s/it]
Epoch 207 | loss : 66302.18, postive loss : 33174.19, negtive loss : 33127.99:  21%|██        | 207/1000 [25:02<1:35:15,  7.21s/it]
Epoch 207 | loss : 66302.18, postive loss : 33174.19, negtive loss : 33127.99:  21%|██        | 208/1000 [25:02<1:35:07,  7.21s/it]
Epoch 208 | loss : 66084.50, postive loss : 32988.73, negtive loss : 33095.76:  21%|██        | 208/1000 [25:10<1:35:07,  7.21s/it]
Epoch 208 | loss : 66084.50, postive loss : 32988.73, negtive loss : 33095.76:  21%|██        | 209/1000 [25:10<1:35:05,  7.21s/it]
Epoch 209 | loss : 65838.99, postive loss : 32746.48, negtive loss : 33092.52:  21%|██        | 209/1000 [25:17<1:35:05,  7.21s/it]
Epoch 209 | loss : 65838.99, postive loss : 32746.48, negtive loss : 33092.52:  21%|██        | 210/1000 [25:17<1:35:02,  7.22s/it]
Epoch 210 | loss : 65610.11, postive loss : 32530.12, negtive loss : 33079.99:  21%|██        | 210/1000 [25:24<1:35:02,  7.22s/it]
Epoch 210 | loss : 65610.11, postive loss : 32530.12, negtive loss : 33079.99:  21%|██        | 211/1000 [25:24<1:34:46,  7.21s/it]
Epoch 211 | loss : 65372.05, postive loss : 32309.48, negtive loss : 33062.57:  21%|██        | 211/1000 [25:31<1:34:46,  7.21s/it]
Epoch 211 | loss : 65372.05, postive loss : 32309.48, negtive loss : 33062.57:  21%|██        | 212/1000 [25:31<1:34:38,  7.21s/it]
Epoch 212 | loss : 65093.30, postive loss : 32028.42, negtive loss : 33064.88:  21%|██        | 212/1000 [25:38<1:34:38,  7.21s/it]
Epoch 212 | loss : 65093.30, postive loss : 32028.42, negtive loss : 33064.88:  21%|██▏       | 213/1000 [25:38<1:34:28,  7.20s/it]
Epoch 213 | loss : 64915.60, postive loss : 31870.55, negtive loss : 33045.05:  21%|██▏       | 213/1000 [25:46<1:34:28,  7.20s/it]
Epoch 213 | loss : 64915.60, postive loss : 31870.55, negtive loss : 33045.05:  21%|██▏       | 214/1000 [25:46<1:34:33,  7.22s/it]
Epoch 214 | loss : 64668.35, postive loss : 31644.38, negtive loss : 33023.97:  21%|██▏       | 214/1000 [25:53<1:34:33,  7.22s/it]
Epoch 214 | loss : 64668.35, postive loss : 31644.38, negtive loss : 33023.97:  22%|██▏       | 215/1000 [25:53<1:34:47,  7.25s/it]
Epoch 215 | loss : 64418.35, postive loss : 31408.80, negtive loss : 33009.55:  22%|██▏       | 215/1000 [26:00<1:34:47,  7.25s/it]
Epoch 215 | loss : 64418.35, postive loss : 31408.80, negtive loss : 33009.55:  22%|██▏       | 216/1000 [26:00<1:34:29,  7.23s/it]
Epoch 216 | loss : 64213.37, postive loss : 31224.03, negtive loss : 32989.34:  22%|██▏       | 216/1000 [26:07<1:34:29,  7.23s/it]
Epoch 216 | loss : 64213.37, postive loss : 31224.03, negtive loss : 32989.34:  22%|██▏       | 217/1000 [26:07<1:34:19,  7.23s/it]
Epoch 217 | loss : 63965.92, postive loss : 30989.29, negtive loss : 32976.63:  22%|██▏       | 217/1000 [26:15<1:34:19,  7.23s/it]
Epoch 217 | loss : 63965.92, postive loss : 30989.29, negtive loss : 32976.63:  22%|██▏       | 218/1000 [26:15<1:34:17,  7.23s/it]
Epoch 218 | loss : 63737.68, postive loss : 30778.80, negtive loss : 32958.88:  22%|██▏       | 218/1000 [26:22<1:34:17,  7.23s/it]
Epoch 218 | loss : 63737.68, postive loss : 30778.80, negtive loss : 32958.88:  22%|██▏       | 219/1000 [26:22<1:34:23,  7.25s/it]
Epoch 219 | loss : 63491.66, postive loss : 30553.34, negtive loss : 32938.32:  22%|██▏       | 219/1000 [26:29<1:34:23,  7.25s/it]
Epoch 219 | loss : 63491.66, postive loss : 30553.34, negtive loss : 32938.32:  22%|██▏       | 220/1000 [26:29<1:34:18,  7.25s/it]
Epoch 220 | loss : 63293.03, postive loss : 30364.51, negtive loss : 32928.53:  22%|██▏       | 220/1000 [26:36<1:34:18,  7.25s/it]
Epoch 220 | loss : 63293.03, postive loss : 30364.51, negtive loss : 32928.53:  22%|██▏       | 221/1000 [26:36<1:34:12,  7.26s/it]
Epoch 221 | loss : 63038.68, postive loss : 30137.04, negtive loss : 32901.63:  22%|██▏       | 221/1000 [26:44<1:34:12,  7.26s/it]
Epoch 221 | loss : 63038.68, postive loss : 30137.04, negtive loss : 32901.63:  22%|██▏       | 222/1000 [26:44<1:34:06,  7.26s/it]
Epoch 222 | loss : 62831.73, postive loss : 29938.74, negtive loss : 32893.00:  22%|██▏       | 222/1000 [26:51<1:34:06,  7.26s/it]
Epoch 222 | loss : 62831.73, postive loss : 29938.74, negtive loss : 32893.00:  22%|██▏       | 223/1000 [26:51<1:34:00,  7.26s/it]
Epoch 223 | loss : 62629.10, postive loss : 29770.72, negtive loss : 32858.38:  22%|██▏       | 223/1000 [26:59<1:34:00,  7.26s/it]
Epoch 223 | loss : 62629.10, postive loss : 29770.72, negtive loss : 32858.38:  22%|██▏       | 224/1000 [26:59<1:35:06,  7.35s/it]
Epoch 224 | loss : 62363.45, postive loss : 29510.02, negtive loss : 32853.43:  22%|██▏       | 224/1000 [27:06<1:35:06,  7.35s/it]
Epoch 224 | loss : 62363.45, postive loss : 29510.02, negtive loss : 32853.43:  22%|██▎       | 225/1000 [27:06<1:34:19,  7.30s/it]
Epoch 225 | loss : 62144.12, postive loss : 29315.20, negtive loss : 32828.92:  22%|██▎       | 225/1000 [27:13<1:34:19,  7.30s/it]
Epoch 225 | loss : 62144.12, postive loss : 29315.20, negtive loss : 32828.92:  23%|██▎       | 226/1000 [27:13<1:33:45,  7.27s/it]
Epoch 226 | loss : 61932.39, postive loss : 29117.71, negtive loss : 32814.68:  23%|██▎       | 226/1000 [27:20<1:33:45,  7.27s/it]
Epoch 226 | loss : 61932.39, postive loss : 29117.71, negtive loss : 32814.68:  23%|██▎       | 227/1000 [27:20<1:33:34,  7.26s/it]
Epoch 227 | loss : 61714.98, postive loss : 28921.34, negtive loss : 32793.64:  23%|██▎       | 227/1000 [27:27<1:33:34,  7.26s/it]
Epoch 227 | loss : 61714.98, postive loss : 28921.34, negtive loss : 32793.64:  23%|██▎       | 228/1000 [27:27<1:33:13,  7.25s/it]
Epoch 228 | loss : 61483.63, postive loss : 28708.71, negtive loss : 32774.93:  23%|██▎       | 228/1000 [27:35<1:33:13,  7.25s/it]
Epoch 228 | loss : 61483.63, postive loss : 28708.71, negtive loss : 32774.93:  23%|██▎       | 229/1000 [27:35<1:32:59,  7.24s/it]
Epoch 229 | loss : 61271.33, postive loss : 28534.87, negtive loss : 32736.46:  23%|██▎       | 229/1000 [27:42<1:32:59,  7.24s/it]
Epoch 229 | loss : 61271.33, postive loss : 28534.87, negtive loss : 32736.46:  23%|██▎       | 230/1000 [27:42<1:32:41,  7.22s/it]
Epoch 230 | loss : 61062.93, postive loss : 28319.14, negtive loss : 32743.79:  23%|██▎       | 230/1000 [27:49<1:32:41,  7.22s/it]
Epoch 230 | loss : 61062.93, postive loss : 28319.14, negtive loss : 32743.79:  23%|██▎       | 231/1000 [27:49<1:32:24,  7.21s/it]
Epoch 231 | loss : 60858.22, postive loss : 28150.46, negtive loss : 32707.76:  23%|██▎       | 231/1000 [27:56<1:32:24,  7.21s/it]
Epoch 231 | loss : 60858.22, postive loss : 28150.46, negtive loss : 32707.76:  23%|██▎       | 232/1000 [27:56<1:32:11,  7.20s/it]
Epoch 232 | loss : 60603.05, postive loss : 27904.64, negtive loss : 32698.41:  23%|██▎       | 232/1000 [28:03<1:32:11,  7.20s/it]
Epoch 232 | loss : 60603.05, postive loss : 27904.64, negtive loss : 32698.41:  23%|██▎       | 233/1000 [28:03<1:32:04,  7.20s/it]
Epoch 233 | loss : 60411.17, postive loss : 27739.71, negtive loss : 32671.46:  23%|██▎       | 233/1000 [28:11<1:32:04,  7.20s/it]
Epoch 233 | loss : 60411.17, postive loss : 27739.71, negtive loss : 32671.46:  23%|██▎       | 234/1000 [28:11<1:32:11,  7.22s/it]
Epoch 234 | loss : 60218.25, postive loss : 27568.47, negtive loss : 32649.78:  23%|██▎       | 234/1000 [28:18<1:32:11,  7.22s/it]
Epoch 234 | loss : 60218.25, postive loss : 27568.47, negtive loss : 32649.78:  24%|██▎       | 235/1000 [28:18<1:32:20,  7.24s/it]
Epoch 235 | loss : 59952.86, postive loss : 27314.46, negtive loss : 32638.40:  24%|██▎       | 235/1000 [28:25<1:32:20,  7.24s/it]
Epoch 235 | loss : 59952.86, postive loss : 27314.46, negtive loss : 32638.40:  24%|██▎       | 236/1000 [28:25<1:32:19,  7.25s/it]
Epoch 236 | loss : 59757.63, postive loss : 27138.34, negtive loss : 32619.29:  24%|██▎       | 236/1000 [28:32<1:32:19,  7.25s/it]
Epoch 236 | loss : 59757.63, postive loss : 27138.34, negtive loss : 32619.29:  24%|██▎       | 237/1000 [28:32<1:32:21,  7.26s/it]
Epoch 237 | loss : 59564.81, postive loss : 26962.47, negtive loss : 32602.33:  24%|██▎       | 237/1000 [28:40<1:32:21,  7.26s/it]
Epoch 237 | loss : 59564.81, postive loss : 26962.47, negtive loss : 32602.33:  24%|██▍       | 238/1000 [28:40<1:32:21,  7.27s/it]
Epoch 238 | loss : 59373.87, postive loss : 26803.58, negtive loss : 32570.29:  24%|██▍       | 238/1000 [28:47<1:32:21,  7.27s/it]
Epoch 238 | loss : 59373.87, postive loss : 26803.58, negtive loss : 32570.29:  24%|██▍       | 239/1000 [28:47<1:33:07,  7.34s/it]
Epoch 239 | loss : 59158.22, postive loss : 26586.52, negtive loss : 32571.71:  24%|██▍       | 239/1000 [28:55<1:33:07,  7.34s/it]
Epoch 239 | loss : 59158.22, postive loss : 26586.52, negtive loss : 32571.71:  24%|██▍       | 240/1000 [28:55<1:33:06,  7.35s/it]
Epoch 240 | loss : 58942.22, postive loss : 26400.28, negtive loss : 32541.95:  24%|██▍       | 240/1000 [29:02<1:33:06,  7.35s/it]
Epoch 240 | loss : 58942.22, postive loss : 26400.28, negtive loss : 32541.95:  24%|██▍       | 241/1000 [29:02<1:32:29,  7.31s/it]
Epoch 241 | loss : 58737.79, postive loss : 26219.16, negtive loss : 32518.63:  24%|██▍       | 241/1000 [29:09<1:32:29,  7.31s/it]
Epoch 241 | loss : 58737.79, postive loss : 26219.16, negtive loss : 32518.63:  24%|██▍       | 242/1000 [29:09<1:32:00,  7.28s/it]
Epoch 242 | loss : 58563.42, postive loss : 26052.38, negtive loss : 32511.04:  24%|██▍       | 242/1000 [29:16<1:32:00,  7.28s/it]
Epoch 242 | loss : 58563.42, postive loss : 26052.38, negtive loss : 32511.04:  24%|██▍       | 243/1000 [29:16<1:31:37,  7.26s/it]
Epoch 243 | loss : 58335.58, postive loss : 25872.06, negtive loss : 32463.53:  24%|██▍       | 243/1000 [29:24<1:31:37,  7.26s/it]
Epoch 243 | loss : 58335.58, postive loss : 25872.06, negtive loss : 32463.53:  24%|██▍       | 244/1000 [29:24<1:31:19,  7.25s/it]
Epoch 244 | loss : 58132.82, postive loss : 25660.65, negtive loss : 32472.17:  24%|██▍       | 244/1000 [29:31<1:31:19,  7.25s/it]
Epoch 244 | loss : 58132.82, postive loss : 25660.65, negtive loss : 32472.17:  24%|██▍       | 245/1000 [29:31<1:31:10,  7.25s/it]
Epoch 245 | loss : 57942.89, postive loss : 25502.06, negtive loss : 32440.84:  24%|██▍       | 245/1000 [29:38<1:31:10,  7.25s/it]
Epoch 245 | loss : 57942.89, postive loss : 25502.06, negtive loss : 32440.84:  25%|██▍       | 246/1000 [29:38<1:31:09,  7.25s/it]
Epoch 246 | loss : 57750.10, postive loss : 25310.41, negtive loss : 32439.70:  25%|██▍       | 246/1000 [29:45<1:31:09,  7.25s/it]
Epoch 246 | loss : 57750.10, postive loss : 25310.41, negtive loss : 32439.70:  25%|██▍       | 247/1000 [29:45<1:30:57,  7.25s/it]
Epoch 247 | loss : 57563.35, postive loss : 25147.21, negtive loss : 32416.14:  25%|██▍       | 247/1000 [29:53<1:30:57,  7.25s/it]
Epoch 247 | loss : 57563.35, postive loss : 25147.21, negtive loss : 32416.14:  25%|██▍       | 248/1000 [29:53<1:30:49,  7.25s/it]
Epoch 248 | loss : 57342.99, postive loss : 24953.97, negtive loss : 32389.02:  25%|██▍       | 248/1000 [30:00<1:30:49,  7.25s/it]
Epoch 248 | loss : 57342.99, postive loss : 24953.97, negtive loss : 32389.02:  25%|██▍       | 249/1000 [30:00<1:30:39,  7.24s/it]
Epoch 249 | loss : 57165.72, postive loss : 24806.97, negtive loss : 32358.74:  25%|██▍       | 249/1000 [30:07<1:30:39,  7.24s/it]
Epoch 249 | loss : 57165.72, postive loss : 24806.97, negtive loss : 32358.74:  25%|██▌       | 250/1000 [30:07<1:30:27,  7.24s/it]
Epoch 250 | loss : 56951.29, postive loss : 24608.20, negtive loss : 32343.09:  25%|██▌       | 250/1000 [30:14<1:30:27,  7.24s/it]
Epoch 250 | loss : 56951.29, postive loss : 24608.20, negtive loss : 32343.09:  25%|██▌       | 251/1000 [30:14<1:30:16,  7.23s/it]
Epoch 251 | loss : 56791.15, postive loss : 24459.63, negtive loss : 32331.52:  25%|██▌       | 251/1000 [30:21<1:30:16,  7.23s/it]
Epoch 251 | loss : 56791.15, postive loss : 24459.63, negtive loss : 32331.52:  25%|██▌       | 252/1000 [30:21<1:30:04,  7.22s/it]
Epoch 252 | loss : 56598.28, postive loss : 24282.21, negtive loss : 32316.07:  25%|██▌       | 252/1000 [30:29<1:30:04,  7.22s/it]
Epoch 252 | loss : 56598.28, postive loss : 24282.21, negtive loss : 32316.07:  25%|██▌       | 253/1000 [30:29<1:29:51,  7.22s/it]
Epoch 253 | loss : 56386.95, postive loss : 24094.59, negtive loss : 32292.36:  25%|██▌       | 253/1000 [30:36<1:29:51,  7.22s/it]
Epoch 253 | loss : 56386.95, postive loss : 24094.59, negtive loss : 32292.36:  25%|██▌       | 254/1000 [30:36<1:29:42,  7.22s/it]
Epoch 254 | loss : 56214.88, postive loss : 23926.42, negtive loss : 32288.46:  25%|██▌       | 254/1000 [30:43<1:29:42,  7.22s/it]
Epoch 254 | loss : 56214.88, postive loss : 23926.42, negtive loss : 32288.46:  26%|██▌       | 255/1000 [30:43<1:29:31,  7.21s/it]
Epoch 255 | loss : 56049.50, postive loss : 23777.97, negtive loss : 32271.54:  26%|██▌       | 255/1000 [30:50<1:29:31,  7.21s/it]
Epoch 255 | loss : 56049.50, postive loss : 23777.97, negtive loss : 32271.54:  26%|██▌       | 256/1000 [30:50<1:29:21,  7.21s/it]
Epoch 256 | loss : 55842.93, postive loss : 23592.74, negtive loss : 32250.19:  26%|██▌       | 256/1000 [30:57<1:29:21,  7.21s/it]
Epoch 256 | loss : 55842.93, postive loss : 23592.74, negtive loss : 32250.19:  26%|██▌       | 257/1000 [30:57<1:29:11,  7.20s/it]
Epoch 257 | loss : 55664.08, postive loss : 23431.38, negtive loss : 32232.70:  26%|██▌       | 257/1000 [31:05<1:29:11,  7.20s/it]
Epoch 257 | loss : 55664.08, postive loss : 23431.38, negtive loss : 32232.70:  26%|██▌       | 258/1000 [31:05<1:29:02,  7.20s/it]
Epoch 258 | loss : 55509.37, postive loss : 23296.89, negtive loss : 32212.48:  26%|██▌       | 258/1000 [31:12<1:29:02,  7.20s/it]
Epoch 258 | loss : 55509.37, postive loss : 23296.89, negtive loss : 32212.48:  26%|██▌       | 259/1000 [31:12<1:28:54,  7.20s/it]
Epoch 259 | loss : 55317.32, postive loss : 23109.92, negtive loss : 32207.40:  26%|██▌       | 259/1000 [31:19<1:28:54,  7.20s/it]
Epoch 259 | loss : 55317.32, postive loss : 23109.92, negtive loss : 32207.40:  26%|██▌       | 260/1000 [31:19<1:28:46,  7.20s/it]
Epoch 260 | loss : 55165.86, postive loss : 22963.52, negtive loss : 32202.34:  26%|██▌       | 260/1000 [31:26<1:28:46,  7.20s/it]
Epoch 260 | loss : 55165.86, postive loss : 22963.52, negtive loss : 32202.34:  26%|██▌       | 261/1000 [31:26<1:28:39,  7.20s/it]
Epoch 261 | loss : 54967.76, postive loss : 22794.41, negtive loss : 32173.35:  26%|██▌       | 261/1000 [31:33<1:28:39,  7.20s/it]
Epoch 261 | loss : 54967.76, postive loss : 22794.41, negtive loss : 32173.35:  26%|██▌       | 262/1000 [31:33<1:28:32,  7.20s/it]
Epoch 262 | loss : 54819.96, postive loss : 22661.53, negtive loss : 32158.43:  26%|██▌       | 262/1000 [31:41<1:28:32,  7.20s/it]
Epoch 262 | loss : 54819.96, postive loss : 22661.53, negtive loss : 32158.43:  26%|██▋       | 263/1000 [31:41<1:28:24,  7.20s/it]
Epoch 263 | loss : 54619.95, postive loss : 22488.78, negtive loss : 32131.17:  26%|██▋       | 263/1000 [31:48<1:28:24,  7.20s/it]
Epoch 263 | loss : 54619.95, postive loss : 22488.78, negtive loss : 32131.17:  26%|██▋       | 264/1000 [31:48<1:28:17,  7.20s/it]
Epoch 264 | loss : 54447.34, postive loss : 22321.74, negtive loss : 32125.60:  26%|██▋       | 264/1000 [31:55<1:28:17,  7.20s/it]
Epoch 264 | loss : 54447.34, postive loss : 22321.74, negtive loss : 32125.60:  26%|██▋       | 265/1000 [31:55<1:28:09,  7.20s/it]
Epoch 265 | loss : 54290.75, postive loss : 22166.58, negtive loss : 32124.18:  26%|██▋       | 265/1000 [32:02<1:28:09,  7.20s/it]
Epoch 265 | loss : 54290.75, postive loss : 22166.58, negtive loss : 32124.18:  27%|██▋       | 266/1000 [32:02<1:28:02,  7.20s/it]
Epoch 266 | loss : 54141.90, postive loss : 22041.49, negtive loss : 32100.41:  27%|██▋       | 266/1000 [32:09<1:28:02,  7.20s/it]
Epoch 266 | loss : 54141.90, postive loss : 22041.49, negtive loss : 32100.41:  27%|██▋       | 267/1000 [32:09<1:27:54,  7.20s/it]
Epoch 267 | loss : 53990.25, postive loss : 21900.48, negtive loss : 32089.77:  27%|██▋       | 267/1000 [32:17<1:27:54,  7.20s/it]
Epoch 267 | loss : 53990.25, postive loss : 21900.48, negtive loss : 32089.77:  27%|██▋       | 268/1000 [32:17<1:27:47,  7.20s/it]
Epoch 268 | loss : 53805.22, postive loss : 21721.17, negtive loss : 32084.04:  27%|██▋       | 268/1000 [32:24<1:27:47,  7.20s/it]
Epoch 268 | loss : 53805.22, postive loss : 21721.17, negtive loss : 32084.04:  27%|██▋       | 269/1000 [32:24<1:27:40,  7.20s/it]
Epoch 269 | loss : 53638.37, postive loss : 21587.90, negtive loss : 32050.47:  27%|██▋       | 269/1000 [32:31<1:27:40,  7.20s/it]
Epoch 269 | loss : 53638.37, postive loss : 21587.90, negtive loss : 32050.47:  27%|██▋       | 270/1000 [32:31<1:27:33,  7.20s/it]
Epoch 270 | loss : 53492.46, postive loss : 21443.50, negtive loss : 32048.96:  27%|██▋       | 270/1000 [32:38<1:27:33,  7.20s/it]
Epoch 270 | loss : 53492.46, postive loss : 21443.50, negtive loss : 32048.96:  27%|██▋       | 271/1000 [32:38<1:27:25,  7.20s/it]
Epoch 271 | loss : 53337.80, postive loss : 21300.82, negtive loss : 32036.98:  27%|██▋       | 271/1000 [32:45<1:27:25,  7.20s/it]
Epoch 271 | loss : 53337.80, postive loss : 21300.82, negtive loss : 32036.98:  27%|██▋       | 272/1000 [32:45<1:27:19,  7.20s/it]
Epoch 272 | loss : 53190.16, postive loss : 21156.89, negtive loss : 32033.27:  27%|██▋       | 272/1000 [32:53<1:27:19,  7.20s/it]
Epoch 272 | loss : 53190.16, postive loss : 21156.89, negtive loss : 32033.27:  27%|██▋       | 273/1000 [32:53<1:27:11,  7.20s/it]
Epoch 273 | loss : 53019.04, postive loss : 20993.39, negtive loss : 32025.65:  27%|██▋       | 273/1000 [33:00<1:27:11,  7.20s/it]
Epoch 273 | loss : 53019.04, postive loss : 20993.39, negtive loss : 32025.65:  27%|██▋       | 274/1000 [33:00<1:27:05,  7.20s/it]
Epoch 274 | loss : 52879.15, postive loss : 20865.25, negtive loss : 32013.90:  27%|██▋       | 274/1000 [33:07<1:27:05,  7.20s/it]
Epoch 274 | loss : 52879.15, postive loss : 20865.25, negtive loss : 32013.90:  28%|██▊       | 275/1000 [33:07<1:26:57,  7.20s/it]
Epoch 275 | loss : 52721.39, postive loss : 20728.51, negtive loss : 31992.88:  28%|██▊       | 275/1000 [33:14<1:26:57,  7.20s/it]
Epoch 275 | loss : 52721.39, postive loss : 20728.51, negtive loss : 31992.88:  28%|██▊       | 276/1000 [33:14<1:26:50,  7.20s/it]
Epoch 276 | loss : 52572.06, postive loss : 20583.17, negtive loss : 31988.89:  28%|██▊       | 276/1000 [33:21<1:26:50,  7.20s/it]
Epoch 276 | loss : 52572.06, postive loss : 20583.17, negtive loss : 31988.89:  28%|██▊       | 277/1000 [33:21<1:26:43,  7.20s/it]
Epoch 277 | loss : 52403.68, postive loss : 20441.69, negtive loss : 31961.99:  28%|██▊       | 277/1000 [33:29<1:26:43,  7.20s/it]
Epoch 277 | loss : 52403.68, postive loss : 20441.69, negtive loss : 31961.99:  28%|██▊       | 278/1000 [33:29<1:26:36,  7.20s/it]
Epoch 278 | loss : 52278.04, postive loss : 20307.47, negtive loss : 31970.57:  28%|██▊       | 278/1000 [33:36<1:26:36,  7.20s/it]
Epoch 278 | loss : 52278.04, postive loss : 20307.47, negtive loss : 31970.57:  28%|██▊       | 279/1000 [33:36<1:26:28,  7.20s/it]
Epoch 279 | loss : 52136.38, postive loss : 20188.65, negtive loss : 31947.73:  28%|██▊       | 279/1000 [33:43<1:26:28,  7.20s/it]
Epoch 279 | loss : 52136.38, postive loss : 20188.65, negtive loss : 31947.73:  28%|██▊       | 280/1000 [33:43<1:26:21,  7.20s/it]
Epoch 280 | loss : 51998.31, postive loss : 20044.42, negtive loss : 31953.89:  28%|██▊       | 280/1000 [33:50<1:26:21,  7.20s/it]
Epoch 280 | loss : 51998.31, postive loss : 20044.42, negtive loss : 31953.89:  28%|██▊       | 281/1000 [33:50<1:26:14,  7.20s/it]
Epoch 281 | loss : 51849.29, postive loss : 19928.70, negtive loss : 31920.60:  28%|██▊       | 281/1000 [33:57<1:26:14,  7.20s/it]
Epoch 281 | loss : 51849.29, postive loss : 19928.70, negtive loss : 31920.60:  28%|██▊       | 282/1000 [33:57<1:26:07,  7.20s/it]
Epoch 282 | loss : 51700.61, postive loss : 19779.06, negtive loss : 31921.55:  28%|██▊       | 282/1000 [34:05<1:26:07,  7.20s/it]
Epoch 282 | loss : 51700.61, postive loss : 19779.06, negtive loss : 31921.55:  28%|██▊       | 283/1000 [34:05<1:25:59,  7.20s/it]
Epoch 283 | loss : 51558.56, postive loss : 19648.54, negtive loss : 31910.03:  28%|██▊       | 283/1000 [34:12<1:25:59,  7.20s/it]
Epoch 283 | loss : 51558.56, postive loss : 19648.54, negtive loss : 31910.03:  28%|██▊       | 284/1000 [34:12<1:25:52,  7.20s/it]
Epoch 284 | loss : 51428.83, postive loss : 19524.92, negtive loss : 31903.92:  28%|██▊       | 284/1000 [34:19<1:25:52,  7.20s/it]
Epoch 284 | loss : 51428.83, postive loss : 19524.92, negtive loss : 31903.92:  28%|██▊       | 285/1000 [34:19<1:25:45,  7.20s/it]
Epoch 285 | loss : 51305.29, postive loss : 19393.72, negtive loss : 31911.57:  28%|██▊       | 285/1000 [34:26<1:25:45,  7.20s/it]
Epoch 285 | loss : 51305.29, postive loss : 19393.72, negtive loss : 31911.57:  29%|██▊       | 286/1000 [34:26<1:25:38,  7.20s/it]
Epoch 286 | loss : 51181.51, postive loss : 19288.71, negtive loss : 31892.79:  29%|██▊       | 286/1000 [34:33<1:25:38,  7.20s/it]
Epoch 286 | loss : 51181.51, postive loss : 19288.71, negtive loss : 31892.79:  29%|██▊       | 287/1000 [34:33<1:25:30,  7.20s/it]
Epoch 287 | loss : 51021.01, postive loss : 19147.41, negtive loss : 31873.60:  29%|██▊       | 287/1000 [34:40<1:25:30,  7.20s/it]
Epoch 287 | loss : 51021.01, postive loss : 19147.41, negtive loss : 31873.60:  29%|██▉       | 288/1000 [34:40<1:25:24,  7.20s/it]
Epoch 288 | loss : 50913.52, postive loss : 19042.86, negtive loss : 31870.66:  29%|██▉       | 288/1000 [34:48<1:25:24,  7.20s/it]
Epoch 288 | loss : 50913.52, postive loss : 19042.86, negtive loss : 31870.66:  29%|██▉       | 289/1000 [34:48<1:25:16,  7.20s/it]
Epoch 289 | loss : 50762.75, postive loss : 18901.50, negtive loss : 31861.26:  29%|██▉       | 289/1000 [34:55<1:25:16,  7.20s/it]
Epoch 289 | loss : 50762.75, postive loss : 18901.50, negtive loss : 31861.26:  29%|██▉       | 290/1000 [34:55<1:25:09,  7.20s/it]
Epoch 290 | loss : 50666.16, postive loss : 18789.15, negtive loss : 31877.01:  29%|██▉       | 290/1000 [35:02<1:25:09,  7.20s/it]
Epoch 290 | loss : 50666.16, postive loss : 18789.15, negtive loss : 31877.01:  29%|██▉       | 291/1000 [35:02<1:25:02,  7.20s/it]
Epoch 291 | loss : 50520.39, postive loss : 18675.33, negtive loss : 31845.06:  29%|██▉       | 291/1000 [35:09<1:25:02,  7.20s/it]
Epoch 291 | loss : 50520.39, postive loss : 18675.33, negtive loss : 31845.06:  29%|██▉       | 292/1000 [35:09<1:24:55,  7.20s/it]
Epoch 292 | loss : 50385.07, postive loss : 18555.26, negtive loss : 31829.80:  29%|██▉       | 292/1000 [35:16<1:24:55,  7.20s/it]
Epoch 292 | loss : 50385.07, postive loss : 18555.26, negtive loss : 31829.80:  29%|██▉       | 293/1000 [35:16<1:24:47,  7.20s/it]
Epoch 293 | loss : 50272.49, postive loss : 18427.56, negtive loss : 31844.93:  29%|██▉       | 293/1000 [35:24<1:24:47,  7.20s/it]
Epoch 293 | loss : 50272.49, postive loss : 18427.56, negtive loss : 31844.93:  29%|██▉       | 294/1000 [35:24<1:24:42,  7.20s/it]
Epoch 294 | loss : 50158.63, postive loss : 18334.62, negtive loss : 31824.01:  29%|██▉       | 294/1000 [35:31<1:24:42,  7.20s/it]
Epoch 294 | loss : 50158.63, postive loss : 18334.62, negtive loss : 31824.01:  30%|██▉       | 295/1000 [35:31<1:24:34,  7.20s/it]
Epoch 295 | loss : 50044.17, postive loss : 18215.71, negtive loss : 31828.46:  30%|██▉       | 295/1000 [35:38<1:24:34,  7.20s/it]
Epoch 295 | loss : 50044.17, postive loss : 18215.71, negtive loss : 31828.46:  30%|██▉       | 296/1000 [35:38<1:24:27,  7.20s/it]
Epoch 296 | loss : 49913.39, postive loss : 18090.14, negtive loss : 31823.25:  30%|██▉       | 296/1000 [35:45<1:24:27,  7.20s/it]
Epoch 296 | loss : 49913.39, postive loss : 18090.14, negtive loss : 31823.25:  30%|██▉       | 297/1000 [35:45<1:24:19,  7.20s/it]
Epoch 297 | loss : 49801.86, postive loss : 17992.86, negtive loss : 31809.00:  30%|██▉       | 297/1000 [35:52<1:24:19,  7.20s/it]
Epoch 297 | loss : 49801.86, postive loss : 17992.86, negtive loss : 31809.00:  30%|██▉       | 298/1000 [35:52<1:24:12,  7.20s/it]
Epoch 298 | loss : 49671.99, postive loss : 17867.11, negtive loss : 31804.87:  30%|██▉       | 298/1000 [36:00<1:24:12,  7.20s/it]
Epoch 298 | loss : 49671.99, postive loss : 17867.11, negtive loss : 31804.87:  30%|██▉       | 299/1000 [36:00<1:24:04,  7.20s/it]
Epoch 299 | loss : 49580.67, postive loss : 17778.33, negtive loss : 31802.34:  30%|██▉       | 299/1000 [36:07<1:24:04,  7.20s/it]
Epoch 299 | loss : 49580.67, postive loss : 17778.33, negtive loss : 31802.34:  30%|███       | 300/1000 [36:07<1:23:57,  7.20s/it]
Epoch 300 | loss : 49475.24, postive loss : 17671.09, negtive loss : 31804.15:  30%|███       | 300/1000 [36:14<1:23:57,  7.20s/it]
Epoch 300 | loss : 49475.24, postive loss : 17671.09, negtive loss : 31804.15:  30%|███       | 301/1000 [36:14<1:23:50,  7.20s/it]
Epoch 301 | loss : 49356.71, postive loss : 17565.93, negtive loss : 31790.77:  30%|███       | 301/1000 [36:21<1:23:50,  7.20s/it]
Epoch 301 | loss : 49356.71, postive loss : 17565.93, negtive loss : 31790.77:  30%|███       | 302/1000 [36:21<1:23:42,  7.20s/it]
Epoch 302 | loss : 49248.45, postive loss : 17465.92, negtive loss : 31782.53:  30%|███       | 302/1000 [36:28<1:23:42,  7.20s/it]
Epoch 302 | loss : 49248.45, postive loss : 17465.92, negtive loss : 31782.53:  30%|███       | 303/1000 [36:28<1:23:35,  7.20s/it]
Epoch 303 | loss : 49131.01, postive loss : 17347.98, negtive loss : 31783.03:  30%|███       | 303/1000 [36:36<1:23:35,  7.20s/it]
Epoch 303 | loss : 49131.01, postive loss : 17347.98, negtive loss : 31783.03:  30%|███       | 304/1000 [36:36<1:23:28,  7.20s/it]
Epoch 304 | loss : 49024.95, postive loss : 17245.77, negtive loss : 31779.18:  30%|███       | 304/1000 [36:43<1:23:28,  7.20s/it]
Epoch 304 | loss : 49024.95, postive loss : 17245.77, negtive loss : 31779.18:  30%|███       | 305/1000 [36:43<1:23:21,  7.20s/it]
Epoch 305 | loss : 48906.40, postive loss : 17148.73, negtive loss : 31757.68:  30%|███       | 305/1000 [36:50<1:23:21,  7.20s/it]
Epoch 305 | loss : 48906.40, postive loss : 17148.73, negtive loss : 31757.68:  31%|███       | 306/1000 [36:50<1:23:14,  7.20s/it]
Epoch 306 | loss : 48824.84, postive loss : 17050.97, negtive loss : 31773.87:  31%|███       | 306/1000 [36:57<1:23:14,  7.20s/it]
Epoch 306 | loss : 48824.84, postive loss : 17050.97, negtive loss : 31773.87:  31%|███       | 307/1000 [36:57<1:23:06,  7.20s/it]
Epoch 307 | loss : 48737.94, postive loss : 16962.47, negtive loss : 31775.47:  31%|███       | 307/1000 [37:04<1:23:06,  7.20s/it]
Epoch 307 | loss : 48737.94, postive loss : 16962.47, negtive loss : 31775.47:  31%|███       | 308/1000 [37:04<1:22:59,  7.20s/it]
Epoch 308 | loss : 48611.90, postive loss : 16851.09, negtive loss : 31760.81:  31%|███       | 308/1000 [37:12<1:22:59,  7.20s/it]
Epoch 308 | loss : 48611.90, postive loss : 16851.09, negtive loss : 31760.81:  31%|███       | 309/1000 [37:12<1:22:51,  7.20s/it]
Epoch 309 | loss : 48512.28, postive loss : 16753.14, negtive loss : 31759.14:  31%|███       | 309/1000 [37:19<1:22:51,  7.20s/it]
Epoch 309 | loss : 48512.28, postive loss : 16753.14, negtive loss : 31759.14:  31%|███       | 310/1000 [37:19<1:22:45,  7.20s/it]
Epoch 310 | loss : 48417.83, postive loss : 16669.33, negtive loss : 31748.51:  31%|███       | 310/1000 [37:26<1:22:45,  7.20s/it]
Epoch 310 | loss : 48417.83, postive loss : 16669.33, negtive loss : 31748.51:  31%|███       | 311/1000 [37:26<1:22:38,  7.20s/it]
Epoch 311 | loss : 48333.91, postive loss : 16572.88, negtive loss : 31761.02:  31%|███       | 311/1000 [37:33<1:22:38,  7.20s/it]
Epoch 311 | loss : 48333.91, postive loss : 16572.88, negtive loss : 31761.02:  31%|███       | 312/1000 [37:33<1:22:31,  7.20s/it]
Epoch 312 | loss : 48248.60, postive loss : 16478.93, negtive loss : 31769.67:  31%|███       | 312/1000 [37:40<1:22:31,  7.20s/it]
Epoch 312 | loss : 48248.60, postive loss : 16478.93, negtive loss : 31769.67:  31%|███▏      | 313/1000 [37:40<1:22:24,  7.20s/it]
Epoch 313 | loss : 48124.42, postive loss : 16385.85, negtive loss : 31738.58:  31%|███▏      | 313/1000 [37:48<1:22:24,  7.20s/it]
Epoch 313 | loss : 48124.42, postive loss : 16385.85, negtive loss : 31738.58:  31%|███▏      | 314/1000 [37:48<1:22:17,  7.20s/it]
Epoch 314 | loss : 48048.93, postive loss : 16293.48, negtive loss : 31755.44:  31%|███▏      | 314/1000 [37:55<1:22:17,  7.20s/it]
Epoch 314 | loss : 48048.93, postive loss : 16293.48, negtive loss : 31755.44:  32%|███▏      | 315/1000 [37:55<1:22:09,  7.20s/it]
Epoch 315 | loss : 47956.41, postive loss : 16218.64, negtive loss : 31737.77:  32%|███▏      | 315/1000 [38:02<1:22:09,  7.20s/it]
Epoch 315 | loss : 47956.41, postive loss : 16218.64, negtive loss : 31737.77:  32%|███▏      | 316/1000 [38:02<1:22:02,  7.20s/it]
Epoch 316 | loss : 47848.43, postive loss : 16106.46, negtive loss : 31741.97:  32%|███▏      | 316/1000 [38:09<1:22:02,  7.20s/it]
Epoch 316 | loss : 47848.43, postive loss : 16106.46, negtive loss : 31741.97:  32%|███▏      | 317/1000 [38:09<1:21:54,  7.20s/it]
Epoch 317 | loss : 47776.75, postive loss : 16040.71, negtive loss : 31736.04:  32%|███▏      | 317/1000 [38:16<1:21:54,  7.20s/it]
Epoch 317 | loss : 47776.75, postive loss : 16040.71, negtive loss : 31736.04:  32%|███▏      | 318/1000 [38:16<1:21:47,  7.20s/it]
Epoch 318 | loss : 47696.53, postive loss : 15941.65, negtive loss : 31754.88:  32%|███▏      | 318/1000 [38:24<1:21:47,  7.20s/it]
Epoch 318 | loss : 47696.53, postive loss : 15941.65, negtive loss : 31754.88:  32%|███▏      | 319/1000 [38:24<1:21:40,  7.20s/it]
Epoch 319 | loss : 47592.12, postive loss : 15869.91, negtive loss : 31722.21:  32%|███▏      | 319/1000 [38:31<1:21:40,  7.20s/it]
Epoch 319 | loss : 47592.12, postive loss : 15869.91, negtive loss : 31722.21:  32%|███▏      | 320/1000 [38:31<1:21:33,  7.20s/it]
Epoch 320 | loss : 47507.74, postive loss : 15784.16, negtive loss : 31723.57:  32%|███▏      | 320/1000 [38:38<1:21:33,  7.20s/it]
Epoch 320 | loss : 47507.74, postive loss : 15784.16, negtive loss : 31723.57:  32%|███▏      | 321/1000 [38:38<1:21:26,  7.20s/it]
Epoch 321 | loss : 47432.72, postive loss : 15699.91, negtive loss : 31732.80:  32%|███▏      | 321/1000 [38:45<1:21:26,  7.20s/it]
Epoch 321 | loss : 47432.72, postive loss : 15699.91, negtive loss : 31732.80:  32%|███▏      | 322/1000 [38:45<1:21:19,  7.20s/it]
Epoch 322 | loss : 47347.59, postive loss : 15612.52, negtive loss : 31735.07:  32%|███▏      | 322/1000 [38:52<1:21:19,  7.20s/it]
Epoch 322 | loss : 47347.59, postive loss : 15612.52, negtive loss : 31735.07:  32%|███▏      | 323/1000 [38:52<1:21:11,  7.20s/it]
Epoch 323 | loss : 47250.63, postive loss : 15537.93, negtive loss : 31712.70:  32%|███▏      | 323/1000 [39:00<1:21:11,  7.20s/it]
Epoch 323 | loss : 47250.63, postive loss : 15537.93, negtive loss : 31712.70:  32%|███▏      | 324/1000 [39:00<1:21:04,  7.20s/it]
Epoch 324 | loss : 47187.96, postive loss : 15458.18, negtive loss : 31729.79:  32%|███▏      | 324/1000 [39:07<1:21:04,  7.20s/it]
Epoch 324 | loss : 47187.96, postive loss : 15458.18, negtive loss : 31729.79:  32%|███▎      | 325/1000 [39:07<1:20:57,  7.20s/it]
Epoch 325 | loss : 47084.76, postive loss : 15366.64, negtive loss : 31718.13:  32%|███▎      | 325/1000 [39:14<1:20:57,  7.20s/it]
Epoch 325 | loss : 47084.76, postive loss : 15366.64, negtive loss : 31718.13:  33%|███▎      | 326/1000 [39:14<1:20:50,  7.20s/it]
Epoch 326 | loss : 47013.81, postive loss : 15294.99, negtive loss : 31718.82:  33%|███▎      | 326/1000 [39:21<1:20:50,  7.20s/it]
Epoch 326 | loss : 47013.81, postive loss : 15294.99, negtive loss : 31718.82:  33%|███▎      | 327/1000 [39:21<1:20:42,  7.20s/it]
Epoch 327 | loss : 46966.14, postive loss : 15229.73, negtive loss : 31736.41:  33%|███▎      | 327/1000 [39:28<1:20:42,  7.20s/it]
Epoch 327 | loss : 46966.14, postive loss : 15229.73, negtive loss : 31736.41:  33%|███▎      | 328/1000 [39:28<1:20:37,  7.20s/it]
Epoch 328 | loss : 46899.14, postive loss : 15156.49, negtive loss : 31742.65:  33%|███▎      | 328/1000 [39:36<1:20:37,  7.20s/it]
Epoch 328 | loss : 46899.14, postive loss : 15156.49, negtive loss : 31742.65:  33%|███▎      | 329/1000 [39:36<1:20:30,  7.20s/it]
Epoch 329 | loss : 46840.83, postive loss : 15086.49, negtive loss : 31754.34:  33%|███▎      | 329/1000 [39:43<1:20:30,  7.20s/it]
Epoch 329 | loss : 46840.83, postive loss : 15086.49, negtive loss : 31754.34:  33%|███▎      | 330/1000 [39:43<1:20:22,  7.20s/it]
Epoch 330 | loss : 46741.82, postive loss : 15009.72, negtive loss : 31732.10:  33%|███▎      | 330/1000 [39:50<1:20:22,  7.20s/it]
Epoch 330 | loss : 46741.82, postive loss : 15009.72, negtive loss : 31732.10:  33%|███▎      | 331/1000 [39:50<1:20:15,  7.20s/it]
Epoch 331 | loss : 46632.57, postive loss : 14933.31, negtive loss : 31699.26:  33%|███▎      | 331/1000 [39:57<1:20:15,  7.20s/it]
Epoch 331 | loss : 46632.57, postive loss : 14933.31, negtive loss : 31699.26:  33%|███▎      | 332/1000 [39:57<1:20:07,  7.20s/it]
Epoch 332 | loss : 46614.40, postive loss : 14863.74, negtive loss : 31750.67:  33%|███▎      | 332/1000 [40:04<1:20:07,  7.20s/it]
Epoch 332 | loss : 46614.40, postive loss : 14863.74, negtive loss : 31750.67:  33%|███▎      | 333/1000 [40:04<1:20:00,  7.20s/it]
Epoch 333 | loss : 46510.18, postive loss : 14785.44, negtive loss : 31724.74:  33%|███▎      | 333/1000 [40:12<1:20:00,  7.20s/it]
Epoch 333 | loss : 46510.18, postive loss : 14785.44, negtive loss : 31724.74:  33%|███▎      | 334/1000 [40:12<1:19:53,  7.20s/it]
Epoch 334 | loss : 46446.58, postive loss : 14724.73, negtive loss : 31721.85:  33%|███▎      | 334/1000 [40:19<1:19:53,  7.20s/it]
Epoch 334 | loss : 46446.58, postive loss : 14724.73, negtive loss : 31721.85:  34%|███▎      | 335/1000 [40:19<1:19:45,  7.20s/it]
Epoch 335 | loss : 46402.66, postive loss : 14651.29, negtive loss : 31751.38:  34%|███▎      | 335/1000 [40:26<1:19:45,  7.20s/it]
Epoch 335 | loss : 46402.66, postive loss : 14651.29, negtive loss : 31751.38:  34%|███▎      | 336/1000 [40:26<1:19:38,  7.20s/it]
Epoch 336 | loss : 46321.87, postive loss : 14590.22, negtive loss : 31731.65:  34%|███▎      | 336/1000 [40:33<1:19:38,  7.20s/it]
Epoch 336 | loss : 46321.87, postive loss : 14590.22, negtive loss : 31731.65:  34%|███▎      | 337/1000 [40:33<1:19:31,  7.20s/it]
Epoch 337 | loss : 46256.84, postive loss : 14523.39, negtive loss : 31733.46:  34%|███▎      | 337/1000 [40:40<1:19:31,  7.20s/it]
Epoch 337 | loss : 46256.84, postive loss : 14523.39, negtive loss : 31733.46:  34%|███▍      | 338/1000 [40:40<1:19:24,  7.20s/it]
Epoch 338 | loss : 46178.96, postive loss : 14462.74, negtive loss : 31716.22:  34%|███▍      | 338/1000 [40:48<1:19:24,  7.20s/it]
Epoch 338 | loss : 46178.96, postive loss : 14462.74, negtive loss : 31716.22:  34%|███▍      | 339/1000 [40:48<1:19:17,  7.20s/it]
Epoch 339 | loss : 46137.41, postive loss : 14387.23, negtive loss : 31750.18:  34%|███▍      | 339/1000 [40:55<1:19:17,  7.20s/it]
Epoch 339 | loss : 46137.41, postive loss : 14387.23, negtive loss : 31750.18:  34%|███▍      | 340/1000 [40:55<1:19:10,  7.20s/it]
Epoch 340 | loss : 46041.00, postive loss : 14331.85, negtive loss : 31709.15:  34%|███▍      | 340/1000 [41:02<1:19:10,  7.20s/it]
Epoch 340 | loss : 46041.00, postive loss : 14331.85, negtive loss : 31709.15:  34%|███▍      | 341/1000 [41:02<1:19:02,  7.20s/it]
Epoch 341 | loss : 45975.52, postive loss : 14260.42, negtive loss : 31715.11:  34%|███▍      | 341/1000 [41:09<1:19:02,  7.20s/it]
Epoch 341 | loss : 45975.52, postive loss : 14260.42, negtive loss : 31715.11:  34%|███▍      | 342/1000 [41:09<1:18:57,  7.20s/it]
Epoch 342 | loss : 45942.34, postive loss : 14189.04, negtive loss : 31753.30:  34%|███▍      | 342/1000 [41:16<1:18:57,  7.20s/it]
Epoch 342 | loss : 45942.34, postive loss : 14189.04, negtive loss : 31753.30:  34%|███▍      | 343/1000 [41:16<1:18:48,  7.20s/it]
Epoch 343 | loss : 45891.33, postive loss : 14153.37, negtive loss : 31737.96:  34%|███▍      | 343/1000 [41:24<1:18:48,  7.20s/it]
Epoch 343 | loss : 45891.33, postive loss : 14153.37, negtive loss : 31737.96:  34%|███▍      | 344/1000 [41:24<1:18:42,  7.20s/it]
Epoch 344 | loss : 45826.57, postive loss : 14087.26, negtive loss : 31739.31:  34%|███▍      | 344/1000 [41:31<1:18:42,  7.20s/it]
Epoch 344 | loss : 45826.57, postive loss : 14087.26, negtive loss : 31739.31:  34%|███▍      | 345/1000 [41:31<1:18:35,  7.20s/it]
Epoch 345 | loss : 45774.81, postive loss : 14031.97, negtive loss : 31742.84:  34%|███▍      | 345/1000 [41:38<1:18:35,  7.20s/it]
Epoch 345 | loss : 45774.81, postive loss : 14031.97, negtive loss : 31742.84:  35%|███▍      | 346/1000 [41:38<1:18:28,  7.20s/it]
Epoch 346 | loss : 45709.97, postive loss : 13967.47, negtive loss : 31742.49:  35%|███▍      | 346/1000 [41:45<1:18:28,  7.20s/it]
Epoch 346 | loss : 45709.97, postive loss : 13967.47, negtive loss : 31742.49:  35%|███▍      | 347/1000 [41:45<1:18:20,  7.20s/it]
Epoch 347 | loss : 45633.19, postive loss : 13908.60, negtive loss : 31724.59:  35%|███▍      | 347/1000 [41:52<1:18:20,  7.20s/it]
Epoch 347 | loss : 45633.19, postive loss : 13908.60, negtive loss : 31724.59:  35%|███▍      | 348/1000 [41:52<1:18:13,  7.20s/it]
Epoch 348 | loss : 45561.39, postive loss : 13841.27, negtive loss : 31720.13:  35%|███▍      | 348/1000 [42:00<1:18:13,  7.20s/it]
Epoch 348 | loss : 45561.39, postive loss : 13841.27, negtive loss : 31720.13:  35%|███▍      | 349/1000 [42:00<1:18:05,  7.20s/it]
Epoch 349 | loss : 45524.33, postive loss : 13786.94, negtive loss : 31737.39:  35%|███▍      | 349/1000 [42:07<1:18:05,  7.20s/it]
Epoch 349 | loss : 45524.33, postive loss : 13786.94, negtive loss : 31737.39:  35%|███▌      | 350/1000 [42:07<1:17:58,  7.20s/it]
Epoch 350 | loss : 45473.28, postive loss : 13740.59, negtive loss : 31732.70:  35%|███▌      | 350/1000 [42:14<1:17:58,  7.20s/it]
Epoch 350 | loss : 45473.28, postive loss : 13740.59, negtive loss : 31732.70:  35%|███▌      | 351/1000 [42:14<1:17:53,  7.20s/it]
Epoch 351 | loss : 45418.07, postive loss : 13685.30, negtive loss : 31732.77:  35%|███▌      | 351/1000 [42:21<1:17:53,  7.20s/it]
Epoch 351 | loss : 45418.07, postive loss : 13685.30, negtive loss : 31732.77:  35%|███▌      | 352/1000 [42:21<1:17:45,  7.20s/it]
Epoch 352 | loss : 45401.50, postive loss : 13643.32, negtive loss : 31758.18:  35%|███▌      | 352/1000 [42:28<1:17:45,  7.20s/it]
Epoch 352 | loss : 45401.50, postive loss : 13643.32, negtive loss : 31758.18:  35%|███▌      | 353/1000 [42:28<1:17:37,  7.20s/it]
Epoch 353 | loss : 45346.41, postive loss : 13583.49, negtive loss : 31762.92:  35%|███▌      | 353/1000 [42:36<1:17:37,  7.20s/it]
Epoch 353 | loss : 45346.41, postive loss : 13583.49, negtive loss : 31762.92:  35%|███▌      | 354/1000 [42:36<1:17:30,  7.20s/it]
Epoch 354 | loss : 45293.56, postive loss : 13543.14, negtive loss : 31750.43:  35%|███▌      | 354/1000 [42:43<1:17:30,  7.20s/it]
Epoch 354 | loss : 45293.56, postive loss : 13543.14, negtive loss : 31750.43:  36%|███▌      | 355/1000 [42:43<1:17:28,  7.21s/it]
Epoch 355 | loss : 45188.38, postive loss : 13474.93, negtive loss : 31713.45:  36%|███▌      | 355/1000 [42:50<1:17:28,  7.21s/it]
Epoch 355 | loss : 45188.38, postive loss : 13474.93, negtive loss : 31713.45:  36%|███▌      | 356/1000 [42:50<1:17:24,  7.21s/it]
Epoch 356 | loss : 45162.52, postive loss : 13424.39, negtive loss : 31738.13:  36%|███▌      | 356/1000 [42:57<1:17:24,  7.21s/it]
Epoch 356 | loss : 45162.52, postive loss : 13424.39, negtive loss : 31738.13:  36%|███▌      | 357/1000 [42:57<1:17:13,  7.21s/it]
Epoch 357 | loss : 45104.64, postive loss : 13366.04, negtive loss : 31738.60:  36%|███▌      | 357/1000 [43:04<1:17:13,  7.21s/it]
Epoch 357 | loss : 45104.64, postive loss : 13366.04, negtive loss : 31738.60:  36%|███▌      | 358/1000 [43:04<1:17:09,  7.21s/it]
Epoch 358 | loss : 45072.32, postive loss : 13317.68, negtive loss : 31754.64:  36%|███▌      | 358/1000 [43:12<1:17:09,  7.21s/it]
Epoch 358 | loss : 45072.32, postive loss : 13317.68, negtive loss : 31754.64:  36%|███▌      | 359/1000 [43:12<1:16:59,  7.21s/it]
Epoch 359 | loss : 45044.69, postive loss : 13282.55, negtive loss : 31762.15:  36%|███▌      | 359/1000 [43:19<1:16:59,  7.21s/it]
Epoch 359 | loss : 45044.69, postive loss : 13282.55, negtive loss : 31762.15:  36%|███▌      | 360/1000 [43:19<1:16:51,  7.21s/it]
Epoch 360 | loss : 44987.59, postive loss : 13227.53, negtive loss : 31760.06:  36%|███▌      | 360/1000 [43:26<1:16:51,  7.21s/it]
Epoch 360 | loss : 44987.59, postive loss : 13227.53, negtive loss : 31760.06:  36%|███▌      | 361/1000 [43:26<1:16:42,  7.20s/it]
Epoch 361 | loss : 44968.36, postive loss : 13196.13, negtive loss : 31772.23:  36%|███▌      | 361/1000 [43:33<1:16:42,  7.20s/it]
Epoch 361 | loss : 44968.36, postive loss : 13196.13, negtive loss : 31772.23:  36%|███▌      | 362/1000 [43:33<1:16:34,  7.20s/it]
Epoch 362 | loss : 44902.41, postive loss : 13145.68, negtive loss : 31756.73:  36%|███▌      | 362/1000 [43:40<1:16:34,  7.20s/it]
Epoch 362 | loss : 44902.41, postive loss : 13145.68, negtive loss : 31756.73:  36%|███▋      | 363/1000 [43:40<1:16:26,  7.20s/it]
Epoch 363 | loss : 44801.98, postive loss : 13083.30, negtive loss : 31718.68:  36%|███▋      | 363/1000 [43:48<1:16:26,  7.20s/it]
Epoch 363 | loss : 44801.98, postive loss : 13083.30, negtive loss : 31718.68:  36%|███▋      | 364/1000 [43:48<1:16:18,  7.20s/it]
Epoch 364 | loss : 44788.24, postive loss : 13037.91, negtive loss : 31750.33:  36%|███▋      | 364/1000 [43:55<1:16:18,  7.20s/it]
Epoch 364 | loss : 44788.24, postive loss : 13037.91, negtive loss : 31750.33:  36%|███▋      | 365/1000 [43:55<1:16:10,  7.20s/it]
Epoch 365 | loss : 44754.45, postive loss : 12996.75, negtive loss : 31757.69:  36%|███▋      | 365/1000 [44:02<1:16:10,  7.20s/it]
Epoch 365 | loss : 44754.45, postive loss : 12996.75, negtive loss : 31757.69:  37%|███▋      | 366/1000 [44:02<1:16:03,  7.20s/it]
Epoch 366 | loss : 44690.84, postive loss : 12951.07, negtive loss : 31739.77:  37%|███▋      | 366/1000 [44:09<1:16:03,  7.20s/it]
Epoch 366 | loss : 44690.84, postive loss : 12951.07, negtive loss : 31739.77:  37%|███▋      | 367/1000 [44:09<1:15:55,  7.20s/it]
Epoch 367 | loss : 44677.49, postive loss : 12907.46, negtive loss : 31770.03:  37%|███▋      | 367/1000 [44:16<1:15:55,  7.20s/it]
Epoch 367 | loss : 44677.49, postive loss : 12907.46, negtive loss : 31770.03:  37%|███▋      | 368/1000 [44:16<1:15:48,  7.20s/it]
Epoch 368 | loss : 44638.73, postive loss : 12874.68, negtive loss : 31764.05:  37%|███▋      | 368/1000 [44:24<1:15:48,  7.20s/it]
Epoch 368 | loss : 44638.73, postive loss : 12874.68, negtive loss : 31764.05:  37%|███▋      | 369/1000 [44:24<1:15:40,  7.20s/it]
Epoch 369 | loss : 44587.23, postive loss : 12835.85, negtive loss : 31751.38:  37%|███▋      | 369/1000 [44:31<1:15:40,  7.20s/it]
Epoch 369 | loss : 44587.23, postive loss : 12835.85, negtive loss : 31751.38:  37%|███▋      | 370/1000 [44:31<1:15:34,  7.20s/it]
Epoch 370 | loss : 44548.01, postive loss : 12785.47, negtive loss : 31762.55:  37%|███▋      | 370/1000 [44:38<1:15:34,  7.20s/it]
Epoch 370 | loss : 44548.01, postive loss : 12785.47, negtive loss : 31762.55:  37%|███▋      | 371/1000 [44:38<1:15:27,  7.20s/it]
Epoch 371 | loss : 44532.11, postive loss : 12754.78, negtive loss : 31777.32:  37%|███▋      | 371/1000 [44:45<1:15:27,  7.20s/it]
Epoch 371 | loss : 44532.11, postive loss : 12754.78, negtive loss : 31777.32:  37%|███▋      | 372/1000 [44:45<1:15:20,  7.20s/it]
Epoch 372 | loss : 44423.51, postive loss : 12690.88, negtive loss : 31732.63:  37%|███▋      | 372/1000 [44:52<1:15:20,  7.20s/it]
Epoch 372 | loss : 44423.51, postive loss : 12690.88, negtive loss : 31732.63:  37%|███▋      | 373/1000 [44:52<1:15:12,  7.20s/it]
Epoch 373 | loss : 44431.04, postive loss : 12664.29, negtive loss : 31766.75:  37%|███▋      | 373/1000 [45:00<1:15:12,  7.20s/it]
Epoch 373 | loss : 44431.04, postive loss : 12664.29, negtive loss : 31766.75:  37%|███▋      | 374/1000 [45:00<1:15:05,  7.20s/it]
Epoch 374 | loss : 44330.80, postive loss : 12618.07, negtive loss : 31712.73:  37%|███▋      | 374/1000 [45:07<1:15:05,  7.20s/it]
Epoch 374 | loss : 44330.80, postive loss : 12618.07, negtive loss : 31712.73:  38%|███▊      | 375/1000 [45:07<1:14:57,  7.20s/it]
Epoch 375 | loss : 44377.24, postive loss : 12589.12, negtive loss : 31788.12:  38%|███▊      | 375/1000 [45:14<1:14:57,  7.20s/it]
Epoch 375 | loss : 44377.24, postive loss : 12589.12, negtive loss : 31788.12:  38%|███▊      | 376/1000 [45:14<1:14:51,  7.20s/it]
Epoch 376 | loss : 44300.55, postive loss : 12558.06, negtive loss : 31742.49:  38%|███▊      | 376/1000 [45:21<1:14:51,  7.20s/it]
Epoch 376 | loss : 44300.55, postive loss : 12558.06, negtive loss : 31742.49:  38%|███▊      | 377/1000 [45:21<1:14:43,  7.20s/it]
Epoch 377 | loss : 44299.74, postive loss : 12514.11, negtive loss : 31785.63:  38%|███▊      | 377/1000 [45:28<1:14:43,  7.20s/it]
Epoch 377 | loss : 44299.74, postive loss : 12514.11, negtive loss : 31785.63:  38%|███▊      | 378/1000 [45:28<1:14:38,  7.20s/it]
Epoch 378 | loss : 44254.00, postive loss : 12475.28, negtive loss : 31778.72:  38%|███▊      | 378/1000 [45:36<1:14:38,  7.20s/it]
Epoch 378 | loss : 44254.00, postive loss : 12475.28, negtive loss : 31778.72:  38%|███▊      | 379/1000 [45:36<1:14:30,  7.20s/it]
Epoch 379 | loss : 44187.48, postive loss : 12439.14, negtive loss : 31748.34:  38%|███▊      | 379/1000 [45:43<1:14:30,  7.20s/it]
Epoch 379 | loss : 44187.48, postive loss : 12439.14, negtive loss : 31748.34:  38%|███▊      | 380/1000 [45:43<1:14:25,  7.20s/it]
Epoch 380 | loss : 44190.03, postive loss : 12412.00, negtive loss : 31778.03:  38%|███▊      | 380/1000 [45:50<1:14:25,  7.20s/it]
Epoch 380 | loss : 44190.03, postive loss : 12412.00, negtive loss : 31778.03:  38%|███▊      | 381/1000 [45:50<1:14:17,  7.20s/it]
Epoch 381 | loss : 44128.56, postive loss : 12376.06, negtive loss : 31752.50:  38%|███▊      | 381/1000 [45:57<1:14:17,  7.20s/it]
Epoch 381 | loss : 44128.56, postive loss : 12376.06, negtive loss : 31752.50:  38%|███▊      | 382/1000 [45:57<1:14:13,  7.21s/it]
Epoch 382 | loss : 44077.06, postive loss : 12330.02, negtive loss : 31747.04:  38%|███▊      | 382/1000 [46:04<1:14:13,  7.21s/it]
Epoch 382 | loss : 44077.06, postive loss : 12330.02, negtive loss : 31747.04:  38%|███▊      | 383/1000 [46:04<1:14:06,  7.21s/it]
Epoch 383 | loss : 44055.25, postive loss : 12291.97, negtive loss : 31763.28:  38%|███▊      | 383/1000 [46:12<1:14:06,  7.21s/it]
Epoch 383 | loss : 44055.25, postive loss : 12291.97, negtive loss : 31763.28:  38%|███▊      | 384/1000 [46:12<1:14:01,  7.21s/it]
Epoch 384 | loss : 44064.01, postive loss : 12275.38, negtive loss : 31788.64:  38%|███▊      | 384/1000 [46:19<1:14:01,  7.21s/it]
Epoch 384 | loss : 44064.01, postive loss : 12275.38, negtive loss : 31788.64:  38%|███▊      | 385/1000 [46:19<1:13:54,  7.21s/it]
Epoch 385 | loss : 44017.45, postive loss : 12237.17, negtive loss : 31780.28:  38%|███▊      | 385/1000 [46:26<1:13:54,  7.21s/it]
Epoch 385 | loss : 44017.45, postive loss : 12237.17, negtive loss : 31780.28:  39%|███▊      | 386/1000 [46:26<1:13:46,  7.21s/it]
Epoch 386 | loss : 43957.44, postive loss : 12198.01, negtive loss : 31759.43:  39%|███▊      | 386/1000 [46:33<1:13:46,  7.21s/it]
Epoch 386 | loss : 43957.44, postive loss : 12198.01, negtive loss : 31759.43:  39%|███▊      | 387/1000 [46:33<1:13:38,  7.21s/it]
Epoch 387 | loss : 43887.77, postive loss : 12161.25, negtive loss : 31726.53:  39%|███▊      | 387/1000 [46:40<1:13:38,  7.21s/it]
Epoch 387 | loss : 43887.77, postive loss : 12161.25, negtive loss : 31726.53:  39%|███▉      | 388/1000 [46:40<1:13:33,  7.21s/it]
Epoch 388 | loss : 43877.55, postive loss : 12122.16, negtive loss : 31755.39:  39%|███▉      | 388/1000 [46:48<1:13:33,  7.21s/it]
Epoch 388 | loss : 43877.55, postive loss : 12122.16, negtive loss : 31755.39:  39%|███▉      | 389/1000 [46:48<1:13:28,  7.22s/it]
Epoch 389 | loss : 43870.90, postive loss : 12094.94, negtive loss : 31775.96:  39%|███▉      | 389/1000 [46:55<1:13:28,  7.22s/it]
Epoch 389 | loss : 43870.90, postive loss : 12094.94, negtive loss : 31775.96:  39%|███▉      | 390/1000 [46:55<1:13:20,  7.21s/it]
Epoch 390 | loss : 43844.43, postive loss : 12073.87, negtive loss : 31770.55:  39%|███▉      | 390/1000 [47:02<1:13:20,  7.21s/it]
Epoch 390 | loss : 43844.43, postive loss : 12073.87, negtive loss : 31770.55:  39%|███▉      | 391/1000 [47:02<1:13:13,  7.21s/it]
Epoch 391 | loss : 43779.89, postive loss : 12037.82, negtive loss : 31742.07:  39%|███▉      | 391/1000 [47:09<1:13:13,  7.21s/it]
Epoch 391 | loss : 43779.89, postive loss : 12037.82, negtive loss : 31742.07:  39%|███▉      | 392/1000 [47:09<1:13:05,  7.21s/it]
Epoch 392 | loss : 43770.75, postive loss : 12012.23, negtive loss : 31758.52:  39%|███▉      | 392/1000 [47:16<1:13:05,  7.21s/it]
Epoch 392 | loss : 43770.75, postive loss : 12012.23, negtive loss : 31758.52:  39%|███▉      | 393/1000 [47:16<1:12:57,  7.21s/it]
Epoch 393 | loss : 43750.62, postive loss : 11972.48, negtive loss : 31778.15:  39%|███▉      | 393/1000 [47:24<1:12:57,  7.21s/it]
Epoch 393 | loss : 43750.62, postive loss : 11972.48, negtive loss : 31778.15:  39%|███▉      | 394/1000 [47:24<1:12:56,  7.22s/it]
Epoch 394 | loss : 43681.86, postive loss : 11945.69, negtive loss : 31736.17:  39%|███▉      | 394/1000 [47:31<1:12:56,  7.22s/it]
Epoch 394 | loss : 43681.86, postive loss : 11945.69, negtive loss : 31736.17:  40%|███▉      | 395/1000 [47:31<1:12:51,  7.23s/it]
Epoch 395 | loss : 43695.97, postive loss : 11924.60, negtive loss : 31771.38:  40%|███▉      | 395/1000 [47:38<1:12:51,  7.23s/it]
Epoch 395 | loss : 43695.97, postive loss : 11924.60, negtive loss : 31771.38:  40%|███▉      | 396/1000 [47:38<1:12:39,  7.22s/it]
Epoch 396 | loss : 43676.11, postive loss : 11891.03, negtive loss : 31785.08:  40%|███▉      | 396/1000 [47:45<1:12:39,  7.22s/it]
Epoch 396 | loss : 43676.11, postive loss : 11891.03, negtive loss : 31785.08:  40%|███▉      | 397/1000 [47:45<1:12:27,  7.21s/it]
Epoch 397 | loss : 43561.87, postive loss : 11869.64, negtive loss : 31692.24:  40%|███▉      | 397/1000 [47:53<1:12:27,  7.21s/it]
Epoch 397 | loss : 43561.87, postive loss : 11869.64, negtive loss : 31692.24:  40%|███▉      | 398/1000 [47:53<1:12:18,  7.21s/it]
Epoch 398 | loss : 43603.61, postive loss : 11830.51, negtive loss : 31773.10:  40%|███▉      | 398/1000 [48:00<1:12:18,  7.21s/it]
Epoch 398 | loss : 43603.61, postive loss : 11830.51, negtive loss : 31773.10:  40%|███▉      | 399/1000 [48:00<1:12:19,  7.22s/it]
Epoch 399 | loss : 43627.43, postive loss : 11808.76, negtive loss : 31818.67:  40%|███▉      | 399/1000 [48:07<1:12:19,  7.22s/it]
Epoch 399 | loss : 43627.43, postive loss : 11808.76, negtive loss : 31818.67:  40%|████      | 400/1000 [48:07<1:12:07,  7.21s/it]
Epoch 400 | loss : 43562.30, postive loss : 11788.07, negtive loss : 31774.22:  40%|████      | 400/1000 [48:14<1:12:07,  7.21s/it]
Epoch 400 | loss : 43562.30, postive loss : 11788.07, negtive loss : 31774.22:  40%|████      | 401/1000 [48:14<1:11:57,  7.21s/it]
Epoch 401 | loss : 43523.03, postive loss : 11770.59, negtive loss : 31752.44:  40%|████      | 401/1000 [48:21<1:11:57,  7.21s/it]
Epoch 401 | loss : 43523.03, postive loss : 11770.59, negtive loss : 31752.44:  40%|████      | 402/1000 [48:21<1:11:48,  7.20s/it]
Epoch 402 | loss : 43485.51, postive loss : 11725.74, negtive loss : 31759.77:  40%|████      | 402/1000 [48:29<1:11:48,  7.20s/it]
Epoch 402 | loss : 43485.51, postive loss : 11725.74, negtive loss : 31759.77:  40%|████      | 403/1000 [48:29<1:11:39,  7.20s/it]
Epoch 403 | loss : 43474.32, postive loss : 11704.95, negtive loss : 31769.38:  40%|████      | 403/1000 [48:36<1:11:39,  7.20s/it]
Epoch 403 | loss : 43474.32, postive loss : 11704.95, negtive loss : 31769.38:  40%|████      | 404/1000 [48:36<1:11:41,  7.22s/it]
Epoch 404 | loss : 43478.61, postive loss : 11689.82, negtive loss : 31788.79:  40%|████      | 404/1000 [48:43<1:11:41,  7.22s/it]
Epoch 404 | loss : 43478.61, postive loss : 11689.82, negtive loss : 31788.79:  40%|████      | 405/1000 [48:43<1:11:29,  7.21s/it]
Epoch 405 | loss : 43444.22, postive loss : 11664.51, negtive loss : 31779.71:  40%|████      | 405/1000 [48:50<1:11:29,  7.21s/it]
Epoch 405 | loss : 43444.22, postive loss : 11664.51, negtive loss : 31779.71:  41%|████      | 406/1000 [48:50<1:11:20,  7.21s/it]
Epoch 406 | loss : 43397.56, postive loss : 11628.47, negtive loss : 31769.09:  41%|████      | 406/1000 [48:57<1:11:20,  7.21s/it]
Epoch 406 | loss : 43397.56, postive loss : 11628.47, negtive loss : 31769.09:  41%|████      | 407/1000 [48:57<1:11:10,  7.20s/it]
Epoch 407 | loss : 43397.97, postive loss : 11612.67, negtive loss : 31785.29:  41%|████      | 407/1000 [49:05<1:11:10,  7.20s/it]
Epoch 407 | loss : 43397.97, postive loss : 11612.67, negtive loss : 31785.29:  41%|████      | 408/1000 [49:05<1:11:02,  7.20s/it]
Epoch 408 | loss : 43379.81, postive loss : 11584.55, negtive loss : 31795.27:  41%|████      | 408/1000 [49:12<1:11:02,  7.20s/it]
Epoch 408 | loss : 43379.81, postive loss : 11584.55, negtive loss : 31795.27:  41%|████      | 409/1000 [49:12<1:10:58,  7.20s/it]
Epoch 409 | loss : 43361.90, postive loss : 11568.60, negtive loss : 31793.29:  41%|████      | 409/1000 [49:19<1:10:58,  7.20s/it]
Epoch 409 | loss : 43361.90, postive loss : 11568.60, negtive loss : 31793.29:  41%|████      | 410/1000 [49:19<1:10:49,  7.20s/it]
Epoch 410 | loss : 43328.81, postive loss : 11549.31, negtive loss : 31779.51:  41%|████      | 410/1000 [49:26<1:10:49,  7.20s/it]
Epoch 410 | loss : 43328.81, postive loss : 11549.31, negtive loss : 31779.51:  41%|████      | 411/1000 [49:26<1:10:40,  7.20s/it]
Epoch 411 | loss : 43277.27, postive loss : 11511.87, negtive loss : 31765.40:  41%|████      | 411/1000 [49:33<1:10:40,  7.20s/it]
Epoch 411 | loss : 43277.27, postive loss : 11511.87, negtive loss : 31765.40:  41%|████      | 412/1000 [49:33<1:10:33,  7.20s/it]
Epoch 412 | loss : 43250.68, postive loss : 11486.11, negtive loss : 31764.57:  41%|████      | 412/1000 [49:41<1:10:33,  7.20s/it]
Epoch 412 | loss : 43250.68, postive loss : 11486.11, negtive loss : 31764.57:  41%|████▏     | 413/1000 [49:41<1:10:25,  7.20s/it]
Epoch 413 | loss : 43250.59, postive loss : 11475.88, negtive loss : 31774.70:  41%|████▏     | 413/1000 [49:48<1:10:25,  7.20s/it]
Epoch 413 | loss : 43250.59, postive loss : 11475.88, negtive loss : 31774.70:  41%|████▏     | 414/1000 [49:48<1:10:18,  7.20s/it]
Epoch 414 | loss : 43212.87, postive loss : 11457.15, negtive loss : 31755.72:  41%|████▏     | 414/1000 [49:55<1:10:18,  7.20s/it]
Epoch 414 | loss : 43212.87, postive loss : 11457.15, negtive loss : 31755.72:  42%|████▏     | 415/1000 [49:55<1:10:11,  7.20s/it]
Epoch 415 | loss : 43220.81, postive loss : 11433.44, negtive loss : 31787.37:  42%|████▏     | 415/1000 [50:02<1:10:11,  7.20s/it]
Epoch 415 | loss : 43220.81, postive loss : 11433.44, negtive loss : 31787.37:  42%|████▏     | 416/1000 [50:02<1:10:05,  7.20s/it]
Epoch 416 | loss : 43201.60, postive loss : 11411.57, negtive loss : 31790.04:  42%|████▏     | 416/1000 [50:09<1:10:05,  7.20s/it]
Epoch 416 | loss : 43201.60, postive loss : 11411.57, negtive loss : 31790.04:  42%|████▏     | 417/1000 [50:09<1:09:58,  7.20s/it]
Epoch 417 | loss : 43167.37, postive loss : 11389.79, negtive loss : 31777.58:  42%|████▏     | 417/1000 [50:17<1:09:58,  7.20s/it]
Epoch 417 | loss : 43167.37, postive loss : 11389.79, negtive loss : 31777.58:  42%|████▏     | 418/1000 [50:17<1:09:53,  7.20s/it]
Epoch 418 | loss : 43142.58, postive loss : 11361.08, negtive loss : 31781.50:  42%|████▏     | 418/1000 [50:24<1:09:53,  7.20s/it]
Epoch 418 | loss : 43142.58, postive loss : 11361.08, negtive loss : 31781.50:  42%|████▏     | 419/1000 [50:24<1:09:48,  7.21s/it]
Epoch 419 | loss : 43128.85, postive loss : 11353.32, negtive loss : 31775.53:  42%|████▏     | 419/1000 [50:31<1:09:48,  7.21s/it]
Epoch 419 | loss : 43128.85, postive loss : 11353.32, negtive loss : 31775.53:  42%|████▏     | 420/1000 [50:31<1:09:41,  7.21s/it]
Epoch 420 | loss : 43116.67, postive loss : 11333.68, negtive loss : 31782.99:  42%|████▏     | 420/1000 [50:38<1:09:41,  7.21s/it]
Epoch 420 | loss : 43116.67, postive loss : 11333.68, negtive loss : 31782.99:  42%|████▏     | 421/1000 [50:38<1:09:35,  7.21s/it]
Epoch 421 | loss : 43086.44, postive loss : 11308.15, negtive loss : 31778.29:  42%|████▏     | 421/1000 [50:46<1:09:35,  7.21s/it]
Epoch 421 | loss : 43086.44, postive loss : 11308.15, negtive loss : 31778.29:  42%|████▏     | 422/1000 [50:46<1:09:30,  7.22s/it]
Epoch 422 | loss : 43063.08, postive loss : 11299.61, negtive loss : 31763.48:  42%|████▏     | 422/1000 [50:53<1:09:30,  7.22s/it]
Epoch 422 | loss : 43063.08, postive loss : 11299.61, negtive loss : 31763.48:  42%|████▏     | 423/1000 [50:53<1:09:24,  7.22s/it]
Epoch 423 | loss : 43103.23, postive loss : 11280.20, negtive loss : 31823.03:  42%|████▏     | 423/1000 [51:00<1:09:24,  7.22s/it]
Epoch 423 | loss : 43103.23, postive loss : 11280.20, negtive loss : 31823.03:  42%|████▏     | 424/1000 [51:00<1:09:20,  7.22s/it]
Epoch 424 | loss : 42994.89, postive loss : 11257.09, negtive loss : 31737.79:  42%|████▏     | 424/1000 [51:07<1:09:20,  7.22s/it]
Epoch 424 | loss : 42994.89, postive loss : 11257.09, negtive loss : 31737.79:  42%|████▎     | 425/1000 [51:07<1:09:13,  7.22s/it]
Epoch 425 | loss : 43005.84, postive loss : 11221.57, negtive loss : 31784.27:  42%|████▎     | 425/1000 [51:14<1:09:13,  7.22s/it]
Epoch 425 | loss : 43005.84, postive loss : 11221.57, negtive loss : 31784.27:  43%|████▎     | 426/1000 [51:14<1:09:08,  7.23s/it]
Epoch 426 | loss : 42968.83, postive loss : 11223.97, negtive loss : 31744.87:  43%|████▎     | 426/1000 [51:22<1:09:08,  7.23s/it]
Epoch 426 | loss : 42968.83, postive loss : 11223.97, negtive loss : 31744.87:  43%|████▎     | 427/1000 [51:22<1:09:01,  7.23s/it]
Epoch 427 | loss : 42986.46, postive loss : 11197.53, negtive loss : 31788.94:  43%|████▎     | 427/1000 [51:29<1:09:01,  7.23s/it]
Epoch 427 | loss : 42986.46, postive loss : 11197.53, negtive loss : 31788.94:  43%|████▎     | 428/1000 [51:29<1:08:51,  7.22s/it]
Epoch 428 | loss : 42964.07, postive loss : 11182.19, negtive loss : 31781.88:  43%|████▎     | 428/1000 [51:36<1:08:51,  7.22s/it]
Epoch 428 | loss : 42964.07, postive loss : 11182.19, negtive loss : 31781.88:  43%|████▎     | 429/1000 [51:36<1:08:49,  7.23s/it]
Epoch 429 | loss : 42899.71, postive loss : 11166.72, negtive loss : 31732.99:  43%|████▎     | 429/1000 [51:43<1:08:49,  7.23s/it]
Epoch 429 | loss : 42899.71, postive loss : 11166.72, negtive loss : 31732.99:  43%|████▎     | 430/1000 [51:43<1:08:44,  7.24s/it]
Epoch 430 | loss : 42914.67, postive loss : 11149.72, negtive loss : 31764.95:  43%|████▎     | 430/1000 [51:51<1:08:44,  7.24s/it]
Epoch 430 | loss : 42914.67, postive loss : 11149.72, negtive loss : 31764.95:  43%|████▎     | 431/1000 [51:51<1:08:29,  7.22s/it]
Epoch 431 | loss : 42888.87, postive loss : 11135.02, negtive loss : 31753.85:  43%|████▎     | 431/1000 [51:58<1:08:29,  7.22s/it]
Epoch 431 | loss : 42888.87, postive loss : 11135.02, negtive loss : 31753.85:  43%|████▎     | 432/1000 [51:58<1:08:19,  7.22s/it]
Epoch 432 | loss : 42865.99, postive loss : 11118.42, negtive loss : 31747.56:  43%|████▎     | 432/1000 [52:05<1:08:19,  7.22s/it]
Epoch 432 | loss : 42865.99, postive loss : 11118.42, negtive loss : 31747.56:  43%|████▎     | 433/1000 [52:05<1:08:08,  7.21s/it]
Epoch 433 | loss : 42910.54, postive loss : 11110.21, negtive loss : 31800.33:  43%|████▎     | 433/1000 [52:12<1:08:08,  7.21s/it]
Epoch 433 | loss : 42910.54, postive loss : 11110.21, negtive loss : 31800.33:  43%|████▎     | 434/1000 [52:12<1:07:59,  7.21s/it]
Epoch 434 | loss : 42835.85, postive loss : 11082.50, negtive loss : 31753.35:  43%|████▎     | 434/1000 [52:19<1:07:59,  7.21s/it]
Epoch 434 | loss : 42835.85, postive loss : 11082.50, negtive loss : 31753.35:  44%|████▎     | 435/1000 [52:19<1:07:49,  7.20s/it]
Epoch 435 | loss : 42812.35, postive loss : 11058.82, negtive loss : 31753.53:  44%|████▎     | 435/1000 [52:27<1:07:49,  7.20s/it]
Epoch 435 | loss : 42812.35, postive loss : 11058.82, negtive loss : 31753.53:  44%|████▎     | 436/1000 [52:27<1:07:41,  7.20s/it]
Epoch 436 | loss : 42853.13, postive loss : 11049.01, negtive loss : 31804.12:  44%|████▎     | 436/1000 [52:34<1:07:41,  7.20s/it]
Epoch 436 | loss : 42853.13, postive loss : 11049.01, negtive loss : 31804.12:  44%|████▎     | 437/1000 [52:34<1:07:33,  7.20s/it]
Epoch 437 | loss : 42807.40, postive loss : 11041.89, negtive loss : 31765.51:  44%|████▎     | 437/1000 [52:41<1:07:33,  7.20s/it]
Epoch 437 | loss : 42807.40, postive loss : 11041.89, negtive loss : 31765.51:  44%|████▍     | 438/1000 [52:41<1:07:25,  7.20s/it]
Epoch 438 | loss : 42764.42, postive loss : 11027.69, negtive loss : 31736.73:  44%|████▍     | 438/1000 [52:48<1:07:25,  7.20s/it]
Epoch 438 | loss : 42764.42, postive loss : 11027.69, negtive loss : 31736.73:  44%|████▍     | 439/1000 [52:48<1:07:19,  7.20s/it]
Epoch 439 | loss : 42756.18, postive loss : 11002.14, negtive loss : 31754.04:  44%|████▍     | 439/1000 [52:55<1:07:19,  7.20s/it]
Epoch 439 | loss : 42756.18, postive loss : 11002.14, negtive loss : 31754.04:  44%|████▍     | 440/1000 [52:55<1:07:12,  7.20s/it]
Epoch 440 | loss : 42744.63, postive loss : 10987.91, negtive loss : 31756.72:  44%|████▍     | 440/1000 [53:03<1:07:12,  7.20s/it]
Epoch 440 | loss : 42744.63, postive loss : 10987.91, negtive loss : 31756.72:  44%|████▍     | 441/1000 [53:03<1:07:04,  7.20s/it]
Epoch 441 | loss : 42711.95, postive loss : 10982.08, negtive loss : 31729.87:  44%|████▍     | 441/1000 [53:10<1:07:04,  7.20s/it]
Epoch 441 | loss : 42711.95, postive loss : 10982.08, negtive loss : 31729.87:  44%|████▍     | 442/1000 [53:10<1:06:57,  7.20s/it]
Epoch 442 | loss : 42712.05, postive loss : 10963.58, negtive loss : 31748.48:  44%|████▍     | 442/1000 [53:17<1:06:57,  7.20s/it]
Epoch 442 | loss : 42712.05, postive loss : 10963.58, negtive loss : 31748.48:  44%|████▍     | 443/1000 [53:17<1:06:49,  7.20s/it]
Epoch 443 | loss : 42697.02, postive loss : 10956.40, negtive loss : 31740.62:  44%|████▍     | 443/1000 [53:24<1:06:49,  7.20s/it]
Epoch 443 | loss : 42697.02, postive loss : 10956.40, negtive loss : 31740.62:  44%|████▍     | 444/1000 [53:24<1:06:42,  7.20s/it]
Epoch 444 | loss : 42663.74, postive loss : 10923.68, negtive loss : 31740.06:  44%|████▍     | 444/1000 [53:31<1:06:42,  7.20s/it]
Epoch 444 | loss : 42663.74, postive loss : 10923.68, negtive loss : 31740.06:  44%|████▍     | 445/1000 [53:31<1:06:34,  7.20s/it]
Epoch 445 | loss : 42682.75, postive loss : 10919.88, negtive loss : 31762.87:  44%|████▍     | 445/1000 [53:39<1:06:34,  7.20s/it]
Epoch 445 | loss : 42682.75, postive loss : 10919.88, negtive loss : 31762.87:  45%|████▍     | 446/1000 [53:39<1:06:27,  7.20s/it]
Epoch 446 | loss : 42615.27, postive loss : 10890.53, negtive loss : 31724.74:  45%|████▍     | 446/1000 [53:46<1:06:27,  7.20s/it]
Epoch 446 | loss : 42615.27, postive loss : 10890.53, negtive loss : 31724.74:  45%|████▍     | 447/1000 [53:46<1:06:29,  7.21s/it]
Epoch 447 | loss : 42605.57, postive loss : 10884.45, negtive loss : 31721.12:  45%|████▍     | 447/1000 [53:53<1:06:29,  7.21s/it]
Epoch 447 | loss : 42605.57, postive loss : 10884.45, negtive loss : 31721.12:  45%|████▍     | 448/1000 [53:53<1:06:20,  7.21s/it]
Epoch 448 | loss : 42624.17, postive loss : 10873.64, negtive loss : 31750.52:  45%|████▍     | 448/1000 [54:00<1:06:20,  7.21s/it]
Epoch 448 | loss : 42624.17, postive loss : 10873.64, negtive loss : 31750.52:  45%|████▍     | 449/1000 [54:00<1:06:11,  7.21s/it]
Epoch 449 | loss : 42623.42, postive loss : 10862.14, negtive loss : 31761.28:  45%|████▍     | 449/1000 [54:07<1:06:11,  7.21s/it]
Epoch 449 | loss : 42623.42, postive loss : 10862.14, negtive loss : 31761.28:  45%|████▌     | 450/1000 [54:07<1:06:03,  7.21s/it]
Epoch 450 | loss : 42581.14, postive loss : 10841.07, negtive loss : 31740.07:  45%|████▌     | 450/1000 [54:15<1:06:03,  7.21s/it]
Epoch 450 | loss : 42581.14, postive loss : 10841.07, negtive loss : 31740.07:  45%|████▌     | 451/1000 [54:15<1:05:55,  7.21s/it]
Epoch 451 | loss : 42592.06, postive loss : 10832.02, negtive loss : 31760.04:  45%|████▌     | 451/1000 [54:22<1:05:55,  7.21s/it]
Epoch 451 | loss : 42592.06, postive loss : 10832.02, negtive loss : 31760.04:  45%|████▌     | 452/1000 [54:22<1:05:49,  7.21s/it]
Epoch 452 | loss : 42561.30, postive loss : 10830.51, negtive loss : 31730.78:  45%|████▌     | 452/1000 [54:29<1:05:49,  7.21s/it]
Epoch 452 | loss : 42561.30, postive loss : 10830.51, negtive loss : 31730.78:  45%|████▌     | 453/1000 [54:29<1:05:44,  7.21s/it]
Epoch 453 | loss : 42537.26, postive loss : 10799.89, negtive loss : 31737.38:  45%|████▌     | 453/1000 [54:36<1:05:44,  7.21s/it]
Epoch 453 | loss : 42537.26, postive loss : 10799.89, negtive loss : 31737.38:  45%|████▌     | 454/1000 [54:36<1:05:37,  7.21s/it]
Epoch 454 | loss : 42461.82, postive loss : 10785.80, negtive loss : 31676.02:  45%|████▌     | 454/1000 [54:43<1:05:37,  7.21s/it]
Epoch 454 | loss : 42461.82, postive loss : 10785.80, negtive loss : 31676.02:  46%|████▌     | 455/1000 [54:43<1:05:30,  7.21s/it]
Epoch 455 | loss : 42504.24, postive loss : 10785.42, negtive loss : 31718.82:  46%|████▌     | 455/1000 [54:51<1:05:30,  7.21s/it]
Epoch 455 | loss : 42504.24, postive loss : 10785.42, negtive loss : 31718.82:  46%|████▌     | 456/1000 [54:51<1:05:23,  7.21s/it]
Epoch 456 | loss : 42502.65, postive loss : 10766.22, negtive loss : 31736.43:  46%|████▌     | 456/1000 [54:58<1:05:23,  7.21s/it]
Epoch 456 | loss : 42502.65, postive loss : 10766.22, negtive loss : 31736.43:  46%|████▌     | 457/1000 [54:58<1:05:16,  7.21s/it]
Epoch 457 | loss : 42466.93, postive loss : 10753.56, negtive loss : 31713.36:  46%|████▌     | 457/1000 [55:05<1:05:16,  7.21s/it]
Epoch 457 | loss : 42466.93, postive loss : 10753.56, negtive loss : 31713.36:  46%|████▌     | 458/1000 [55:05<1:05:22,  7.24s/it]
Epoch 458 | loss : 42424.93, postive loss : 10731.87, negtive loss : 31693.06:  46%|████▌     | 458/1000 [55:12<1:05:22,  7.24s/it]
Epoch 458 | loss : 42424.93, postive loss : 10731.87, negtive loss : 31693.06:  46%|████▌     | 459/1000 [55:12<1:05:13,  7.23s/it]
Epoch 459 | loss : 42474.20, postive loss : 10742.87, negtive loss : 31731.34:  46%|████▌     | 459/1000 [55:20<1:05:13,  7.23s/it]
Epoch 459 | loss : 42474.20, postive loss : 10742.87, negtive loss : 31731.34:  46%|████▌     | 460/1000 [55:20<1:05:04,  7.23s/it]
Epoch 460 | loss : 42456.15, postive loss : 10722.27, negtive loss : 31733.88:  46%|████▌     | 460/1000 [55:27<1:05:04,  7.23s/it]
Epoch 460 | loss : 42456.15, postive loss : 10722.27, negtive loss : 31733.88:  46%|████▌     | 461/1000 [55:27<1:04:56,  7.23s/it]
Epoch 461 | loss : 42448.18, postive loss : 10714.34, negtive loss : 31733.84:  46%|████▌     | 461/1000 [55:34<1:04:56,  7.23s/it]
Epoch 461 | loss : 42448.18, postive loss : 10714.34, negtive loss : 31733.84:  46%|████▌     | 462/1000 [55:34<1:04:54,  7.24s/it]
Epoch 462 | loss : 42418.76, postive loss : 10692.74, negtive loss : 31726.02:  46%|████▌     | 462/1000 [55:41<1:04:54,  7.24s/it]
Epoch 462 | loss : 42418.76, postive loss : 10692.74, negtive loss : 31726.02:  46%|████▋     | 463/1000 [55:41<1:04:50,  7.24s/it]
Epoch 463 | loss : 42426.56, postive loss : 10689.30, negtive loss : 31737.25:  46%|████▋     | 463/1000 [55:49<1:04:50,  7.24s/it]
Epoch 463 | loss : 42426.56, postive loss : 10689.30, negtive loss : 31737.25:  46%|████▋     | 464/1000 [55:49<1:04:40,  7.24s/it]
Epoch 464 | loss : 42397.80, postive loss : 10682.13, negtive loss : 31715.66:  46%|████▋     | 464/1000 [55:56<1:04:40,  7.24s/it]
Epoch 464 | loss : 42397.80, postive loss : 10682.13, negtive loss : 31715.66:  46%|████▋     | 465/1000 [55:56<1:04:32,  7.24s/it]
Epoch 465 | loss : 42381.57, postive loss : 10667.19, negtive loss : 31714.38:  46%|████▋     | 465/1000 [56:03<1:04:32,  7.24s/it]
Epoch 465 | loss : 42381.57, postive loss : 10667.19, negtive loss : 31714.38:  47%|████▋     | 466/1000 [56:03<1:04:18,  7.23s/it]
Epoch 466 | loss : 42376.10, postive loss : 10663.00, negtive loss : 31713.10:  47%|████▋     | 466/1000 [56:10<1:04:18,  7.23s/it]
Epoch 466 | loss : 42376.10, postive loss : 10663.00, negtive loss : 31713.10:  47%|████▋     | 467/1000 [56:10<1:04:12,  7.23s/it]
Epoch 467 | loss : 42359.54, postive loss : 10650.16, negtive loss : 31709.38:  47%|████▋     | 467/1000 [56:18<1:04:12,  7.23s/it]
Epoch 467 | loss : 42359.54, postive loss : 10650.16, negtive loss : 31709.38:  47%|████▋     | 468/1000 [56:18<1:04:13,  7.24s/it]
Epoch 468 | loss : 42355.15, postive loss : 10636.59, negtive loss : 31718.56:  47%|████▋     | 468/1000 [56:25<1:04:13,  7.24s/it]
Epoch 468 | loss : 42355.15, postive loss : 10636.59, negtive loss : 31718.56:  47%|████▋     | 469/1000 [56:25<1:04:06,  7.24s/it]
Epoch 469 | loss : 42355.19, postive loss : 10629.98, negtive loss : 31725.20:  47%|████▋     | 469/1000 [56:32<1:04:06,  7.24s/it]
Epoch 469 | loss : 42355.19, postive loss : 10629.98, negtive loss : 31725.20:  47%|████▋     | 470/1000 [56:32<1:03:59,  7.24s/it]
Epoch 470 | loss : 42298.71, postive loss : 10620.91, negtive loss : 31677.80:  47%|████▋     | 470/1000 [56:39<1:03:59,  7.24s/it]
Epoch 470 | loss : 42298.71, postive loss : 10620.91, negtive loss : 31677.80:  47%|████▋     | 471/1000 [56:39<1:03:51,  7.24s/it]
Epoch 471 | loss : 42310.90, postive loss : 10603.48, negtive loss : 31707.41:  47%|████▋     | 471/1000 [56:47<1:03:51,  7.24s/it]
Epoch 471 | loss : 42310.90, postive loss : 10603.48, negtive loss : 31707.41:  47%|████▋     | 472/1000 [56:47<1:03:45,  7.25s/it]
Epoch 472 | loss : 42348.58, postive loss : 10605.17, negtive loss : 31743.40:  47%|████▋     | 472/1000 [56:54<1:03:45,  7.25s/it]
Epoch 472 | loss : 42348.58, postive loss : 10605.17, negtive loss : 31743.40:  47%|████▋     | 473/1000 [56:54<1:03:44,  7.26s/it]
Epoch 473 | loss : 42308.04, postive loss : 10586.04, negtive loss : 31721.99:  47%|████▋     | 473/1000 [57:01<1:03:44,  7.26s/it]
Epoch 473 | loss : 42308.04, postive loss : 10586.04, negtive loss : 31721.99:  47%|████▋     | 474/1000 [57:01<1:03:29,  7.24s/it]
Epoch 474 | loss : 42280.56, postive loss : 10578.18, negtive loss : 31702.38:  47%|████▋     | 474/1000 [57:08<1:03:29,  7.24s/it]
Epoch 474 | loss : 42280.56, postive loss : 10578.18, negtive loss : 31702.38:  48%|████▊     | 475/1000 [57:08<1:03:24,  7.25s/it]
Epoch 475 | loss : 42317.60, postive loss : 10590.94, negtive loss : 31726.66:  48%|████▊     | 475/1000 [57:16<1:03:24,  7.25s/it]
Epoch 475 | loss : 42317.60, postive loss : 10590.94, negtive loss : 31726.66:  48%|████▊     | 476/1000 [57:16<1:03:16,  7.25s/it]
Epoch 476 | loss : 42248.60, postive loss : 10555.19, negtive loss : 31693.41:  48%|████▊     | 476/1000 [57:23<1:03:16,  7.25s/it]
Epoch 476 | loss : 42248.60, postive loss : 10555.19, negtive loss : 31693.41:  48%|████▊     | 477/1000 [57:23<1:03:01,  7.23s/it]
Epoch 477 | loss : 42249.76, postive loss : 10547.18, negtive loss : 31702.58:  48%|████▊     | 477/1000 [57:30<1:03:01,  7.23s/it]
Epoch 477 | loss : 42249.76, postive loss : 10547.18, negtive loss : 31702.58:  48%|████▊     | 478/1000 [57:30<1:02:49,  7.22s/it]
Epoch 478 | loss : 42195.49, postive loss : 10526.84, negtive loss : 31668.66:  48%|████▊     | 478/1000 [57:37<1:02:49,  7.22s/it]
Epoch 478 | loss : 42195.49, postive loss : 10526.84, negtive loss : 31668.66:  48%|████▊     | 479/1000 [57:37<1:02:39,  7.22s/it]
Epoch 479 | loss : 42243.22, postive loss : 10537.25, negtive loss : 31705.96:  48%|████▊     | 479/1000 [57:44<1:02:39,  7.22s/it]
Epoch 479 | loss : 42243.22, postive loss : 10537.25, negtive loss : 31705.96:  48%|████▊     | 480/1000 [57:44<1:02:36,  7.22s/it]
Epoch 480 | loss : 42241.37, postive loss : 10528.93, negtive loss : 31712.45:  48%|████▊     | 480/1000 [57:52<1:02:36,  7.22s/it]
Epoch 480 | loss : 42241.37, postive loss : 10528.93, negtive loss : 31712.45:  48%|████▊     | 481/1000 [57:52<1:02:24,  7.21s/it]
Epoch 481 | loss : 42206.41, postive loss : 10512.73, negtive loss : 31693.69:  48%|████▊     | 481/1000 [57:59<1:02:24,  7.21s/it]
Epoch 481 | loss : 42206.41, postive loss : 10512.73, negtive loss : 31693.69:  48%|████▊     | 482/1000 [57:59<1:02:16,  7.21s/it]
Epoch 482 | loss : 42213.64, postive loss : 10508.33, negtive loss : 31705.31:  48%|████▊     | 482/1000 [58:06<1:02:16,  7.21s/it]
Epoch 482 | loss : 42213.64, postive loss : 10508.33, negtive loss : 31705.31:  48%|████▊     | 483/1000 [58:06<1:02:06,  7.21s/it]
Epoch 483 | loss : 42199.39, postive loss : 10507.34, negtive loss : 31692.05:  48%|████▊     | 483/1000 [58:13<1:02:06,  7.21s/it]
Epoch 483 | loss : 42199.39, postive loss : 10507.34, negtive loss : 31692.05:  48%|████▊     | 484/1000 [58:13<1:01:57,  7.20s/it]
Epoch 484 | loss : 42163.40, postive loss : 10476.46, negtive loss : 31686.94:  48%|████▊     | 484/1000 [58:20<1:01:57,  7.20s/it]
Epoch 484 | loss : 42163.40, postive loss : 10476.46, negtive loss : 31686.94:  48%|████▊     | 485/1000 [58:20<1:01:48,  7.20s/it]
Epoch 485 | loss : 42194.22, postive loss : 10483.18, negtive loss : 31711.05:  48%|████▊     | 485/1000 [58:28<1:01:48,  7.20s/it]
Epoch 485 | loss : 42194.22, postive loss : 10483.18, negtive loss : 31711.05:  49%|████▊     | 486/1000 [58:28<1:01:40,  7.20s/it]
Epoch 486 | loss : 42135.62, postive loss : 10476.41, negtive loss : 31659.22:  49%|████▊     | 486/1000 [58:35<1:01:40,  7.20s/it]
Epoch 486 | loss : 42135.62, postive loss : 10476.41, negtive loss : 31659.22:  49%|████▊     | 487/1000 [58:35<1:01:32,  7.20s/it]
Epoch 487 | loss : 42160.14, postive loss : 10470.03, negtive loss : 31690.11:  49%|████▊     | 487/1000 [58:42<1:01:32,  7.20s/it]
Epoch 487 | loss : 42160.14, postive loss : 10470.03, negtive loss : 31690.11:  49%|████▉     | 488/1000 [58:42<1:01:25,  7.20s/it]
Epoch 488 | loss : 42124.05, postive loss : 10459.97, negtive loss : 31664.07:  49%|████▉     | 488/1000 [58:49<1:01:25,  7.20s/it]
Epoch 488 | loss : 42124.05, postive loss : 10459.97, negtive loss : 31664.07:  49%|████▉     | 489/1000 [58:49<1:01:17,  7.20s/it]
Epoch 489 | loss : 42125.42, postive loss : 10446.59, negtive loss : 31678.82:  49%|████▉     | 489/1000 [58:56<1:01:17,  7.20s/it]
Epoch 489 | loss : 42125.42, postive loss : 10446.59, negtive loss : 31678.82:  49%|████▉     | 490/1000 [58:56<1:01:10,  7.20s/it]
Epoch 490 | loss : 42126.93, postive loss : 10447.46, negtive loss : 31679.47:  49%|████▉     | 490/1000 [59:04<1:01:10,  7.20s/it]
Epoch 490 | loss : 42126.93, postive loss : 10447.46, negtive loss : 31679.47:  49%|████▉     | 491/1000 [59:04<1:01:02,  7.20s/it]
Epoch 491 | loss : 42108.38, postive loss : 10444.09, negtive loss : 31664.29:  49%|████▉     | 491/1000 [59:11<1:01:02,  7.20s/it]
Epoch 491 | loss : 42108.38, postive loss : 10444.09, negtive loss : 31664.29:  49%|████▉     | 492/1000 [59:11<1:00:58,  7.20s/it]
Epoch 492 | loss : 42100.99, postive loss : 10426.82, negtive loss : 31674.17:  49%|████▉     | 492/1000 [59:18<1:00:58,  7.20s/it]
Epoch 492 | loss : 42100.99, postive loss : 10426.82, negtive loss : 31674.17:  49%|████▉     | 493/1000 [59:18<1:00:49,  7.20s/it]
Epoch 493 | loss : 42093.74, postive loss : 10423.21, negtive loss : 31670.53:  49%|████▉     | 493/1000 [59:25<1:00:49,  7.20s/it]
Epoch 493 | loss : 42093.74, postive loss : 10423.21, negtive loss : 31670.53:  49%|████▉     | 494/1000 [59:25<1:00:42,  7.20s/it]
Epoch 494 | loss : 42086.38, postive loss : 10411.35, negtive loss : 31675.03:  49%|████▉     | 494/1000 [59:32<1:00:42,  7.20s/it]
Epoch 494 | loss : 42086.38, postive loss : 10411.35, negtive loss : 31675.03:  50%|████▉     | 495/1000 [59:32<1:00:34,  7.20s/it]
Epoch 495 | loss : 42047.24, postive loss : 10400.43, negtive loss : 31646.80:  50%|████▉     | 495/1000 [59:40<1:00:34,  7.20s/it]
Epoch 495 | loss : 42047.24, postive loss : 10400.43, negtive loss : 31646.80:  50%|████▉     | 496/1000 [59:40<1:00:28,  7.20s/it]
Epoch 496 | loss : 42069.00, postive loss : 10392.95, negtive loss : 31676.05:  50%|████▉     | 496/1000 [59:47<1:00:28,  7.20s/it]
Epoch 496 | loss : 42069.00, postive loss : 10392.95, negtive loss : 31676.05:  50%|████▉     | 497/1000 [59:47<1:00:20,  7.20s/it]
Epoch 497 | loss : 42059.93, postive loss : 10372.42, negtive loss : 31687.51:  50%|████▉     | 497/1000 [59:54<1:00:20,  7.20s/it]
Epoch 497 | loss : 42059.93, postive loss : 10372.42, negtive loss : 31687.51:  50%|████▉     | 498/1000 [59:54<1:00:12,  7.20s/it]
Epoch 498 | loss : 42026.63, postive loss : 10375.52, negtive loss : 31651.10:  50%|████▉     | 498/1000 [1:00:01<1:00:12,  7.20s/it]
Epoch 498 | loss : 42026.63, postive loss : 10375.52, negtive loss : 31651.10:  50%|████▉     | 499/1000 [1:00:01<1:00:05,  7.20s/it]
Epoch 499 | loss : 41986.04, postive loss : 10364.65, negtive loss : 31621.39:  50%|████▉     | 499/1000 [1:00:08<1:00:05,  7.20s/it]
Epoch 499 | loss : 41986.04, postive loss : 10364.65, negtive loss : 31621.39:  50%|█████     | 500/1000 [1:00:08<59:57,  7.20s/it]  
Epoch 500 | loss : 42028.75, postive loss : 10354.15, negtive loss : 31674.60:  50%|█████     | 500/1000 [1:00:15<59:57,  7.20s/it]
Epoch 500 | loss : 42028.75, postive loss : 10354.15, negtive loss : 31674.60:  50%|█████     | 501/1000 [1:00:15<59:50,  7.19s/it]
Epoch 501 | loss : 42004.74, postive loss : 10357.61, negtive loss : 31647.13:  50%|█████     | 501/1000 [1:00:23<59:50,  7.19s/it]
Epoch 501 | loss : 42004.74, postive loss : 10357.61, negtive loss : 31647.13:  50%|█████     | 502/1000 [1:00:23<59:43,  7.20s/it]
Epoch 502 | loss : 42035.39, postive loss : 10357.59, negtive loss : 31677.80:  50%|█████     | 502/1000 [1:00:30<59:43,  7.20s/it]
Epoch 502 | loss : 42035.39, postive loss : 10357.59, negtive loss : 31677.80:  50%|█████     | 503/1000 [1:00:30<59:35,  7.19s/it]
Epoch 503 | loss : 41944.96, postive loss : 10343.44, negtive loss : 31601.52:  50%|█████     | 503/1000 [1:00:37<59:35,  7.19s/it]
Epoch 503 | loss : 41944.96, postive loss : 10343.44, negtive loss : 31601.52:  50%|█████     | 504/1000 [1:00:37<59:30,  7.20s/it]
Epoch 504 | loss : 41995.03, postive loss : 10331.69, negtive loss : 31663.34:  50%|█████     | 504/1000 [1:00:44<59:30,  7.20s/it]
Epoch 504 | loss : 41995.03, postive loss : 10331.69, negtive loss : 31663.34:  50%|█████     | 505/1000 [1:00:44<59:23,  7.20s/it]
Epoch 505 | loss : 42002.05, postive loss : 10325.70, negtive loss : 31676.35:  50%|█████     | 505/1000 [1:00:51<59:23,  7.20s/it]
Epoch 505 | loss : 42002.05, postive loss : 10325.70, negtive loss : 31676.35:  51%|█████     | 506/1000 [1:00:51<59:15,  7.20s/it]
Epoch 506 | loss : 42001.08, postive loss : 10321.09, negtive loss : 31680.00:  51%|█████     | 506/1000 [1:00:59<59:15,  7.20s/it]
Epoch 506 | loss : 42001.08, postive loss : 10321.09, negtive loss : 31680.00:  51%|█████     | 507/1000 [1:00:59<59:08,  7.20s/it]
Epoch 507 | loss : 41903.64, postive loss : 10313.17, negtive loss : 31590.47:  51%|█████     | 507/1000 [1:01:06<59:08,  7.20s/it]
Epoch 507 | loss : 41903.64, postive loss : 10313.17, negtive loss : 31590.47:  51%|█████     | 508/1000 [1:01:06<59:00,  7.20s/it]
Epoch 508 | loss : 41952.15, postive loss : 10307.49, negtive loss : 31644.66:  51%|█████     | 508/1000 [1:01:13<59:00,  7.20s/it]
Epoch 508 | loss : 41952.15, postive loss : 10307.49, negtive loss : 31644.66:  51%|█████     | 509/1000 [1:01:13<58:55,  7.20s/it]
Epoch 509 | loss : 41998.48, postive loss : 10305.53, negtive loss : 31692.95:  51%|█████     | 509/1000 [1:01:20<58:55,  7.20s/it]
Epoch 509 | loss : 41998.48, postive loss : 10305.53, negtive loss : 31692.95:  51%|█████     | 510/1000 [1:01:20<58:47,  7.20s/it]
Epoch 510 | loss : 41951.64, postive loss : 10300.97, negtive loss : 31650.67:  51%|█████     | 510/1000 [1:01:27<58:47,  7.20s/it]
Epoch 510 | loss : 41951.64, postive loss : 10300.97, negtive loss : 31650.67:  51%|█████     | 511/1000 [1:01:27<58:39,  7.20s/it]
Epoch 511 | loss : 41927.92, postive loss : 10287.39, negtive loss : 31640.52:  51%|█████     | 511/1000 [1:01:35<58:39,  7.20s/it]
Epoch 511 | loss : 41927.92, postive loss : 10287.39, negtive loss : 31640.52:  51%|█████     | 512/1000 [1:01:35<58:32,  7.20s/it]
Epoch 512 | loss : 41946.55, postive loss : 10294.40, negtive loss : 31652.15:  51%|█████     | 512/1000 [1:01:42<58:32,  7.20s/it]
Epoch 512 | loss : 41946.55, postive loss : 10294.40, negtive loss : 31652.15:  51%|█████▏    | 513/1000 [1:01:42<58:24,  7.20s/it]
Epoch 513 | loss : 41938.50, postive loss : 10275.46, negtive loss : 31663.05:  51%|█████▏    | 513/1000 [1:01:49<58:24,  7.20s/it]
Epoch 513 | loss : 41938.50, postive loss : 10275.46, negtive loss : 31663.05:  51%|█████▏    | 514/1000 [1:01:49<58:23,  7.21s/it]
Epoch 514 | loss : 41922.17, postive loss : 10271.87, negtive loss : 31650.30:  51%|█████▏    | 514/1000 [1:01:56<58:23,  7.21s/it]
Epoch 514 | loss : 41922.17, postive loss : 10271.87, negtive loss : 31650.30:  52%|█████▏    | 515/1000 [1:01:56<58:24,  7.23s/it]
Epoch 515 | loss : 41875.41, postive loss : 10271.66, negtive loss : 31603.75:  52%|█████▏    | 515/1000 [1:02:04<58:24,  7.23s/it]
Epoch 515 | loss : 41875.41, postive loss : 10271.66, negtive loss : 31603.75:  52%|█████▏    | 516/1000 [1:02:04<58:20,  7.23s/it]
Epoch 516 | loss : 41930.00, postive loss : 10252.27, negtive loss : 31677.73:  52%|█████▏    | 516/1000 [1:02:11<58:20,  7.23s/it]
Epoch 516 | loss : 41930.00, postive loss : 10252.27, negtive loss : 31677.73:  52%|█████▏    | 517/1000 [1:02:11<58:07,  7.22s/it]
Epoch 517 | loss : 41865.71, postive loss : 10247.43, negtive loss : 31618.27:  52%|█████▏    | 517/1000 [1:02:18<58:07,  7.22s/it]
Epoch 517 | loss : 41865.71, postive loss : 10247.43, negtive loss : 31618.27:  52%|█████▏    | 518/1000 [1:02:18<57:56,  7.21s/it]
Epoch 518 | loss : 41913.89, postive loss : 10255.60, negtive loss : 31658.29:  52%|█████▏    | 518/1000 [1:02:25<57:56,  7.21s/it]
Epoch 518 | loss : 41913.89, postive loss : 10255.60, negtive loss : 31658.29:  52%|█████▏    | 519/1000 [1:02:25<57:46,  7.21s/it]
Epoch 519 | loss : 41894.39, postive loss : 10248.05, negtive loss : 31646.34:  52%|█████▏    | 519/1000 [1:02:32<57:46,  7.21s/it]
Epoch 519 | loss : 41894.39, postive loss : 10248.05, negtive loss : 31646.34:  52%|█████▏    | 520/1000 [1:02:32<57:37,  7.20s/it]
Epoch 520 | loss : 41845.35, postive loss : 10228.46, negtive loss : 31616.89:  52%|█████▏    | 520/1000 [1:02:40<57:37,  7.20s/it]
Epoch 520 | loss : 41845.35, postive loss : 10228.46, negtive loss : 31616.89:  52%|█████▏    | 521/1000 [1:02:40<57:29,  7.20s/it]
Epoch 521 | loss : 41844.99, postive loss : 10230.65, negtive loss : 31614.34:  52%|█████▏    | 521/1000 [1:02:47<57:29,  7.20s/it]
Epoch 521 | loss : 41844.99, postive loss : 10230.65, negtive loss : 31614.34:  52%|█████▏    | 522/1000 [1:02:47<57:21,  7.20s/it]
Epoch 522 | loss : 41854.27, postive loss : 10218.28, negtive loss : 31635.99:  52%|█████▏    | 522/1000 [1:02:54<57:21,  7.20s/it]
Epoch 522 | loss : 41854.27, postive loss : 10218.28, negtive loss : 31635.99:  52%|█████▏    | 523/1000 [1:02:54<57:13,  7.20s/it]
Epoch 523 | loss : 41807.61, postive loss : 10211.08, negtive loss : 31596.53:  52%|█████▏    | 523/1000 [1:03:01<57:13,  7.20s/it]
Epoch 523 | loss : 41807.61, postive loss : 10211.08, negtive loss : 31596.53:  52%|█████▏    | 524/1000 [1:03:01<57:06,  7.20s/it]
Epoch 524 | loss : 41840.43, postive loss : 10204.43, negtive loss : 31636.00:  52%|█████▏    | 524/1000 [1:03:09<57:06,  7.20s/it]
Epoch 524 | loss : 41840.43, postive loss : 10204.43, negtive loss : 31636.00:  52%|█████▎    | 525/1000 [1:03:09<57:27,  7.26s/it]
Epoch 525 | loss : 41792.25, postive loss : 10206.67, negtive loss : 31585.58:  52%|█████▎    | 525/1000 [1:03:16<57:27,  7.26s/it]
Epoch 525 | loss : 41792.25, postive loss : 10206.67, negtive loss : 31585.58:  53%|█████▎    | 526/1000 [1:03:16<57:27,  7.27s/it]
Epoch 526 | loss : 41854.69, postive loss : 10200.92, negtive loss : 31653.78:  53%|█████▎    | 526/1000 [1:03:23<57:27,  7.27s/it]
Epoch 526 | loss : 41854.69, postive loss : 10200.92, negtive loss : 31653.78:  53%|█████▎    | 527/1000 [1:03:23<57:09,  7.25s/it]
Epoch 527 | loss : 41768.48, postive loss : 10197.86, negtive loss : 31570.63:  53%|█████▎    | 527/1000 [1:03:30<57:09,  7.25s/it]
Epoch 527 | loss : 41768.48, postive loss : 10197.86, negtive loss : 31570.63:  53%|█████▎    | 528/1000 [1:03:30<56:55,  7.24s/it]
Epoch 528 | loss : 41738.62, postive loss : 10187.36, negtive loss : 31551.26:  53%|█████▎    | 528/1000 [1:03:37<56:55,  7.24s/it]
Epoch 528 | loss : 41738.62, postive loss : 10187.36, negtive loss : 31551.26:  53%|█████▎    | 529/1000 [1:03:37<56:44,  7.23s/it]
Epoch 529 | loss : 41832.42, postive loss : 10180.12, negtive loss : 31652.30:  53%|█████▎    | 529/1000 [1:03:45<56:44,  7.23s/it]
Epoch 529 | loss : 41832.42, postive loss : 10180.12, negtive loss : 31652.30:  53%|█████▎    | 530/1000 [1:03:45<56:34,  7.22s/it]
Epoch 530 | loss : 41806.33, postive loss : 10181.07, negtive loss : 31625.25:  53%|█████▎    | 530/1000 [1:03:52<56:34,  7.22s/it]
Epoch 530 | loss : 41806.33, postive loss : 10181.07, negtive loss : 31625.25:  53%|█████▎    | 531/1000 [1:03:52<56:23,  7.21s/it]
Epoch 531 | loss : 41800.07, postive loss : 10171.99, negtive loss : 31628.07:  53%|█████▎    | 531/1000 [1:03:59<56:23,  7.21s/it]
Epoch 531 | loss : 41800.07, postive loss : 10171.99, negtive loss : 31628.07:  53%|█████▎    | 532/1000 [1:03:59<56:12,  7.21s/it]
Epoch 532 | loss : 41762.65, postive loss : 10177.07, negtive loss : 31585.58:  53%|█████▎    | 532/1000 [1:04:06<56:12,  7.21s/it]
Epoch 532 | loss : 41762.65, postive loss : 10177.07, negtive loss : 31585.58:  53%|█████▎    | 533/1000 [1:04:06<56:04,  7.21s/it]
Epoch 533 | loss : 41761.55, postive loss : 10161.86, negtive loss : 31599.69:  53%|█████▎    | 533/1000 [1:04:14<56:04,  7.21s/it]
Epoch 533 | loss : 41761.55, postive loss : 10161.86, negtive loss : 31599.69:  53%|█████▎    | 534/1000 [1:04:14<56:00,  7.21s/it]
Epoch 534 | loss : 41901.33, postive loss : 10239.24, negtive loss : 31662.09:  53%|█████▎    | 534/1000 [1:04:21<56:00,  7.21s/it]
Epoch 534 | loss : 41901.33, postive loss : 10239.24, negtive loss : 31662.09:  54%|█████▎    | 535/1000 [1:04:21<55:51,  7.21s/it]
Epoch 535 | loss : 41749.43, postive loss : 10191.76, negtive loss : 31557.68:  54%|█████▎    | 535/1000 [1:04:28<55:51,  7.21s/it]
Epoch 535 | loss : 41749.43, postive loss : 10191.76, negtive loss : 31557.68:  54%|█████▎    | 536/1000 [1:04:28<55:41,  7.20s/it]
Epoch 536 | loss : 41811.19, postive loss : 10168.14, negtive loss : 31643.05:  54%|█████▎    | 536/1000 [1:04:35<55:41,  7.20s/it]
Epoch 536 | loss : 41811.19, postive loss : 10168.14, negtive loss : 31643.05:  54%|█████▎    | 537/1000 [1:04:35<55:37,  7.21s/it]
Epoch 537 | loss : 41745.96, postive loss : 10159.12, negtive loss : 31586.83:  54%|█████▎    | 537/1000 [1:04:42<55:37,  7.21s/it]
Epoch 537 | loss : 41745.96, postive loss : 10159.12, negtive loss : 31586.83:  54%|█████▍    | 538/1000 [1:04:42<55:26,  7.20s/it]
Epoch 538 | loss : 41779.77, postive loss : 10148.61, negtive loss : 31631.16:  54%|█████▍    | 538/1000 [1:04:49<55:26,  7.20s/it]
Epoch 538 | loss : 41779.77, postive loss : 10148.61, negtive loss : 31631.16:  54%|█████▍    | 539/1000 [1:04:49<55:16,  7.19s/it]
Epoch 539 | loss : 41753.27, postive loss : 10136.18, negtive loss : 31617.09:  54%|█████▍    | 539/1000 [1:04:57<55:16,  7.19s/it]
Epoch 539 | loss : 41753.27, postive loss : 10136.18, negtive loss : 31617.09:  54%|█████▍    | 540/1000 [1:04:57<55:13,  7.20s/it]
Epoch 540 | loss : 41719.33, postive loss : 10149.26, negtive loss : 31570.07:  54%|█████▍    | 540/1000 [1:05:04<55:13,  7.20s/it]
Epoch 540 | loss : 41719.33, postive loss : 10149.26, negtive loss : 31570.07:  54%|█████▍    | 541/1000 [1:05:04<55:06,  7.20s/it]
Epoch 541 | loss : 41687.98, postive loss : 10122.72, negtive loss : 31565.26:  54%|█████▍    | 541/1000 [1:05:11<55:06,  7.20s/it]
Epoch 541 | loss : 41687.98, postive loss : 10122.72, negtive loss : 31565.26:  54%|█████▍    | 542/1000 [1:05:11<55:02,  7.21s/it]
Epoch 542 | loss : 41691.63, postive loss : 10109.18, negtive loss : 31582.45:  54%|█████▍    | 542/1000 [1:05:18<55:02,  7.21s/it]
Epoch 542 | loss : 41691.63, postive loss : 10109.18, negtive loss : 31582.45:  54%|█████▍    | 543/1000 [1:05:18<54:55,  7.21s/it]
Epoch 543 | loss : 41688.54, postive loss : 10119.47, negtive loss : 31569.07:  54%|█████▍    | 543/1000 [1:05:26<54:55,  7.21s/it]
Epoch 543 | loss : 41688.54, postive loss : 10119.47, negtive loss : 31569.07:  54%|█████▍    | 544/1000 [1:05:26<54:46,  7.21s/it]
Epoch 544 | loss : 41754.76, postive loss : 10118.20, negtive loss : 31636.56:  54%|█████▍    | 544/1000 [1:05:33<54:46,  7.21s/it]
Epoch 544 | loss : 41754.76, postive loss : 10118.20, negtive loss : 31636.56:  55%|█████▍    | 545/1000 [1:05:33<54:35,  7.20s/it]
Epoch 545 | loss : 41721.96, postive loss : 10098.98, negtive loss : 31622.98:  55%|█████▍    | 545/1000 [1:05:40<54:35,  7.20s/it]
Epoch 545 | loss : 41721.96, postive loss : 10098.98, negtive loss : 31622.98:  55%|█████▍    | 546/1000 [1:05:40<54:25,  7.19s/it]
Epoch 546 | loss : 41636.29, postive loss : 10099.70, negtive loss : 31536.59:  55%|█████▍    | 546/1000 [1:05:47<54:25,  7.19s/it]
Epoch 546 | loss : 41636.29, postive loss : 10099.70, negtive loss : 31536.59:  55%|█████▍    | 547/1000 [1:05:47<54:19,  7.20s/it]
Epoch 547 | loss : 41682.47, postive loss : 10088.42, negtive loss : 31594.06:  55%|█████▍    | 547/1000 [1:05:54<54:19,  7.20s/it]
Epoch 547 | loss : 41682.47, postive loss : 10088.42, negtive loss : 31594.06:  55%|█████▍    | 548/1000 [1:05:54<54:10,  7.19s/it]
Epoch 548 | loss : 41611.83, postive loss : 10085.97, negtive loss : 31525.86:  55%|█████▍    | 548/1000 [1:06:01<54:10,  7.19s/it]
Epoch 548 | loss : 41611.83, postive loss : 10085.97, negtive loss : 31525.86:  55%|█████▍    | 549/1000 [1:06:01<54:01,  7.19s/it]
Epoch 549 | loss : 41706.71, postive loss : 10094.48, negtive loss : 31612.23:  55%|█████▍    | 549/1000 [1:06:09<54:01,  7.19s/it]
Epoch 549 | loss : 41706.71, postive loss : 10094.48, negtive loss : 31612.23:  55%|█████▌    | 550/1000 [1:06:09<53:52,  7.18s/it]
Epoch 550 | loss : 41616.85, postive loss : 10081.62, negtive loss : 31535.24:  55%|█████▌    | 550/1000 [1:06:16<53:52,  7.18s/it]
Epoch 550 | loss : 41616.85, postive loss : 10081.62, negtive loss : 31535.24:  55%|█████▌    | 551/1000 [1:06:16<53:44,  7.18s/it]
Epoch 551 | loss : 41621.42, postive loss : 10073.23, negtive loss : 31548.19:  55%|█████▌    | 551/1000 [1:06:23<53:44,  7.18s/it]
Epoch 551 | loss : 41621.42, postive loss : 10073.23, negtive loss : 31548.19:  55%|█████▌    | 552/1000 [1:06:23<53:38,  7.18s/it]
Epoch 552 | loss : 41619.76, postive loss : 10052.97, negtive loss : 31566.79:  55%|█████▌    | 552/1000 [1:06:30<53:38,  7.18s/it]
Epoch 552 | loss : 41619.76, postive loss : 10052.97, negtive loss : 31566.79:  55%|█████▌    | 553/1000 [1:06:30<53:29,  7.18s/it]
Epoch 553 | loss : 41689.07, postive loss : 10068.09, negtive loss : 31620.98:  55%|█████▌    | 553/1000 [1:06:37<53:29,  7.18s/it]
Epoch 553 | loss : 41689.07, postive loss : 10068.09, negtive loss : 31620.98:  55%|█████▌    | 554/1000 [1:06:37<53:26,  7.19s/it]
Epoch 554 | loss : 41627.17, postive loss : 10059.63, negtive loss : 31567.55:  55%|█████▌    | 554/1000 [1:06:45<53:26,  7.19s/it]
Epoch 554 | loss : 41627.17, postive loss : 10059.63, negtive loss : 31567.55:  56%|█████▌    | 555/1000 [1:06:45<53:19,  7.19s/it]
Epoch 555 | loss : 41586.19, postive loss : 10054.21, negtive loss : 31531.98:  56%|█████▌    | 555/1000 [1:06:52<53:19,  7.19s/it]
Epoch 555 | loss : 41586.19, postive loss : 10054.21, negtive loss : 31531.98:  56%|█████▌    | 556/1000 [1:06:52<53:12,  7.19s/it]
Epoch 556 | loss : 41617.84, postive loss : 10040.33, negtive loss : 31577.52:  56%|█████▌    | 556/1000 [1:06:59<53:12,  7.19s/it]
Epoch 556 | loss : 41617.84, postive loss : 10040.33, negtive loss : 31577.52:  56%|█████▌    | 557/1000 [1:06:59<53:05,  7.19s/it]
Epoch 557 | loss : 41882.54, postive loss : 10189.87, negtive loss : 31692.68:  56%|█████▌    | 557/1000 [1:07:06<53:05,  7.19s/it]
Epoch 557 | loss : 41882.54, postive loss : 10189.87, negtive loss : 31692.68:  56%|█████▌    | 558/1000 [1:07:06<52:56,  7.19s/it]
Epoch 558 | loss : 41655.05, postive loss : 10106.47, negtive loss : 31548.57:  56%|█████▌    | 558/1000 [1:07:13<52:56,  7.19s/it]
Epoch 558 | loss : 41655.05, postive loss : 10106.47, negtive loss : 31548.57:  56%|█████▌    | 559/1000 [1:07:13<52:49,  7.19s/it]
Epoch 559 | loss : 41646.41, postive loss : 10069.35, negtive loss : 31577.06:  56%|█████▌    | 559/1000 [1:07:21<52:49,  7.19s/it]
Epoch 559 | loss : 41646.41, postive loss : 10069.35, negtive loss : 31577.06:  56%|█████▌    | 560/1000 [1:07:21<52:41,  7.18s/it]
Epoch 560 | loss : 41630.26, postive loss : 10065.86, negtive loss : 31564.40:  56%|█████▌    | 560/1000 [1:07:28<52:41,  7.18s/it]
Epoch 560 | loss : 41630.26, postive loss : 10065.86, negtive loss : 31564.40:  56%|█████▌    | 561/1000 [1:07:28<52:32,  7.18s/it]
Epoch 561 | loss : 41597.68, postive loss : 10072.11, negtive loss : 31525.58:  56%|█████▌    | 561/1000 [1:07:35<52:32,  7.18s/it]
Epoch 561 | loss : 41597.68, postive loss : 10072.11, negtive loss : 31525.58:  56%|█████▌    | 562/1000 [1:07:35<52:25,  7.18s/it]
Epoch 562 | loss : 41613.25, postive loss : 10044.60, negtive loss : 31568.66:  56%|█████▌    | 562/1000 [1:07:42<52:25,  7.18s/it]
Epoch 562 | loss : 41613.25, postive loss : 10044.60, negtive loss : 31568.66:  56%|█████▋    | 563/1000 [1:07:42<52:16,  7.18s/it]
Epoch 563 | loss : 41589.00, postive loss : 10051.48, negtive loss : 31537.53:  56%|█████▋    | 563/1000 [1:07:49<52:16,  7.18s/it]
Epoch 563 | loss : 41589.00, postive loss : 10051.48, negtive loss : 31537.53:  56%|█████▋    | 564/1000 [1:07:49<52:09,  7.18s/it]
Epoch 564 | loss : 41617.13, postive loss : 10044.41, negtive loss : 31572.72:  56%|█████▋    | 564/1000 [1:07:56<52:09,  7.18s/it]
Epoch 564 | loss : 41617.13, postive loss : 10044.41, negtive loss : 31572.72:  56%|█████▋    | 565/1000 [1:07:56<52:01,  7.17s/it]
Epoch 565 | loss : 41593.92, postive loss : 10025.31, negtive loss : 31568.61:  56%|█████▋    | 565/1000 [1:08:04<52:01,  7.17s/it]
Epoch 565 | loss : 41593.92, postive loss : 10025.31, negtive loss : 31568.61:  57%|█████▋    | 566/1000 [1:08:04<51:55,  7.18s/it]
Epoch 566 | loss : 41598.44, postive loss : 10042.45, negtive loss : 31555.99:  57%|█████▋    | 566/1000 [1:08:11<51:55,  7.18s/it]
Epoch 566 | loss : 41598.44, postive loss : 10042.45, negtive loss : 31555.99:  57%|█████▋    | 567/1000 [1:08:11<51:48,  7.18s/it]
Epoch 567 | loss : 41583.39, postive loss : 10034.65, negtive loss : 31548.74:  57%|█████▋    | 567/1000 [1:08:18<51:48,  7.18s/it]
Epoch 567 | loss : 41583.39, postive loss : 10034.65, negtive loss : 31548.74:  57%|█████▋    | 568/1000 [1:08:18<51:42,  7.18s/it]
Epoch 568 | loss : 41530.19, postive loss : 10021.24, negtive loss : 31508.96:  57%|█████▋    | 568/1000 [1:08:25<51:42,  7.18s/it]
Epoch 568 | loss : 41530.19, postive loss : 10021.24, negtive loss : 31508.96:  57%|█████▋    | 569/1000 [1:08:25<51:33,  7.18s/it]
Epoch 569 | loss : 41524.25, postive loss : 10004.74, negtive loss : 31519.51:  57%|█████▋    | 569/1000 [1:08:32<51:33,  7.18s/it]
Epoch 569 | loss : 41524.25, postive loss : 10004.74, negtive loss : 31519.51:  57%|█████▋    | 570/1000 [1:08:32<51:26,  7.18s/it]
Epoch 570 | loss : 41508.58, postive loss : 9999.58, negtive loss : 31508.99:  57%|█████▋    | 570/1000 [1:08:39<51:26,  7.18s/it] 
Epoch 570 | loss : 41508.58, postive loss : 9999.58, negtive loss : 31508.99:  57%|█████▋    | 571/1000 [1:08:39<51:18,  7.18s/it]
Epoch 571 | loss : 41524.05, postive loss : 10006.69, negtive loss : 31517.35:  57%|█████▋    | 571/1000 [1:08:47<51:18,  7.18s/it]
Epoch 571 | loss : 41524.05, postive loss : 10006.69, negtive loss : 31517.35:  57%|█████▋    | 572/1000 [1:08:47<51:10,  7.17s/it]
Epoch 572 | loss : 41571.13, postive loss : 10000.78, negtive loss : 31570.35:  57%|█████▋    | 572/1000 [1:08:54<51:10,  7.17s/it]
Epoch 572 | loss : 41571.13, postive loss : 10000.78, negtive loss : 31570.35:  57%|█████▋    | 573/1000 [1:08:54<51:03,  7.17s/it]
Epoch 573 | loss : 41554.42, postive loss : 9994.00, negtive loss : 31560.42:  57%|█████▋    | 573/1000 [1:09:01<51:03,  7.17s/it] 
Epoch 573 | loss : 41554.42, postive loss : 9994.00, negtive loss : 31560.42:  57%|█████▋    | 574/1000 [1:09:01<50:55,  7.17s/it]
Epoch 574 | loss : 41528.67, postive loss : 9991.20, negtive loss : 31537.47:  57%|█████▋    | 574/1000 [1:09:08<50:55,  7.17s/it]
Epoch 574 | loss : 41528.67, postive loss : 9991.20, negtive loss : 31537.47:  57%|█████▊    | 575/1000 [1:09:08<50:48,  7.17s/it]
Epoch 575 | loss : 41510.28, postive loss : 9981.55, negtive loss : 31528.73:  57%|█████▊    | 575/1000 [1:09:15<50:48,  7.17s/it]
Epoch 575 | loss : 41510.28, postive loss : 9981.55, negtive loss : 31528.73:  58%|█████▊    | 576/1000 [1:09:15<50:41,  7.17s/it]
Epoch 576 | loss : 41547.30, postive loss : 10011.02, negtive loss : 31536.28:  58%|█████▊    | 576/1000 [1:09:22<50:41,  7.17s/it]
Epoch 576 | loss : 41547.30, postive loss : 10011.02, negtive loss : 31536.28:  58%|█████▊    | 577/1000 [1:09:22<50:35,  7.18s/it]
Epoch 577 | loss : 41507.50, postive loss : 9984.41, negtive loss : 31523.09:  58%|█████▊    | 577/1000 [1:09:30<50:35,  7.18s/it] 
Epoch 577 | loss : 41507.50, postive loss : 9984.41, negtive loss : 31523.09:  58%|█████▊    | 578/1000 [1:09:30<50:28,  7.18s/it]
Epoch 578 | loss : 41494.15, postive loss : 9980.45, negtive loss : 31513.70:  58%|█████▊    | 578/1000 [1:09:37<50:28,  7.18s/it]
Epoch 578 | loss : 41494.15, postive loss : 9980.45, negtive loss : 31513.70:  58%|█████▊    | 579/1000 [1:09:37<50:24,  7.18s/it]
Epoch 579 | loss : 41477.26, postive loss : 9973.97, negtive loss : 31503.29:  58%|█████▊    | 579/1000 [1:09:44<50:24,  7.18s/it]
Epoch 579 | loss : 41477.26, postive loss : 9973.97, negtive loss : 31503.29:  58%|█████▊    | 580/1000 [1:09:44<50:15,  7.18s/it]
Epoch 580 | loss : 41515.24, postive loss : 9966.67, negtive loss : 31548.58:  58%|█████▊    | 580/1000 [1:09:51<50:15,  7.18s/it]
Epoch 580 | loss : 41515.24, postive loss : 9966.67, negtive loss : 31548.58:  58%|█████▊    | 581/1000 [1:09:51<50:07,  7.18s/it]
Epoch 581 | loss : 41508.37, postive loss : 9961.22, negtive loss : 31547.14:  58%|█████▊    | 581/1000 [1:09:58<50:07,  7.18s/it]
Epoch 581 | loss : 41508.37, postive loss : 9961.22, negtive loss : 31547.14:  58%|█████▊    | 582/1000 [1:09:58<50:00,  7.18s/it]
Epoch 582 | loss : 41440.93, postive loss : 9946.95, negtive loss : 31493.98:  58%|█████▊    | 582/1000 [1:10:06<50:00,  7.18s/it]
Epoch 582 | loss : 41440.93, postive loss : 9946.95, negtive loss : 31493.98:  58%|█████▊    | 583/1000 [1:10:06<49:52,  7.18s/it]
Epoch 583 | loss : 41471.65, postive loss : 9952.44, negtive loss : 31519.21:  58%|█████▊    | 583/1000 [1:10:13<49:52,  7.18s/it]
Epoch 583 | loss : 41471.65, postive loss : 9952.44, negtive loss : 31519.21:  58%|█████▊    | 584/1000 [1:10:13<49:46,  7.18s/it]
Epoch 584 | loss : 41454.95, postive loss : 9943.81, negtive loss : 31511.14:  58%|█████▊    | 584/1000 [1:10:20<49:46,  7.18s/it]
Epoch 584 | loss : 41454.95, postive loss : 9943.81, negtive loss : 31511.14:  58%|█████▊    | 585/1000 [1:10:20<49:38,  7.18s/it]
Epoch 585 | loss : 41473.78, postive loss : 9952.42, negtive loss : 31521.36:  58%|█████▊    | 585/1000 [1:10:27<49:38,  7.18s/it]
Epoch 585 | loss : 41473.78, postive loss : 9952.42, negtive loss : 31521.36:  59%|█████▊    | 586/1000 [1:10:27<49:30,  7.17s/it]
Epoch 586 | loss : 41427.64, postive loss : 9946.63, negtive loss : 31481.01:  59%|█████▊    | 586/1000 [1:10:34<49:30,  7.17s/it]
Epoch 586 | loss : 41427.64, postive loss : 9946.63, negtive loss : 31481.01:  59%|█████▊    | 587/1000 [1:10:34<49:22,  7.17s/it]
Epoch 587 | loss : 41478.22, postive loss : 9942.35, negtive loss : 31535.88:  59%|█████▊    | 587/1000 [1:10:41<49:22,  7.17s/it]
Epoch 587 | loss : 41478.22, postive loss : 9942.35, negtive loss : 31535.88:  59%|█████▉    | 588/1000 [1:10:41<49:15,  7.17s/it]
Epoch 588 | loss : 41432.26, postive loss : 9931.97, negtive loss : 31500.29:  59%|█████▉    | 588/1000 [1:10:49<49:15,  7.17s/it]
Epoch 588 | loss : 41432.26, postive loss : 9931.97, negtive loss : 31500.29:  59%|█████▉    | 589/1000 [1:10:49<49:07,  7.17s/it]
Epoch 589 | loss : 41442.54, postive loss : 9937.63, negtive loss : 31504.91:  59%|█████▉    | 589/1000 [1:10:56<49:07,  7.17s/it]
Epoch 589 | loss : 41442.54, postive loss : 9937.63, negtive loss : 31504.91:  59%|█████▉    | 590/1000 [1:10:56<49:00,  7.17s/it]
Epoch 590 | loss : 41441.13, postive loss : 9921.70, negtive loss : 31519.43:  59%|█████▉    | 590/1000 [1:11:03<49:00,  7.17s/it]
Epoch 590 | loss : 41441.13, postive loss : 9921.70, negtive loss : 31519.43:  59%|█████▉    | 591/1000 [1:11:03<48:52,  7.17s/it]
Epoch 591 | loss : 41504.61, postive loss : 9981.70, negtive loss : 31522.91:  59%|█████▉    | 591/1000 [1:11:10<48:52,  7.17s/it]
Epoch 591 | loss : 41504.61, postive loss : 9981.70, negtive loss : 31522.91:  59%|█████▉    | 592/1000 [1:11:10<48:47,  7.18s/it]
Epoch 592 | loss : 41450.17, postive loss : 9952.81, negtive loss : 31497.36:  59%|█████▉    | 592/1000 [1:11:17<48:47,  7.18s/it]
Epoch 592 | loss : 41450.17, postive loss : 9952.81, negtive loss : 31497.36:  59%|█████▉    | 593/1000 [1:11:17<48:41,  7.18s/it]
Epoch 593 | loss : 41432.66, postive loss : 9945.69, negtive loss : 31486.97:  59%|█████▉    | 593/1000 [1:11:24<48:41,  7.18s/it]
Epoch 593 | loss : 41432.66, postive loss : 9945.69, negtive loss : 31486.97:  59%|█████▉    | 594/1000 [1:11:24<48:33,  7.18s/it]
Epoch 594 | loss : 41493.30, postive loss : 9926.72, negtive loss : 31566.57:  59%|█████▉    | 594/1000 [1:11:32<48:33,  7.18s/it]
Epoch 594 | loss : 41493.30, postive loss : 9926.72, negtive loss : 31566.57:  60%|█████▉    | 595/1000 [1:11:32<48:25,  7.18s/it]
Epoch 595 | loss : 41421.98, postive loss : 9928.24, negtive loss : 31493.74:  60%|█████▉    | 595/1000 [1:11:39<48:25,  7.18s/it]
Epoch 595 | loss : 41421.98, postive loss : 9928.24, negtive loss : 31493.74:  60%|█████▉    | 596/1000 [1:11:39<48:18,  7.18s/it]
Epoch 596 | loss : 41400.38, postive loss : 9904.85, negtive loss : 31495.53:  60%|█████▉    | 596/1000 [1:11:46<48:18,  7.18s/it]
Epoch 596 | loss : 41400.38, postive loss : 9904.85, negtive loss : 31495.53:  60%|█████▉    | 597/1000 [1:11:46<48:13,  7.18s/it]
Epoch 597 | loss : 41393.05, postive loss : 9898.79, negtive loss : 31494.26:  60%|█████▉    | 597/1000 [1:11:53<48:13,  7.18s/it]
Epoch 597 | loss : 41393.05, postive loss : 9898.79, negtive loss : 31494.26:  60%|█████▉    | 598/1000 [1:11:53<48:09,  7.19s/it]
Epoch 598 | loss : 41447.26, postive loss : 9914.14, negtive loss : 31533.12:  60%|█████▉    | 598/1000 [1:12:00<48:09,  7.19s/it]
Epoch 598 | loss : 41447.26, postive loss : 9914.14, negtive loss : 31533.12:  60%|█████▉    | 599/1000 [1:12:00<48:01,  7.19s/it]
Epoch 599 | loss : 41418.97, postive loss : 9901.83, negtive loss : 31517.15:  60%|█████▉    | 599/1000 [1:12:08<48:01,  7.19s/it]
Epoch 599 | loss : 41418.97, postive loss : 9901.83, negtive loss : 31517.15:  60%|██████    | 600/1000 [1:12:08<47:53,  7.18s/it]
Epoch 600 | loss : 41413.15, postive loss : 9896.54, negtive loss : 31516.60:  60%|██████    | 600/1000 [1:12:15<47:53,  7.18s/it]
Epoch 600 | loss : 41413.15, postive loss : 9896.54, negtive loss : 31516.60:  60%|██████    | 601/1000 [1:12:15<47:46,  7.18s/it]
Epoch 601 | loss : 41355.30, postive loss : 9898.52, negtive loss : 31456.78:  60%|██████    | 601/1000 [1:12:22<47:46,  7.18s/it]
Epoch 601 | loss : 41355.30, postive loss : 9898.52, negtive loss : 31456.78:  60%|██████    | 602/1000 [1:12:22<47:43,  7.20s/it]
Epoch 602 | loss : 41350.84, postive loss : 9887.85, negtive loss : 31462.99:  60%|██████    | 602/1000 [1:12:29<47:43,  7.20s/it]
Epoch 602 | loss : 41350.84, postive loss : 9887.85, negtive loss : 31462.99:  60%|██████    | 603/1000 [1:12:29<47:35,  7.19s/it]
Epoch 603 | loss : 41412.53, postive loss : 9886.74, negtive loss : 31525.79:  60%|██████    | 603/1000 [1:12:36<47:35,  7.19s/it]
Epoch 603 | loss : 41412.53, postive loss : 9886.74, negtive loss : 31525.79:  60%|██████    | 604/1000 [1:12:36<47:33,  7.20s/it]
Epoch 604 | loss : 41380.97, postive loss : 9886.99, negtive loss : 31493.98:  60%|██████    | 604/1000 [1:12:44<47:33,  7.20s/it]
Epoch 604 | loss : 41380.97, postive loss : 9886.99, negtive loss : 31493.98:  60%|██████    | 605/1000 [1:12:44<47:21,  7.19s/it]
Epoch 605 | loss : 41382.57, postive loss : 9871.96, negtive loss : 31510.61:  60%|██████    | 605/1000 [1:12:51<47:21,  7.19s/it]
Epoch 605 | loss : 41382.57, postive loss : 9871.96, negtive loss : 31510.61:  61%|██████    | 606/1000 [1:12:51<47:15,  7.20s/it]
Epoch 606 | loss : 41424.56, postive loss : 9871.11, negtive loss : 31553.45:  61%|██████    | 606/1000 [1:12:58<47:15,  7.20s/it]
Epoch 606 | loss : 41424.56, postive loss : 9871.11, negtive loss : 31553.45:  61%|██████    | 607/1000 [1:12:58<47:08,  7.20s/it]
Epoch 607 | loss : 41354.40, postive loss : 9883.87, negtive loss : 31470.52:  61%|██████    | 607/1000 [1:13:05<47:08,  7.20s/it]
Epoch 607 | loss : 41354.40, postive loss : 9883.87, negtive loss : 31470.52:  61%|██████    | 608/1000 [1:13:05<47:02,  7.20s/it]
Epoch 608 | loss : 41363.39, postive loss : 9865.28, negtive loss : 31498.11:  61%|██████    | 608/1000 [1:13:12<47:02,  7.20s/it]
Epoch 608 | loss : 41363.39, postive loss : 9865.28, negtive loss : 31498.11:  61%|██████    | 609/1000 [1:13:12<46:55,  7.20s/it]
Epoch 609 | loss : 41326.09, postive loss : 9862.47, negtive loss : 31463.63:  61%|██████    | 609/1000 [1:13:20<46:55,  7.20s/it]
Epoch 609 | loss : 41326.09, postive loss : 9862.47, negtive loss : 31463.63:  61%|██████    | 610/1000 [1:13:20<46:47,  7.20s/it]
Epoch 610 | loss : 41352.32, postive loss : 9857.98, negtive loss : 31494.34:  61%|██████    | 610/1000 [1:13:27<46:47,  7.20s/it]
Epoch 610 | loss : 41352.32, postive loss : 9857.98, negtive loss : 31494.34:  61%|██████    | 611/1000 [1:13:27<46:38,  7.20s/it]
Epoch 611 | loss : 41369.08, postive loss : 9861.48, negtive loss : 31507.60:  61%|██████    | 611/1000 [1:13:34<46:38,  7.20s/it]
Epoch 611 | loss : 41369.08, postive loss : 9861.48, negtive loss : 31507.60:  61%|██████    | 612/1000 [1:13:34<46:29,  7.19s/it]
Epoch 612 | loss : 41319.98, postive loss : 9858.29, negtive loss : 31461.69:  61%|██████    | 612/1000 [1:13:41<46:29,  7.19s/it]
Epoch 612 | loss : 41319.98, postive loss : 9858.29, negtive loss : 31461.69:  61%|██████▏   | 613/1000 [1:13:41<46:19,  7.18s/it]
Epoch 613 | loss : 41332.03, postive loss : 9855.40, negtive loss : 31476.64:  61%|██████▏   | 613/1000 [1:13:48<46:19,  7.18s/it]
Epoch 613 | loss : 41332.03, postive loss : 9855.40, negtive loss : 31476.64:  61%|██████▏   | 614/1000 [1:13:48<46:11,  7.18s/it]
Epoch 614 | loss : 41292.78, postive loss : 9853.61, negtive loss : 31439.17:  61%|██████▏   | 614/1000 [1:13:55<46:11,  7.18s/it]
Epoch 614 | loss : 41292.78, postive loss : 9853.61, negtive loss : 31439.17:  62%|██████▏   | 615/1000 [1:13:55<46:02,  7.18s/it]
Epoch 615 | loss : 41320.37, postive loss : 9850.37, negtive loss : 31470.01:  62%|██████▏   | 615/1000 [1:14:03<46:02,  7.18s/it]
Epoch 615 | loss : 41320.37, postive loss : 9850.37, negtive loss : 31470.01:  62%|██████▏   | 616/1000 [1:14:03<45:55,  7.17s/it]
Epoch 616 | loss : 41293.09, postive loss : 9843.44, negtive loss : 31449.65:  62%|██████▏   | 616/1000 [1:14:10<45:55,  7.17s/it]
Epoch 616 | loss : 41293.09, postive loss : 9843.44, negtive loss : 31449.65:  62%|██████▏   | 617/1000 [1:14:10<45:48,  7.18s/it]
Epoch 617 | loss : 41369.53, postive loss : 9842.82, negtive loss : 31526.71:  62%|██████▏   | 617/1000 [1:14:17<45:48,  7.18s/it]
Epoch 617 | loss : 41369.53, postive loss : 9842.82, negtive loss : 31526.71:  62%|██████▏   | 618/1000 [1:14:17<45:41,  7.18s/it]
Epoch 618 | loss : 41323.65, postive loss : 9825.21, negtive loss : 31498.45:  62%|██████▏   | 618/1000 [1:14:24<45:41,  7.18s/it]
Epoch 618 | loss : 41323.65, postive loss : 9825.21, negtive loss : 31498.45:  62%|██████▏   | 619/1000 [1:14:24<45:34,  7.18s/it]
Epoch 619 | loss : 41255.36, postive loss : 9826.09, negtive loss : 31429.26:  62%|██████▏   | 619/1000 [1:14:31<45:34,  7.18s/it]
Epoch 619 | loss : 41255.36, postive loss : 9826.09, negtive loss : 31429.26:  62%|██████▏   | 620/1000 [1:14:31<45:27,  7.18s/it]
Epoch 620 | loss : 41258.13, postive loss : 9819.73, negtive loss : 31438.40:  62%|██████▏   | 620/1000 [1:14:39<45:27,  7.18s/it]
Epoch 620 | loss : 41258.13, postive loss : 9819.73, negtive loss : 31438.40:  62%|██████▏   | 621/1000 [1:14:39<45:19,  7.18s/it]
Epoch 621 | loss : 41276.68, postive loss : 9822.63, negtive loss : 31454.06:  62%|██████▏   | 621/1000 [1:14:46<45:19,  7.18s/it]
Epoch 621 | loss : 41276.68, postive loss : 9822.63, negtive loss : 31454.06:  62%|██████▏   | 622/1000 [1:14:46<45:11,  7.17s/it]
Epoch 622 | loss : 41339.26, postive loss : 9826.53, negtive loss : 31512.72:  62%|██████▏   | 622/1000 [1:14:53<45:11,  7.17s/it]
Epoch 622 | loss : 41339.26, postive loss : 9826.53, negtive loss : 31512.72:  62%|██████▏   | 623/1000 [1:14:53<45:03,  7.17s/it]
Epoch 623 | loss : 41286.35, postive loss : 9858.67, negtive loss : 31427.68:  62%|██████▏   | 623/1000 [1:15:00<45:03,  7.17s/it]
Epoch 623 | loss : 41286.35, postive loss : 9858.67, negtive loss : 31427.68:  62%|██████▏   | 624/1000 [1:15:00<44:56,  7.17s/it]
Epoch 624 | loss : 41276.94, postive loss : 9838.44, negtive loss : 31438.50:  62%|██████▏   | 624/1000 [1:15:07<44:56,  7.17s/it]
Epoch 624 | loss : 41276.94, postive loss : 9838.44, negtive loss : 31438.50:  62%|██████▎   | 625/1000 [1:15:07<44:49,  7.17s/it]
Epoch 625 | loss : 41322.65, postive loss : 9816.26, negtive loss : 31506.39:  62%|██████▎   | 625/1000 [1:15:14<44:49,  7.17s/it]
Epoch 625 | loss : 41322.65, postive loss : 9816.26, negtive loss : 31506.39:  63%|██████▎   | 626/1000 [1:15:14<44:43,  7.17s/it]
Epoch 626 | loss : 41268.42, postive loss : 9820.81, negtive loss : 31447.61:  63%|██████▎   | 626/1000 [1:15:22<44:43,  7.17s/it]
Epoch 626 | loss : 41268.42, postive loss : 9820.81, negtive loss : 31447.61:  63%|██████▎   | 627/1000 [1:15:22<44:35,  7.17s/it]
Epoch 627 | loss : 41304.17, postive loss : 9813.90, negtive loss : 31490.27:  63%|██████▎   | 627/1000 [1:15:29<44:35,  7.17s/it]
Epoch 627 | loss : 41304.17, postive loss : 9813.90, negtive loss : 31490.27:  63%|██████▎   | 628/1000 [1:15:29<44:30,  7.18s/it]
Epoch 628 | loss : 41259.77, postive loss : 9810.66, negtive loss : 31449.11:  63%|██████▎   | 628/1000 [1:15:36<44:30,  7.18s/it]
Epoch 628 | loss : 41259.77, postive loss : 9810.66, negtive loss : 31449.11:  63%|██████▎   | 629/1000 [1:15:36<44:24,  7.18s/it]
Epoch 629 | loss : 41237.86, postive loss : 9795.09, negtive loss : 31442.76:  63%|██████▎   | 629/1000 [1:15:43<44:24,  7.18s/it]
Epoch 629 | loss : 41237.86, postive loss : 9795.09, negtive loss : 31442.76:  63%|██████▎   | 630/1000 [1:15:43<44:19,  7.19s/it]
Epoch 630 | loss : 41297.22, postive loss : 9811.26, negtive loss : 31485.96:  63%|██████▎   | 630/1000 [1:15:50<44:19,  7.19s/it]
Epoch 630 | loss : 41297.22, postive loss : 9811.26, negtive loss : 31485.96:  63%|██████▎   | 631/1000 [1:15:50<44:14,  7.19s/it]
Epoch 631 | loss : 41268.29, postive loss : 9798.77, negtive loss : 31469.53:  63%|██████▎   | 631/1000 [1:15:58<44:14,  7.19s/it]
Epoch 631 | loss : 41268.29, postive loss : 9798.77, negtive loss : 31469.53:  63%|██████▎   | 632/1000 [1:15:58<44:07,  7.19s/it]
Epoch 632 | loss : 41244.18, postive loss : 9798.70, negtive loss : 31445.48:  63%|██████▎   | 632/1000 [1:16:05<44:07,  7.19s/it]
Epoch 632 | loss : 41244.18, postive loss : 9798.70, negtive loss : 31445.48:  63%|██████▎   | 633/1000 [1:16:05<44:00,  7.20s/it]
Epoch 633 | loss : 41233.61, postive loss : 9790.79, negtive loss : 31442.82:  63%|██████▎   | 633/1000 [1:16:12<44:00,  7.20s/it]
Epoch 633 | loss : 41233.61, postive loss : 9790.79, negtive loss : 31442.82:  63%|██████▎   | 634/1000 [1:16:12<43:54,  7.20s/it]
Epoch 634 | loss : 41229.30, postive loss : 9797.11, negtive loss : 31432.20:  63%|██████▎   | 634/1000 [1:16:19<43:54,  7.20s/it]
Epoch 634 | loss : 41229.30, postive loss : 9797.11, negtive loss : 31432.20:  64%|██████▎   | 635/1000 [1:16:19<43:47,  7.20s/it]
Epoch 635 | loss : 41168.72, postive loss : 9786.32, negtive loss : 31382.40:  64%|██████▎   | 635/1000 [1:16:26<43:47,  7.20s/it]
Epoch 635 | loss : 41168.72, postive loss : 9786.32, negtive loss : 31382.40:  64%|██████▎   | 636/1000 [1:16:26<43:41,  7.20s/it]
Epoch 636 | loss : 41205.90, postive loss : 9777.77, negtive loss : 31428.13:  64%|██████▎   | 636/1000 [1:16:34<43:41,  7.20s/it]
Epoch 636 | loss : 41205.90, postive loss : 9777.77, negtive loss : 31428.13:  64%|██████▎   | 637/1000 [1:16:34<43:33,  7.20s/it]
Epoch 637 | loss : 41243.46, postive loss : 9784.06, negtive loss : 31459.40:  64%|██████▎   | 637/1000 [1:16:41<43:33,  7.20s/it]
Epoch 637 | loss : 41243.46, postive loss : 9784.06, negtive loss : 31459.40:  64%|██████▍   | 638/1000 [1:16:41<43:24,  7.20s/it]
Epoch 638 | loss : 41284.81, postive loss : 9779.33, negtive loss : 31505.48:  64%|██████▍   | 638/1000 [1:16:48<43:24,  7.20s/it]
Epoch 638 | loss : 41284.81, postive loss : 9779.33, negtive loss : 31505.48:  64%|██████▍   | 639/1000 [1:16:48<43:16,  7.19s/it]
Epoch 639 | loss : 41201.15, postive loss : 9782.14, negtive loss : 31419.01:  64%|██████▍   | 639/1000 [1:16:55<43:16,  7.19s/it]
Epoch 639 | loss : 41201.15, postive loss : 9782.14, negtive loss : 31419.01:  64%|██████▍   | 640/1000 [1:16:55<43:12,  7.20s/it]
Epoch 640 | loss : 41199.86, postive loss : 9762.60, negtive loss : 31437.26:  64%|██████▍   | 640/1000 [1:17:02<43:12,  7.20s/it]
Epoch 640 | loss : 41199.86, postive loss : 9762.60, negtive loss : 31437.26:  64%|██████▍   | 641/1000 [1:17:02<43:04,  7.20s/it]
Epoch 641 | loss : 41188.44, postive loss : 9771.09, negtive loss : 31417.35:  64%|██████▍   | 641/1000 [1:17:10<43:04,  7.20s/it]
Epoch 641 | loss : 41188.44, postive loss : 9771.09, negtive loss : 31417.35:  64%|██████▍   | 642/1000 [1:17:10<43:00,  7.21s/it]
Epoch 642 | loss : 41184.25, postive loss : 9751.76, negtive loss : 31432.49:  64%|██████▍   | 642/1000 [1:17:17<43:00,  7.21s/it]
Epoch 642 | loss : 41184.25, postive loss : 9751.76, negtive loss : 31432.49:  64%|██████▍   | 643/1000 [1:17:17<42:53,  7.21s/it]
Epoch 643 | loss : 41171.18, postive loss : 9757.62, negtive loss : 31413.56:  64%|██████▍   | 643/1000 [1:17:24<42:53,  7.21s/it]
Epoch 643 | loss : 41171.18, postive loss : 9757.62, negtive loss : 31413.56:  64%|██████▍   | 644/1000 [1:17:24<42:46,  7.21s/it]
Epoch 644 | loss : 41164.78, postive loss : 9753.32, negtive loss : 31411.46:  64%|██████▍   | 644/1000 [1:17:31<42:46,  7.21s/it]
Epoch 644 | loss : 41164.78, postive loss : 9753.32, negtive loss : 31411.46:  64%|██████▍   | 645/1000 [1:17:31<42:36,  7.20s/it]
Epoch 645 | loss : 41194.66, postive loss : 9748.19, negtive loss : 31446.48:  64%|██████▍   | 645/1000 [1:17:38<42:36,  7.20s/it]
Epoch 645 | loss : 41194.66, postive loss : 9748.19, negtive loss : 31446.48:  65%|██████▍   | 646/1000 [1:17:38<42:27,  7.19s/it]
Epoch 646 | loss : 41147.63, postive loss : 9737.84, negtive loss : 31409.79:  65%|██████▍   | 646/1000 [1:17:46<42:27,  7.19s/it]
Epoch 646 | loss : 41147.63, postive loss : 9737.84, negtive loss : 31409.79:  65%|██████▍   | 647/1000 [1:17:46<42:17,  7.19s/it]
Epoch 647 | loss : 41200.34, postive loss : 9745.38, negtive loss : 31454.97:  65%|██████▍   | 647/1000 [1:17:53<42:17,  7.19s/it]
Epoch 647 | loss : 41200.34, postive loss : 9745.38, negtive loss : 31454.97:  65%|██████▍   | 648/1000 [1:17:53<42:09,  7.19s/it]
Epoch 648 | loss : 41141.56, postive loss : 9733.40, negtive loss : 31408.17:  65%|██████▍   | 648/1000 [1:18:00<42:09,  7.19s/it]
Epoch 648 | loss : 41141.56, postive loss : 9733.40, negtive loss : 31408.17:  65%|██████▍   | 649/1000 [1:18:00<42:02,  7.19s/it]
Epoch 649 | loss : 41159.72, postive loss : 9738.43, negtive loss : 31421.29:  65%|██████▍   | 649/1000 [1:18:07<42:02,  7.19s/it]
Epoch 649 | loss : 41159.72, postive loss : 9738.43, negtive loss : 31421.29:  65%|██████▌   | 650/1000 [1:18:07<41:54,  7.18s/it]
Epoch 650 | loss : 41158.22, postive loss : 9734.98, negtive loss : 31423.24:  65%|██████▌   | 650/1000 [1:18:14<41:54,  7.18s/it]
Epoch 650 | loss : 41158.22, postive loss : 9734.98, negtive loss : 31423.24:  65%|██████▌   | 651/1000 [1:18:14<41:48,  7.19s/it]
Epoch 651 | loss : 41165.52, postive loss : 9744.20, negtive loss : 31421.32:  65%|██████▌   | 651/1000 [1:18:21<41:48,  7.19s/it]
Epoch 651 | loss : 41165.52, postive loss : 9744.20, negtive loss : 31421.32:  65%|██████▌   | 652/1000 [1:18:21<41:41,  7.19s/it]
Epoch 652 | loss : 41145.27, postive loss : 9739.10, negtive loss : 31406.16:  65%|██████▌   | 652/1000 [1:18:29<41:41,  7.19s/it]
Epoch 652 | loss : 41145.27, postive loss : 9739.10, negtive loss : 31406.16:  65%|██████▌   | 653/1000 [1:18:29<41:33,  7.19s/it]
Epoch 653 | loss : 41202.42, postive loss : 9730.68, negtive loss : 31471.74:  65%|██████▌   | 653/1000 [1:18:36<41:33,  7.19s/it]
Epoch 653 | loss : 41202.42, postive loss : 9730.68, negtive loss : 31471.74:  65%|██████▌   | 654/1000 [1:18:36<41:27,  7.19s/it]
Epoch 654 | loss : 41122.99, postive loss : 9735.83, negtive loss : 31387.17:  65%|██████▌   | 654/1000 [1:18:43<41:27,  7.19s/it]
Epoch 654 | loss : 41122.99, postive loss : 9735.83, negtive loss : 31387.17:  66%|██████▌   | 655/1000 [1:18:43<41:19,  7.19s/it]
Epoch 655 | loss : 41130.93, postive loss : 9728.52, negtive loss : 31402.41:  66%|██████▌   | 655/1000 [1:18:50<41:19,  7.19s/it]
Epoch 655 | loss : 41130.93, postive loss : 9728.52, negtive loss : 31402.41:  66%|██████▌   | 656/1000 [1:18:50<41:14,  7.19s/it]
Epoch 656 | loss : 41196.96, postive loss : 9726.25, negtive loss : 31470.71:  66%|██████▌   | 656/1000 [1:18:57<41:14,  7.19s/it]
Epoch 656 | loss : 41196.96, postive loss : 9726.25, negtive loss : 31470.71:  66%|██████▌   | 657/1000 [1:18:57<41:08,  7.20s/it]
Epoch 657 | loss : 41112.90, postive loss : 9723.00, negtive loss : 31389.90:  66%|██████▌   | 657/1000 [1:19:05<41:08,  7.20s/it]
Epoch 657 | loss : 41112.90, postive loss : 9723.00, negtive loss : 31389.90:  66%|██████▌   | 658/1000 [1:19:05<41:03,  7.20s/it]
Epoch 658 | loss : 41111.16, postive loss : 9706.29, negtive loss : 31404.87:  66%|██████▌   | 658/1000 [1:19:12<41:03,  7.20s/it]
Epoch 658 | loss : 41111.16, postive loss : 9706.29, negtive loss : 31404.87:  66%|██████▌   | 659/1000 [1:19:12<40:58,  7.21s/it]
Epoch 659 | loss : 41166.66, postive loss : 9718.38, negtive loss : 31448.28:  66%|██████▌   | 659/1000 [1:19:19<40:58,  7.21s/it]
Epoch 659 | loss : 41166.66, postive loss : 9718.38, negtive loss : 31448.28:  66%|██████▌   | 660/1000 [1:19:19<40:50,  7.21s/it]
Epoch 660 | loss : 41118.07, postive loss : 9713.33, negtive loss : 31404.74:  66%|██████▌   | 660/1000 [1:19:26<40:50,  7.21s/it]
Epoch 660 | loss : 41118.07, postive loss : 9713.33, negtive loss : 31404.74:  66%|██████▌   | 661/1000 [1:19:26<40:41,  7.20s/it]
Epoch 661 | loss : 41181.62, postive loss : 9719.94, negtive loss : 31461.68:  66%|██████▌   | 661/1000 [1:19:33<40:41,  7.20s/it]
Epoch 661 | loss : 41181.62, postive loss : 9719.94, negtive loss : 31461.68:  66%|██████▌   | 662/1000 [1:19:33<40:34,  7.20s/it]
Epoch 662 | loss : 41125.42, postive loss : 9716.57, negtive loss : 31408.85:  66%|██████▌   | 662/1000 [1:19:41<40:34,  7.20s/it]
Epoch 662 | loss : 41125.42, postive loss : 9716.57, negtive loss : 31408.85:  66%|██████▋   | 663/1000 [1:19:41<40:27,  7.20s/it]
Epoch 663 | loss : 41100.30, postive loss : 9703.91, negtive loss : 31396.39:  66%|██████▋   | 663/1000 [1:19:48<40:27,  7.20s/it]
Epoch 663 | loss : 41100.30, postive loss : 9703.91, negtive loss : 31396.39:  66%|██████▋   | 664/1000 [1:19:48<40:19,  7.20s/it]
Epoch 664 | loss : 41117.25, postive loss : 9692.34, negtive loss : 31424.91:  66%|██████▋   | 664/1000 [1:19:55<40:19,  7.20s/it]
Epoch 664 | loss : 41117.25, postive loss : 9692.34, negtive loss : 31424.91:  66%|██████▋   | 665/1000 [1:19:55<40:11,  7.20s/it]
Epoch 665 | loss : 58619.39, postive loss : 27311.32, negtive loss : 31308.07:  66%|██████▋   | 665/1000 [1:20:02<40:11,  7.20s/it]
Epoch 665 | loss : 58619.39, postive loss : 27311.32, negtive loss : 31308.07:  67%|██████▋   | 666/1000 [1:20:02<40:01,  7.19s/it]
Epoch 666 | loss : 43438.24, postive loss : 12104.19, negtive loss : 31334.05:  67%|██████▋   | 666/1000 [1:20:09<40:01,  7.19s/it]
Epoch 666 | loss : 43438.24, postive loss : 12104.19, negtive loss : 31334.05:  67%|██████▋   | 667/1000 [1:20:09<39:53,  7.19s/it]
Epoch 667 | loss : 43239.42, postive loss : 11851.29, negtive loss : 31388.13:  67%|██████▋   | 667/1000 [1:20:17<39:53,  7.19s/it]
Epoch 667 | loss : 43239.42, postive loss : 11851.29, negtive loss : 31388.13:  67%|██████▋   | 668/1000 [1:20:17<39:44,  7.18s/it]
Epoch 668 | loss : 42296.93, postive loss : 10916.12, negtive loss : 31380.81:  67%|██████▋   | 668/1000 [1:20:24<39:44,  7.18s/it]
Epoch 668 | loss : 42296.93, postive loss : 10916.12, negtive loss : 31380.81:  67%|██████▋   | 669/1000 [1:20:24<39:36,  7.18s/it]
Epoch 669 | loss : 41815.04, postive loss : 10374.51, negtive loss : 31440.52:  67%|██████▋   | 669/1000 [1:20:31<39:36,  7.18s/it]
Epoch 669 | loss : 41815.04, postive loss : 10374.51, negtive loss : 31440.52:  67%|██████▋   | 670/1000 [1:20:31<39:28,  7.18s/it]
Epoch 670 | loss : 41745.47, postive loss : 10325.82, negtive loss : 31419.65:  67%|██████▋   | 670/1000 [1:20:38<39:28,  7.18s/it]
Epoch 670 | loss : 41745.47, postive loss : 10325.82, negtive loss : 31419.65:  67%|██████▋   | 671/1000 [1:20:38<39:21,  7.18s/it]
Epoch 671 | loss : 41642.19, postive loss : 10197.03, negtive loss : 31445.16:  67%|██████▋   | 671/1000 [1:20:45<39:21,  7.18s/it]
Epoch 671 | loss : 41642.19, postive loss : 10197.03, negtive loss : 31445.16:  67%|██████▋   | 672/1000 [1:20:45<39:14,  7.18s/it]
Epoch 672 | loss : 41410.38, postive loss : 9998.17, negtive loss : 31412.21:  67%|██████▋   | 672/1000 [1:20:52<39:14,  7.18s/it] 
Epoch 672 | loss : 41410.38, postive loss : 9998.17, negtive loss : 31412.21:  67%|██████▋   | 673/1000 [1:20:52<39:07,  7.18s/it]
Epoch 673 | loss : 41478.23, postive loss : 10035.44, negtive loss : 31442.79:  67%|██████▋   | 673/1000 [1:21:00<39:07,  7.18s/it]
Epoch 673 | loss : 41478.23, postive loss : 10035.44, negtive loss : 31442.79:  67%|██████▋   | 674/1000 [1:21:00<39:01,  7.18s/it]
Epoch 674 | loss : 41390.15, postive loss : 9982.98, negtive loss : 31407.17:  67%|██████▋   | 674/1000 [1:21:07<39:01,  7.18s/it] 
Epoch 674 | loss : 41390.15, postive loss : 9982.98, negtive loss : 31407.17:  68%|██████▊   | 675/1000 [1:21:07<38:54,  7.18s/it]
Epoch 675 | loss : 41464.06, postive loss : 10070.72, negtive loss : 31393.34:  68%|██████▊   | 675/1000 [1:21:14<38:54,  7.18s/it]
Epoch 675 | loss : 41464.06, postive loss : 10070.72, negtive loss : 31393.34:  68%|██████▊   | 676/1000 [1:21:14<38:47,  7.18s/it]
Epoch 676 | loss : 41259.61, postive loss : 9841.18, negtive loss : 31418.43:  68%|██████▊   | 676/1000 [1:21:21<38:47,  7.18s/it] 
Epoch 676 | loss : 41259.61, postive loss : 9841.18, negtive loss : 31418.43:  68%|██████▊   | 677/1000 [1:21:21<38:40,  7.18s/it]
Epoch 677 | loss : 41867.27, postive loss : 10489.00, negtive loss : 31378.28:  68%|██████▊   | 677/1000 [1:21:28<38:40,  7.18s/it]
Epoch 677 | loss : 41867.27, postive loss : 10489.00, negtive loss : 31378.28:  68%|██████▊   | 678/1000 [1:21:28<38:32,  7.18s/it]
Epoch 678 | loss : 41295.15, postive loss : 9878.43, negtive loss : 31416.72:  68%|██████▊   | 678/1000 [1:21:36<38:32,  7.18s/it] 
Epoch 678 | loss : 41295.15, postive loss : 9878.43, negtive loss : 31416.72:  68%|██████▊   | 679/1000 [1:21:36<38:24,  7.18s/it]
Epoch 679 | loss : 41351.66, postive loss : 9886.82, negtive loss : 31464.83:  68%|██████▊   | 679/1000 [1:21:43<38:24,  7.18s/it]
Epoch 679 | loss : 41351.66, postive loss : 9886.82, negtive loss : 31464.83:  68%|██████▊   | 680/1000 [1:21:43<38:17,  7.18s/it]
Epoch 680 | loss : 41360.51, postive loss : 9963.00, negtive loss : 31397.51:  68%|██████▊   | 680/1000 [1:21:50<38:17,  7.18s/it]
Epoch 680 | loss : 41360.51, postive loss : 9963.00, negtive loss : 31397.51:  68%|██████▊   | 681/1000 [1:21:50<38:09,  7.18s/it]
Epoch 681 | loss : 41323.87, postive loss : 9912.29, negtive loss : 31411.58:  68%|██████▊   | 681/1000 [1:21:57<38:09,  7.18s/it]
Epoch 681 | loss : 41323.87, postive loss : 9912.29, negtive loss : 31411.58:  68%|██████▊   | 682/1000 [1:21:57<38:02,  7.18s/it]
Epoch 682 | loss : 41294.47, postive loss : 9880.91, negtive loss : 31413.56:  68%|██████▊   | 682/1000 [1:22:04<38:02,  7.18s/it]
Epoch 682 | loss : 41294.47, postive loss : 9880.91, negtive loss : 31413.56:  68%|██████▊   | 683/1000 [1:22:04<37:54,  7.18s/it]
Epoch 683 | loss : 41188.76, postive loss : 9807.21, negtive loss : 31381.55:  68%|██████▊   | 683/1000 [1:22:11<37:54,  7.18s/it]
Epoch 683 | loss : 41188.76, postive loss : 9807.21, negtive loss : 31381.55:  68%|██████▊   | 684/1000 [1:22:11<37:47,  7.18s/it]
Epoch 684 | loss : 41139.45, postive loss : 9762.32, negtive loss : 31377.13:  68%|██████▊   | 684/1000 [1:22:19<37:47,  7.18s/it]
Epoch 684 | loss : 41139.45, postive loss : 9762.32, negtive loss : 31377.13:  68%|██████▊   | 685/1000 [1:22:19<37:40,  7.18s/it]
Epoch 685 | loss : 41181.16, postive loss : 9758.92, negtive loss : 31422.24:  68%|██████▊   | 685/1000 [1:22:26<37:40,  7.18s/it]
Epoch 685 | loss : 41181.16, postive loss : 9758.92, negtive loss : 31422.24:  69%|██████▊   | 686/1000 [1:22:26<37:33,  7.18s/it]
Epoch 686 | loss : 41173.35, postive loss : 9756.47, negtive loss : 31416.88:  69%|██████▊   | 686/1000 [1:22:33<37:33,  7.18s/it]
Epoch 686 | loss : 41173.35, postive loss : 9756.47, negtive loss : 31416.88:  69%|██████▊   | 687/1000 [1:22:33<37:25,  7.18s/it]
Epoch 687 | loss : 41152.05, postive loss : 9745.01, negtive loss : 31407.04:  69%|██████▊   | 687/1000 [1:22:40<37:25,  7.18s/it]
Epoch 687 | loss : 41152.05, postive loss : 9745.01, negtive loss : 31407.04:  69%|██████▉   | 688/1000 [1:22:40<37:22,  7.19s/it]
Epoch 688 | loss : 41166.91, postive loss : 9770.20, negtive loss : 31396.71:  69%|██████▉   | 688/1000 [1:22:47<37:22,  7.19s/it]
Epoch 688 | loss : 41166.91, postive loss : 9770.20, negtive loss : 31396.71:  69%|██████▉   | 689/1000 [1:22:47<37:14,  7.18s/it]
Epoch 689 | loss : 41150.93, postive loss : 9736.71, negtive loss : 31414.22:  69%|██████▉   | 689/1000 [1:22:55<37:14,  7.18s/it]
Epoch 689 | loss : 41150.93, postive loss : 9736.71, negtive loss : 31414.22:  69%|██████▉   | 690/1000 [1:22:55<37:11,  7.20s/it]
Epoch 690 | loss : 41169.45, postive loss : 9762.15, negtive loss : 31407.30:  69%|██████▉   | 690/1000 [1:23:02<37:11,  7.20s/it]
Epoch 690 | loss : 41169.45, postive loss : 9762.15, negtive loss : 31407.30:  69%|██████▉   | 691/1000 [1:23:02<37:05,  7.20s/it]
Epoch 691 | loss : 41126.68, postive loss : 9716.64, negtive loss : 31410.04:  69%|██████▉   | 691/1000 [1:23:09<37:05,  7.20s/it]
Epoch 691 | loss : 41126.68, postive loss : 9716.64, negtive loss : 31410.04:  69%|██████▉   | 692/1000 [1:23:09<36:58,  7.20s/it]
Epoch 692 | loss : 41096.16, postive loss : 9716.46, negtive loss : 31379.70:  69%|██████▉   | 692/1000 [1:23:16<36:58,  7.20s/it]
Epoch 692 | loss : 41096.16, postive loss : 9716.46, negtive loss : 31379.70:  69%|██████▉   | 693/1000 [1:23:16<36:49,  7.20s/it]
Epoch 693 | loss : 41048.76, postive loss : 9709.89, negtive loss : 31338.87:  69%|██████▉   | 693/1000 [1:23:23<36:49,  7.20s/it]
Epoch 693 | loss : 41048.76, postive loss : 9709.89, negtive loss : 31338.87:  69%|██████▉   | 694/1000 [1:23:23<36:40,  7.19s/it]
Epoch 694 | loss : 41076.09, postive loss : 9696.12, negtive loss : 31379.97:  69%|██████▉   | 694/1000 [1:23:31<36:40,  7.19s/it]
Epoch 694 | loss : 41076.09, postive loss : 9696.12, negtive loss : 31379.97:  70%|██████▉   | 695/1000 [1:23:31<36:32,  7.19s/it]
Epoch 695 | loss : 41097.31, postive loss : 9711.47, negtive loss : 31385.83:  70%|██████▉   | 695/1000 [1:23:38<36:32,  7.19s/it]
Epoch 695 | loss : 41097.31, postive loss : 9711.47, negtive loss : 31385.83:  70%|██████▉   | 696/1000 [1:23:38<36:25,  7.19s/it]
Epoch 696 | loss : 41081.49, postive loss : 9683.10, negtive loss : 31398.39:  70%|██████▉   | 696/1000 [1:23:45<36:25,  7.19s/it]
Epoch 696 | loss : 41081.49, postive loss : 9683.10, negtive loss : 31398.39:  70%|██████▉   | 697/1000 [1:23:45<36:16,  7.18s/it]
Epoch 697 | loss : 41062.88, postive loss : 9703.59, negtive loss : 31359.29:  70%|██████▉   | 697/1000 [1:23:52<36:16,  7.18s/it]
Epoch 697 | loss : 41062.88, postive loss : 9703.59, negtive loss : 31359.29:  70%|██████▉   | 698/1000 [1:23:52<36:08,  7.18s/it]
Epoch 698 | loss : 41076.28, postive loss : 9673.90, negtive loss : 31402.38:  70%|██████▉   | 698/1000 [1:23:59<36:08,  7.18s/it]
Epoch 698 | loss : 41076.28, postive loss : 9673.90, negtive loss : 31402.38:  70%|██████▉   | 699/1000 [1:23:59<36:00,  7.18s/it]
Epoch 699 | loss : 41043.02, postive loss : 9693.27, negtive loss : 31349.75:  70%|██████▉   | 699/1000 [1:24:06<36:00,  7.18s/it]
Epoch 699 | loss : 41043.02, postive loss : 9693.27, negtive loss : 31349.75:  70%|███████   | 700/1000 [1:24:06<35:52,  7.18s/it]
Epoch 700 | loss : 41041.68, postive loss : 9672.82, negtive loss : 31368.85:  70%|███████   | 700/1000 [1:24:14<35:52,  7.18s/it]
Epoch 700 | loss : 41041.68, postive loss : 9672.82, negtive loss : 31368.85:  70%|███████   | 701/1000 [1:24:14<35:45,  7.18s/it]
Epoch 701 | loss : 41055.55, postive loss : 9669.16, negtive loss : 31386.39:  70%|███████   | 701/1000 [1:24:21<35:45,  7.18s/it]
Epoch 701 | loss : 41055.55, postive loss : 9669.16, negtive loss : 31386.39:  70%|███████   | 702/1000 [1:24:21<35:38,  7.18s/it]
Epoch 702 | loss : 41041.15, postive loss : 9672.38, negtive loss : 31368.77:  70%|███████   | 702/1000 [1:24:28<35:38,  7.18s/it]
Epoch 702 | loss : 41041.15, postive loss : 9672.38, negtive loss : 31368.77:  70%|███████   | 703/1000 [1:24:28<35:30,  7.17s/it]
Epoch 703 | loss : 41046.46, postive loss : 9666.22, negtive loss : 31380.24:  70%|███████   | 703/1000 [1:24:35<35:30,  7.17s/it]
Epoch 703 | loss : 41046.46, postive loss : 9666.22, negtive loss : 31380.24:  70%|███████   | 704/1000 [1:24:35<35:23,  7.17s/it]
Epoch 704 | loss : 41041.41, postive loss : 9655.28, negtive loss : 31386.13:  70%|███████   | 704/1000 [1:24:42<35:23,  7.17s/it]
Epoch 704 | loss : 41041.41, postive loss : 9655.28, negtive loss : 31386.13:  70%|███████   | 705/1000 [1:24:42<35:16,  7.18s/it]
Epoch 705 | loss : 41020.95, postive loss : 9665.19, negtive loss : 31355.76:  70%|███████   | 705/1000 [1:24:49<35:16,  7.18s/it]
Epoch 705 | loss : 41020.95, postive loss : 9665.19, negtive loss : 31355.76:  71%|███████   | 706/1000 [1:24:49<35:09,  7.18s/it]
Epoch 706 | loss : 41032.89, postive loss : 9656.67, negtive loss : 31376.22:  71%|███████   | 706/1000 [1:24:57<35:09,  7.18s/it]
Epoch 706 | loss : 41032.89, postive loss : 9656.67, negtive loss : 31376.22:  71%|███████   | 707/1000 [1:24:57<35:02,  7.18s/it]
Epoch 707 | loss : 40994.37, postive loss : 9651.70, negtive loss : 31342.67:  71%|███████   | 707/1000 [1:25:04<35:02,  7.18s/it]
Epoch 707 | loss : 40994.37, postive loss : 9651.70, negtive loss : 31342.67:  71%|███████   | 708/1000 [1:25:04<34:55,  7.18s/it]
Epoch 708 | loss : 41001.88, postive loss : 9639.69, negtive loss : 31362.20:  71%|███████   | 708/1000 [1:25:11<34:55,  7.18s/it]
Epoch 708 | loss : 41001.88, postive loss : 9639.69, negtive loss : 31362.20:  71%|███████   | 709/1000 [1:25:11<34:47,  7.17s/it]
Epoch 709 | loss : 40994.58, postive loss : 9639.25, negtive loss : 31355.33:  71%|███████   | 709/1000 [1:25:18<34:47,  7.17s/it]
Epoch 709 | loss : 40994.58, postive loss : 9639.25, negtive loss : 31355.33:  71%|███████   | 710/1000 [1:25:18<34:40,  7.17s/it]
Epoch 710 | loss : 40974.77, postive loss : 9635.84, negtive loss : 31338.93:  71%|███████   | 710/1000 [1:25:25<34:40,  7.17s/it]
Epoch 710 | loss : 40974.77, postive loss : 9635.84, negtive loss : 31338.93:  71%|███████   | 711/1000 [1:25:25<34:33,  7.17s/it]
Epoch 711 | loss : 41005.52, postive loss : 9643.96, negtive loss : 31361.55:  71%|███████   | 711/1000 [1:25:32<34:33,  7.17s/it]
Epoch 711 | loss : 41005.52, postive loss : 9643.96, negtive loss : 31361.55:  71%|███████   | 712/1000 [1:25:32<34:25,  7.17s/it]
Epoch 712 | loss : 40980.96, postive loss : 9635.74, negtive loss : 31345.22:  71%|███████   | 712/1000 [1:25:40<34:25,  7.17s/it]
Epoch 712 | loss : 40980.96, postive loss : 9635.74, negtive loss : 31345.22:  71%|███████▏  | 713/1000 [1:25:40<34:19,  7.17s/it]
Epoch 713 | loss : 40982.48, postive loss : 9633.26, negtive loss : 31349.22:  71%|███████▏  | 713/1000 [1:25:47<34:19,  7.17s/it]
Epoch 713 | loss : 40982.48, postive loss : 9633.26, negtive loss : 31349.22:  71%|███████▏  | 714/1000 [1:25:47<34:11,  7.17s/it]
Epoch 714 | loss : 40973.89, postive loss : 9633.12, negtive loss : 31340.77:  71%|███████▏  | 714/1000 [1:25:54<34:11,  7.17s/it]
Epoch 714 | loss : 40973.89, postive loss : 9633.12, negtive loss : 31340.77:  72%|███████▏  | 715/1000 [1:25:54<34:04,  7.17s/it]
Epoch 715 | loss : 41019.78, postive loss : 9649.76, negtive loss : 31370.02:  72%|███████▏  | 715/1000 [1:26:01<34:04,  7.17s/it]
Epoch 715 | loss : 41019.78, postive loss : 9649.76, negtive loss : 31370.02:  72%|███████▏  | 716/1000 [1:26:01<33:57,  7.17s/it]
Epoch 716 | loss : 40999.02, postive loss : 9630.91, negtive loss : 31368.11:  72%|███████▏  | 716/1000 [1:26:08<33:57,  7.17s/it]
Epoch 716 | loss : 40999.02, postive loss : 9630.91, negtive loss : 31368.11:  72%|███████▏  | 717/1000 [1:26:08<33:49,  7.17s/it]
Epoch 717 | loss : 40957.84, postive loss : 9623.13, negtive loss : 31334.71:  72%|███████▏  | 717/1000 [1:26:16<33:49,  7.17s/it]
Epoch 717 | loss : 40957.84, postive loss : 9623.13, negtive loss : 31334.71:  72%|███████▏  | 718/1000 [1:26:16<33:42,  7.17s/it]
Epoch 718 | loss : 40997.39, postive loss : 9626.50, negtive loss : 31370.89:  72%|███████▏  | 718/1000 [1:26:23<33:42,  7.17s/it]
Epoch 718 | loss : 40997.39, postive loss : 9626.50, negtive loss : 31370.89:  72%|███████▏  | 719/1000 [1:26:23<33:35,  7.17s/it]
Epoch 719 | loss : 40994.80, postive loss : 9615.45, negtive loss : 31379.35:  72%|███████▏  | 719/1000 [1:26:30<33:35,  7.17s/it]
Epoch 719 | loss : 40994.80, postive loss : 9615.45, negtive loss : 31379.35:  72%|███████▏  | 720/1000 [1:26:30<33:27,  7.17s/it]
Epoch 720 | loss : 40954.38, postive loss : 9618.54, negtive loss : 31335.83:  72%|███████▏  | 720/1000 [1:26:37<33:27,  7.17s/it]
Epoch 720 | loss : 40954.38, postive loss : 9618.54, negtive loss : 31335.83:  72%|███████▏  | 721/1000 [1:26:37<33:20,  7.17s/it]
Epoch 721 | loss : 40969.77, postive loss : 9615.53, negtive loss : 31354.24:  72%|███████▏  | 721/1000 [1:26:44<33:20,  7.17s/it]
Epoch 721 | loss : 40969.77, postive loss : 9615.53, negtive loss : 31354.24:  72%|███████▏  | 722/1000 [1:26:44<33:13,  7.17s/it]
Epoch 722 | loss : 40979.94, postive loss : 9613.91, negtive loss : 31366.03:  72%|███████▏  | 722/1000 [1:26:51<33:13,  7.17s/it]
Epoch 722 | loss : 40979.94, postive loss : 9613.91, negtive loss : 31366.03:  72%|███████▏  | 723/1000 [1:26:51<33:06,  7.17s/it]
Epoch 723 | loss : 40913.00, postive loss : 9616.66, negtive loss : 31296.34:  72%|███████▏  | 723/1000 [1:26:59<33:06,  7.17s/it]
Epoch 723 | loss : 40913.00, postive loss : 9616.66, negtive loss : 31296.34:  72%|███████▏  | 724/1000 [1:26:59<32:59,  7.17s/it]
Epoch 724 | loss : 41011.08, postive loss : 9613.11, negtive loss : 31397.97:  72%|███████▏  | 724/1000 [1:27:06<32:59,  7.17s/it]
Epoch 724 | loss : 41011.08, postive loss : 9613.11, negtive loss : 31397.97:  72%|███████▎  | 725/1000 [1:27:06<32:52,  7.17s/it]
Epoch 725 | loss : 40949.34, postive loss : 9605.92, negtive loss : 31343.42:  72%|███████▎  | 725/1000 [1:27:13<32:52,  7.17s/it]
Epoch 725 | loss : 40949.34, postive loss : 9605.92, negtive loss : 31343.42:  73%|███████▎  | 726/1000 [1:27:13<32:45,  7.17s/it]
Epoch 726 | loss : 40992.94, postive loss : 9614.62, negtive loss : 31378.32:  73%|███████▎  | 726/1000 [1:27:20<32:45,  7.17s/it]
Epoch 726 | loss : 40992.94, postive loss : 9614.62, negtive loss : 31378.32:  73%|███████▎  | 727/1000 [1:27:20<32:37,  7.17s/it]
Epoch 727 | loss : 40982.16, postive loss : 9606.96, negtive loss : 31375.20:  73%|███████▎  | 727/1000 [1:27:27<32:37,  7.17s/it]
Epoch 727 | loss : 40982.16, postive loss : 9606.96, negtive loss : 31375.20:  73%|███████▎  | 728/1000 [1:27:27<32:31,  7.17s/it]
Epoch 728 | loss : 40947.44, postive loss : 9610.09, negtive loss : 31337.35:  73%|███████▎  | 728/1000 [1:27:34<32:31,  7.17s/it]
Epoch 728 | loss : 40947.44, postive loss : 9610.09, negtive loss : 31337.35:  73%|███████▎  | 729/1000 [1:27:34<32:23,  7.17s/it]
Epoch 729 | loss : 40921.39, postive loss : 9591.94, negtive loss : 31329.45:  73%|███████▎  | 729/1000 [1:27:42<32:23,  7.17s/it]
Epoch 729 | loss : 40921.39, postive loss : 9591.94, negtive loss : 31329.45:  73%|███████▎  | 730/1000 [1:27:42<32:16,  7.17s/it]
Epoch 730 | loss : 40939.21, postive loss : 9608.67, negtive loss : 31330.54:  73%|███████▎  | 730/1000 [1:27:49<32:16,  7.17s/it]
Epoch 730 | loss : 40939.21, postive loss : 9608.67, negtive loss : 31330.54:  73%|███████▎  | 731/1000 [1:27:49<32:10,  7.18s/it]
Epoch 731 | loss : 40929.33, postive loss : 9614.91, negtive loss : 31314.42:  73%|███████▎  | 731/1000 [1:27:56<32:10,  7.18s/it]
Epoch 731 | loss : 40929.33, postive loss : 9614.91, negtive loss : 31314.42:  73%|███████▎  | 732/1000 [1:27:56<32:03,  7.18s/it]
Epoch 732 | loss : 40904.41, postive loss : 9598.37, negtive loss : 31306.05:  73%|███████▎  | 732/1000 [1:28:03<32:03,  7.18s/it]
Epoch 732 | loss : 40904.41, postive loss : 9598.37, negtive loss : 31306.05:  73%|███████▎  | 733/1000 [1:28:03<31:56,  7.18s/it]
Epoch 733 | loss : 40902.18, postive loss : 9584.52, negtive loss : 31317.66:  73%|███████▎  | 733/1000 [1:28:10<31:56,  7.18s/it]
Epoch 733 | loss : 40902.18, postive loss : 9584.52, negtive loss : 31317.66:  73%|███████▎  | 734/1000 [1:28:10<31:49,  7.18s/it]
Epoch 734 | loss : 40863.35, postive loss : 9566.50, negtive loss : 31296.86:  73%|███████▎  | 734/1000 [1:28:17<31:49,  7.18s/it]
Epoch 734 | loss : 40863.35, postive loss : 9566.50, negtive loss : 31296.86:  74%|███████▎  | 735/1000 [1:28:17<31:41,  7.17s/it]
Epoch 735 | loss : 40891.20, postive loss : 9575.48, negtive loss : 31315.71:  74%|███████▎  | 735/1000 [1:28:25<31:41,  7.17s/it]
Epoch 735 | loss : 40891.20, postive loss : 9575.48, negtive loss : 31315.71:  74%|███████▎  | 736/1000 [1:28:25<31:33,  7.17s/it]
Epoch 736 | loss : 40876.62, postive loss : 9570.49, negtive loss : 31306.13:  74%|███████▎  | 736/1000 [1:28:32<31:33,  7.17s/it]
Epoch 736 | loss : 40876.62, postive loss : 9570.49, negtive loss : 31306.13:  74%|███████▎  | 737/1000 [1:28:32<31:26,  7.17s/it]
Epoch 737 | loss : 40955.23, postive loss : 9591.20, negtive loss : 31364.02:  74%|███████▎  | 737/1000 [1:28:39<31:26,  7.17s/it]
Epoch 737 | loss : 40955.23, postive loss : 9591.20, negtive loss : 31364.02:  74%|███████▍  | 738/1000 [1:28:39<31:20,  7.18s/it]
Epoch 738 | loss : 40916.95, postive loss : 9573.00, negtive loss : 31343.94:  74%|███████▍  | 738/1000 [1:28:46<31:20,  7.18s/it]
Epoch 738 | loss : 40916.95, postive loss : 9573.00, negtive loss : 31343.94:  74%|███████▍  | 739/1000 [1:28:46<31:12,  7.17s/it]
Epoch 739 | loss : 40903.89, postive loss : 9569.48, negtive loss : 31334.41:  74%|███████▍  | 739/1000 [1:28:53<31:12,  7.17s/it]
Epoch 739 | loss : 40903.89, postive loss : 9569.48, negtive loss : 31334.41:  74%|███████▍  | 740/1000 [1:28:53<31:04,  7.17s/it]
Epoch 740 | loss : 40820.49, postive loss : 9549.55, negtive loss : 31270.94:  74%|███████▍  | 740/1000 [1:29:01<31:04,  7.17s/it]
Epoch 740 | loss : 40820.49, postive loss : 9549.55, negtive loss : 31270.94:  74%|███████▍  | 741/1000 [1:29:01<30:57,  7.17s/it]
Epoch 741 | loss : 40902.28, postive loss : 9563.08, negtive loss : 31339.20:  74%|███████▍  | 741/1000 [1:29:08<30:57,  7.17s/it]
Epoch 741 | loss : 40902.28, postive loss : 9563.08, negtive loss : 31339.20:  74%|███████▍  | 742/1000 [1:29:08<30:50,  7.17s/it]
Epoch 742 | loss : 40910.28, postive loss : 9555.99, negtive loss : 31354.29:  74%|███████▍  | 742/1000 [1:29:15<30:50,  7.17s/it]
Epoch 742 | loss : 40910.28, postive loss : 9555.99, negtive loss : 31354.29:  74%|███████▍  | 743/1000 [1:29:15<30:43,  7.17s/it]
Epoch 743 | loss : 40882.42, postive loss : 9553.15, negtive loss : 31329.27:  74%|███████▍  | 743/1000 [1:29:22<30:43,  7.17s/it]
Epoch 743 | loss : 40882.42, postive loss : 9553.15, negtive loss : 31329.27:  74%|███████▍  | 744/1000 [1:29:22<30:36,  7.17s/it]
Epoch 744 | loss : 40867.31, postive loss : 9543.09, negtive loss : 31324.21:  74%|███████▍  | 744/1000 [1:29:29<30:36,  7.17s/it]
Epoch 744 | loss : 40867.31, postive loss : 9543.09, negtive loss : 31324.21:  74%|███████▍  | 745/1000 [1:29:29<30:28,  7.17s/it]
Epoch 745 | loss : 40885.66, postive loss : 9554.82, negtive loss : 31330.84:  74%|███████▍  | 745/1000 [1:29:36<30:28,  7.17s/it]
Epoch 745 | loss : 40885.66, postive loss : 9554.82, negtive loss : 31330.84:  75%|███████▍  | 746/1000 [1:29:36<30:21,  7.17s/it]
Epoch 746 | loss : 40853.42, postive loss : 9562.86, negtive loss : 31290.55:  75%|███████▍  | 746/1000 [1:29:44<30:21,  7.17s/it]
Epoch 746 | loss : 40853.42, postive loss : 9562.86, negtive loss : 31290.55:  75%|███████▍  | 747/1000 [1:29:44<30:14,  7.17s/it]
Epoch 747 | loss : 40901.98, postive loss : 9548.97, negtive loss : 31353.01:  75%|███████▍  | 747/1000 [1:29:51<30:14,  7.17s/it]
Epoch 747 | loss : 40901.98, postive loss : 9548.97, negtive loss : 31353.01:  75%|███████▍  | 748/1000 [1:29:51<30:07,  7.17s/it]
Epoch 748 | loss : 40814.47, postive loss : 9552.06, negtive loss : 31262.40:  75%|███████▍  | 748/1000 [1:29:58<30:07,  7.17s/it]
Epoch 748 | loss : 40814.47, postive loss : 9552.06, negtive loss : 31262.40:  75%|███████▍  | 749/1000 [1:29:58<29:59,  7.17s/it]
Epoch 749 | loss : 40854.71, postive loss : 9547.13, negtive loss : 31307.58:  75%|███████▍  | 749/1000 [1:30:05<29:59,  7.17s/it]
Epoch 749 | loss : 40854.71, postive loss : 9547.13, negtive loss : 31307.58:  75%|███████▌  | 750/1000 [1:30:05<30:01,  7.21s/it]
Epoch 750 | loss : 40855.21, postive loss : 9537.49, negtive loss : 31317.72:  75%|███████▌  | 750/1000 [1:30:12<30:01,  7.21s/it]
Epoch 750 | loss : 40855.21, postive loss : 9537.49, negtive loss : 31317.72:  75%|███████▌  | 751/1000 [1:30:12<29:51,  7.20s/it]
Epoch 751 | loss : 40833.79, postive loss : 9536.71, negtive loss : 31297.08:  75%|███████▌  | 751/1000 [1:30:20<29:51,  7.20s/it]
Epoch 751 | loss : 40833.79, postive loss : 9536.71, negtive loss : 31297.08:  75%|███████▌  | 752/1000 [1:30:20<29:43,  7.19s/it]
Epoch 752 | loss : 40809.62, postive loss : 9527.12, negtive loss : 31282.50:  75%|███████▌  | 752/1000 [1:30:27<29:43,  7.19s/it]
Epoch 752 | loss : 40809.62, postive loss : 9527.12, negtive loss : 31282.50:  75%|███████▌  | 753/1000 [1:30:27<29:35,  7.19s/it]
Epoch 753 | loss : 40862.65, postive loss : 9536.18, negtive loss : 31326.48:  75%|███████▌  | 753/1000 [1:30:34<29:35,  7.19s/it]
Epoch 753 | loss : 40862.65, postive loss : 9536.18, negtive loss : 31326.48:  75%|███████▌  | 754/1000 [1:30:34<29:27,  7.19s/it]
Epoch 754 | loss : 40840.99, postive loss : 9532.89, negtive loss : 31308.10:  75%|███████▌  | 754/1000 [1:30:41<29:27,  7.19s/it]
Epoch 754 | loss : 40840.99, postive loss : 9532.89, negtive loss : 31308.10:  76%|███████▌  | 755/1000 [1:30:41<29:19,  7.18s/it]
Epoch 755 | loss : 40816.15, postive loss : 9516.16, negtive loss : 31299.98:  76%|███████▌  | 755/1000 [1:30:48<29:19,  7.18s/it]
Epoch 755 | loss : 40816.15, postive loss : 9516.16, negtive loss : 31299.98:  76%|███████▌  | 756/1000 [1:30:48<29:12,  7.18s/it]
Epoch 756 | loss : 40855.92, postive loss : 9532.77, negtive loss : 31323.15:  76%|███████▌  | 756/1000 [1:30:55<29:12,  7.18s/it]
Epoch 756 | loss : 40855.92, postive loss : 9532.77, negtive loss : 31323.15:  76%|███████▌  | 757/1000 [1:30:55<29:05,  7.18s/it]
Epoch 757 | loss : 40830.03, postive loss : 9537.51, negtive loss : 31292.52:  76%|███████▌  | 757/1000 [1:31:03<29:05,  7.18s/it]
Epoch 757 | loss : 40830.03, postive loss : 9537.51, negtive loss : 31292.52:  76%|███████▌  | 758/1000 [1:31:03<28:57,  7.18s/it]
Epoch 758 | loss : 40804.68, postive loss : 9515.65, negtive loss : 31289.04:  76%|███████▌  | 758/1000 [1:31:10<28:57,  7.18s/it]
Epoch 758 | loss : 40804.68, postive loss : 9515.65, negtive loss : 31289.04:  76%|███████▌  | 759/1000 [1:31:10<28:50,  7.18s/it]
Epoch 759 | loss : 40858.65, postive loss : 9523.04, negtive loss : 31335.61:  76%|███████▌  | 759/1000 [1:31:17<28:50,  7.18s/it]
Epoch 759 | loss : 40858.65, postive loss : 9523.04, negtive loss : 31335.61:  76%|███████▌  | 760/1000 [1:31:17<28:42,  7.18s/it]
Epoch 760 | loss : 40815.26, postive loss : 9536.75, negtive loss : 31278.52:  76%|███████▌  | 760/1000 [1:31:24<28:42,  7.18s/it]
Epoch 760 | loss : 40815.26, postive loss : 9536.75, negtive loss : 31278.52:  76%|███████▌  | 761/1000 [1:31:24<28:35,  7.18s/it]
Epoch 761 | loss : 40809.51, postive loss : 9521.59, negtive loss : 31287.91:  76%|███████▌  | 761/1000 [1:31:31<28:35,  7.18s/it]
Epoch 761 | loss : 40809.51, postive loss : 9521.59, negtive loss : 31287.91:  76%|███████▌  | 762/1000 [1:31:31<28:28,  7.18s/it]
Epoch 762 | loss : 40820.94, postive loss : 9514.28, negtive loss : 31306.66:  76%|███████▌  | 762/1000 [1:31:39<28:28,  7.18s/it]
Epoch 762 | loss : 40820.94, postive loss : 9514.28, negtive loss : 31306.66:  76%|███████▋  | 763/1000 [1:31:39<28:22,  7.18s/it]
Epoch 763 | loss : 40820.77, postive loss : 9514.08, negtive loss : 31306.69:  76%|███████▋  | 763/1000 [1:31:46<28:22,  7.18s/it]
Epoch 763 | loss : 40820.77, postive loss : 9514.08, negtive loss : 31306.69:  76%|███████▋  | 764/1000 [1:31:46<28:15,  7.18s/it]
Epoch 764 | loss : 40825.87, postive loss : 9506.06, negtive loss : 31319.81:  76%|███████▋  | 764/1000 [1:31:53<28:15,  7.18s/it]
Epoch 764 | loss : 40825.87, postive loss : 9506.06, negtive loss : 31319.81:  76%|███████▋  | 765/1000 [1:31:53<28:08,  7.19s/it]
Epoch 765 | loss : 40782.90, postive loss : 9505.58, negtive loss : 31277.33:  76%|███████▋  | 765/1000 [1:32:00<28:08,  7.19s/it]
Epoch 765 | loss : 40782.90, postive loss : 9505.58, negtive loss : 31277.33:  77%|███████▋  | 766/1000 [1:32:00<28:01,  7.19s/it]
Epoch 766 | loss : 40791.03, postive loss : 9510.78, negtive loss : 31280.26:  77%|███████▋  | 766/1000 [1:32:07<28:01,  7.19s/it]
Epoch 766 | loss : 40791.03, postive loss : 9510.78, negtive loss : 31280.26:  77%|███████▋  | 767/1000 [1:32:07<28:02,  7.22s/it]
Epoch 767 | loss : 40841.59, postive loss : 9493.31, negtive loss : 31348.28:  77%|███████▋  | 767/1000 [1:32:15<28:02,  7.22s/it]
Epoch 767 | loss : 40841.59, postive loss : 9493.31, negtive loss : 31348.28:  77%|███████▋  | 768/1000 [1:32:15<27:52,  7.21s/it]
Epoch 768 | loss : 40782.79, postive loss : 9499.61, negtive loss : 31283.19:  77%|███████▋  | 768/1000 [1:32:22<27:52,  7.21s/it]
Epoch 768 | loss : 40782.79, postive loss : 9499.61, negtive loss : 31283.19:  77%|███████▋  | 769/1000 [1:32:22<27:44,  7.20s/it]
Epoch 769 | loss : 40789.57, postive loss : 9507.33, negtive loss : 31282.24:  77%|███████▋  | 769/1000 [1:32:29<27:44,  7.20s/it]
Epoch 769 | loss : 40789.57, postive loss : 9507.33, negtive loss : 31282.24:  77%|███████▋  | 770/1000 [1:32:29<27:35,  7.20s/it]
Epoch 770 | loss : 40744.50, postive loss : 9481.89, negtive loss : 31262.62:  77%|███████▋  | 770/1000 [1:32:36<27:35,  7.20s/it]
Epoch 770 | loss : 40744.50, postive loss : 9481.89, negtive loss : 31262.62:  77%|███████▋  | 771/1000 [1:32:36<27:27,  7.19s/it]
Epoch 771 | loss : 40785.07, postive loss : 9491.87, negtive loss : 31293.19:  77%|███████▋  | 771/1000 [1:32:43<27:27,  7.19s/it]
Epoch 771 | loss : 40785.07, postive loss : 9491.87, negtive loss : 31293.19:  77%|███████▋  | 772/1000 [1:32:43<27:20,  7.19s/it]
Epoch 772 | loss : 40807.16, postive loss : 9491.12, negtive loss : 31316.04:  77%|███████▋  | 772/1000 [1:32:50<27:20,  7.19s/it]
Epoch 772 | loss : 40807.16, postive loss : 9491.12, negtive loss : 31316.04:  77%|███████▋  | 773/1000 [1:32:50<27:12,  7.19s/it]
Epoch 773 | loss : 40835.51, postive loss : 9489.10, negtive loss : 31346.40:  77%|███████▋  | 773/1000 [1:32:58<27:12,  7.19s/it]
Epoch 773 | loss : 40835.51, postive loss : 9489.10, negtive loss : 31346.40:  77%|███████▋  | 774/1000 [1:32:58<27:04,  7.19s/it]
Epoch 774 | loss : 40842.56, postive loss : 9498.19, negtive loss : 31344.37:  77%|███████▋  | 774/1000 [1:33:05<27:04,  7.19s/it]
Epoch 774 | loss : 40842.56, postive loss : 9498.19, negtive loss : 31344.37:  78%|███████▊  | 775/1000 [1:33:05<26:57,  7.19s/it]
Epoch 775 | loss : 40966.96, postive loss : 9659.20, negtive loss : 31307.76:  78%|███████▊  | 775/1000 [1:33:12<26:57,  7.19s/it]
Epoch 775 | loss : 40966.96, postive loss : 9659.20, negtive loss : 31307.76:  78%|███████▊  | 776/1000 [1:33:12<26:49,  7.19s/it]
Epoch 776 | loss : 40831.24, postive loss : 9532.46, negtive loss : 31298.78:  78%|███████▊  | 776/1000 [1:33:19<26:49,  7.19s/it]
Epoch 776 | loss : 40831.24, postive loss : 9532.46, negtive loss : 31298.78:  78%|███████▊  | 777/1000 [1:33:19<26:41,  7.18s/it]
Epoch 777 | loss : 40849.57, postive loss : 9517.13, negtive loss : 31332.44:  78%|███████▊  | 777/1000 [1:33:26<26:41,  7.18s/it]
Epoch 777 | loss : 40849.57, postive loss : 9517.13, negtive loss : 31332.44:  78%|███████▊  | 778/1000 [1:33:26<26:33,  7.18s/it]
Epoch 778 | loss : 40781.49, postive loss : 9499.83, negtive loss : 31281.66:  78%|███████▊  | 778/1000 [1:33:34<26:33,  7.18s/it]
Epoch 778 | loss : 40781.49, postive loss : 9499.83, negtive loss : 31281.66:  78%|███████▊  | 779/1000 [1:33:34<26:25,  7.18s/it]
Epoch 779 | loss : 40803.21, postive loss : 9500.73, negtive loss : 31302.48:  78%|███████▊  | 779/1000 [1:33:41<26:25,  7.18s/it]
Epoch 779 | loss : 40803.21, postive loss : 9500.73, negtive loss : 31302.48:  78%|███████▊  | 780/1000 [1:33:41<26:18,  7.18s/it]
Epoch 780 | loss : 40771.31, postive loss : 9499.01, negtive loss : 31272.30:  78%|███████▊  | 780/1000 [1:33:48<26:18,  7.18s/it]
Epoch 780 | loss : 40771.31, postive loss : 9499.01, negtive loss : 31272.30:  78%|███████▊  | 781/1000 [1:33:48<26:11,  7.17s/it]
Epoch 781 | loss : 40779.67, postive loss : 9485.78, negtive loss : 31293.89:  78%|███████▊  | 781/1000 [1:33:55<26:11,  7.17s/it]
Epoch 781 | loss : 40779.67, postive loss : 9485.78, negtive loss : 31293.89:  78%|███████▊  | 782/1000 [1:33:55<26:03,  7.17s/it]
Epoch 782 | loss : 40757.79, postive loss : 9475.56, negtive loss : 31282.23:  78%|███████▊  | 782/1000 [1:34:02<26:03,  7.17s/it]
Epoch 782 | loss : 40757.79, postive loss : 9475.56, negtive loss : 31282.23:  78%|███████▊  | 783/1000 [1:34:02<25:56,  7.17s/it]
Epoch 783 | loss : 40751.57, postive loss : 9487.76, negtive loss : 31263.81:  78%|███████▊  | 783/1000 [1:34:09<25:56,  7.17s/it]
Epoch 783 | loss : 40751.57, postive loss : 9487.76, negtive loss : 31263.81:  78%|███████▊  | 784/1000 [1:34:09<25:49,  7.17s/it]
Epoch 784 | loss : 40778.28, postive loss : 9481.84, negtive loss : 31296.44:  78%|███████▊  | 784/1000 [1:34:17<25:49,  7.17s/it]
Epoch 784 | loss : 40778.28, postive loss : 9481.84, negtive loss : 31296.44:  78%|███████▊  | 785/1000 [1:34:17<25:41,  7.17s/it]
Epoch 785 | loss : 40787.89, postive loss : 9485.57, negtive loss : 31302.32:  78%|███████▊  | 785/1000 [1:34:24<25:41,  7.17s/it]
Epoch 785 | loss : 40787.89, postive loss : 9485.57, negtive loss : 31302.32:  79%|███████▊  | 786/1000 [1:34:24<25:34,  7.17s/it]
Epoch 786 | loss : 40747.04, postive loss : 9474.79, negtive loss : 31272.25:  79%|███████▊  | 786/1000 [1:34:31<25:34,  7.17s/it]
Epoch 786 | loss : 40747.04, postive loss : 9474.79, negtive loss : 31272.25:  79%|███████▊  | 787/1000 [1:34:31<25:27,  7.17s/it]
Epoch 787 | loss : 40777.66, postive loss : 9484.79, negtive loss : 31292.87:  79%|███████▊  | 787/1000 [1:34:38<25:27,  7.17s/it]
Epoch 787 | loss : 40777.66, postive loss : 9484.79, negtive loss : 31292.87:  79%|███████▉  | 788/1000 [1:34:38<25:20,  7.17s/it]
Epoch 788 | loss : 40694.09, postive loss : 9484.29, negtive loss : 31209.80:  79%|███████▉  | 788/1000 [1:34:45<25:20,  7.17s/it]
Epoch 788 | loss : 40694.09, postive loss : 9484.29, negtive loss : 31209.80:  79%|███████▉  | 789/1000 [1:34:45<25:13,  7.17s/it]
Epoch 789 | loss : 40748.34, postive loss : 9461.49, negtive loss : 31286.86:  79%|███████▉  | 789/1000 [1:34:52<25:13,  7.17s/it]
Epoch 789 | loss : 40748.34, postive loss : 9461.49, negtive loss : 31286.86:  79%|███████▉  | 790/1000 [1:34:52<25:06,  7.17s/it]
Epoch 790 | loss : 40729.28, postive loss : 9457.99, negtive loss : 31271.30:  79%|███████▉  | 790/1000 [1:35:00<25:06,  7.17s/it]
Epoch 790 | loss : 40729.28, postive loss : 9457.99, negtive loss : 31271.30:  79%|███████▉  | 791/1000 [1:35:00<24:58,  7.17s/it]
Epoch 791 | loss : 40733.42, postive loss : 9460.80, negtive loss : 31272.63:  79%|███████▉  | 791/1000 [1:35:07<24:58,  7.17s/it]
Epoch 791 | loss : 40733.42, postive loss : 9460.80, negtive loss : 31272.63:  79%|███████▉  | 792/1000 [1:35:07<24:51,  7.17s/it]
Epoch 792 | loss : 40745.69, postive loss : 9454.61, negtive loss : 31291.08:  79%|███████▉  | 792/1000 [1:35:14<24:51,  7.17s/it]
Epoch 792 | loss : 40745.69, postive loss : 9454.61, negtive loss : 31291.08:  79%|███████▉  | 793/1000 [1:35:14<24:44,  7.17s/it]
Epoch 793 | loss : 40721.11, postive loss : 9457.74, negtive loss : 31263.37:  79%|███████▉  | 793/1000 [1:35:21<24:44,  7.17s/it]
Epoch 793 | loss : 40721.11, postive loss : 9457.74, negtive loss : 31263.37:  79%|███████▉  | 794/1000 [1:35:21<24:37,  7.17s/it]
Epoch 794 | loss : 40738.58, postive loss : 9456.51, negtive loss : 31282.07:  79%|███████▉  | 794/1000 [1:35:28<24:37,  7.17s/it]
Epoch 794 | loss : 40738.58, postive loss : 9456.51, negtive loss : 31282.07:  80%|███████▉  | 795/1000 [1:35:28<24:30,  7.17s/it]
Epoch 795 | loss : 40787.22, postive loss : 9471.56, negtive loss : 31315.66:  80%|███████▉  | 795/1000 [1:35:35<24:30,  7.17s/it]
Epoch 795 | loss : 40787.22, postive loss : 9471.56, negtive loss : 31315.66:  80%|███████▉  | 796/1000 [1:35:35<24:23,  7.17s/it]
Epoch 796 | loss : 40727.37, postive loss : 9449.59, negtive loss : 31277.78:  80%|███████▉  | 796/1000 [1:35:43<24:23,  7.17s/it]
Epoch 796 | loss : 40727.37, postive loss : 9449.59, negtive loss : 31277.78:  80%|███████▉  | 797/1000 [1:35:43<24:15,  7.17s/it]
Epoch 797 | loss : 40714.04, postive loss : 9465.44, negtive loss : 31248.60:  80%|███████▉  | 797/1000 [1:35:50<24:15,  7.17s/it]
Epoch 797 | loss : 40714.04, postive loss : 9465.44, negtive loss : 31248.60:  80%|███████▉  | 798/1000 [1:35:50<24:08,  7.17s/it]
Epoch 798 | loss : 40714.38, postive loss : 9455.31, negtive loss : 31259.07:  80%|███████▉  | 798/1000 [1:35:57<24:08,  7.17s/it]
Epoch 798 | loss : 40714.38, postive loss : 9455.31, negtive loss : 31259.07:  80%|███████▉  | 799/1000 [1:35:57<24:01,  7.17s/it]
Epoch 799 | loss : 40732.73, postive loss : 9470.46, negtive loss : 31262.28:  80%|███████▉  | 799/1000 [1:36:04<24:01,  7.17s/it]
Epoch 799 | loss : 40732.73, postive loss : 9470.46, negtive loss : 31262.28:  80%|████████  | 800/1000 [1:36:04<23:54,  7.17s/it]
Epoch 800 | loss : 40761.21, postive loss : 9469.06, negtive loss : 31292.15:  80%|████████  | 800/1000 [1:36:11<23:54,  7.17s/it]
Epoch 800 | loss : 40761.21, postive loss : 9469.06, negtive loss : 31292.15:  80%|████████  | 801/1000 [1:36:11<23:47,  7.17s/it]
Epoch 801 | loss : 40737.37, postive loss : 9462.88, negtive loss : 31274.49:  80%|████████  | 801/1000 [1:36:19<23:47,  7.17s/it]
Epoch 801 | loss : 40737.37, postive loss : 9462.88, negtive loss : 31274.49:  80%|████████  | 802/1000 [1:36:19<23:40,  7.17s/it]
Epoch 802 | loss : 40744.55, postive loss : 9451.87, negtive loss : 31292.68:  80%|████████  | 802/1000 [1:36:26<23:40,  7.17s/it]
Epoch 802 | loss : 40744.55, postive loss : 9451.87, negtive loss : 31292.68:  80%|████████  | 803/1000 [1:36:26<23:32,  7.17s/it]
Epoch 803 | loss : 40775.15, postive loss : 9462.52, negtive loss : 31312.63:  80%|████████  | 803/1000 [1:36:33<23:32,  7.17s/it]
Epoch 803 | loss : 40775.15, postive loss : 9462.52, negtive loss : 31312.63:  80%|████████  | 804/1000 [1:36:33<23:25,  7.17s/it]
Epoch 804 | loss : 40716.16, postive loss : 9469.76, negtive loss : 31246.39:  80%|████████  | 804/1000 [1:36:40<23:25,  7.17s/it]
Epoch 804 | loss : 40716.16, postive loss : 9469.76, negtive loss : 31246.39:  80%|████████  | 805/1000 [1:36:40<23:18,  7.17s/it]
Epoch 805 | loss : 40701.46, postive loss : 9462.40, negtive loss : 31239.06:  80%|████████  | 805/1000 [1:36:47<23:18,  7.17s/it]
Epoch 805 | loss : 40701.46, postive loss : 9462.40, negtive loss : 31239.06:  81%|████████  | 806/1000 [1:36:47<23:11,  7.17s/it]
Epoch 806 | loss : 40699.05, postive loss : 9454.03, negtive loss : 31245.02:  81%|████████  | 806/1000 [1:36:54<23:11,  7.17s/it]
Epoch 806 | loss : 40699.05, postive loss : 9454.03, negtive loss : 31245.02:  81%|████████  | 807/1000 [1:36:54<23:04,  7.17s/it]
Epoch 807 | loss : 40780.20, postive loss : 9452.37, negtive loss : 31327.83:  81%|████████  | 807/1000 [1:37:02<23:04,  7.17s/it]
Epoch 807 | loss : 40780.20, postive loss : 9452.37, negtive loss : 31327.83:  81%|████████  | 808/1000 [1:37:02<22:56,  7.17s/it]
Epoch 808 | loss : 40677.26, postive loss : 9454.39, negtive loss : 31222.88:  81%|████████  | 808/1000 [1:37:09<22:56,  7.17s/it]
Epoch 808 | loss : 40677.26, postive loss : 9454.39, negtive loss : 31222.88:  81%|████████  | 809/1000 [1:37:09<22:49,  7.17s/it]
Epoch 809 | loss : 40672.90, postive loss : 9438.01, negtive loss : 31234.90:  81%|████████  | 809/1000 [1:37:16<22:49,  7.17s/it]
Epoch 809 | loss : 40672.90, postive loss : 9438.01, negtive loss : 31234.90:  81%|████████  | 810/1000 [1:37:16<22:42,  7.17s/it]
Epoch 810 | loss : 40745.01, postive loss : 9477.84, negtive loss : 31267.17:  81%|████████  | 810/1000 [1:37:23<22:42,  7.17s/it]
Epoch 810 | loss : 40745.01, postive loss : 9477.84, negtive loss : 31267.17:  81%|████████  | 811/1000 [1:37:23<22:35,  7.17s/it]
Epoch 811 | loss : 40634.50, postive loss : 9447.30, negtive loss : 31187.20:  81%|████████  | 811/1000 [1:37:30<22:35,  7.17s/it]
Epoch 811 | loss : 40634.50, postive loss : 9447.30, negtive loss : 31187.20:  81%|████████  | 812/1000 [1:37:30<22:28,  7.17s/it]
Epoch 812 | loss : 40667.56, postive loss : 9432.85, negtive loss : 31234.71:  81%|████████  | 812/1000 [1:37:37<22:28,  7.17s/it]
Epoch 812 | loss : 40667.56, postive loss : 9432.85, negtive loss : 31234.71:  81%|████████▏ | 813/1000 [1:37:37<22:21,  7.17s/it]
Epoch 813 | loss : 40732.90, postive loss : 9442.95, negtive loss : 31289.95:  81%|████████▏ | 813/1000 [1:37:45<22:21,  7.17s/it]
Epoch 813 | loss : 40732.90, postive loss : 9442.95, negtive loss : 31289.95:  81%|████████▏ | 814/1000 [1:37:45<22:13,  7.17s/it]
Epoch 814 | loss : 40691.71, postive loss : 9427.93, negtive loss : 31263.78:  81%|████████▏ | 814/1000 [1:37:52<22:13,  7.17s/it]
Epoch 814 | loss : 40691.71, postive loss : 9427.93, negtive loss : 31263.78:  82%|████████▏ | 815/1000 [1:37:52<22:06,  7.17s/it]
Epoch 815 | loss : 40681.29, postive loss : 9426.13, negtive loss : 31255.16:  82%|████████▏ | 815/1000 [1:37:59<22:06,  7.17s/it]
Epoch 815 | loss : 40681.29, postive loss : 9426.13, negtive loss : 31255.16:  82%|████████▏ | 816/1000 [1:37:59<21:59,  7.17s/it]
Epoch 816 | loss : 40692.38, postive loss : 9418.45, negtive loss : 31273.93:  82%|████████▏ | 816/1000 [1:38:06<21:59,  7.17s/it]
Epoch 816 | loss : 40692.38, postive loss : 9418.45, negtive loss : 31273.93:  82%|████████▏ | 817/1000 [1:38:06<21:52,  7.17s/it]
Epoch 817 | loss : 40758.59, postive loss : 9507.88, negtive loss : 31250.71:  82%|████████▏ | 817/1000 [1:38:13<21:52,  7.17s/it]
Epoch 817 | loss : 40758.59, postive loss : 9507.88, negtive loss : 31250.71:  82%|████████▏ | 818/1000 [1:38:13<21:45,  7.17s/it]
Epoch 818 | loss : 40695.54, postive loss : 9465.19, negtive loss : 31230.35:  82%|████████▏ | 818/1000 [1:38:20<21:45,  7.17s/it]
Epoch 818 | loss : 40695.54, postive loss : 9465.19, negtive loss : 31230.35:  82%|████████▏ | 819/1000 [1:38:20<21:38,  7.17s/it]
Epoch 819 | loss : 40718.40, postive loss : 9444.44, negtive loss : 31273.96:  82%|████████▏ | 819/1000 [1:38:28<21:38,  7.17s/it]
Epoch 819 | loss : 40718.40, postive loss : 9444.44, negtive loss : 31273.96:  82%|████████▏ | 820/1000 [1:38:28<21:31,  7.17s/it]
Epoch 820 | loss : 40720.49, postive loss : 9440.53, negtive loss : 31279.96:  82%|████████▏ | 820/1000 [1:38:35<21:31,  7.17s/it]
Epoch 820 | loss : 40720.49, postive loss : 9440.53, negtive loss : 31279.96:  82%|████████▏ | 821/1000 [1:38:35<21:22,  7.17s/it]
Epoch 821 | loss : 40712.58, postive loss : 9437.09, negtive loss : 31275.48:  82%|████████▏ | 821/1000 [1:38:42<21:22,  7.17s/it]
Epoch 821 | loss : 40712.58, postive loss : 9437.09, negtive loss : 31275.48:  82%|████████▏ | 822/1000 [1:38:42<21:15,  7.16s/it]
Epoch 822 | loss : 40696.56, postive loss : 9423.69, negtive loss : 31272.87:  82%|████████▏ | 822/1000 [1:38:49<21:15,  7.16s/it]
Epoch 822 | loss : 40696.56, postive loss : 9423.69, negtive loss : 31272.87:  82%|████████▏ | 823/1000 [1:38:49<21:07,  7.16s/it]
Epoch 823 | loss : 40646.32, postive loss : 9436.87, negtive loss : 31209.45:  82%|████████▏ | 823/1000 [1:38:56<21:07,  7.16s/it]
Epoch 823 | loss : 40646.32, postive loss : 9436.87, negtive loss : 31209.45:  82%|████████▏ | 824/1000 [1:38:56<21:00,  7.16s/it]
Epoch 824 | loss : 40643.04, postive loss : 9423.19, negtive loss : 31219.86:  82%|████████▏ | 824/1000 [1:39:03<21:00,  7.16s/it]
Epoch 824 | loss : 40643.04, postive loss : 9423.19, negtive loss : 31219.86:  82%|████████▎ | 825/1000 [1:39:03<20:52,  7.16s/it]
Epoch 825 | loss : 40652.18, postive loss : 9414.33, negtive loss : 31237.84:  82%|████████▎ | 825/1000 [1:39:11<20:52,  7.16s/it]
Epoch 825 | loss : 40652.18, postive loss : 9414.33, negtive loss : 31237.84:  83%|████████▎ | 826/1000 [1:39:11<20:45,  7.16s/it]
Epoch 826 | loss : 40638.17, postive loss : 9406.21, negtive loss : 31231.96:  83%|████████▎ | 826/1000 [1:39:18<20:45,  7.16s/it]
Epoch 826 | loss : 40638.17, postive loss : 9406.21, negtive loss : 31231.96:  83%|████████▎ | 827/1000 [1:39:18<20:38,  7.16s/it]
Epoch 827 | loss : 40660.38, postive loss : 9411.19, negtive loss : 31249.19:  83%|████████▎ | 827/1000 [1:39:25<20:38,  7.16s/it]
Epoch 827 | loss : 40660.38, postive loss : 9411.19, negtive loss : 31249.19:  83%|████████▎ | 828/1000 [1:39:25<20:31,  7.16s/it]
Epoch 828 | loss : 40625.53, postive loss : 9402.76, negtive loss : 31222.77:  83%|████████▎ | 828/1000 [1:39:32<20:31,  7.16s/it]
Epoch 828 | loss : 40625.53, postive loss : 9402.76, negtive loss : 31222.77:  83%|████████▎ | 829/1000 [1:39:32<20:23,  7.16s/it]
Epoch 829 | loss : 40676.48, postive loss : 9411.62, negtive loss : 31264.86:  83%|████████▎ | 829/1000 [1:39:39<20:23,  7.16s/it]
Epoch 829 | loss : 40676.48, postive loss : 9411.62, negtive loss : 31264.86:  83%|████████▎ | 830/1000 [1:39:39<20:16,  7.16s/it]
Epoch 830 | loss : 40708.36, postive loss : 9411.26, negtive loss : 31297.09:  83%|████████▎ | 830/1000 [1:39:46<20:16,  7.16s/it]
Epoch 830 | loss : 40708.36, postive loss : 9411.26, negtive loss : 31297.09:  83%|████████▎ | 831/1000 [1:39:46<20:09,  7.16s/it]
Epoch 831 | loss : 40646.44, postive loss : 9425.43, negtive loss : 31221.01:  83%|████████▎ | 831/1000 [1:39:53<20:09,  7.16s/it]
Epoch 831 | loss : 40646.44, postive loss : 9425.43, negtive loss : 31221.01:  83%|████████▎ | 832/1000 [1:39:53<20:02,  7.16s/it]
Epoch 832 | loss : 40650.47, postive loss : 9411.24, negtive loss : 31239.22:  83%|████████▎ | 832/1000 [1:40:01<20:02,  7.16s/it]
Epoch 832 | loss : 40650.47, postive loss : 9411.24, negtive loss : 31239.22:  83%|████████▎ | 833/1000 [1:40:01<19:55,  7.16s/it]
Epoch 833 | loss : 40659.47, postive loss : 9419.32, negtive loss : 31240.15:  83%|████████▎ | 833/1000 [1:40:08<19:55,  7.16s/it]
Epoch 833 | loss : 40659.47, postive loss : 9419.32, negtive loss : 31240.15:  83%|████████▎ | 834/1000 [1:40:08<19:47,  7.16s/it]
Epoch 834 | loss : 40646.97, postive loss : 9405.01, negtive loss : 31241.96:  83%|████████▎ | 834/1000 [1:40:15<19:47,  7.16s/it]
Epoch 834 | loss : 40646.97, postive loss : 9405.01, negtive loss : 31241.96:  84%|████████▎ | 835/1000 [1:40:15<19:40,  7.16s/it]
Epoch 835 | loss : 40668.90, postive loss : 9418.03, negtive loss : 31250.87:  84%|████████▎ | 835/1000 [1:40:22<19:40,  7.16s/it]
Epoch 835 | loss : 40668.90, postive loss : 9418.03, negtive loss : 31250.87:  84%|████████▎ | 836/1000 [1:40:22<19:33,  7.16s/it]
Epoch 836 | loss : 40634.10, postive loss : 9397.57, negtive loss : 31236.53:  84%|████████▎ | 836/1000 [1:40:29<19:33,  7.16s/it]
Epoch 836 | loss : 40634.10, postive loss : 9397.57, negtive loss : 31236.53:  84%|████████▎ | 837/1000 [1:40:29<19:26,  7.16s/it]
Epoch 837 | loss : 40594.79, postive loss : 9383.71, negtive loss : 31211.08:  84%|████████▎ | 837/1000 [1:40:36<19:26,  7.16s/it]
Epoch 837 | loss : 40594.79, postive loss : 9383.71, negtive loss : 31211.08:  84%|████████▍ | 838/1000 [1:40:36<19:19,  7.16s/it]
Epoch 838 | loss : 40618.90, postive loss : 9391.65, negtive loss : 31227.25:  84%|████████▍ | 838/1000 [1:40:44<19:19,  7.16s/it]
Epoch 838 | loss : 40618.90, postive loss : 9391.65, negtive loss : 31227.25:  84%|████████▍ | 839/1000 [1:40:44<19:11,  7.15s/it]
Epoch 839 | loss : 40595.72, postive loss : 9387.40, negtive loss : 31208.32:  84%|████████▍ | 839/1000 [1:40:51<19:11,  7.15s/it]
Epoch 839 | loss : 40595.72, postive loss : 9387.40, negtive loss : 31208.32:  84%|████████▍ | 840/1000 [1:40:51<19:04,  7.16s/it]
Epoch 840 | loss : 40659.36, postive loss : 9399.12, negtive loss : 31260.24:  84%|████████▍ | 840/1000 [1:40:58<19:04,  7.16s/it]
Epoch 840 | loss : 40659.36, postive loss : 9399.12, negtive loss : 31260.24:  84%|████████▍ | 841/1000 [1:40:58<18:57,  7.16s/it]
Epoch 841 | loss : 40656.88, postive loss : 9412.11, negtive loss : 31244.77:  84%|████████▍ | 841/1000 [1:41:05<18:57,  7.16s/it]
Epoch 841 | loss : 40656.88, postive loss : 9412.11, negtive loss : 31244.77:  84%|████████▍ | 842/1000 [1:41:05<18:50,  7.16s/it]
Epoch 842 | loss : 40594.96, postive loss : 9393.49, negtive loss : 31201.47:  84%|████████▍ | 842/1000 [1:41:12<18:50,  7.16s/it]
Epoch 842 | loss : 40594.96, postive loss : 9393.49, negtive loss : 31201.47:  84%|████████▍ | 843/1000 [1:41:12<18:43,  7.16s/it]
Epoch 843 | loss : 40617.75, postive loss : 9395.41, negtive loss : 31222.34:  84%|████████▍ | 843/1000 [1:41:19<18:43,  7.16s/it]
Epoch 843 | loss : 40617.75, postive loss : 9395.41, negtive loss : 31222.34:  84%|████████▍ | 844/1000 [1:41:19<18:36,  7.16s/it]
Epoch 844 | loss : 40618.76, postive loss : 9389.46, negtive loss : 31229.30:  84%|████████▍ | 844/1000 [1:41:27<18:36,  7.16s/it]
Epoch 844 | loss : 40618.76, postive loss : 9389.46, negtive loss : 31229.30:  84%|████████▍ | 845/1000 [1:41:27<18:29,  7.16s/it]
Epoch 845 | loss : 40613.04, postive loss : 9381.56, negtive loss : 31231.48:  84%|████████▍ | 845/1000 [1:41:34<18:29,  7.16s/it]
Epoch 845 | loss : 40613.04, postive loss : 9381.56, negtive loss : 31231.48:  85%|████████▍ | 846/1000 [1:41:34<18:22,  7.16s/it]
Epoch 846 | loss : 40553.94, postive loss : 9378.27, negtive loss : 31175.67:  85%|████████▍ | 846/1000 [1:41:41<18:22,  7.16s/it]
Epoch 846 | loss : 40553.94, postive loss : 9378.27, negtive loss : 31175.67:  85%|████████▍ | 847/1000 [1:41:41<18:15,  7.16s/it]
Epoch 847 | loss : 40630.10, postive loss : 9385.47, negtive loss : 31244.63:  85%|████████▍ | 847/1000 [1:41:48<18:15,  7.16s/it]
Epoch 847 | loss : 40630.10, postive loss : 9385.47, negtive loss : 31244.63:  85%|████████▍ | 848/1000 [1:41:48<18:07,  7.16s/it]
Epoch 848 | loss : 40617.99, postive loss : 9374.55, negtive loss : 31243.44:  85%|████████▍ | 848/1000 [1:41:55<18:07,  7.16s/it]
Epoch 848 | loss : 40617.99, postive loss : 9374.55, negtive loss : 31243.44:  85%|████████▍ | 849/1000 [1:41:55<18:00,  7.16s/it]
Epoch 849 | loss : 40622.18, postive loss : 9378.59, negtive loss : 31243.58:  85%|████████▍ | 849/1000 [1:42:02<18:00,  7.16s/it]
Epoch 849 | loss : 40622.18, postive loss : 9378.59, negtive loss : 31243.58:  85%|████████▌ | 850/1000 [1:42:02<17:53,  7.16s/it]
Epoch 850 | loss : 40599.53, postive loss : 9380.88, negtive loss : 31218.65:  85%|████████▌ | 850/1000 [1:42:09<17:53,  7.16s/it]
Epoch 850 | loss : 40599.53, postive loss : 9380.88, negtive loss : 31218.65:  85%|████████▌ | 851/1000 [1:42:09<17:46,  7.15s/it]
Epoch 851 | loss : 40555.35, postive loss : 9369.52, negtive loss : 31185.84:  85%|████████▌ | 851/1000 [1:42:17<17:46,  7.15s/it]
Epoch 851 | loss : 40555.35, postive loss : 9369.52, negtive loss : 31185.84:  85%|████████▌ | 852/1000 [1:42:17<17:38,  7.16s/it]
Epoch 852 | loss : 40619.11, postive loss : 9374.68, negtive loss : 31244.43:  85%|████████▌ | 852/1000 [1:42:24<17:38,  7.16s/it]
Epoch 852 | loss : 40619.11, postive loss : 9374.68, negtive loss : 31244.43:  85%|████████▌ | 853/1000 [1:42:24<17:31,  7.15s/it]
Epoch 853 | loss : 40579.82, postive loss : 9373.23, negtive loss : 31206.59:  85%|████████▌ | 853/1000 [1:42:31<17:31,  7.15s/it]
Epoch 853 | loss : 40579.82, postive loss : 9373.23, negtive loss : 31206.59:  85%|████████▌ | 854/1000 [1:42:31<17:24,  7.16s/it]
Epoch 854 | loss : 40627.13, postive loss : 9387.21, negtive loss : 31239.92:  85%|████████▌ | 854/1000 [1:42:38<17:24,  7.16s/it]
Epoch 854 | loss : 40627.13, postive loss : 9387.21, negtive loss : 31239.92:  86%|████████▌ | 855/1000 [1:42:38<17:17,  7.15s/it]
Epoch 855 | loss : 40577.23, postive loss : 9364.85, negtive loss : 31212.39:  86%|████████▌ | 855/1000 [1:42:45<17:17,  7.15s/it]
Epoch 855 | loss : 40577.23, postive loss : 9364.85, negtive loss : 31212.39:  86%|████████▌ | 856/1000 [1:42:45<17:10,  7.15s/it]
Epoch 856 | loss : 40614.30, postive loss : 9390.09, negtive loss : 31224.21:  86%|████████▌ | 856/1000 [1:42:52<17:10,  7.15s/it]
Epoch 856 | loss : 40614.30, postive loss : 9390.09, negtive loss : 31224.21:  86%|████████▌ | 857/1000 [1:42:52<17:03,  7.15s/it]
Epoch 857 | loss : 40586.81, postive loss : 9386.49, negtive loss : 31200.32:  86%|████████▌ | 857/1000 [1:43:00<17:03,  7.15s/it]
Epoch 857 | loss : 40586.81, postive loss : 9386.49, negtive loss : 31200.32:  86%|████████▌ | 858/1000 [1:43:00<16:56,  7.16s/it]
Epoch 858 | loss : 40618.09, postive loss : 9397.05, negtive loss : 31221.04:  86%|████████▌ | 858/1000 [1:43:07<16:56,  7.16s/it]
Epoch 858 | loss : 40618.09, postive loss : 9397.05, negtive loss : 31221.04:  86%|████████▌ | 859/1000 [1:43:07<16:48,  7.16s/it]
Epoch 859 | loss : 40584.38, postive loss : 9381.71, negtive loss : 31202.66:  86%|████████▌ | 859/1000 [1:43:14<16:48,  7.16s/it]
Epoch 859 | loss : 40584.38, postive loss : 9381.71, negtive loss : 31202.66:  86%|████████▌ | 860/1000 [1:43:14<16:41,  7.16s/it]
Epoch 860 | loss : 40639.59, postive loss : 9375.82, negtive loss : 31263.77:  86%|████████▌ | 860/1000 [1:43:21<16:41,  7.16s/it]
Epoch 860 | loss : 40639.59, postive loss : 9375.82, negtive loss : 31263.77:  86%|████████▌ | 861/1000 [1:43:21<16:34,  7.16s/it]
Epoch 861 | loss : 40595.71, postive loss : 9379.27, negtive loss : 31216.45:  86%|████████▌ | 861/1000 [1:43:28<16:34,  7.16s/it]
Epoch 861 | loss : 40595.71, postive loss : 9379.27, negtive loss : 31216.45:  86%|████████▌ | 862/1000 [1:43:28<16:27,  7.16s/it]
Epoch 862 | loss : 40599.30, postive loss : 9368.80, negtive loss : 31230.51:  86%|████████▌ | 862/1000 [1:43:35<16:27,  7.16s/it]
Epoch 862 | loss : 40599.30, postive loss : 9368.80, negtive loss : 31230.51:  86%|████████▋ | 863/1000 [1:43:35<16:20,  7.16s/it]
Epoch 863 | loss : 40571.57, postive loss : 9361.03, negtive loss : 31210.54:  86%|████████▋ | 863/1000 [1:43:42<16:20,  7.16s/it]
Epoch 863 | loss : 40571.57, postive loss : 9361.03, negtive loss : 31210.54:  86%|████████▋ | 864/1000 [1:43:42<16:13,  7.16s/it]
Epoch 864 | loss : 40612.87, postive loss : 9379.35, negtive loss : 31233.52:  86%|████████▋ | 864/1000 [1:43:50<16:13,  7.16s/it]
Epoch 864 | loss : 40612.87, postive loss : 9379.35, negtive loss : 31233.52:  86%|████████▋ | 865/1000 [1:43:50<16:05,  7.16s/it]
Epoch 865 | loss : 40620.27, postive loss : 9445.68, negtive loss : 31174.58:  86%|████████▋ | 865/1000 [1:43:57<16:05,  7.16s/it]
Epoch 865 | loss : 40620.27, postive loss : 9445.68, negtive loss : 31174.58:  87%|████████▋ | 866/1000 [1:43:57<15:58,  7.16s/it]
Epoch 866 | loss : 40677.02, postive loss : 9442.91, negtive loss : 31234.12:  87%|████████▋ | 866/1000 [1:44:04<15:58,  7.16s/it]
Epoch 866 | loss : 40677.02, postive loss : 9442.91, negtive loss : 31234.12:  87%|████████▋ | 867/1000 [1:44:04<15:51,  7.15s/it]
Epoch 867 | loss : 40640.59, postive loss : 9415.99, negtive loss : 31224.60:  87%|████████▋ | 867/1000 [1:44:11<15:51,  7.15s/it]
Epoch 867 | loss : 40640.59, postive loss : 9415.99, negtive loss : 31224.60:  87%|████████▋ | 868/1000 [1:44:11<15:44,  7.16s/it]
Epoch 868 | loss : 40630.35, postive loss : 9404.87, negtive loss : 31225.48:  87%|████████▋ | 868/1000 [1:44:18<15:44,  7.16s/it]
Epoch 868 | loss : 40630.35, postive loss : 9404.87, negtive loss : 31225.48:  87%|████████▋ | 869/1000 [1:44:18<15:37,  7.15s/it]
Epoch 869 | loss : 40583.06, postive loss : 9380.29, negtive loss : 31202.77:  87%|████████▋ | 869/1000 [1:44:25<15:37,  7.15s/it]
Epoch 869 | loss : 40583.06, postive loss : 9380.29, negtive loss : 31202.77:  87%|████████▋ | 870/1000 [1:44:25<15:30,  7.15s/it]
Epoch 870 | loss : 40569.52, postive loss : 9381.40, negtive loss : 31188.12:  87%|████████▋ | 870/1000 [1:44:33<15:30,  7.15s/it]
Epoch 870 | loss : 40569.52, postive loss : 9381.40, negtive loss : 31188.12:  87%|████████▋ | 871/1000 [1:44:33<15:22,  7.15s/it]
Epoch 871 | loss : 40591.85, postive loss : 9392.04, negtive loss : 31199.80:  87%|████████▋ | 871/1000 [1:44:40<15:22,  7.15s/it]
Epoch 871 | loss : 40591.85, postive loss : 9392.04, negtive loss : 31199.80:  87%|████████▋ | 872/1000 [1:44:40<15:15,  7.15s/it]
Epoch 872 | loss : 40555.99, postive loss : 9379.03, negtive loss : 31176.96:  87%|████████▋ | 872/1000 [1:44:47<15:15,  7.15s/it]
Epoch 872 | loss : 40555.99, postive loss : 9379.03, negtive loss : 31176.96:  87%|████████▋ | 873/1000 [1:44:47<15:08,  7.15s/it]
Epoch 873 | loss : 40594.73, postive loss : 9369.89, negtive loss : 31224.83:  87%|████████▋ | 873/1000 [1:44:54<15:08,  7.15s/it]
Epoch 873 | loss : 40594.73, postive loss : 9369.89, negtive loss : 31224.83:  87%|████████▋ | 874/1000 [1:44:54<15:01,  7.16s/it]
Epoch 874 | loss : 40573.69, postive loss : 9362.45, negtive loss : 31211.24:  87%|████████▋ | 874/1000 [1:45:01<15:01,  7.16s/it]
Epoch 874 | loss : 40573.69, postive loss : 9362.45, negtive loss : 31211.24:  88%|████████▊ | 875/1000 [1:45:01<14:54,  7.15s/it]
Epoch 875 | loss : 40590.64, postive loss : 9362.62, negtive loss : 31228.02:  88%|████████▊ | 875/1000 [1:45:08<14:54,  7.15s/it]
Epoch 875 | loss : 40590.64, postive loss : 9362.62, negtive loss : 31228.02:  88%|████████▊ | 876/1000 [1:45:08<14:47,  7.15s/it]
Epoch 876 | loss : 40568.72, postive loss : 9357.35, negtive loss : 31211.37:  88%|████████▊ | 876/1000 [1:45:15<14:47,  7.15s/it]
Epoch 876 | loss : 40568.72, postive loss : 9357.35, negtive loss : 31211.37:  88%|████████▊ | 877/1000 [1:45:15<14:40,  7.16s/it]
Epoch 877 | loss : 40564.13, postive loss : 9356.24, negtive loss : 31207.89:  88%|████████▊ | 877/1000 [1:45:23<14:40,  7.16s/it]
Epoch 877 | loss : 40564.13, postive loss : 9356.24, negtive loss : 31207.89:  88%|████████▊ | 878/1000 [1:45:23<14:33,  7.16s/it]
Epoch 878 | loss : 40547.04, postive loss : 9349.87, negtive loss : 31197.17:  88%|████████▊ | 878/1000 [1:45:30<14:33,  7.16s/it]
Epoch 878 | loss : 40547.04, postive loss : 9349.87, negtive loss : 31197.17:  88%|████████▊ | 879/1000 [1:45:30<14:26,  7.16s/it]
Epoch 879 | loss : 40587.69, postive loss : 9357.53, negtive loss : 31230.17:  88%|████████▊ | 879/1000 [1:45:37<14:26,  7.16s/it]
Epoch 879 | loss : 40587.69, postive loss : 9357.53, negtive loss : 31230.17:  88%|████████▊ | 880/1000 [1:45:37<14:19,  7.16s/it]
Epoch 880 | loss : 40535.72, postive loss : 9341.14, negtive loss : 31194.59:  88%|████████▊ | 880/1000 [1:45:44<14:19,  7.16s/it]
Epoch 880 | loss : 40535.72, postive loss : 9341.14, negtive loss : 31194.59:  88%|████████▊ | 881/1000 [1:45:44<14:11,  7.16s/it]
Epoch 881 | loss : 40554.31, postive loss : 9355.21, negtive loss : 31199.11:  88%|████████▊ | 881/1000 [1:45:51<14:11,  7.16s/it]
Epoch 881 | loss : 40554.31, postive loss : 9355.21, negtive loss : 31199.11:  88%|████████▊ | 882/1000 [1:45:51<14:04,  7.16s/it]
Epoch 882 | loss : 40569.15, postive loss : 9355.86, negtive loss : 31213.29:  88%|████████▊ | 882/1000 [1:45:58<14:04,  7.16s/it]
Epoch 882 | loss : 40569.15, postive loss : 9355.86, negtive loss : 31213.29:  88%|████████▊ | 883/1000 [1:45:58<13:57,  7.16s/it]
Epoch 883 | loss : 40549.91, postive loss : 9345.04, negtive loss : 31204.87:  88%|████████▊ | 883/1000 [1:46:06<13:57,  7.16s/it]
Epoch 883 | loss : 40549.91, postive loss : 9345.04, negtive loss : 31204.87:  88%|████████▊ | 884/1000 [1:46:06<13:50,  7.16s/it]
Epoch 884 | loss : 40511.05, postive loss : 9340.26, negtive loss : 31170.79:  88%|████████▊ | 884/1000 [1:46:13<13:50,  7.16s/it]
Epoch 884 | loss : 40511.05, postive loss : 9340.26, negtive loss : 31170.79:  88%|████████▊ | 885/1000 [1:46:13<13:42,  7.16s/it]
Epoch 885 | loss : 40525.06, postive loss : 9332.66, negtive loss : 31192.40:  88%|████████▊ | 885/1000 [1:46:20<13:42,  7.16s/it]
Epoch 885 | loss : 40525.06, postive loss : 9332.66, negtive loss : 31192.40:  89%|████████▊ | 886/1000 [1:46:20<13:35,  7.16s/it]
Epoch 886 | loss : 40537.41, postive loss : 9347.76, negtive loss : 31189.65:  89%|████████▊ | 886/1000 [1:46:27<13:35,  7.16s/it]
Epoch 886 | loss : 40537.41, postive loss : 9347.76, negtive loss : 31189.65:  89%|████████▊ | 887/1000 [1:46:27<13:28,  7.16s/it]
Epoch 887 | loss : 40522.05, postive loss : 9336.74, negtive loss : 31185.31:  89%|████████▊ | 887/1000 [1:46:34<13:28,  7.16s/it]
Epoch 887 | loss : 40522.05, postive loss : 9336.74, negtive loss : 31185.31:  89%|████████▉ | 888/1000 [1:46:34<13:21,  7.16s/it]
Epoch 888 | loss : 40532.94, postive loss : 9339.90, negtive loss : 31193.04:  89%|████████▉ | 888/1000 [1:46:41<13:21,  7.16s/it]
Epoch 888 | loss : 40532.94, postive loss : 9339.90, negtive loss : 31193.04:  89%|████████▉ | 889/1000 [1:46:41<13:14,  7.16s/it]
Epoch 889 | loss : 40496.10, postive loss : 9329.55, negtive loss : 31166.55:  89%|████████▉ | 889/1000 [1:46:49<13:14,  7.16s/it]
Epoch 889 | loss : 40496.10, postive loss : 9329.55, negtive loss : 31166.55:  89%|████████▉ | 890/1000 [1:46:49<13:07,  7.16s/it]
Epoch 890 | loss : 40551.17, postive loss : 9335.46, negtive loss : 31215.71:  89%|████████▉ | 890/1000 [1:46:56<13:07,  7.16s/it]
Epoch 890 | loss : 40551.17, postive loss : 9335.46, negtive loss : 31215.71:  89%|████████▉ | 891/1000 [1:46:56<12:59,  7.16s/it]
Epoch 891 | loss : 40494.30, postive loss : 9331.75, negtive loss : 31162.55:  89%|████████▉ | 891/1000 [1:47:03<12:59,  7.16s/it]
Epoch 891 | loss : 40494.30, postive loss : 9331.75, negtive loss : 31162.55:  89%|████████▉ | 892/1000 [1:47:03<12:52,  7.16s/it]
Epoch 892 | loss : 40529.46, postive loss : 9324.97, negtive loss : 31204.49:  89%|████████▉ | 892/1000 [1:47:10<12:52,  7.16s/it]
Epoch 892 | loss : 40529.46, postive loss : 9324.97, negtive loss : 31204.49:  89%|████████▉ | 893/1000 [1:47:10<12:45,  7.15s/it]
Epoch 893 | loss : 40561.21, postive loss : 9332.96, negtive loss : 31228.25:  89%|████████▉ | 893/1000 [1:47:17<12:45,  7.15s/it]
Epoch 893 | loss : 40561.21, postive loss : 9332.96, negtive loss : 31228.25:  89%|████████▉ | 894/1000 [1:47:17<12:38,  7.16s/it]
Epoch 894 | loss : 40514.40, postive loss : 9327.40, negtive loss : 31187.01:  89%|████████▉ | 894/1000 [1:47:24<12:38,  7.16s/it]
Epoch 894 | loss : 40514.40, postive loss : 9327.40, negtive loss : 31187.01:  90%|████████▉ | 895/1000 [1:47:24<12:31,  7.16s/it]
Epoch 895 | loss : 40549.40, postive loss : 9326.15, negtive loss : 31223.25:  90%|████████▉ | 895/1000 [1:47:31<12:31,  7.16s/it]
Epoch 895 | loss : 40549.40, postive loss : 9326.15, negtive loss : 31223.25:  90%|████████▉ | 896/1000 [1:47:31<12:24,  7.16s/it]
Epoch 896 | loss : 40501.39, postive loss : 9324.86, negtive loss : 31176.53:  90%|████████▉ | 896/1000 [1:47:39<12:24,  7.16s/it]
Epoch 896 | loss : 40501.39, postive loss : 9324.86, negtive loss : 31176.53:  90%|████████▉ | 897/1000 [1:47:39<12:17,  7.16s/it]
Epoch 897 | loss : 40579.76, postive loss : 9338.27, negtive loss : 31241.49:  90%|████████▉ | 897/1000 [1:47:46<12:17,  7.16s/it]
Epoch 897 | loss : 40579.76, postive loss : 9338.27, negtive loss : 31241.49:  90%|████████▉ | 898/1000 [1:47:46<12:09,  7.16s/it]
Epoch 898 | loss : 40529.15, postive loss : 9332.32, negtive loss : 31196.83:  90%|████████▉ | 898/1000 [1:47:53<12:09,  7.16s/it]
Epoch 898 | loss : 40529.15, postive loss : 9332.32, negtive loss : 31196.83:  90%|████████▉ | 899/1000 [1:47:53<12:02,  7.16s/it]
Epoch 899 | loss : 40533.11, postive loss : 9324.75, negtive loss : 31208.36:  90%|████████▉ | 899/1000 [1:48:00<12:02,  7.16s/it]
Epoch 899 | loss : 40533.11, postive loss : 9324.75, negtive loss : 31208.36:  90%|█████████ | 900/1000 [1:48:00<11:55,  7.16s/it]
Epoch 900 | loss : 40464.20, postive loss : 9321.41, negtive loss : 31142.79:  90%|█████████ | 900/1000 [1:48:07<11:55,  7.16s/it]
Epoch 900 | loss : 40464.20, postive loss : 9321.41, negtive loss : 31142.79:  90%|█████████ | 901/1000 [1:48:07<11:48,  7.16s/it]
Epoch 901 | loss : 40495.72, postive loss : 9318.46, negtive loss : 31177.26:  90%|█████████ | 901/1000 [1:48:14<11:48,  7.16s/it]
Epoch 901 | loss : 40495.72, postive loss : 9318.46, negtive loss : 31177.26:  90%|█████████ | 902/1000 [1:48:14<11:41,  7.16s/it]
Epoch 902 | loss : 40545.31, postive loss : 9301.53, negtive loss : 31243.78:  90%|█████████ | 902/1000 [1:48:22<11:41,  7.16s/it]
Epoch 902 | loss : 40545.31, postive loss : 9301.53, negtive loss : 31243.78:  90%|█████████ | 903/1000 [1:48:22<11:34,  7.16s/it]
Epoch 903 | loss : 40512.22, postive loss : 9335.19, negtive loss : 31177.03:  90%|█████████ | 903/1000 [1:48:29<11:34,  7.16s/it]
Epoch 903 | loss : 40512.22, postive loss : 9335.19, negtive loss : 31177.03:  90%|█████████ | 904/1000 [1:48:29<11:26,  7.16s/it]
Epoch 904 | loss : 40506.66, postive loss : 9328.21, negtive loss : 31178.44:  90%|█████████ | 904/1000 [1:48:36<11:26,  7.16s/it]
Epoch 904 | loss : 40506.66, postive loss : 9328.21, negtive loss : 31178.44:  90%|█████████ | 905/1000 [1:48:36<11:19,  7.16s/it]
Epoch 905 | loss : 40548.63, postive loss : 9322.47, negtive loss : 31226.16:  90%|█████████ | 905/1000 [1:48:43<11:19,  7.16s/it]
Epoch 905 | loss : 40548.63, postive loss : 9322.47, negtive loss : 31226.16:  91%|█████████ | 906/1000 [1:48:43<11:12,  7.16s/it]
Epoch 906 | loss : 40502.88, postive loss : 9325.82, negtive loss : 31177.06:  91%|█████████ | 906/1000 [1:48:50<11:12,  7.16s/it]
Epoch 906 | loss : 40502.88, postive loss : 9325.82, negtive loss : 31177.06:  91%|█████████ | 907/1000 [1:48:50<11:05,  7.16s/it]
Epoch 907 | loss : 40536.29, postive loss : 9322.33, negtive loss : 31213.95:  91%|█████████ | 907/1000 [1:48:57<11:05,  7.16s/it]
Epoch 907 | loss : 40536.29, postive loss : 9322.33, negtive loss : 31213.95:  91%|█████████ | 908/1000 [1:48:57<10:58,  7.16s/it]
Epoch 908 | loss : 40467.15, postive loss : 9307.84, negtive loss : 31159.30:  91%|█████████ | 908/1000 [1:49:04<10:58,  7.16s/it]
Epoch 908 | loss : 40467.15, postive loss : 9307.84, negtive loss : 31159.30:  91%|█████████ | 909/1000 [1:49:04<10:51,  7.16s/it]
Epoch 909 | loss : 40462.94, postive loss : 9304.98, negtive loss : 31157.96:  91%|█████████ | 909/1000 [1:49:12<10:51,  7.16s/it]
Epoch 909 | loss : 40462.94, postive loss : 9304.98, negtive loss : 31157.96:  91%|█████████ | 910/1000 [1:49:12<10:44,  7.16s/it]
Epoch 910 | loss : 40468.35, postive loss : 9304.85, negtive loss : 31163.50:  91%|█████████ | 910/1000 [1:49:19<10:44,  7.16s/it]
Epoch 910 | loss : 40468.35, postive loss : 9304.85, negtive loss : 31163.50:  91%|█████████ | 911/1000 [1:49:19<10:36,  7.16s/it]
Epoch 911 | loss : 40474.92, postive loss : 9309.27, negtive loss : 31165.65:  91%|█████████ | 911/1000 [1:49:26<10:36,  7.16s/it]
Epoch 911 | loss : 40474.92, postive loss : 9309.27, negtive loss : 31165.65:  91%|█████████ | 912/1000 [1:49:26<10:29,  7.16s/it]
Epoch 912 | loss : 40488.86, postive loss : 9315.95, negtive loss : 31172.91:  91%|█████████ | 912/1000 [1:49:33<10:29,  7.16s/it]
Epoch 912 | loss : 40488.86, postive loss : 9315.95, negtive loss : 31172.91:  91%|█████████▏| 913/1000 [1:49:33<10:22,  7.16s/it]
Epoch 913 | loss : 40471.44, postive loss : 9309.39, negtive loss : 31162.06:  91%|█████████▏| 913/1000 [1:49:40<10:22,  7.16s/it]
Epoch 913 | loss : 40471.44, postive loss : 9309.39, negtive loss : 31162.06:  91%|█████████▏| 914/1000 [1:49:40<10:15,  7.16s/it]
Epoch 914 | loss : 40531.23, postive loss : 9299.57, negtive loss : 31231.66:  91%|█████████▏| 914/1000 [1:49:47<10:15,  7.16s/it]
Epoch 914 | loss : 40531.23, postive loss : 9299.57, negtive loss : 31231.66:  92%|█████████▏| 915/1000 [1:49:47<10:08,  7.16s/it]
Epoch 915 | loss : 40468.54, postive loss : 9286.18, negtive loss : 31182.37:  92%|█████████▏| 915/1000 [1:49:55<10:08,  7.16s/it]
Epoch 915 | loss : 40468.54, postive loss : 9286.18, negtive loss : 31182.37:  92%|█████████▏| 916/1000 [1:49:55<10:01,  7.16s/it]
Epoch 916 | loss : 40492.48, postive loss : 9290.86, negtive loss : 31201.62:  92%|█████████▏| 916/1000 [1:50:02<10:01,  7.16s/it]
Epoch 916 | loss : 40492.48, postive loss : 9290.86, negtive loss : 31201.62:  92%|█████████▏| 917/1000 [1:50:02<09:54,  7.16s/it]
Epoch 917 | loss : 40522.24, postive loss : 9310.03, negtive loss : 31212.21:  92%|█████████▏| 917/1000 [1:50:09<09:54,  7.16s/it]
Epoch 917 | loss : 40522.24, postive loss : 9310.03, negtive loss : 31212.21:  92%|█████████▏| 918/1000 [1:50:09<09:47,  7.16s/it]
Epoch 918 | loss : 40484.18, postive loss : 9303.93, negtive loss : 31180.25:  92%|█████████▏| 918/1000 [1:50:16<09:47,  7.16s/it]
Epoch 918 | loss : 40484.18, postive loss : 9303.93, negtive loss : 31180.25:  92%|█████████▏| 919/1000 [1:50:16<09:40,  7.16s/it]
Epoch 919 | loss : 40469.77, postive loss : 9302.61, negtive loss : 31167.16:  92%|█████████▏| 919/1000 [1:50:23<09:40,  7.16s/it]
Epoch 919 | loss : 40469.77, postive loss : 9302.61, negtive loss : 31167.16:  92%|█████████▏| 920/1000 [1:50:23<09:33,  7.17s/it]
Epoch 920 | loss : 40476.07, postive loss : 9303.54, negtive loss : 31172.53:  92%|█████████▏| 920/1000 [1:50:30<09:33,  7.17s/it]
Epoch 920 | loss : 40476.07, postive loss : 9303.54, negtive loss : 31172.53:  92%|█████████▏| 921/1000 [1:50:30<09:26,  7.16s/it]
Epoch 921 | loss : 40459.53, postive loss : 9301.58, negtive loss : 31157.95:  92%|█████████▏| 921/1000 [1:50:38<09:26,  7.16s/it]
Epoch 921 | loss : 40459.53, postive loss : 9301.58, negtive loss : 31157.95:  92%|█████████▏| 922/1000 [1:50:38<09:18,  7.16s/it]
Epoch 922 | loss : 40450.25, postive loss : 9280.99, negtive loss : 31169.26:  92%|█████████▏| 922/1000 [1:50:45<09:18,  7.16s/it]
Epoch 922 | loss : 40450.25, postive loss : 9280.99, negtive loss : 31169.26:  92%|█████████▏| 923/1000 [1:50:45<09:11,  7.16s/it]
Epoch 923 | loss : 40456.28, postive loss : 9294.32, negtive loss : 31161.97:  92%|█████████▏| 923/1000 [1:50:52<09:11,  7.16s/it]
Epoch 923 | loss : 40456.28, postive loss : 9294.32, negtive loss : 31161.97:  92%|█████████▏| 924/1000 [1:50:52<09:04,  7.16s/it]
Epoch 924 | loss : 40441.98, postive loss : 9282.84, negtive loss : 31159.14:  92%|█████████▏| 924/1000 [1:50:59<09:04,  7.16s/it]
Epoch 924 | loss : 40441.98, postive loss : 9282.84, negtive loss : 31159.14:  92%|█████████▎| 925/1000 [1:50:59<08:57,  7.16s/it]
Epoch 925 | loss : 40489.55, postive loss : 9291.90, negtive loss : 31197.65:  92%|█████████▎| 925/1000 [1:51:06<08:57,  7.16s/it]
Epoch 925 | loss : 40489.55, postive loss : 9291.90, negtive loss : 31197.65:  93%|█████████▎| 926/1000 [1:51:06<08:50,  7.16s/it]
Epoch 926 | loss : 40484.68, postive loss : 9293.69, negtive loss : 31190.99:  93%|█████████▎| 926/1000 [1:51:13<08:50,  7.16s/it]
Epoch 926 | loss : 40484.68, postive loss : 9293.69, negtive loss : 31190.99:  93%|█████████▎| 927/1000 [1:51:13<08:43,  7.17s/it]
Epoch 927 | loss : 40516.08, postive loss : 9291.43, negtive loss : 31224.64:  93%|█████████▎| 927/1000 [1:51:21<08:43,  7.17s/it]
Epoch 927 | loss : 40516.08, postive loss : 9291.43, negtive loss : 31224.64:  93%|█████████▎| 928/1000 [1:51:21<08:35,  7.17s/it]
Epoch 928 | loss : 40423.92, postive loss : 9286.08, negtive loss : 31137.84:  93%|█████████▎| 928/1000 [1:51:28<08:35,  7.17s/it]
Epoch 928 | loss : 40423.92, postive loss : 9286.08, negtive loss : 31137.84:  93%|█████████▎| 929/1000 [1:51:28<08:28,  7.16s/it]
Epoch 929 | loss : 40462.76, postive loss : 9289.10, negtive loss : 31173.66:  93%|█████████▎| 929/1000 [1:51:35<08:28,  7.16s/it]
Epoch 929 | loss : 40462.76, postive loss : 9289.10, negtive loss : 31173.66:  93%|█████████▎| 930/1000 [1:51:35<08:21,  7.16s/it]
Epoch 930 | loss : 40467.94, postive loss : 9281.14, negtive loss : 31186.80:  93%|█████████▎| 930/1000 [1:51:42<08:21,  7.16s/it]
Epoch 930 | loss : 40467.94, postive loss : 9281.14, negtive loss : 31186.80:  93%|█████████▎| 931/1000 [1:51:42<08:14,  7.16s/it]
Epoch 931 | loss : 40442.24, postive loss : 9277.78, negtive loss : 31164.45:  93%|█████████▎| 931/1000 [1:51:49<08:14,  7.16s/it]
Epoch 931 | loss : 40442.24, postive loss : 9277.78, negtive loss : 31164.45:  93%|█████████▎| 932/1000 [1:51:49<08:07,  7.17s/it]
Epoch 932 | loss : 40448.04, postive loss : 9275.54, negtive loss : 31172.50:  93%|█████████▎| 932/1000 [1:51:56<08:07,  7.17s/it]
Epoch 932 | loss : 40448.04, postive loss : 9275.54, negtive loss : 31172.50:  93%|█████████▎| 933/1000 [1:51:56<08:00,  7.17s/it]
Epoch 933 | loss : 40461.85, postive loss : 9273.06, negtive loss : 31188.79:  93%|█████████▎| 933/1000 [1:52:04<08:00,  7.17s/it]
Epoch 933 | loss : 40461.85, postive loss : 9273.06, negtive loss : 31188.79:  93%|█████████▎| 934/1000 [1:52:04<07:53,  7.17s/it]
Epoch 934 | loss : 40488.96, postive loss : 9280.69, negtive loss : 31208.27:  93%|█████████▎| 934/1000 [1:52:11<07:53,  7.17s/it]
Epoch 934 | loss : 40488.96, postive loss : 9280.69, negtive loss : 31208.27:  94%|█████████▎| 935/1000 [1:52:11<07:45,  7.17s/it]
Epoch 935 | loss : 40449.53, postive loss : 9288.38, negtive loss : 31161.15:  94%|█████████▎| 935/1000 [1:52:18<07:45,  7.17s/it]
Epoch 935 | loss : 40449.53, postive loss : 9288.38, negtive loss : 31161.15:  94%|█████████▎| 936/1000 [1:52:18<07:38,  7.16s/it]
Epoch 936 | loss : 40438.02, postive loss : 9275.04, negtive loss : 31162.98:  94%|█████████▎| 936/1000 [1:52:25<07:38,  7.16s/it]
Epoch 936 | loss : 40438.02, postive loss : 9275.04, negtive loss : 31162.98:  94%|█████████▎| 937/1000 [1:52:25<07:31,  7.16s/it]
Epoch 937 | loss : 40472.59, postive loss : 9280.87, negtive loss : 31191.72:  94%|█████████▎| 937/1000 [1:52:32<07:31,  7.16s/it]
Epoch 937 | loss : 40472.59, postive loss : 9280.87, negtive loss : 31191.72:  94%|█████████▍| 938/1000 [1:52:32<07:23,  7.16s/it]
Epoch 938 | loss : 40449.92, postive loss : 9268.85, negtive loss : 31181.07:  94%|█████████▍| 938/1000 [1:52:39<07:23,  7.16s/it]
Epoch 938 | loss : 40449.92, postive loss : 9268.85, negtive loss : 31181.07:  94%|█████████▍| 939/1000 [1:52:39<07:16,  7.16s/it]
Epoch 939 | loss : 40418.69, postive loss : 9275.50, negtive loss : 31143.19:  94%|█████████▍| 939/1000 [1:52:47<07:16,  7.16s/it]
Epoch 939 | loss : 40418.69, postive loss : 9275.50, negtive loss : 31143.19:  94%|█████████▍| 940/1000 [1:52:47<07:09,  7.16s/it]
Epoch 940 | loss : 40395.58, postive loss : 9262.60, negtive loss : 31132.98:  94%|█████████▍| 940/1000 [1:52:54<07:09,  7.16s/it]
Epoch 940 | loss : 40395.58, postive loss : 9262.60, negtive loss : 31132.98:  94%|█████████▍| 941/1000 [1:52:54<07:02,  7.16s/it]
Epoch 941 | loss : 40415.45, postive loss : 9263.67, negtive loss : 31151.78:  94%|█████████▍| 941/1000 [1:53:01<07:02,  7.16s/it]
Epoch 941 | loss : 40415.45, postive loss : 9263.67, negtive loss : 31151.78:  94%|█████████▍| 942/1000 [1:53:01<06:55,  7.16s/it]
Epoch 942 | loss : 40392.02, postive loss : 9252.90, negtive loss : 31139.13:  94%|█████████▍| 942/1000 [1:53:08<06:55,  7.16s/it]
Epoch 942 | loss : 40392.02, postive loss : 9252.90, negtive loss : 31139.13:  94%|█████████▍| 943/1000 [1:53:08<06:48,  7.16s/it]
Epoch 943 | loss : 40395.04, postive loss : 9261.47, negtive loss : 31133.56:  94%|█████████▍| 943/1000 [1:53:15<06:48,  7.16s/it]
Epoch 943 | loss : 40395.04, postive loss : 9261.47, negtive loss : 31133.56:  94%|█████████▍| 944/1000 [1:53:15<06:41,  7.16s/it]
Epoch 944 | loss : 40379.20, postive loss : 9251.71, negtive loss : 31127.48:  94%|█████████▍| 944/1000 [1:53:22<06:41,  7.16s/it]
Epoch 944 | loss : 40379.20, postive loss : 9251.71, negtive loss : 31127.48:  94%|█████████▍| 945/1000 [1:53:22<06:34,  7.16s/it]
Epoch 945 | loss : 40416.88, postive loss : 9254.19, negtive loss : 31162.69:  94%|█████████▍| 945/1000 [1:53:30<06:34,  7.16s/it]
Epoch 945 | loss : 40416.88, postive loss : 9254.19, negtive loss : 31162.69:  95%|█████████▍| 946/1000 [1:53:30<06:26,  7.17s/it]
Epoch 946 | loss : 40435.05, postive loss : 9258.47, negtive loss : 31176.58:  95%|█████████▍| 946/1000 [1:53:37<06:26,  7.17s/it]
Epoch 946 | loss : 40435.05, postive loss : 9258.47, negtive loss : 31176.58:  95%|█████████▍| 947/1000 [1:53:37<06:19,  7.17s/it]
Epoch 947 | loss : 40406.58, postive loss : 9266.88, negtive loss : 31139.71:  95%|█████████▍| 947/1000 [1:53:44<06:19,  7.17s/it]
Epoch 947 | loss : 40406.58, postive loss : 9266.88, negtive loss : 31139.71:  95%|█████████▍| 948/1000 [1:53:44<06:12,  7.16s/it]
Epoch 948 | loss : 40360.74, postive loss : 9259.58, negtive loss : 31101.16:  95%|█████████▍| 948/1000 [1:53:51<06:12,  7.16s/it]
Epoch 948 | loss : 40360.74, postive loss : 9259.58, negtive loss : 31101.16:  95%|█████████▍| 949/1000 [1:53:51<06:05,  7.16s/it]
Epoch 949 | loss : 40436.21, postive loss : 9247.67, negtive loss : 31188.54:  95%|█████████▍| 949/1000 [1:53:58<06:05,  7.16s/it]
Epoch 949 | loss : 40436.21, postive loss : 9247.67, negtive loss : 31188.54:  95%|█████████▌| 950/1000 [1:53:58<05:58,  7.16s/it]
Epoch 950 | loss : 40417.08, postive loss : 9271.57, negtive loss : 31145.51:  95%|█████████▌| 950/1000 [1:54:05<05:58,  7.16s/it]
Epoch 950 | loss : 40417.08, postive loss : 9271.57, negtive loss : 31145.51:  95%|█████████▌| 951/1000 [1:54:05<05:50,  7.16s/it]
Epoch 951 | loss : 40411.47, postive loss : 9263.30, negtive loss : 31148.16:  95%|█████████▌| 951/1000 [1:54:12<05:50,  7.16s/it]
Epoch 951 | loss : 40411.47, postive loss : 9263.30, negtive loss : 31148.16:  95%|█████████▌| 952/1000 [1:54:12<05:43,  7.16s/it]
Epoch 952 | loss : 40424.12, postive loss : 9246.13, negtive loss : 31177.98:  95%|█████████▌| 952/1000 [1:54:20<05:43,  7.16s/it]
Epoch 952 | loss : 40424.12, postive loss : 9246.13, negtive loss : 31177.98:  95%|█████████▌| 953/1000 [1:54:20<05:36,  7.16s/it]
Epoch 953 | loss : 40456.31, postive loss : 9253.84, negtive loss : 31202.46:  95%|█████████▌| 953/1000 [1:54:27<05:36,  7.16s/it]
Epoch 953 | loss : 40456.31, postive loss : 9253.84, negtive loss : 31202.46:  95%|█████████▌| 954/1000 [1:54:27<05:29,  7.16s/it]
Epoch 954 | loss : 40400.43, postive loss : 9256.43, negtive loss : 31143.99:  95%|█████████▌| 954/1000 [1:54:34<05:29,  7.16s/it]
Epoch 954 | loss : 40400.43, postive loss : 9256.43, negtive loss : 31143.99:  96%|█████████▌| 955/1000 [1:54:34<05:22,  7.16s/it]
Epoch 955 | loss : 40340.91, postive loss : 9248.66, negtive loss : 31092.25:  96%|█████████▌| 955/1000 [1:54:41<05:22,  7.16s/it]
Epoch 955 | loss : 40340.91, postive loss : 9248.66, negtive loss : 31092.25:  96%|█████████▌| 956/1000 [1:54:41<05:15,  7.16s/it]
Epoch 956 | loss : 40376.24, postive loss : 9245.27, negtive loss : 31130.98:  96%|█████████▌| 956/1000 [1:54:48<05:15,  7.16s/it]
Epoch 956 | loss : 40376.24, postive loss : 9245.27, negtive loss : 31130.98:  96%|█████████▌| 957/1000 [1:54:48<05:07,  7.16s/it]
Epoch 957 | loss : 40408.60, postive loss : 9234.19, negtive loss : 31174.41:  96%|█████████▌| 957/1000 [1:54:55<05:07,  7.16s/it]
Epoch 957 | loss : 40408.60, postive loss : 9234.19, negtive loss : 31174.41:  96%|█████████▌| 958/1000 [1:54:55<05:00,  7.16s/it]
Epoch 958 | loss : 40384.18, postive loss : 9244.38, negtive loss : 31139.80:  96%|█████████▌| 958/1000 [1:55:03<05:00,  7.16s/it]
Epoch 958 | loss : 40384.18, postive loss : 9244.38, negtive loss : 31139.80:  96%|█████████▌| 959/1000 [1:55:03<04:53,  7.16s/it]
Epoch 959 | loss : 40395.75, postive loss : 9240.40, negtive loss : 31155.35:  96%|█████████▌| 959/1000 [1:55:10<04:53,  7.16s/it]
Epoch 959 | loss : 40395.75, postive loss : 9240.40, negtive loss : 31155.35:  96%|█████████▌| 960/1000 [1:55:10<04:46,  7.16s/it]
Epoch 960 | loss : 40366.59, postive loss : 9239.54, negtive loss : 31127.06:  96%|█████████▌| 960/1000 [1:55:17<04:46,  7.16s/it]
Epoch 960 | loss : 40366.59, postive loss : 9239.54, negtive loss : 31127.06:  96%|█████████▌| 961/1000 [1:55:17<04:39,  7.16s/it]
Epoch 961 | loss : 40424.55, postive loss : 9243.68, negtive loss : 31180.87:  96%|█████████▌| 961/1000 [1:55:24<04:39,  7.16s/it]
Epoch 961 | loss : 40424.55, postive loss : 9243.68, negtive loss : 31180.87:  96%|█████████▌| 962/1000 [1:55:24<04:32,  7.16s/it]
Epoch 962 | loss : 40358.64, postive loss : 9241.59, negtive loss : 31117.05:  96%|█████████▌| 962/1000 [1:55:31<04:32,  7.16s/it]
Epoch 962 | loss : 40358.64, postive loss : 9241.59, negtive loss : 31117.05:  96%|█████████▋| 963/1000 [1:55:31<04:25,  7.16s/it]
Epoch 963 | loss : 40389.49, postive loss : 9237.62, negtive loss : 31151.87:  96%|█████████▋| 963/1000 [1:55:38<04:25,  7.16s/it]
Epoch 963 | loss : 40389.49, postive loss : 9237.62, negtive loss : 31151.87:  96%|█████████▋| 964/1000 [1:55:38<04:17,  7.16s/it]
Epoch 964 | loss : 40404.56, postive loss : 9238.11, negtive loss : 31166.45:  96%|█████████▋| 964/1000 [1:55:46<04:17,  7.16s/it]
Epoch 964 | loss : 40404.56, postive loss : 9238.11, negtive loss : 31166.45:  96%|█████████▋| 965/1000 [1:55:46<04:10,  7.16s/it]
Epoch 965 | loss : 40382.62, postive loss : 9235.96, negtive loss : 31146.67:  96%|█████████▋| 965/1000 [1:55:53<04:10,  7.16s/it]
Epoch 965 | loss : 40382.62, postive loss : 9235.96, negtive loss : 31146.67:  97%|█████████▋| 966/1000 [1:55:53<04:03,  7.16s/it]
Epoch 966 | loss : 40340.71, postive loss : 9232.48, negtive loss : 31108.23:  97%|█████████▋| 966/1000 [1:56:00<04:03,  7.16s/it]
Epoch 966 | loss : 40340.71, postive loss : 9232.48, negtive loss : 31108.23:  97%|█████████▋| 967/1000 [1:56:00<03:56,  7.16s/it]
Epoch 967 | loss : 40363.31, postive loss : 9234.93, negtive loss : 31128.38:  97%|█████████▋| 967/1000 [1:56:07<03:56,  7.16s/it]
Epoch 967 | loss : 40363.31, postive loss : 9234.93, negtive loss : 31128.38:  97%|█████████▋| 968/1000 [1:56:07<03:49,  7.16s/it]
Epoch 968 | loss : 40384.74, postive loss : 9226.04, negtive loss : 31158.70:  97%|█████████▋| 968/1000 [1:56:14<03:49,  7.16s/it]
Epoch 968 | loss : 40384.74, postive loss : 9226.04, negtive loss : 31158.70:  97%|█████████▋| 969/1000 [1:56:14<03:42,  7.17s/it]
Epoch 969 | loss : 40357.40, postive loss : 9226.81, negtive loss : 31130.59:  97%|█████████▋| 969/1000 [1:56:21<03:42,  7.17s/it]
Epoch 969 | loss : 40357.40, postive loss : 9226.81, negtive loss : 31130.59:  97%|█████████▋| 970/1000 [1:56:21<03:35,  7.17s/it]
Epoch 970 | loss : 40380.04, postive loss : 9233.28, negtive loss : 31146.76:  97%|█████████▋| 970/1000 [1:56:29<03:35,  7.17s/it]
Epoch 970 | loss : 40380.04, postive loss : 9233.28, negtive loss : 31146.76:  97%|█████████▋| 971/1000 [1:56:29<03:27,  7.17s/it]
Epoch 971 | loss : 40381.33, postive loss : 9230.64, negtive loss : 31150.69:  97%|█████████▋| 971/1000 [1:56:36<03:27,  7.17s/it]
Epoch 971 | loss : 40381.33, postive loss : 9230.64, negtive loss : 31150.69:  97%|█████████▋| 972/1000 [1:56:36<03:20,  7.17s/it]
Epoch 972 | loss : 40376.03, postive loss : 9230.40, negtive loss : 31145.63:  97%|█████████▋| 972/1000 [1:56:43<03:20,  7.17s/it]
Epoch 972 | loss : 40376.03, postive loss : 9230.40, negtive loss : 31145.63:  97%|█████████▋| 973/1000 [1:56:43<03:13,  7.17s/it]
Epoch 973 | loss : 40390.94, postive loss : 9216.56, negtive loss : 31174.38:  97%|█████████▋| 973/1000 [1:56:50<03:13,  7.17s/it]
Epoch 973 | loss : 40390.94, postive loss : 9216.56, negtive loss : 31174.38:  97%|█████████▋| 974/1000 [1:56:50<03:06,  7.17s/it]
Epoch 974 | loss : 40848.65, postive loss : 9641.69, negtive loss : 31206.96:  97%|█████████▋| 974/1000 [1:56:57<03:06,  7.17s/it]
Epoch 974 | loss : 40848.65, postive loss : 9641.69, negtive loss : 31206.96:  98%|█████████▊| 975/1000 [1:56:57<02:59,  7.17s/it]
Epoch 975 | loss : 40447.11, postive loss : 9345.33, negtive loss : 31101.78:  98%|█████████▊| 975/1000 [1:57:04<02:59,  7.17s/it]
Epoch 975 | loss : 40447.11, postive loss : 9345.33, negtive loss : 31101.78:  98%|█████████▊| 976/1000 [1:57:04<02:52,  7.17s/it]
Epoch 976 | loss : 40407.42, postive loss : 9272.90, negtive loss : 31134.53:  98%|█████████▊| 976/1000 [1:57:12<02:52,  7.17s/it]
Epoch 976 | loss : 40407.42, postive loss : 9272.90, negtive loss : 31134.53:  98%|█████████▊| 977/1000 [1:57:12<02:44,  7.17s/it]
Epoch 977 | loss : 40398.61, postive loss : 9257.41, negtive loss : 31141.19:  98%|█████████▊| 977/1000 [1:57:19<02:44,  7.17s/it]
Epoch 977 | loss : 40398.61, postive loss : 9257.41, negtive loss : 31141.19:  98%|█████████▊| 978/1000 [1:57:19<02:37,  7.17s/it]
Epoch 978 | loss : 40367.09, postive loss : 9252.64, negtive loss : 31114.45:  98%|█████████▊| 978/1000 [1:57:26<02:37,  7.17s/it]
Epoch 978 | loss : 40367.09, postive loss : 9252.64, negtive loss : 31114.45:  98%|█████████▊| 979/1000 [1:57:26<02:30,  7.17s/it]
Epoch 979 | loss : 40421.75, postive loss : 9249.00, negtive loss : 31172.75:  98%|█████████▊| 979/1000 [1:57:33<02:30,  7.17s/it]
Epoch 979 | loss : 40421.75, postive loss : 9249.00, negtive loss : 31172.75:  98%|█████████▊| 980/1000 [1:57:33<02:23,  7.17s/it]
Epoch 980 | loss : 40360.92, postive loss : 9253.58, negtive loss : 31107.34:  98%|█████████▊| 980/1000 [1:57:40<02:23,  7.17s/it]
Epoch 980 | loss : 40360.92, postive loss : 9253.58, negtive loss : 31107.34:  98%|█████████▊| 981/1000 [1:57:40<02:16,  7.16s/it]
Epoch 981 | loss : 40386.16, postive loss : 9240.56, negtive loss : 31145.61:  98%|█████████▊| 981/1000 [1:57:47<02:16,  7.16s/it]
Epoch 981 | loss : 40386.16, postive loss : 9240.56, negtive loss : 31145.61:  98%|█████████▊| 982/1000 [1:57:47<02:08,  7.16s/it]
Epoch 982 | loss : 40363.19, postive loss : 9224.69, negtive loss : 31138.50:  98%|█████████▊| 982/1000 [1:57:55<02:08,  7.16s/it]
Epoch 982 | loss : 40363.19, postive loss : 9224.69, negtive loss : 31138.50:  98%|█████████▊| 983/1000 [1:57:55<02:01,  7.16s/it]
Epoch 983 | loss : 40370.94, postive loss : 9240.64, negtive loss : 31130.29:  98%|█████████▊| 983/1000 [1:58:02<02:01,  7.16s/it]
Epoch 983 | loss : 40370.94, postive loss : 9240.64, negtive loss : 31130.29:  98%|█████████▊| 984/1000 [1:58:02<01:54,  7.16s/it]
Epoch 984 | loss : 40382.80, postive loss : 9227.76, negtive loss : 31155.04:  98%|█████████▊| 984/1000 [1:58:09<01:54,  7.16s/it]
Epoch 984 | loss : 40382.80, postive loss : 9227.76, negtive loss : 31155.04:  98%|█████████▊| 985/1000 [1:58:09<01:47,  7.17s/it]
Epoch 985 | loss : 40334.79, postive loss : 9229.85, negtive loss : 31104.93:  98%|█████████▊| 985/1000 [1:58:16<01:47,  7.17s/it]
Epoch 985 | loss : 40334.79, postive loss : 9229.85, negtive loss : 31104.93:  99%|█████████▊| 986/1000 [1:58:16<01:40,  7.17s/it]
Epoch 986 | loss : 40387.40, postive loss : 9229.72, negtive loss : 31157.68:  99%|█████████▊| 986/1000 [1:58:23<01:40,  7.17s/it]
Epoch 986 | loss : 40387.40, postive loss : 9229.72, negtive loss : 31157.68:  99%|█████████▊| 987/1000 [1:58:23<01:33,  7.17s/it]
Epoch 987 | loss : 40373.39, postive loss : 9240.49, negtive loss : 31132.90:  99%|█████████▊| 987/1000 [1:58:30<01:33,  7.17s/it]
Epoch 987 | loss : 40373.39, postive loss : 9240.49, negtive loss : 31132.90:  99%|█████████▉| 988/1000 [1:58:30<01:25,  7.17s/it]
Epoch 988 | loss : 40336.30, postive loss : 9213.44, negtive loss : 31122.86:  99%|█████████▉| 988/1000 [1:58:38<01:25,  7.17s/it]
Epoch 988 | loss : 40336.30, postive loss : 9213.44, negtive loss : 31122.86:  99%|█████████▉| 989/1000 [1:58:38<01:18,  7.16s/it]
Epoch 989 | loss : 40333.61, postive loss : 9224.58, negtive loss : 31109.03:  99%|█████████▉| 989/1000 [1:58:45<01:18,  7.16s/it]
Epoch 989 | loss : 40333.61, postive loss : 9224.58, negtive loss : 31109.03:  99%|█████████▉| 990/1000 [1:58:45<01:11,  7.16s/it]
Epoch 990 | loss : 40340.51, postive loss : 9209.41, negtive loss : 31131.10:  99%|█████████▉| 990/1000 [1:58:52<01:11,  7.16s/it]
Epoch 990 | loss : 40340.51, postive loss : 9209.41, negtive loss : 31131.10:  99%|█████████▉| 991/1000 [1:58:52<01:04,  7.16s/it]
Epoch 991 | loss : 40361.06, postive loss : 9219.43, negtive loss : 31141.64:  99%|█████████▉| 991/1000 [1:58:59<01:04,  7.16s/it]
Epoch 991 | loss : 40361.06, postive loss : 9219.43, negtive loss : 31141.64:  99%|█████████▉| 992/1000 [1:58:59<00:57,  7.16s/it]
Epoch 992 | loss : 40381.97, postive loss : 9236.19, negtive loss : 31145.78:  99%|█████████▉| 992/1000 [1:59:06<00:57,  7.16s/it]
Epoch 992 | loss : 40381.97, postive loss : 9236.19, negtive loss : 31145.78:  99%|█████████▉| 993/1000 [1:59:06<00:50,  7.16s/it]
Epoch 993 | loss : 40380.02, postive loss : 9223.70, negtive loss : 31156.32:  99%|█████████▉| 993/1000 [1:59:13<00:50,  7.16s/it]
Epoch 993 | loss : 40380.02, postive loss : 9223.70, negtive loss : 31156.32:  99%|█████████▉| 994/1000 [1:59:13<00:42,  7.16s/it]
Epoch 994 | loss : 40338.29, postive loss : 9226.91, negtive loss : 31111.39:  99%|█████████▉| 994/1000 [1:59:20<00:42,  7.16s/it]
Epoch 994 | loss : 40338.29, postive loss : 9226.91, negtive loss : 31111.39: 100%|█████████▉| 995/1000 [1:59:20<00:35,  7.16s/it]
Epoch 995 | loss : 40390.14, postive loss : 9220.89, negtive loss : 31169.25: 100%|█████████▉| 995/1000 [1:59:28<00:35,  7.16s/it]
Epoch 995 | loss : 40390.14, postive loss : 9220.89, negtive loss : 31169.25: 100%|█████████▉| 996/1000 [1:59:28<00:28,  7.16s/it]
Epoch 996 | loss : 40361.00, postive loss : 9233.44, negtive loss : 31127.56: 100%|█████████▉| 996/1000 [1:59:35<00:28,  7.16s/it]
Epoch 996 | loss : 40361.00, postive loss : 9233.44, negtive loss : 31127.56: 100%|█████████▉| 997/1000 [1:59:35<00:21,  7.16s/it]
Epoch 997 | loss : 40298.39, postive loss : 9221.21, negtive loss : 31077.18: 100%|█████████▉| 997/1000 [1:59:42<00:21,  7.16s/it]
Epoch 997 | loss : 40298.39, postive loss : 9221.21, negtive loss : 31077.18: 100%|█████████▉| 998/1000 [1:59:42<00:14,  7.17s/it]
Epoch 998 | loss : 40322.12, postive loss : 9229.41, negtive loss : 31092.71: 100%|█████████▉| 998/1000 [1:59:49<00:14,  7.17s/it]
Epoch 998 | loss : 40322.12, postive loss : 9229.41, negtive loss : 31092.71: 100%|█████████▉| 999/1000 [1:59:49<00:07,  7.17s/it]
Epoch 999 | loss : 40435.65, postive loss : 9229.10, negtive loss : 31206.55: 100%|█████████▉| 999/1000 [1:59:56<00:07,  7.17s/it]
Epoch 999 | loss : 40435.65, postive loss : 9229.10, negtive loss : 31206.55: 100%|██████████| 1000/1000 [1:59:56<00:00,  7.18s/it]
Epoch 999 | loss : 40435.65, postive loss : 9229.10, negtive loss : 31206.55: 100%|██████████| 1000/1000 [1:59:56<00:00,  7.20s/it]
Info : finish model training
Info : save model sucessfully
Info : save sucessfully
the 1th validation begin. the optimizer is Adam-------------------------------
INFO -- prepare : Init model SN2E
INFO -- prepare : set model cuda: 0
INFO -- prepare : Model initialization complete
INFO -- prepare : Init optimizer
INFO -- prepare : Finish preparing Optimizer...
Info : start model training

  0%|          | 0/1000 [00:00<?, ?it/s]
Epoch 0 | loss : 487471.57, postive loss : 458234.03, negtive loss : 29237.54:   0%|          | 0/1000 [00:07<?, ?it/s]
Epoch 0 | loss : 487471.57, postive loss : 458234.03, negtive loss : 29237.54:   0%|          | 1/1000 [00:07<2:00:09,  7.22s/it]
Epoch 1 | loss : 258833.05, postive loss : 229595.44, negtive loss : 29237.61:   0%|          | 1/1000 [00:14<2:00:09,  7.22s/it]
Epoch 1 | loss : 258833.05, postive loss : 229595.44, negtive loss : 29237.61:   0%|          | 2/1000 [00:14<1:59:45,  7.20s/it]
Epoch 2 | loss : 173915.68, postive loss : 144643.09, negtive loss : 29272.59:   0%|          | 2/1000 [00:21<1:59:45,  7.20s/it]
Epoch 2 | loss : 173915.68, postive loss : 144643.09, negtive loss : 29272.59:   0%|          | 3/1000 [00:21<1:59:31,  7.19s/it]
Epoch 3 | loss : 125324.63, postive loss : 95382.44, negtive loss : 29942.20:   0%|          | 3/1000 [00:28<1:59:31,  7.19s/it] 
Epoch 3 | loss : 125324.63, postive loss : 95382.44, negtive loss : 29942.20:   0%|          | 4/1000 [00:28<1:59:22,  7.19s/it]
Epoch 4 | loss : 113026.50, postive loss : 81181.10, negtive loss : 31845.40:   0%|          | 4/1000 [00:35<1:59:22,  7.19s/it]
Epoch 4 | loss : 113026.50, postive loss : 81181.10, negtive loss : 31845.40:   0%|          | 5/1000 [00:35<1:59:13,  7.19s/it]
Epoch 5 | loss : 127544.88, postive loss : 94606.04, negtive loss : 32938.85:   0%|          | 5/1000 [00:43<1:59:13,  7.19s/it]
Epoch 5 | loss : 127544.88, postive loss : 94606.04, negtive loss : 32938.85:   1%|          | 6/1000 [00:43<1:59:07,  7.19s/it]
Epoch 6 | loss : 120675.93, postive loss : 87513.45, negtive loss : 33162.48:   1%|          | 6/1000 [00:50<1:59:07,  7.19s/it]
Epoch 6 | loss : 120675.93, postive loss : 87513.45, negtive loss : 33162.48:   1%|          | 7/1000 [00:50<1:59:03,  7.19s/it]
Epoch 7 | loss : 97911.70, postive loss : 65169.97, negtive loss : 32741.72:   1%|          | 7/1000 [00:57<1:59:03,  7.19s/it] 
Epoch 7 | loss : 97911.70, postive loss : 65169.97, negtive loss : 32741.72:   1%|          | 8/1000 [00:57<1:59:01,  7.20s/it]
Epoch 8 | loss : 79304.69, postive loss : 47022.82, negtive loss : 32281.88:   1%|          | 8/1000 [01:04<1:59:01,  7.20s/it]
Epoch 8 | loss : 79304.69, postive loss : 47022.82, negtive loss : 32281.88:   1%|          | 9/1000 [01:04<1:58:55,  7.20s/it]
Epoch 9 | loss : 68465.16, postive loss : 36490.16, negtive loss : 31975.01:   1%|          | 9/1000 [01:11<1:58:55,  7.20s/it]
Epoch 9 | loss : 68465.16, postive loss : 36490.16, negtive loss : 31975.01:   1%|          | 10/1000 [01:11<1:58:49,  7.20s/it]
Epoch 10 | loss : 62716.19, postive loss : 30848.11, negtive loss : 31868.08:   1%|          | 10/1000 [01:19<1:58:49,  7.20s/it]
Epoch 10 | loss : 62716.19, postive loss : 30848.11, negtive loss : 31868.08:   1%|          | 11/1000 [01:19<1:58:41,  7.20s/it]
Epoch 11 | loss : 60320.61, postive loss : 28432.49, negtive loss : 31888.13:   1%|          | 11/1000 [01:26<1:58:41,  7.20s/it]
Epoch 11 | loss : 60320.61, postive loss : 28432.49, negtive loss : 31888.13:   1%|          | 12/1000 [01:26<1:58:37,  7.20s/it]
Epoch 12 | loss : 59843.23, postive loss : 27857.61, negtive loss : 31985.62:   1%|          | 12/1000 [01:33<1:58:37,  7.20s/it]
Epoch 12 | loss : 59843.23, postive loss : 27857.61, negtive loss : 31985.62:   1%|▏         | 13/1000 [01:33<1:58:27,  7.20s/it]
Epoch 13 | loss : 59859.34, postive loss : 27822.67, negtive loss : 32036.67:   1%|▏         | 13/1000 [01:40<1:58:27,  7.20s/it]
Epoch 13 | loss : 59859.34, postive loss : 27822.67, negtive loss : 32036.67:   1%|▏         | 14/1000 [01:40<1:58:15,  7.20s/it]
Epoch 14 | loss : 60035.35, postive loss : 27935.13, negtive loss : 32100.23:   1%|▏         | 14/1000 [01:47<1:58:15,  7.20s/it]
Epoch 14 | loss : 60035.35, postive loss : 27935.13, negtive loss : 32100.23:   2%|▏         | 15/1000 [01:47<1:58:02,  7.19s/it]
Epoch 15 | loss : 60828.61, postive loss : 28730.92, negtive loss : 32097.69:   2%|▏         | 15/1000 [01:55<1:58:02,  7.19s/it]
Epoch 15 | loss : 60828.61, postive loss : 28730.92, negtive loss : 32097.69:   2%|▏         | 16/1000 [01:55<1:57:52,  7.19s/it]
Epoch 16 | loss : 60997.37, postive loss : 28884.74, negtive loss : 32112.63:   2%|▏         | 16/1000 [02:02<1:57:52,  7.19s/it]
Epoch 16 | loss : 60997.37, postive loss : 28884.74, negtive loss : 32112.63:   2%|▏         | 17/1000 [02:02<1:57:43,  7.19s/it]
Epoch 17 | loss : 61569.66, postive loss : 29443.42, negtive loss : 32126.24:   2%|▏         | 17/1000 [02:09<1:57:43,  7.19s/it]
Epoch 17 | loss : 61569.66, postive loss : 29443.42, negtive loss : 32126.24:   2%|▏         | 18/1000 [02:09<1:57:46,  7.20s/it]
Epoch 18 | loss : 61672.72, postive loss : 29619.90, negtive loss : 32052.82:   2%|▏         | 18/1000 [02:16<1:57:46,  7.20s/it]
Epoch 18 | loss : 61672.72, postive loss : 29619.90, negtive loss : 32052.82:   2%|▏         | 19/1000 [02:16<1:57:35,  7.19s/it]
Epoch 19 | loss : 62257.75, postive loss : 30220.71, negtive loss : 32037.04:   2%|▏         | 19/1000 [02:23<1:57:35,  7.19s/it]
Epoch 19 | loss : 62257.75, postive loss : 30220.71, negtive loss : 32037.04:   2%|▏         | 20/1000 [02:23<1:57:27,  7.19s/it]
Epoch 20 | loss : 62216.54, postive loss : 30190.92, negtive loss : 32025.63:   2%|▏         | 20/1000 [02:31<1:57:27,  7.19s/it]
Epoch 20 | loss : 62216.54, postive loss : 30190.92, negtive loss : 32025.63:   2%|▏         | 21/1000 [02:31<1:57:18,  7.19s/it]
Epoch 21 | loss : 62549.67, postive loss : 30560.85, negtive loss : 31988.81:   2%|▏         | 21/1000 [02:38<1:57:18,  7.19s/it]
Epoch 21 | loss : 62549.67, postive loss : 30560.85, negtive loss : 31988.81:   2%|▏         | 22/1000 [02:38<1:57:06,  7.18s/it]
Epoch 22 | loss : 62397.00, postive loss : 30472.60, negtive loss : 31924.40:   2%|▏         | 22/1000 [02:45<1:57:06,  7.18s/it]
Epoch 22 | loss : 62397.00, postive loss : 30472.60, negtive loss : 31924.40:   2%|▏         | 23/1000 [02:45<1:56:58,  7.18s/it]
Epoch 23 | loss : 62806.04, postive loss : 30885.05, negtive loss : 31920.99:   2%|▏         | 23/1000 [02:52<1:56:58,  7.18s/it]
Epoch 23 | loss : 62806.04, postive loss : 30885.05, negtive loss : 31920.99:   2%|▏         | 24/1000 [02:52<1:56:49,  7.18s/it]
Epoch 24 | loss : 63030.13, postive loss : 31170.81, negtive loss : 31859.33:   2%|▏         | 24/1000 [02:59<1:56:49,  7.18s/it]
Epoch 24 | loss : 63030.13, postive loss : 31170.81, negtive loss : 31859.33:   2%|▎         | 25/1000 [02:59<1:56:42,  7.18s/it]
Epoch 25 | loss : 62973.83, postive loss : 31146.75, negtive loss : 31827.08:   2%|▎         | 25/1000 [03:06<1:56:42,  7.18s/it]
Epoch 25 | loss : 62973.83, postive loss : 31146.75, negtive loss : 31827.08:   3%|▎         | 26/1000 [03:06<1:56:40,  7.19s/it]
Epoch 26 | loss : 62738.27, postive loss : 30934.20, negtive loss : 31804.07:   3%|▎         | 26/1000 [03:14<1:56:40,  7.19s/it]
Epoch 26 | loss : 62738.27, postive loss : 30934.20, negtive loss : 31804.07:   3%|▎         | 27/1000 [03:14<1:56:30,  7.18s/it]
Epoch 27 | loss : 63170.47, postive loss : 31384.58, negtive loss : 31785.89:   3%|▎         | 27/1000 [03:21<1:56:30,  7.18s/it]
Epoch 27 | loss : 63170.47, postive loss : 31384.58, negtive loss : 31785.89:   3%|▎         | 28/1000 [03:21<1:56:21,  7.18s/it]
Epoch 28 | loss : 63112.15, postive loss : 31417.51, negtive loss : 31694.64:   3%|▎         | 28/1000 [03:28<1:56:21,  7.18s/it]
Epoch 28 | loss : 63112.15, postive loss : 31417.51, negtive loss : 31694.64:   3%|▎         | 29/1000 [03:28<1:56:12,  7.18s/it]
Epoch 29 | loss : 63823.15, postive loss : 32115.40, negtive loss : 31707.75:   3%|▎         | 29/1000 [03:35<1:56:12,  7.18s/it]
Epoch 29 | loss : 63823.15, postive loss : 32115.40, negtive loss : 31707.75:   3%|▎         | 30/1000 [03:35<1:56:04,  7.18s/it]
Epoch 30 | loss : 63247.60, postive loss : 31577.23, negtive loss : 31670.37:   3%|▎         | 30/1000 [03:42<1:56:04,  7.18s/it]
Epoch 30 | loss : 63247.60, postive loss : 31577.23, negtive loss : 31670.37:   3%|▎         | 31/1000 [03:42<1:55:57,  7.18s/it]
Epoch 31 | loss : 63329.99, postive loss : 31754.15, negtive loss : 31575.84:   3%|▎         | 31/1000 [03:50<1:55:57,  7.18s/it]
Epoch 31 | loss : 63329.99, postive loss : 31754.15, negtive loss : 31575.84:   3%|▎         | 32/1000 [03:50<1:55:49,  7.18s/it]
Epoch 32 | loss : 63007.03, postive loss : 31388.92, negtive loss : 31618.11:   3%|▎         | 32/1000 [03:57<1:55:49,  7.18s/it]
Epoch 32 | loss : 63007.03, postive loss : 31388.92, negtive loss : 31618.11:   3%|▎         | 33/1000 [03:57<1:55:45,  7.18s/it]
Epoch 33 | loss : 63411.30, postive loss : 31849.71, negtive loss : 31561.59:   3%|▎         | 33/1000 [04:04<1:55:45,  7.18s/it]
Epoch 33 | loss : 63411.30, postive loss : 31849.71, negtive loss : 31561.59:   3%|▎         | 34/1000 [04:04<1:55:42,  7.19s/it]
Epoch 34 | loss : 63060.51, postive loss : 31547.14, negtive loss : 31513.38:   3%|▎         | 34/1000 [04:11<1:55:42,  7.19s/it]
Epoch 34 | loss : 63060.51, postive loss : 31547.14, negtive loss : 31513.38:   4%|▎         | 35/1000 [04:11<1:55:33,  7.19s/it]
Epoch 35 | loss : 63699.21, postive loss : 32178.59, negtive loss : 31520.62:   4%|▎         | 35/1000 [04:18<1:55:33,  7.19s/it]
Epoch 35 | loss : 63699.21, postive loss : 32178.59, negtive loss : 31520.62:   4%|▎         | 36/1000 [04:18<1:55:35,  7.19s/it]
Epoch 36 | loss : 63478.98, postive loss : 31969.38, negtive loss : 31509.60:   4%|▎         | 36/1000 [04:26<1:55:35,  7.19s/it]
Epoch 36 | loss : 63478.98, postive loss : 31969.38, negtive loss : 31509.60:   4%|▎         | 37/1000 [04:26<1:55:38,  7.20s/it]
Epoch 37 | loss : 64034.85, postive loss : 32615.99, negtive loss : 31418.85:   4%|▎         | 37/1000 [04:33<1:55:38,  7.20s/it]
Epoch 37 | loss : 64034.85, postive loss : 32615.99, negtive loss : 31418.85:   4%|▍         | 38/1000 [04:33<1:55:27,  7.20s/it]
Epoch 38 | loss : 63386.08, postive loss : 31931.65, negtive loss : 31454.43:   4%|▍         | 38/1000 [04:40<1:55:27,  7.20s/it]
Epoch 38 | loss : 63386.08, postive loss : 31931.65, negtive loss : 31454.43:   4%|▍         | 39/1000 [04:40<1:55:15,  7.20s/it]
Epoch 39 | loss : 63751.32, postive loss : 32345.75, negtive loss : 31405.58:   4%|▍         | 39/1000 [04:47<1:55:15,  7.20s/it]
Epoch 39 | loss : 63751.32, postive loss : 32345.75, negtive loss : 31405.58:   4%|▍         | 40/1000 [04:47<1:55:09,  7.20s/it]
Epoch 40 | loss : 63594.91, postive loss : 32220.36, negtive loss : 31374.54:   4%|▍         | 40/1000 [04:54<1:55:09,  7.20s/it]
Epoch 40 | loss : 63594.91, postive loss : 32220.36, negtive loss : 31374.54:   4%|▍         | 41/1000 [04:54<1:54:58,  7.19s/it]
Epoch 41 | loss : 63995.63, postive loss : 32661.55, negtive loss : 31334.08:   4%|▍         | 41/1000 [05:02<1:54:58,  7.19s/it]
Epoch 41 | loss : 63995.63, postive loss : 32661.55, negtive loss : 31334.08:   4%|▍         | 42/1000 [05:02<1:54:48,  7.19s/it]
Epoch 42 | loss : 63914.48, postive loss : 32534.63, negtive loss : 31379.86:   4%|▍         | 42/1000 [05:09<1:54:48,  7.19s/it]
Epoch 42 | loss : 63914.48, postive loss : 32534.63, negtive loss : 31379.86:   4%|▍         | 43/1000 [05:09<1:54:39,  7.19s/it]
Epoch 43 | loss : 64493.86, postive loss : 33176.79, negtive loss : 31317.07:   4%|▍         | 43/1000 [05:16<1:54:39,  7.19s/it]
Epoch 43 | loss : 64493.86, postive loss : 33176.79, negtive loss : 31317.07:   4%|▍         | 44/1000 [05:16<1:54:34,  7.19s/it]
Epoch 44 | loss : 64605.12, postive loss : 33322.16, negtive loss : 31282.97:   4%|▍         | 44/1000 [05:23<1:54:34,  7.19s/it]
Epoch 44 | loss : 64605.12, postive loss : 33322.16, negtive loss : 31282.97:   4%|▍         | 45/1000 [05:23<1:54:27,  7.19s/it]
Epoch 45 | loss : 63769.09, postive loss : 32474.90, negtive loss : 31294.19:   4%|▍         | 45/1000 [05:30<1:54:27,  7.19s/it]
Epoch 45 | loss : 63769.09, postive loss : 32474.90, negtive loss : 31294.19:   5%|▍         | 46/1000 [05:30<1:54:22,  7.19s/it]
Epoch 46 | loss : 64468.55, postive loss : 33173.75, negtive loss : 31294.79:   5%|▍         | 46/1000 [05:37<1:54:22,  7.19s/it]
Epoch 46 | loss : 64468.55, postive loss : 33173.75, negtive loss : 31294.79:   5%|▍         | 47/1000 [05:37<1:54:14,  7.19s/it]
Epoch 47 | loss : 64423.50, postive loss : 33148.26, negtive loss : 31275.24:   5%|▍         | 47/1000 [05:45<1:54:14,  7.19s/it]
Epoch 47 | loss : 64423.50, postive loss : 33148.26, negtive loss : 31275.24:   5%|▍         | 48/1000 [05:45<1:54:07,  7.19s/it]
Epoch 48 | loss : 65378.26, postive loss : 34040.21, negtive loss : 31338.05:   5%|▍         | 48/1000 [05:52<1:54:07,  7.19s/it]
Epoch 48 | loss : 65378.26, postive loss : 34040.21, negtive loss : 31338.05:   5%|▍         | 49/1000 [05:52<1:53:58,  7.19s/it]
Epoch 49 | loss : 65656.48, postive loss : 34432.96, negtive loss : 31223.52:   5%|▍         | 49/1000 [05:59<1:53:58,  7.19s/it]
Epoch 49 | loss : 65656.48, postive loss : 34432.96, negtive loss : 31223.52:   5%|▌         | 50/1000 [05:59<1:53:49,  7.19s/it]
Epoch 50 | loss : 65075.64, postive loss : 33883.60, negtive loss : 31192.04:   5%|▌         | 50/1000 [06:06<1:53:49,  7.19s/it]
Epoch 50 | loss : 65075.64, postive loss : 33883.60, negtive loss : 31192.04:   5%|▌         | 51/1000 [06:06<1:53:42,  7.19s/it]
Epoch 51 | loss : 64668.81, postive loss : 33459.01, negtive loss : 31209.80:   5%|▌         | 51/1000 [06:13<1:53:42,  7.19s/it]
Epoch 51 | loss : 64668.81, postive loss : 33459.01, negtive loss : 31209.80:   5%|▌         | 52/1000 [06:13<1:53:33,  7.19s/it]
Epoch 52 | loss : 65675.74, postive loss : 34453.23, negtive loss : 31222.51:   5%|▌         | 52/1000 [06:21<1:53:33,  7.19s/it]
Epoch 52 | loss : 65675.74, postive loss : 34453.23, negtive loss : 31222.51:   5%|▌         | 53/1000 [06:21<1:53:26,  7.19s/it]
Epoch 53 | loss : 65080.25, postive loss : 33875.00, negtive loss : 31205.25:   5%|▌         | 53/1000 [06:28<1:53:26,  7.19s/it]
Epoch 53 | loss : 65080.25, postive loss : 33875.00, negtive loss : 31205.25:   5%|▌         | 54/1000 [06:28<1:53:17,  7.19s/it]
Epoch 54 | loss : 65085.72, postive loss : 33917.07, negtive loss : 31168.65:   5%|▌         | 54/1000 [06:35<1:53:17,  7.19s/it]
Epoch 54 | loss : 65085.72, postive loss : 33917.07, negtive loss : 31168.65:   6%|▌         | 55/1000 [06:35<1:53:09,  7.18s/it]
Epoch 55 | loss : 64817.58, postive loss : 33571.57, negtive loss : 31246.00:   6%|▌         | 55/1000 [06:42<1:53:09,  7.18s/it]
Epoch 55 | loss : 64817.58, postive loss : 33571.57, negtive loss : 31246.00:   6%|▌         | 56/1000 [06:42<1:53:02,  7.18s/it]
Epoch 56 | loss : 64989.90, postive loss : 33783.90, negtive loss : 31205.99:   6%|▌         | 56/1000 [06:49<1:53:02,  7.18s/it]
Epoch 56 | loss : 64989.90, postive loss : 33783.90, negtive loss : 31205.99:   6%|▌         | 57/1000 [06:49<1:52:55,  7.18s/it]
Epoch 57 | loss : 65738.60, postive loss : 34568.58, negtive loss : 31170.02:   6%|▌         | 57/1000 [06:57<1:52:55,  7.18s/it]
Epoch 57 | loss : 65738.60, postive loss : 34568.58, negtive loss : 31170.02:   6%|▌         | 58/1000 [06:57<1:52:47,  7.18s/it]
Epoch 58 | loss : 65490.52, postive loss : 34291.38, negtive loss : 31199.14:   6%|▌         | 58/1000 [07:04<1:52:47,  7.18s/it]
Epoch 58 | loss : 65490.52, postive loss : 34291.38, negtive loss : 31199.14:   6%|▌         | 59/1000 [07:04<1:52:39,  7.18s/it]
Epoch 59 | loss : 65374.83, postive loss : 34227.82, negtive loss : 31147.01:   6%|▌         | 59/1000 [07:11<1:52:39,  7.18s/it]
Epoch 59 | loss : 65374.83, postive loss : 34227.82, negtive loss : 31147.01:   6%|▌         | 60/1000 [07:11<1:52:31,  7.18s/it]
Epoch 60 | loss : 65401.60, postive loss : 34239.21, negtive loss : 31162.39:   6%|▌         | 60/1000 [07:18<1:52:31,  7.18s/it]
Epoch 60 | loss : 65401.60, postive loss : 34239.21, negtive loss : 31162.39:   6%|▌         | 61/1000 [07:18<1:52:24,  7.18s/it]
Epoch 61 | loss : 65747.50, postive loss : 34612.03, negtive loss : 31135.47:   6%|▌         | 61/1000 [07:25<1:52:24,  7.18s/it]
Epoch 61 | loss : 65747.50, postive loss : 34612.03, negtive loss : 31135.47:   6%|▌         | 62/1000 [07:25<1:52:16,  7.18s/it]
Epoch 62 | loss : 65605.03, postive loss : 34416.87, negtive loss : 31188.16:   6%|▌         | 62/1000 [07:32<1:52:16,  7.18s/it]
Epoch 62 | loss : 65605.03, postive loss : 34416.87, negtive loss : 31188.16:   6%|▋         | 63/1000 [07:32<1:52:11,  7.18s/it]
Epoch 63 | loss : 65908.79, postive loss : 34777.05, negtive loss : 31131.74:   6%|▋         | 63/1000 [07:40<1:52:11,  7.18s/it]
Epoch 63 | loss : 65908.79, postive loss : 34777.05, negtive loss : 31131.74:   6%|▋         | 64/1000 [07:40<1:52:04,  7.18s/it]
Epoch 64 | loss : 65951.88, postive loss : 34787.66, negtive loss : 31164.22:   6%|▋         | 64/1000 [07:47<1:52:04,  7.18s/it]
Epoch 64 | loss : 65951.88, postive loss : 34787.66, negtive loss : 31164.22:   6%|▋         | 65/1000 [07:47<1:51:56,  7.18s/it]
Epoch 65 | loss : 65882.61, postive loss : 34772.80, negtive loss : 31109.81:   6%|▋         | 65/1000 [07:54<1:51:56,  7.18s/it]
Epoch 65 | loss : 65882.61, postive loss : 34772.80, negtive loss : 31109.81:   7%|▋         | 66/1000 [07:54<1:51:48,  7.18s/it]
Epoch 66 | loss : 65880.58, postive loss : 34759.38, negtive loss : 31121.20:   7%|▋         | 66/1000 [08:01<1:51:48,  7.18s/it]
Epoch 66 | loss : 65880.58, postive loss : 34759.38, negtive loss : 31121.20:   7%|▋         | 67/1000 [08:01<1:51:40,  7.18s/it]
Epoch 67 | loss : 65795.19, postive loss : 34666.72, negtive loss : 31128.47:   7%|▋         | 67/1000 [08:08<1:51:40,  7.18s/it]
Epoch 67 | loss : 65795.19, postive loss : 34666.72, negtive loss : 31128.47:   7%|▋         | 68/1000 [08:08<1:51:34,  7.18s/it]
Epoch 68 | loss : 65983.01, postive loss : 34873.53, negtive loss : 31109.47:   7%|▋         | 68/1000 [08:16<1:51:34,  7.18s/it]
Epoch 68 | loss : 65983.01, postive loss : 34873.53, negtive loss : 31109.47:   7%|▋         | 69/1000 [08:16<1:51:29,  7.19s/it]
Epoch 69 | loss : 66172.51, postive loss : 35043.35, negtive loss : 31129.15:   7%|▋         | 69/1000 [08:23<1:51:29,  7.19s/it]
Epoch 69 | loss : 66172.51, postive loss : 35043.35, negtive loss : 31129.15:   7%|▋         | 70/1000 [08:23<1:51:24,  7.19s/it]
Epoch 70 | loss : 66142.43, postive loss : 35007.64, negtive loss : 31134.79:   7%|▋         | 70/1000 [08:30<1:51:24,  7.19s/it]
Epoch 70 | loss : 66142.43, postive loss : 35007.64, negtive loss : 31134.79:   7%|▋         | 71/1000 [08:30<1:51:17,  7.19s/it]
Epoch 71 | loss : 66518.28, postive loss : 35393.90, negtive loss : 31124.38:   7%|▋         | 71/1000 [08:37<1:51:17,  7.19s/it]
Epoch 71 | loss : 66518.28, postive loss : 35393.90, negtive loss : 31124.38:   7%|▋         | 72/1000 [08:37<1:51:10,  7.19s/it]
Epoch 72 | loss : 66030.69, postive loss : 34891.27, negtive loss : 31139.42:   7%|▋         | 72/1000 [08:44<1:51:10,  7.19s/it]
Epoch 72 | loss : 66030.69, postive loss : 34891.27, negtive loss : 31139.42:   7%|▋         | 73/1000 [08:44<1:51:03,  7.19s/it]
Epoch 73 | loss : 66922.63, postive loss : 35824.54, negtive loss : 31098.09:   7%|▋         | 73/1000 [08:51<1:51:03,  7.19s/it]
Epoch 73 | loss : 66922.63, postive loss : 35824.54, negtive loss : 31098.09:   7%|▋         | 74/1000 [08:51<1:50:56,  7.19s/it]
Epoch 74 | loss : 65661.85, postive loss : 34519.04, negtive loss : 31142.81:   7%|▋         | 74/1000 [08:59<1:50:56,  7.19s/it]
Epoch 74 | loss : 65661.85, postive loss : 34519.04, negtive loss : 31142.81:   8%|▊         | 75/1000 [08:59<1:50:49,  7.19s/it]
Epoch 75 | loss : 66800.29, postive loss : 35672.64, negtive loss : 31127.65:   8%|▊         | 75/1000 [09:06<1:50:49,  7.19s/it]
Epoch 75 | loss : 66800.29, postive loss : 35672.64, negtive loss : 31127.65:   8%|▊         | 76/1000 [09:06<1:50:42,  7.19s/it]
Epoch 76 | loss : 67023.34, postive loss : 35891.29, negtive loss : 31132.06:   8%|▊         | 76/1000 [09:13<1:50:42,  7.19s/it]
Epoch 76 | loss : 67023.34, postive loss : 35891.29, negtive loss : 31132.06:   8%|▊         | 77/1000 [09:13<1:50:34,  7.19s/it]
Epoch 77 | loss : 66137.65, postive loss : 35025.45, negtive loss : 31112.20:   8%|▊         | 77/1000 [09:20<1:50:34,  7.19s/it]
Epoch 77 | loss : 66137.65, postive loss : 35025.45, negtive loss : 31112.20:   8%|▊         | 78/1000 [09:20<1:50:26,  7.19s/it]
Epoch 78 | loss : 66566.97, postive loss : 35476.20, negtive loss : 31090.77:   8%|▊         | 78/1000 [09:27<1:50:26,  7.19s/it]
Epoch 78 | loss : 66566.97, postive loss : 35476.20, negtive loss : 31090.77:   8%|▊         | 79/1000 [09:27<1:50:19,  7.19s/it]
Epoch 79 | loss : 65970.56, postive loss : 34846.24, negtive loss : 31124.32:   8%|▊         | 79/1000 [09:35<1:50:19,  7.19s/it]
Epoch 79 | loss : 65970.56, postive loss : 34846.24, negtive loss : 31124.32:   8%|▊         | 80/1000 [09:35<1:50:12,  7.19s/it]
Epoch 80 | loss : 66166.04, postive loss : 35031.91, negtive loss : 31134.13:   8%|▊         | 80/1000 [09:42<1:50:12,  7.19s/it]
Epoch 80 | loss : 66166.04, postive loss : 35031.91, negtive loss : 31134.13:   8%|▊         | 81/1000 [09:42<1:50:05,  7.19s/it]
Epoch 81 | loss : 66570.85, postive loss : 35438.28, negtive loss : 31132.57:   8%|▊         | 81/1000 [09:49<1:50:05,  7.19s/it]
Epoch 81 | loss : 66570.85, postive loss : 35438.28, negtive loss : 31132.57:   8%|▊         | 82/1000 [09:49<1:49:56,  7.19s/it]
Epoch 82 | loss : 66325.12, postive loss : 35199.44, negtive loss : 31125.68:   8%|▊         | 82/1000 [09:56<1:49:56,  7.19s/it]
Epoch 82 | loss : 66325.12, postive loss : 35199.44, negtive loss : 31125.68:   8%|▊         | 83/1000 [09:56<1:49:47,  7.18s/it]
Epoch 83 | loss : 66416.68, postive loss : 35294.19, negtive loss : 31122.49:   8%|▊         | 83/1000 [10:03<1:49:47,  7.18s/it]
Epoch 83 | loss : 66416.68, postive loss : 35294.19, negtive loss : 31122.49:   8%|▊         | 84/1000 [10:03<1:49:39,  7.18s/it]
Epoch 84 | loss : 66225.11, postive loss : 35118.25, negtive loss : 31106.86:   8%|▊         | 84/1000 [10:11<1:49:39,  7.18s/it]
Epoch 84 | loss : 66225.11, postive loss : 35118.25, negtive loss : 31106.86:   8%|▊         | 85/1000 [10:11<1:49:30,  7.18s/it]
Epoch 85 | loss : 65812.80, postive loss : 34664.55, negtive loss : 31148.25:   8%|▊         | 85/1000 [10:18<1:49:30,  7.18s/it]
Epoch 85 | loss : 65812.80, postive loss : 34664.55, negtive loss : 31148.25:   9%|▊         | 86/1000 [10:18<1:49:24,  7.18s/it]
Epoch 86 | loss : 66756.23, postive loss : 35675.20, negtive loss : 31081.04:   9%|▊         | 86/1000 [10:25<1:49:24,  7.18s/it]
Epoch 86 | loss : 66756.23, postive loss : 35675.20, negtive loss : 31081.04:   9%|▊         | 87/1000 [10:25<1:49:17,  7.18s/it]
Epoch 87 | loss : 65900.80, postive loss : 34796.87, negtive loss : 31103.93:   9%|▊         | 87/1000 [10:32<1:49:17,  7.18s/it]
Epoch 87 | loss : 65900.80, postive loss : 34796.87, negtive loss : 31103.93:   9%|▉         | 88/1000 [10:32<1:49:09,  7.18s/it]
Epoch 88 | loss : 65891.69, postive loss : 34762.75, negtive loss : 31128.94:   9%|▉         | 88/1000 [10:39<1:49:09,  7.18s/it]
Epoch 88 | loss : 65891.69, postive loss : 34762.75, negtive loss : 31128.94:   9%|▉         | 89/1000 [10:39<1:49:02,  7.18s/it]
Epoch 89 | loss : 65695.49, postive loss : 34513.50, negtive loss : 31181.99:   9%|▉         | 89/1000 [10:46<1:49:02,  7.18s/it]
Epoch 89 | loss : 65695.49, postive loss : 34513.50, negtive loss : 31181.99:   9%|▉         | 90/1000 [10:46<1:48:55,  7.18s/it]
Epoch 90 | loss : 67300.62, postive loss : 36203.94, negtive loss : 31096.69:   9%|▉         | 90/1000 [10:54<1:48:55,  7.18s/it]
Epoch 90 | loss : 67300.62, postive loss : 36203.94, negtive loss : 31096.69:   9%|▉         | 91/1000 [10:54<1:48:47,  7.18s/it]
Epoch 91 | loss : 66022.19, postive loss : 34918.36, negtive loss : 31103.83:   9%|▉         | 91/1000 [11:01<1:48:47,  7.18s/it]
Epoch 91 | loss : 66022.19, postive loss : 34918.36, negtive loss : 31103.83:   9%|▉         | 92/1000 [11:01<1:48:40,  7.18s/it]
Epoch 92 | loss : 66376.94, postive loss : 35264.60, negtive loss : 31112.34:   9%|▉         | 92/1000 [11:08<1:48:40,  7.18s/it]
Epoch 92 | loss : 66376.94, postive loss : 35264.60, negtive loss : 31112.34:   9%|▉         | 93/1000 [11:08<1:48:35,  7.18s/it]
Epoch 93 | loss : 66481.90, postive loss : 35349.66, negtive loss : 31132.24:   9%|▉         | 93/1000 [11:15<1:48:35,  7.18s/it]
Epoch 93 | loss : 66481.90, postive loss : 35349.66, negtive loss : 31132.24:   9%|▉         | 94/1000 [11:15<1:48:28,  7.18s/it]
Epoch 94 | loss : 66772.46, postive loss : 35707.98, negtive loss : 31064.48:   9%|▉         | 94/1000 [11:22<1:48:28,  7.18s/it]
Epoch 94 | loss : 66772.46, postive loss : 35707.98, negtive loss : 31064.48:  10%|▉         | 95/1000 [11:22<1:48:22,  7.18s/it]
Epoch 95 | loss : 66006.14, postive loss : 34880.48, negtive loss : 31125.66:  10%|▉         | 95/1000 [11:30<1:48:22,  7.18s/it]
Epoch 95 | loss : 66006.14, postive loss : 34880.48, negtive loss : 31125.66:  10%|▉         | 96/1000 [11:30<1:48:16,  7.19s/it]
Epoch 96 | loss : 65947.81, postive loss : 34850.31, negtive loss : 31097.49:  10%|▉         | 96/1000 [11:37<1:48:16,  7.19s/it]
Epoch 96 | loss : 65947.81, postive loss : 34850.31, negtive loss : 31097.49:  10%|▉         | 97/1000 [11:37<1:48:07,  7.18s/it]
Epoch 97 | loss : 66202.85, postive loss : 35075.77, negtive loss : 31127.08:  10%|▉         | 97/1000 [11:44<1:48:07,  7.18s/it]
Epoch 97 | loss : 66202.85, postive loss : 35075.77, negtive loss : 31127.08:  10%|▉         | 98/1000 [11:44<1:47:59,  7.18s/it]
Epoch 98 | loss : 66295.06, postive loss : 35199.58, negtive loss : 31095.47:  10%|▉         | 98/1000 [11:51<1:47:59,  7.18s/it]
Epoch 98 | loss : 66295.06, postive loss : 35199.58, negtive loss : 31095.47:  10%|▉         | 99/1000 [11:51<1:47:51,  7.18s/it]
Epoch 99 | loss : 66502.32, postive loss : 35382.85, negtive loss : 31119.47:  10%|▉         | 99/1000 [11:58<1:47:51,  7.18s/it]
Epoch 99 | loss : 66502.32, postive loss : 35382.85, negtive loss : 31119.47:  10%|█         | 100/1000 [11:58<1:47:43,  7.18s/it]
Epoch 100 | loss : 66373.18, postive loss : 35322.09, negtive loss : 31051.09:  10%|█         | 100/1000 [12:05<1:47:43,  7.18s/it]
Epoch 100 | loss : 66373.18, postive loss : 35322.09, negtive loss : 31051.09:  10%|█         | 101/1000 [12:05<1:47:36,  7.18s/it]
Epoch 101 | loss : 66208.01, postive loss : 35060.70, negtive loss : 31147.31:  10%|█         | 101/1000 [12:13<1:47:36,  7.18s/it]
Epoch 101 | loss : 66208.01, postive loss : 35060.70, negtive loss : 31147.31:  10%|█         | 102/1000 [12:13<1:47:29,  7.18s/it]
Epoch 102 | loss : 66739.15, postive loss : 35622.72, negtive loss : 31116.44:  10%|█         | 102/1000 [12:20<1:47:29,  7.18s/it]
Epoch 102 | loss : 66739.15, postive loss : 35622.72, negtive loss : 31116.44:  10%|█         | 103/1000 [12:20<1:47:21,  7.18s/it]
Epoch 103 | loss : 66124.55, postive loss : 35024.36, negtive loss : 31100.19:  10%|█         | 103/1000 [12:27<1:47:21,  7.18s/it]
Epoch 103 | loss : 66124.55, postive loss : 35024.36, negtive loss : 31100.19:  10%|█         | 104/1000 [12:27<1:47:14,  7.18s/it]
Epoch 104 | loss : 66336.72, postive loss : 35239.78, negtive loss : 31096.94:  10%|█         | 104/1000 [12:34<1:47:14,  7.18s/it]
Epoch 104 | loss : 66336.72, postive loss : 35239.78, negtive loss : 31096.94:  10%|█         | 105/1000 [12:34<1:47:08,  7.18s/it]
Epoch 105 | loss : 66683.88, postive loss : 35572.58, negtive loss : 31111.30:  10%|█         | 105/1000 [12:41<1:47:08,  7.18s/it]
Epoch 105 | loss : 66683.88, postive loss : 35572.58, negtive loss : 31111.30:  11%|█         | 106/1000 [12:41<1:47:02,  7.18s/it]
Epoch 106 | loss : 66431.99, postive loss : 35361.13, negtive loss : 31070.86:  11%|█         | 106/1000 [12:49<1:47:02,  7.18s/it]
Epoch 106 | loss : 66431.99, postive loss : 35361.13, negtive loss : 31070.86:  11%|█         | 107/1000 [12:49<1:46:57,  7.19s/it]
Epoch 107 | loss : 66512.46, postive loss : 35425.57, negtive loss : 31086.89:  11%|█         | 107/1000 [12:56<1:46:57,  7.19s/it]
Epoch 107 | loss : 66512.46, postive loss : 35425.57, negtive loss : 31086.89:  11%|█         | 108/1000 [12:56<1:46:51,  7.19s/it]
Epoch 108 | loss : 66578.34, postive loss : 35451.53, negtive loss : 31126.81:  11%|█         | 108/1000 [13:03<1:46:51,  7.19s/it]
Epoch 108 | loss : 66578.34, postive loss : 35451.53, negtive loss : 31126.81:  11%|█         | 109/1000 [13:03<1:46:43,  7.19s/it]
Epoch 109 | loss : 66762.79, postive loss : 35702.71, negtive loss : 31060.08:  11%|█         | 109/1000 [13:10<1:46:43,  7.19s/it]
Epoch 109 | loss : 66762.79, postive loss : 35702.71, negtive loss : 31060.08:  11%|█         | 110/1000 [13:10<1:46:34,  7.19s/it]
Epoch 110 | loss : 66019.73, postive loss : 34893.91, negtive loss : 31125.82:  11%|█         | 110/1000 [13:17<1:46:34,  7.19s/it]
Epoch 110 | loss : 66019.73, postive loss : 34893.91, negtive loss : 31125.82:  11%|█         | 111/1000 [13:17<1:46:26,  7.18s/it]
Epoch 111 | loss : 66649.02, postive loss : 35512.83, negtive loss : 31136.19:  11%|█         | 111/1000 [13:24<1:46:26,  7.18s/it]
Epoch 111 | loss : 66649.02, postive loss : 35512.83, negtive loss : 31136.19:  11%|█         | 112/1000 [13:24<1:46:18,  7.18s/it]
Epoch 112 | loss : 66362.00, postive loss : 35261.70, negtive loss : 31100.30:  11%|█         | 112/1000 [13:32<1:46:18,  7.18s/it]
Epoch 112 | loss : 66362.00, postive loss : 35261.70, negtive loss : 31100.30:  11%|█▏        | 113/1000 [13:32<1:46:10,  7.18s/it]
Epoch 113 | loss : 65819.26, postive loss : 34728.32, negtive loss : 31090.94:  11%|█▏        | 113/1000 [13:39<1:46:10,  7.18s/it]
Epoch 113 | loss : 65819.26, postive loss : 34728.32, negtive loss : 31090.94:  11%|█▏        | 114/1000 [13:39<1:46:02,  7.18s/it]
Epoch 114 | loss : 66116.02, postive loss : 34980.90, negtive loss : 31135.12:  11%|█▏        | 114/1000 [13:46<1:46:02,  7.18s/it]
Epoch 114 | loss : 66116.02, postive loss : 34980.90, negtive loss : 31135.12:  12%|█▏        | 115/1000 [13:46<1:45:55,  7.18s/it]
Epoch 115 | loss : 66669.01, postive loss : 35560.08, negtive loss : 31108.92:  12%|█▏        | 115/1000 [13:53<1:45:55,  7.18s/it]
Epoch 115 | loss : 66669.01, postive loss : 35560.08, negtive loss : 31108.92:  12%|█▏        | 116/1000 [13:53<1:45:48,  7.18s/it]
Epoch 116 | loss : 66573.79, postive loss : 35452.38, negtive loss : 31121.41:  12%|█▏        | 116/1000 [14:00<1:45:48,  7.18s/it]
Epoch 116 | loss : 66573.79, postive loss : 35452.38, negtive loss : 31121.41:  12%|█▏        | 117/1000 [14:00<1:45:41,  7.18s/it]
Epoch 117 | loss : 67170.51, postive loss : 36088.64, negtive loss : 31081.87:  12%|█▏        | 117/1000 [14:08<1:45:41,  7.18s/it]
Epoch 117 | loss : 67170.51, postive loss : 36088.64, negtive loss : 31081.87:  12%|█▏        | 118/1000 [14:08<1:45:33,  7.18s/it]
Epoch 118 | loss : 66426.07, postive loss : 35344.38, negtive loss : 31081.69:  12%|█▏        | 118/1000 [14:15<1:45:33,  7.18s/it]
Epoch 118 | loss : 66426.07, postive loss : 35344.38, negtive loss : 31081.69:  12%|█▏        | 119/1000 [14:15<1:45:26,  7.18s/it]
Epoch 119 | loss : 66618.95, postive loss : 35516.62, negtive loss : 31102.33:  12%|█▏        | 119/1000 [14:22<1:45:26,  7.18s/it]
Epoch 119 | loss : 66618.95, postive loss : 35516.62, negtive loss : 31102.33:  12%|█▏        | 120/1000 [14:22<1:45:19,  7.18s/it]
Epoch 120 | loss : 66233.28, postive loss : 35124.59, negtive loss : 31108.69:  12%|█▏        | 120/1000 [14:29<1:45:19,  7.18s/it]
Epoch 120 | loss : 66233.28, postive loss : 35124.59, negtive loss : 31108.69:  12%|█▏        | 121/1000 [14:29<1:45:11,  7.18s/it]
Epoch 121 | loss : 66473.71, postive loss : 35357.15, negtive loss : 31116.56:  12%|█▏        | 121/1000 [14:36<1:45:11,  7.18s/it]
Epoch 121 | loss : 66473.71, postive loss : 35357.15, negtive loss : 31116.56:  12%|█▏        | 122/1000 [14:36<1:45:03,  7.18s/it]
Epoch 122 | loss : 66660.93, postive loss : 35567.13, negtive loss : 31093.80:  12%|█▏        | 122/1000 [14:43<1:45:03,  7.18s/it]
Epoch 122 | loss : 66660.93, postive loss : 35567.13, negtive loss : 31093.80:  12%|█▏        | 123/1000 [14:43<1:44:56,  7.18s/it]
Epoch 123 | loss : 66218.58, postive loss : 35122.69, negtive loss : 31095.89:  12%|█▏        | 123/1000 [14:51<1:44:56,  7.18s/it]
Epoch 123 | loss : 66218.58, postive loss : 35122.69, negtive loss : 31095.89:  12%|█▏        | 124/1000 [14:51<1:44:49,  7.18s/it]
Epoch 124 | loss : 66052.25, postive loss : 34916.58, negtive loss : 31135.67:  12%|█▏        | 124/1000 [14:58<1:44:49,  7.18s/it]
Epoch 124 | loss : 66052.25, postive loss : 34916.58, negtive loss : 31135.67:  12%|█▎        | 125/1000 [14:58<1:44:41,  7.18s/it]
Epoch 125 | loss : 66258.55, postive loss : 35158.15, negtive loss : 31100.40:  12%|█▎        | 125/1000 [15:05<1:44:41,  7.18s/it]
Epoch 125 | loss : 66258.55, postive loss : 35158.15, negtive loss : 31100.40:  13%|█▎        | 126/1000 [15:05<1:44:34,  7.18s/it]
Epoch 126 | loss : 66227.97, postive loss : 35139.18, negtive loss : 31088.79:  13%|█▎        | 126/1000 [15:12<1:44:34,  7.18s/it]
Epoch 126 | loss : 66227.97, postive loss : 35139.18, negtive loss : 31088.79:  13%|█▎        | 127/1000 [15:12<1:44:27,  7.18s/it]
Epoch 127 | loss : 66334.40, postive loss : 35186.95, negtive loss : 31147.45:  13%|█▎        | 127/1000 [15:19<1:44:27,  7.18s/it]
Epoch 127 | loss : 66334.40, postive loss : 35186.95, negtive loss : 31147.45:  13%|█▎        | 128/1000 [15:19<1:44:20,  7.18s/it]
Epoch 128 | loss : 66385.15, postive loss : 35286.80, negtive loss : 31098.35:  13%|█▎        | 128/1000 [15:27<1:44:20,  7.18s/it]
Epoch 128 | loss : 66385.15, postive loss : 35286.80, negtive loss : 31098.35:  13%|█▎        | 129/1000 [15:27<1:44:13,  7.18s/it]
Epoch 129 | loss : 66123.51, postive loss : 35017.70, negtive loss : 31105.81:  13%|█▎        | 129/1000 [15:34<1:44:13,  7.18s/it]
Epoch 129 | loss : 66123.51, postive loss : 35017.70, negtive loss : 31105.81:  13%|█▎        | 130/1000 [15:34<1:44:05,  7.18s/it]
Epoch 130 | loss : 66104.95, postive loss : 35019.09, negtive loss : 31085.86:  13%|█▎        | 130/1000 [15:41<1:44:05,  7.18s/it]
Epoch 130 | loss : 66104.95, postive loss : 35019.09, negtive loss : 31085.86:  13%|█▎        | 131/1000 [15:41<1:43:59,  7.18s/it]
Epoch 131 | loss : 66222.95, postive loss : 35138.11, negtive loss : 31084.85:  13%|█▎        | 131/1000 [15:48<1:43:59,  7.18s/it]
Epoch 131 | loss : 66222.95, postive loss : 35138.11, negtive loss : 31084.85:  13%|█▎        | 132/1000 [15:48<1:43:52,  7.18s/it]
Epoch 132 | loss : 66521.10, postive loss : 35452.14, negtive loss : 31068.97:  13%|█▎        | 132/1000 [15:55<1:43:52,  7.18s/it]
Epoch 132 | loss : 66521.10, postive loss : 35452.14, negtive loss : 31068.97:  13%|█▎        | 133/1000 [15:55<1:43:45,  7.18s/it]
Epoch 133 | loss : 66542.31, postive loss : 35499.36, negtive loss : 31042.95:  13%|█▎        | 133/1000 [16:02<1:43:45,  7.18s/it]
Epoch 133 | loss : 66542.31, postive loss : 35499.36, negtive loss : 31042.95:  13%|█▎        | 134/1000 [16:02<1:43:37,  7.18s/it]
Epoch 134 | loss : 66045.76, postive loss : 34926.75, negtive loss : 31119.01:  13%|█▎        | 134/1000 [16:10<1:43:37,  7.18s/it]
Epoch 134 | loss : 66045.76, postive loss : 34926.75, negtive loss : 31119.01:  14%|█▎        | 135/1000 [16:10<1:43:29,  7.18s/it]
Epoch 135 | loss : 66042.19, postive loss : 34945.87, negtive loss : 31096.32:  14%|█▎        | 135/1000 [16:17<1:43:29,  7.18s/it]
Epoch 135 | loss : 66042.19, postive loss : 34945.87, negtive loss : 31096.32:  14%|█▎        | 136/1000 [16:17<1:43:23,  7.18s/it]
Epoch 136 | loss : 66465.02, postive loss : 35352.22, negtive loss : 31112.80:  14%|█▎        | 136/1000 [16:24<1:43:23,  7.18s/it]
Epoch 136 | loss : 66465.02, postive loss : 35352.22, negtive loss : 31112.80:  14%|█▎        | 137/1000 [16:24<1:43:15,  7.18s/it]
Epoch 137 | loss : 66273.63, postive loss : 35162.86, negtive loss : 31110.77:  14%|█▎        | 137/1000 [16:31<1:43:15,  7.18s/it]
Epoch 137 | loss : 66273.63, postive loss : 35162.86, negtive loss : 31110.77:  14%|█▍        | 138/1000 [16:31<1:43:08,  7.18s/it]
Epoch 138 | loss : 66235.87, postive loss : 35143.78, negtive loss : 31092.09:  14%|█▍        | 138/1000 [16:38<1:43:08,  7.18s/it]
Epoch 138 | loss : 66235.87, postive loss : 35143.78, negtive loss : 31092.09:  14%|█▍        | 139/1000 [16:38<1:43:01,  7.18s/it]
Epoch 139 | loss : 66026.54, postive loss : 34939.25, negtive loss : 31087.29:  14%|█▍        | 139/1000 [16:46<1:43:01,  7.18s/it]
Epoch 139 | loss : 66026.54, postive loss : 34939.25, negtive loss : 31087.29:  14%|█▍        | 140/1000 [16:46<1:42:54,  7.18s/it]
Epoch 140 | loss : 66070.04, postive loss : 34982.26, negtive loss : 31087.78:  14%|█▍        | 140/1000 [16:53<1:42:54,  7.18s/it]
Epoch 140 | loss : 66070.04, postive loss : 34982.26, negtive loss : 31087.78:  14%|█▍        | 141/1000 [16:53<1:42:47,  7.18s/it]
Epoch 141 | loss : 66878.77, postive loss : 35818.69, negtive loss : 31060.09:  14%|█▍        | 141/1000 [17:00<1:42:47,  7.18s/it]
Epoch 141 | loss : 66878.77, postive loss : 35818.69, negtive loss : 31060.09:  14%|█▍        | 142/1000 [17:00<1:42:39,  7.18s/it]
Epoch 142 | loss : 66299.13, postive loss : 35237.95, negtive loss : 31061.18:  14%|█▍        | 142/1000 [17:07<1:42:39,  7.18s/it]
Epoch 142 | loss : 66299.13, postive loss : 35237.95, negtive loss : 31061.18:  14%|█▍        | 143/1000 [17:07<1:42:32,  7.18s/it]
Epoch 143 | loss : 66443.03, postive loss : 35345.88, negtive loss : 31097.15:  14%|█▍        | 143/1000 [17:14<1:42:32,  7.18s/it]
Epoch 143 | loss : 66443.03, postive loss : 35345.88, negtive loss : 31097.15:  14%|█▍        | 144/1000 [17:14<1:42:24,  7.18s/it]
Epoch 144 | loss : 66050.10, postive loss : 34971.59, negtive loss : 31078.51:  14%|█▍        | 144/1000 [17:21<1:42:24,  7.18s/it]
Epoch 144 | loss : 66050.10, postive loss : 34971.59, negtive loss : 31078.51:  14%|█▍        | 145/1000 [17:21<1:42:18,  7.18s/it]
Epoch 145 | loss : 66540.90, postive loss : 35488.14, negtive loss : 31052.76:  14%|█▍        | 145/1000 [17:29<1:42:18,  7.18s/it]
Epoch 145 | loss : 66540.90, postive loss : 35488.14, negtive loss : 31052.76:  15%|█▍        | 146/1000 [17:29<1:42:11,  7.18s/it]
Epoch 146 | loss : 65661.98, postive loss : 34554.26, negtive loss : 31107.72:  15%|█▍        | 146/1000 [17:36<1:42:11,  7.18s/it]
Epoch 146 | loss : 65661.98, postive loss : 34554.26, negtive loss : 31107.72:  15%|█▍        | 147/1000 [17:36<1:42:03,  7.18s/it]
Epoch 147 | loss : 66222.52, postive loss : 35124.52, negtive loss : 31098.00:  15%|█▍        | 147/1000 [17:43<1:42:03,  7.18s/it]
Epoch 147 | loss : 66222.52, postive loss : 35124.52, negtive loss : 31098.00:  15%|█▍        | 148/1000 [17:43<1:41:56,  7.18s/it]
Epoch 148 | loss : 66383.39, postive loss : 35306.72, negtive loss : 31076.67:  15%|█▍        | 148/1000 [17:50<1:41:56,  7.18s/it]
Epoch 148 | loss : 66383.39, postive loss : 35306.72, negtive loss : 31076.67:  15%|█▍        | 149/1000 [17:50<1:41:49,  7.18s/it]
Epoch 149 | loss : 66433.89, postive loss : 35347.43, negtive loss : 31086.45:  15%|█▍        | 149/1000 [17:57<1:41:49,  7.18s/it]
Epoch 149 | loss : 66433.89, postive loss : 35347.43, negtive loss : 31086.45:  15%|█▌        | 150/1000 [17:57<1:41:42,  7.18s/it]
Epoch 150 | loss : 66371.60, postive loss : 35292.53, negtive loss : 31079.06:  15%|█▌        | 150/1000 [18:04<1:41:42,  7.18s/it]
Epoch 150 | loss : 66371.60, postive loss : 35292.53, negtive loss : 31079.06:  15%|█▌        | 151/1000 [18:04<1:41:34,  7.18s/it]
Epoch 151 | loss : 66500.56, postive loss : 35420.99, negtive loss : 31079.57:  15%|█▌        | 151/1000 [18:12<1:41:34,  7.18s/it]
Epoch 151 | loss : 66500.56, postive loss : 35420.99, negtive loss : 31079.57:  15%|█▌        | 152/1000 [18:12<1:41:27,  7.18s/it]
Epoch 152 | loss : 65991.27, postive loss : 34898.33, negtive loss : 31092.95:  15%|█▌        | 152/1000 [18:19<1:41:27,  7.18s/it]
Epoch 152 | loss : 65991.27, postive loss : 34898.33, negtive loss : 31092.95:  15%|█▌        | 153/1000 [18:19<1:41:20,  7.18s/it]
Epoch 153 | loss : 65931.12, postive loss : 34849.33, negtive loss : 31081.79:  15%|█▌        | 153/1000 [18:26<1:41:20,  7.18s/it]
Epoch 153 | loss : 65931.12, postive loss : 34849.33, negtive loss : 31081.79:  15%|█▌        | 154/1000 [18:26<1:41:13,  7.18s/it]
Epoch 154 | loss : 66387.45, postive loss : 35315.13, negtive loss : 31072.32:  15%|█▌        | 154/1000 [18:33<1:41:13,  7.18s/it]
Epoch 154 | loss : 66387.45, postive loss : 35315.13, negtive loss : 31072.32:  16%|█▌        | 155/1000 [18:33<1:41:06,  7.18s/it]
Epoch 155 | loss : 66498.62, postive loss : 35393.39, negtive loss : 31105.23:  16%|█▌        | 155/1000 [18:40<1:41:06,  7.18s/it]
Epoch 155 | loss : 66498.62, postive loss : 35393.39, negtive loss : 31105.23:  16%|█▌        | 156/1000 [18:40<1:40:59,  7.18s/it]
Epoch 156 | loss : 67240.77, postive loss : 36176.88, negtive loss : 31063.89:  16%|█▌        | 156/1000 [18:48<1:40:59,  7.18s/it]
Epoch 156 | loss : 67240.77, postive loss : 36176.88, negtive loss : 31063.89:  16%|█▌        | 157/1000 [18:48<1:40:52,  7.18s/it]
Epoch 157 | loss : 66253.62, postive loss : 35195.22, negtive loss : 31058.40:  16%|█▌        | 157/1000 [18:55<1:40:52,  7.18s/it]
Epoch 157 | loss : 66253.62, postive loss : 35195.22, negtive loss : 31058.40:  16%|█▌        | 158/1000 [18:55<1:40:45,  7.18s/it]
Epoch 158 | loss : 66496.34, postive loss : 35385.74, negtive loss : 31110.60:  16%|█▌        | 158/1000 [19:02<1:40:45,  7.18s/it]
Epoch 158 | loss : 66496.34, postive loss : 35385.74, negtive loss : 31110.60:  16%|█▌        | 159/1000 [19:02<1:40:38,  7.18s/it]
Epoch 159 | loss : 66702.33, postive loss : 35638.74, negtive loss : 31063.59:  16%|█▌        | 159/1000 [19:09<1:40:38,  7.18s/it]
Epoch 159 | loss : 66702.33, postive loss : 35638.74, negtive loss : 31063.59:  16%|█▌        | 160/1000 [19:09<1:40:30,  7.18s/it]
Epoch 160 | loss : 66232.47, postive loss : 35101.20, negtive loss : 31131.27:  16%|█▌        | 160/1000 [19:16<1:40:30,  7.18s/it]
Epoch 160 | loss : 66232.47, postive loss : 35101.20, negtive loss : 31131.27:  16%|█▌        | 161/1000 [19:16<1:40:24,  7.18s/it]
Epoch 161 | loss : 66543.59, postive loss : 35465.08, negtive loss : 31078.51:  16%|█▌        | 161/1000 [19:23<1:40:24,  7.18s/it]
Epoch 161 | loss : 66543.59, postive loss : 35465.08, negtive loss : 31078.51:  16%|█▌        | 162/1000 [19:23<1:40:17,  7.18s/it]
Epoch 162 | loss : 66560.11, postive loss : 35463.75, negtive loss : 31096.36:  16%|█▌        | 162/1000 [19:31<1:40:17,  7.18s/it]
Epoch 162 | loss : 66560.11, postive loss : 35463.75, negtive loss : 31096.36:  16%|█▋        | 163/1000 [19:31<1:40:11,  7.18s/it]
Epoch 163 | loss : 66706.28, postive loss : 35586.05, negtive loss : 31120.23:  16%|█▋        | 163/1000 [19:38<1:40:11,  7.18s/it]
Epoch 163 | loss : 66706.28, postive loss : 35586.05, negtive loss : 31120.23:  16%|█▋        | 164/1000 [19:38<1:40:03,  7.18s/it]
Epoch 164 | loss : 66975.30, postive loss : 35936.07, negtive loss : 31039.23:  16%|█▋        | 164/1000 [19:45<1:40:03,  7.18s/it]
Epoch 164 | loss : 66975.30, postive loss : 35936.07, negtive loss : 31039.23:  16%|█▋        | 165/1000 [19:45<1:39:56,  7.18s/it]
Epoch 165 | loss : 66373.09, postive loss : 35323.84, negtive loss : 31049.24:  16%|█▋        | 165/1000 [19:52<1:39:56,  7.18s/it]
Epoch 165 | loss : 66373.09, postive loss : 35323.84, negtive loss : 31049.24:  17%|█▋        | 166/1000 [19:52<1:39:49,  7.18s/it]
Epoch 166 | loss : 66002.54, postive loss : 34903.02, negtive loss : 31099.52:  17%|█▋        | 166/1000 [19:59<1:39:49,  7.18s/it]
Epoch 166 | loss : 66002.54, postive loss : 34903.02, negtive loss : 31099.52:  17%|█▋        | 167/1000 [19:59<1:39:41,  7.18s/it]
Epoch 167 | loss : 66495.24, postive loss : 35471.28, negtive loss : 31023.95:  17%|█▋        | 167/1000 [20:07<1:39:41,  7.18s/it]
Epoch 167 | loss : 66495.24, postive loss : 35471.28, negtive loss : 31023.95:  17%|█▋        | 168/1000 [20:07<1:39:34,  7.18s/it]
Epoch 168 | loss : 66487.38, postive loss : 35402.45, negtive loss : 31084.93:  17%|█▋        | 168/1000 [20:14<1:39:34,  7.18s/it]
Epoch 168 | loss : 66487.38, postive loss : 35402.45, negtive loss : 31084.93:  17%|█▋        | 169/1000 [20:14<1:39:27,  7.18s/it]
Epoch 169 | loss : 66734.32, postive loss : 35645.24, negtive loss : 31089.08:  17%|█▋        | 169/1000 [20:21<1:39:27,  7.18s/it]
Epoch 169 | loss : 66734.32, postive loss : 35645.24, negtive loss : 31089.08:  17%|█▋        | 170/1000 [20:21<1:39:20,  7.18s/it]
Epoch 170 | loss : 66055.19, postive loss : 34923.99, negtive loss : 31131.20:  17%|█▋        | 170/1000 [20:28<1:39:20,  7.18s/it]
Epoch 170 | loss : 66055.19, postive loss : 34923.99, negtive loss : 31131.20:  17%|█▋        | 171/1000 [20:28<1:39:12,  7.18s/it]
Epoch 171 | loss : 66262.73, postive loss : 35164.28, negtive loss : 31098.45:  17%|█▋        | 171/1000 [20:35<1:39:12,  7.18s/it]
Epoch 171 | loss : 66262.73, postive loss : 35164.28, negtive loss : 31098.45:  17%|█▋        | 172/1000 [20:35<1:39:04,  7.18s/it]
Epoch 172 | loss : 66148.29, postive loss : 35069.14, negtive loss : 31079.15:  17%|█▋        | 172/1000 [20:42<1:39:04,  7.18s/it]
Epoch 172 | loss : 66148.29, postive loss : 35069.14, negtive loss : 31079.15:  17%|█▋        | 173/1000 [20:42<1:38:58,  7.18s/it]
Epoch 173 | loss : 66000.85, postive loss : 34898.60, negtive loss : 31102.24:  17%|█▋        | 173/1000 [20:50<1:38:58,  7.18s/it]
Epoch 173 | loss : 66000.85, postive loss : 34898.60, negtive loss : 31102.24:  17%|█▋        | 174/1000 [20:50<1:38:51,  7.18s/it]
Epoch 174 | loss : 66404.07, postive loss : 35345.42, negtive loss : 31058.65:  17%|█▋        | 174/1000 [20:57<1:38:51,  7.18s/it]
Epoch 174 | loss : 66404.07, postive loss : 35345.42, negtive loss : 31058.65:  18%|█▊        | 175/1000 [20:57<1:38:43,  7.18s/it]
Epoch 175 | loss : 66424.84, postive loss : 35372.61, negtive loss : 31052.23:  18%|█▊        | 175/1000 [21:04<1:38:43,  7.18s/it]
Epoch 175 | loss : 66424.84, postive loss : 35372.61, negtive loss : 31052.23:  18%|█▊        | 176/1000 [21:04<1:38:36,  7.18s/it]
Epoch 176 | loss : 65930.54, postive loss : 34882.87, negtive loss : 31047.66:  18%|█▊        | 176/1000 [21:11<1:38:36,  7.18s/it]
Epoch 176 | loss : 65930.54, postive loss : 34882.87, negtive loss : 31047.66:  18%|█▊        | 177/1000 [21:11<1:38:29,  7.18s/it]
Epoch 177 | loss : 65876.56, postive loss : 34768.35, negtive loss : 31108.21:  18%|█▊        | 177/1000 [21:18<1:38:29,  7.18s/it]
Epoch 177 | loss : 65876.56, postive loss : 34768.35, negtive loss : 31108.21:  18%|█▊        | 178/1000 [21:18<1:38:22,  7.18s/it]
Epoch 178 | loss : 66344.90, postive loss : 35259.82, negtive loss : 31085.08:  18%|█▊        | 178/1000 [21:26<1:38:22,  7.18s/it]
Epoch 178 | loss : 66344.90, postive loss : 35259.82, negtive loss : 31085.08:  18%|█▊        | 179/1000 [21:26<1:38:16,  7.18s/it]
Epoch 179 | loss : 66297.79, postive loss : 35208.61, negtive loss : 31089.17:  18%|█▊        | 179/1000 [21:33<1:38:16,  7.18s/it]
Epoch 179 | loss : 66297.79, postive loss : 35208.61, negtive loss : 31089.17:  18%|█▊        | 180/1000 [21:33<1:38:11,  7.19s/it]
Epoch 180 | loss : 66728.61, postive loss : 35660.03, negtive loss : 31068.58:  18%|█▊        | 180/1000 [21:40<1:38:11,  7.19s/it]
Epoch 180 | loss : 66728.61, postive loss : 35660.03, negtive loss : 31068.58:  18%|█▊        | 181/1000 [21:40<1:38:02,  7.18s/it]
Epoch 181 | loss : 66457.98, postive loss : 35376.79, negtive loss : 31081.19:  18%|█▊        | 181/1000 [21:47<1:38:02,  7.18s/it]
Epoch 181 | loss : 66457.98, postive loss : 35376.79, negtive loss : 31081.19:  18%|█▊        | 182/1000 [21:47<1:37:58,  7.19s/it]
Epoch 182 | loss : 66547.56, postive loss : 35479.20, negtive loss : 31068.36:  18%|█▊        | 182/1000 [21:54<1:37:58,  7.19s/it]
Epoch 182 | loss : 66547.56, postive loss : 35479.20, negtive loss : 31068.36:  18%|█▊        | 183/1000 [21:54<1:37:53,  7.19s/it]
Epoch 183 | loss : 66499.02, postive loss : 35449.95, negtive loss : 31049.07:  18%|█▊        | 183/1000 [22:01<1:37:53,  7.19s/it]
Epoch 183 | loss : 66499.02, postive loss : 35449.95, negtive loss : 31049.07:  18%|█▊        | 184/1000 [22:01<1:37:47,  7.19s/it]
Epoch 184 | loss : 66718.07, postive loss : 35622.03, negtive loss : 31096.04:  18%|█▊        | 184/1000 [22:09<1:37:47,  7.19s/it]
Epoch 184 | loss : 66718.07, postive loss : 35622.03, negtive loss : 31096.04:  18%|█▊        | 185/1000 [22:09<1:37:39,  7.19s/it]
Epoch 185 | loss : 66415.75, postive loss : 35338.66, negtive loss : 31077.08:  18%|█▊        | 185/1000 [22:16<1:37:39,  7.19s/it]
Epoch 185 | loss : 66415.75, postive loss : 35338.66, negtive loss : 31077.08:  19%|█▊        | 186/1000 [22:16<1:37:31,  7.19s/it]
Epoch 186 | loss : 66452.28, postive loss : 35384.48, negtive loss : 31067.80:  19%|█▊        | 186/1000 [22:23<1:37:31,  7.19s/it]
Epoch 186 | loss : 66452.28, postive loss : 35384.48, negtive loss : 31067.80:  19%|█▊        | 187/1000 [22:23<1:37:24,  7.19s/it]
Epoch 187 | loss : 66225.24, postive loss : 35110.60, negtive loss : 31114.64:  19%|█▊        | 187/1000 [22:30<1:37:24,  7.19s/it]
Epoch 187 | loss : 66225.24, postive loss : 35110.60, negtive loss : 31114.64:  19%|█▉        | 188/1000 [22:30<1:37:20,  7.19s/it]
Epoch 188 | loss : 66283.39, postive loss : 35194.45, negtive loss : 31088.94:  19%|█▉        | 188/1000 [22:37<1:37:20,  7.19s/it]
Epoch 188 | loss : 66283.39, postive loss : 35194.45, negtive loss : 31088.94:  19%|█▉        | 189/1000 [22:37<1:37:11,  7.19s/it]
Epoch 189 | loss : 66318.37, postive loss : 35231.63, negtive loss : 31086.74:  19%|█▉        | 189/1000 [22:45<1:37:11,  7.19s/it]
Epoch 189 | loss : 66318.37, postive loss : 35231.63, negtive loss : 31086.74:  19%|█▉        | 190/1000 [22:45<1:37:05,  7.19s/it]
Epoch 190 | loss : 66240.80, postive loss : 35151.28, negtive loss : 31089.53:  19%|█▉        | 190/1000 [22:52<1:37:05,  7.19s/it]
Epoch 190 | loss : 66240.80, postive loss : 35151.28, negtive loss : 31089.53:  19%|█▉        | 191/1000 [22:52<1:36:55,  7.19s/it]
Epoch 191 | loss : 66519.53, postive loss : 35473.67, negtive loss : 31045.86:  19%|█▉        | 191/1000 [22:59<1:36:55,  7.19s/it]
Epoch 191 | loss : 66519.53, postive loss : 35473.67, negtive loss : 31045.86:  19%|█▉        | 192/1000 [22:59<1:36:46,  7.19s/it]
Epoch 192 | loss : 66295.51, postive loss : 35216.44, negtive loss : 31079.07:  19%|█▉        | 192/1000 [23:06<1:36:46,  7.19s/it]
Epoch 192 | loss : 66295.51, postive loss : 35216.44, negtive loss : 31079.07:  19%|█▉        | 193/1000 [23:06<1:36:37,  7.18s/it]
Epoch 193 | loss : 66513.90, postive loss : 35423.81, negtive loss : 31090.09:  19%|█▉        | 193/1000 [23:13<1:36:37,  7.18s/it]
Epoch 193 | loss : 66513.90, postive loss : 35423.81, negtive loss : 31090.09:  19%|█▉        | 194/1000 [23:13<1:36:28,  7.18s/it]
Epoch 194 | loss : 66733.74, postive loss : 35649.74, negtive loss : 31084.00:  19%|█▉        | 194/1000 [23:21<1:36:28,  7.18s/it]
Epoch 194 | loss : 66733.74, postive loss : 35649.74, negtive loss : 31084.00:  20%|█▉        | 195/1000 [23:21<1:36:21,  7.18s/it]
Epoch 195 | loss : 66205.10, postive loss : 35101.56, negtive loss : 31103.55:  20%|█▉        | 195/1000 [23:28<1:36:21,  7.18s/it]
Epoch 195 | loss : 66205.10, postive loss : 35101.56, negtive loss : 31103.55:  20%|█▉        | 196/1000 [23:28<1:36:13,  7.18s/it]
Epoch 196 | loss : 67106.06, postive loss : 36046.33, negtive loss : 31059.73:  20%|█▉        | 196/1000 [23:35<1:36:13,  7.18s/it]
Epoch 196 | loss : 67106.06, postive loss : 36046.33, negtive loss : 31059.73:  20%|█▉        | 197/1000 [23:35<1:36:05,  7.18s/it]
Epoch 197 | loss : 67036.51, postive loss : 35929.87, negtive loss : 31106.64:  20%|█▉        | 197/1000 [23:42<1:36:05,  7.18s/it]
Epoch 197 | loss : 67036.51, postive loss : 35929.87, negtive loss : 31106.64:  20%|█▉        | 198/1000 [23:42<1:35:59,  7.18s/it]
Epoch 198 | loss : 66364.93, postive loss : 35262.67, negtive loss : 31102.26:  20%|█▉        | 198/1000 [23:49<1:35:59,  7.18s/it]
Epoch 198 | loss : 66364.93, postive loss : 35262.67, negtive loss : 31102.26:  20%|█▉        | 199/1000 [23:49<1:35:50,  7.18s/it]
Epoch 199 | loss : 66406.81, postive loss : 35300.45, negtive loss : 31106.36:  20%|█▉        | 199/1000 [23:56<1:35:50,  7.18s/it]
Epoch 199 | loss : 66406.81, postive loss : 35300.45, negtive loss : 31106.36:  20%|██        | 200/1000 [23:56<1:35:43,  7.18s/it]
Epoch 200 | loss : 66439.67, postive loss : 35363.19, negtive loss : 31076.48:  20%|██        | 200/1000 [24:04<1:35:43,  7.18s/it]
Epoch 200 | loss : 66439.67, postive loss : 35363.19, negtive loss : 31076.48:  20%|██        | 201/1000 [24:04<1:35:37,  7.18s/it]
Epoch 201 | loss : 66789.23, postive loss : 35737.94, negtive loss : 31051.29:  20%|██        | 201/1000 [24:11<1:35:37,  7.18s/it]
Epoch 201 | loss : 66789.23, postive loss : 35737.94, negtive loss : 31051.29:  20%|██        | 202/1000 [24:11<1:35:30,  7.18s/it]
Epoch 202 | loss : 66649.62, postive loss : 35592.75, negtive loss : 31056.87:  20%|██        | 202/1000 [24:18<1:35:30,  7.18s/it]
Epoch 202 | loss : 66649.62, postive loss : 35592.75, negtive loss : 31056.87:  20%|██        | 203/1000 [24:18<1:35:22,  7.18s/it]
Epoch 203 | loss : 66746.00, postive loss : 35695.28, negtive loss : 31050.72:  20%|██        | 203/1000 [24:25<1:35:22,  7.18s/it]
Epoch 203 | loss : 66746.00, postive loss : 35695.28, negtive loss : 31050.72:  20%|██        | 204/1000 [24:25<1:35:14,  7.18s/it]
Epoch 204 | loss : 66111.23, postive loss : 35006.55, negtive loss : 31104.69:  20%|██        | 204/1000 [24:32<1:35:14,  7.18s/it]
Epoch 204 | loss : 66111.23, postive loss : 35006.55, negtive loss : 31104.69:  20%|██        | 205/1000 [24:32<1:35:07,  7.18s/it]
Epoch 205 | loss : 66234.74, postive loss : 35140.55, negtive loss : 31094.18:  20%|██        | 205/1000 [24:40<1:35:07,  7.18s/it]
Epoch 205 | loss : 66234.74, postive loss : 35140.55, negtive loss : 31094.18:  21%|██        | 206/1000 [24:40<1:35:00,  7.18s/it]
Epoch 206 | loss : 65877.84, postive loss : 34753.16, negtive loss : 31124.69:  21%|██        | 206/1000 [24:47<1:35:00,  7.18s/it]
Epoch 206 | loss : 65877.84, postive loss : 34753.16, negtive loss : 31124.69:  21%|██        | 207/1000 [24:47<1:35:02,  7.19s/it]
Epoch 207 | loss : 66406.28, postive loss : 35340.54, negtive loss : 31065.74:  21%|██        | 207/1000 [24:54<1:35:02,  7.19s/it]
Epoch 207 | loss : 66406.28, postive loss : 35340.54, negtive loss : 31065.74:  21%|██        | 208/1000 [24:54<1:35:08,  7.21s/it]
Epoch 208 | loss : 66394.46, postive loss : 35285.98, negtive loss : 31108.48:  21%|██        | 208/1000 [25:01<1:35:08,  7.21s/it]
Epoch 208 | loss : 66394.46, postive loss : 35285.98, negtive loss : 31108.48:  21%|██        | 209/1000 [25:01<1:34:53,  7.20s/it]
Epoch 209 | loss : 66393.81, postive loss : 35332.08, negtive loss : 31061.74:  21%|██        | 209/1000 [25:08<1:34:53,  7.20s/it]
Epoch 209 | loss : 66393.81, postive loss : 35332.08, negtive loss : 31061.74:  21%|██        | 210/1000 [25:08<1:34:41,  7.19s/it]
Epoch 210 | loss : 66448.66, postive loss : 35391.95, negtive loss : 31056.71:  21%|██        | 210/1000 [25:16<1:34:41,  7.19s/it]
Epoch 210 | loss : 66448.66, postive loss : 35391.95, negtive loss : 31056.71:  21%|██        | 211/1000 [25:16<1:34:32,  7.19s/it]
Epoch 211 | loss : 66101.44, postive loss : 35025.41, negtive loss : 31076.03:  21%|██        | 211/1000 [25:23<1:34:32,  7.19s/it]
Epoch 211 | loss : 66101.44, postive loss : 35025.41, negtive loss : 31076.03:  21%|██        | 212/1000 [25:23<1:34:22,  7.19s/it]
Epoch 212 | loss : 66672.04, postive loss : 35592.46, negtive loss : 31079.58:  21%|██        | 212/1000 [25:30<1:34:22,  7.19s/it]
Epoch 212 | loss : 66672.04, postive loss : 35592.46, negtive loss : 31079.58:  21%|██▏       | 213/1000 [25:30<1:34:12,  7.18s/it]
Epoch 213 | loss : 66559.54, postive loss : 35458.69, negtive loss : 31100.85:  21%|██▏       | 213/1000 [25:37<1:34:12,  7.18s/it]
Epoch 213 | loss : 66559.54, postive loss : 35458.69, negtive loss : 31100.85:  21%|██▏       | 214/1000 [25:37<1:34:03,  7.18s/it]
Epoch 214 | loss : 66871.04, postive loss : 35797.18, negtive loss : 31073.85:  21%|██▏       | 214/1000 [25:44<1:34:03,  7.18s/it]
Epoch 214 | loss : 66871.04, postive loss : 35797.18, negtive loss : 31073.85:  22%|██▏       | 215/1000 [25:44<1:33:57,  7.18s/it]
Epoch 215 | loss : 66809.75, postive loss : 35765.48, negtive loss : 31044.27:  22%|██▏       | 215/1000 [25:51<1:33:57,  7.18s/it]
Epoch 215 | loss : 66809.75, postive loss : 35765.48, negtive loss : 31044.27:  22%|██▏       | 216/1000 [25:51<1:33:51,  7.18s/it]
Epoch 216 | loss : 65986.34, postive loss : 34909.66, negtive loss : 31076.68:  22%|██▏       | 216/1000 [25:59<1:33:51,  7.18s/it]
Epoch 216 | loss : 65986.34, postive loss : 34909.66, negtive loss : 31076.68:  22%|██▏       | 217/1000 [25:59<1:33:44,  7.18s/it]
Epoch 217 | loss : 66689.07, postive loss : 35597.93, negtive loss : 31091.13:  22%|██▏       | 217/1000 [26:06<1:33:44,  7.18s/it]
Epoch 217 | loss : 66689.07, postive loss : 35597.93, negtive loss : 31091.13:  22%|██▏       | 218/1000 [26:06<1:33:39,  7.19s/it]
Epoch 218 | loss : 66476.09, postive loss : 35406.54, negtive loss : 31069.55:  22%|██▏       | 218/1000 [26:13<1:33:39,  7.19s/it]
Epoch 218 | loss : 66476.09, postive loss : 35406.54, negtive loss : 31069.55:  22%|██▏       | 219/1000 [26:13<1:33:30,  7.18s/it]
Epoch 219 | loss : 66898.70, postive loss : 35774.04, negtive loss : 31124.66:  22%|██▏       | 219/1000 [26:20<1:33:30,  7.18s/it]
Epoch 219 | loss : 66898.70, postive loss : 35774.04, negtive loss : 31124.66:  22%|██▏       | 220/1000 [26:20<1:33:22,  7.18s/it]
Epoch 220 | loss : 65821.61, postive loss : 34730.82, negtive loss : 31090.78:  22%|██▏       | 220/1000 [26:27<1:33:22,  7.18s/it]
Epoch 220 | loss : 65821.61, postive loss : 34730.82, negtive loss : 31090.78:  22%|██▏       | 221/1000 [26:27<1:33:14,  7.18s/it]
Epoch 221 | loss : 66106.69, postive loss : 35029.64, negtive loss : 31077.05:  22%|██▏       | 221/1000 [26:35<1:33:14,  7.18s/it]
Epoch 221 | loss : 66106.69, postive loss : 35029.64, negtive loss : 31077.05:  22%|██▏       | 222/1000 [26:35<1:33:06,  7.18s/it]
Epoch 222 | loss : 66007.83, postive loss : 34896.32, negtive loss : 31111.51:  22%|██▏       | 222/1000 [26:42<1:33:06,  7.18s/it]
Epoch 222 | loss : 66007.83, postive loss : 34896.32, negtive loss : 31111.51:  22%|██▏       | 223/1000 [26:42<1:33:00,  7.18s/it]
Epoch 223 | loss : 66624.31, postive loss : 35543.07, negtive loss : 31081.25:  22%|██▏       | 223/1000 [26:49<1:33:00,  7.18s/it]
Epoch 223 | loss : 66624.31, postive loss : 35543.07, negtive loss : 31081.25:  22%|██▏       | 224/1000 [26:49<1:32:52,  7.18s/it]
Epoch 224 | loss : 66570.17, postive loss : 35498.80, negtive loss : 31071.37:  22%|██▏       | 224/1000 [26:56<1:32:52,  7.18s/it]
Epoch 224 | loss : 66570.17, postive loss : 35498.80, negtive loss : 31071.37:  22%|██▎       | 225/1000 [26:56<1:32:45,  7.18s/it]
Epoch 225 | loss : 66433.27, postive loss : 35350.66, negtive loss : 31082.61:  22%|██▎       | 225/1000 [27:03<1:32:45,  7.18s/it]
Epoch 225 | loss : 66433.27, postive loss : 35350.66, negtive loss : 31082.61:  23%|██▎       | 226/1000 [27:03<1:32:38,  7.18s/it]
Epoch 226 | loss : 66732.14, postive loss : 35682.21, negtive loss : 31049.93:  23%|██▎       | 226/1000 [27:10<1:32:38,  7.18s/it]
Epoch 226 | loss : 66732.14, postive loss : 35682.21, negtive loss : 31049.93:  23%|██▎       | 227/1000 [27:10<1:32:30,  7.18s/it]
Epoch 227 | loss : 66755.18, postive loss : 35699.34, negtive loss : 31055.83:  23%|██▎       | 227/1000 [27:18<1:32:30,  7.18s/it]
Epoch 227 | loss : 66755.18, postive loss : 35699.34, negtive loss : 31055.83:  23%|██▎       | 228/1000 [27:18<1:32:22,  7.18s/it]
Epoch 228 | loss : 66450.55, postive loss : 35375.86, negtive loss : 31074.69:  23%|██▎       | 228/1000 [27:25<1:32:22,  7.18s/it]
Epoch 228 | loss : 66450.55, postive loss : 35375.86, negtive loss : 31074.69:  23%|██▎       | 229/1000 [27:25<1:32:15,  7.18s/it]
Epoch 229 | loss : 66279.26, postive loss : 35181.86, negtive loss : 31097.40:  23%|██▎       | 229/1000 [27:32<1:32:15,  7.18s/it]
Epoch 229 | loss : 66279.26, postive loss : 35181.86, negtive loss : 31097.40:  23%|██▎       | 230/1000 [27:32<1:32:08,  7.18s/it]
Epoch 230 | loss : 66112.56, postive loss : 35066.33, negtive loss : 31046.23:  23%|██▎       | 230/1000 [27:39<1:32:08,  7.18s/it]
Epoch 230 | loss : 66112.56, postive loss : 35066.33, negtive loss : 31046.23:  23%|██▎       | 231/1000 [27:39<1:32:01,  7.18s/it]
Epoch 231 | loss : 65905.02, postive loss : 34811.40, negtive loss : 31093.62:  23%|██▎       | 231/1000 [27:46<1:32:01,  7.18s/it]
Epoch 231 | loss : 65905.02, postive loss : 34811.40, negtive loss : 31093.62:  23%|██▎       | 232/1000 [27:46<1:31:54,  7.18s/it]
Epoch 232 | loss : 66245.52, postive loss : 35147.13, negtive loss : 31098.39:  23%|██▎       | 232/1000 [27:53<1:31:54,  7.18s/it]
Epoch 232 | loss : 66245.52, postive loss : 35147.13, negtive loss : 31098.39:  23%|██▎       | 233/1000 [27:53<1:31:48,  7.18s/it]
Epoch 233 | loss : 66480.17, postive loss : 35394.24, negtive loss : 31085.93:  23%|██▎       | 233/1000 [28:01<1:31:48,  7.18s/it]
Epoch 233 | loss : 66480.17, postive loss : 35394.24, negtive loss : 31085.93:  23%|██▎       | 234/1000 [28:01<1:31:41,  7.18s/it]
Epoch 234 | loss : 66111.73, postive loss : 35045.78, negtive loss : 31065.94:  23%|██▎       | 234/1000 [28:08<1:31:41,  7.18s/it]
Epoch 234 | loss : 66111.73, postive loss : 35045.78, negtive loss : 31065.94:  24%|██▎       | 235/1000 [28:08<1:31:35,  7.18s/it]
Epoch 235 | loss : 66428.38, postive loss : 35362.84, negtive loss : 31065.54:  24%|██▎       | 235/1000 [28:15<1:31:35,  7.18s/it]
Epoch 235 | loss : 66428.38, postive loss : 35362.84, negtive loss : 31065.54:  24%|██▎       | 236/1000 [28:15<1:31:28,  7.18s/it]
Epoch 236 | loss : 66520.41, postive loss : 35444.75, negtive loss : 31075.66:  24%|██▎       | 236/1000 [28:22<1:31:28,  7.18s/it]
Epoch 236 | loss : 66520.41, postive loss : 35444.75, negtive loss : 31075.66:  24%|██▎       | 237/1000 [28:22<1:31:19,  7.18s/it]
Epoch 237 | loss : 66259.44, postive loss : 35152.65, negtive loss : 31106.79:  24%|██▎       | 237/1000 [28:29<1:31:19,  7.18s/it]
Epoch 237 | loss : 66259.44, postive loss : 35152.65, negtive loss : 31106.79:  24%|██▍       | 238/1000 [28:29<1:31:14,  7.18s/it]
Epoch 238 | loss : 67037.59, postive loss : 35960.84, negtive loss : 31076.75:  24%|██▍       | 238/1000 [28:37<1:31:14,  7.18s/it]
Epoch 238 | loss : 67037.59, postive loss : 35960.84, negtive loss : 31076.75:  24%|██▍       | 239/1000 [28:37<1:31:05,  7.18s/it]
Epoch 239 | loss : 66719.11, postive loss : 35650.24, negtive loss : 31068.86:  24%|██▍       | 239/1000 [28:44<1:31:05,  7.18s/it]
Epoch 239 | loss : 66719.11, postive loss : 35650.24, negtive loss : 31068.86:  24%|██▍       | 240/1000 [28:44<1:30:58,  7.18s/it]
Epoch 240 | loss : 66736.67, postive loss : 35638.24, negtive loss : 31098.43:  24%|██▍       | 240/1000 [28:51<1:30:58,  7.18s/it]
Epoch 240 | loss : 66736.67, postive loss : 35638.24, negtive loss : 31098.43:  24%|██▍       | 241/1000 [28:51<1:31:23,  7.22s/it]
Epoch 241 | loss : 66392.71, postive loss : 35316.65, negtive loss : 31076.06:  24%|██▍       | 241/1000 [28:58<1:31:23,  7.22s/it]
Epoch 241 | loss : 66392.71, postive loss : 35316.65, negtive loss : 31076.06:  24%|██▍       | 242/1000 [28:58<1:31:51,  7.27s/it]
Epoch 242 | loss : 66346.19, postive loss : 35272.38, negtive loss : 31073.82:  24%|██▍       | 242/1000 [29:06<1:31:51,  7.27s/it]
Epoch 242 | loss : 66346.19, postive loss : 35272.38, negtive loss : 31073.82:  24%|██▍       | 243/1000 [29:06<1:31:33,  7.26s/it]
Epoch 243 | loss : 66014.32, postive loss : 34897.28, negtive loss : 31117.04:  24%|██▍       | 243/1000 [29:13<1:31:33,  7.26s/it]
Epoch 243 | loss : 66014.32, postive loss : 34897.28, negtive loss : 31117.04:  24%|██▍       | 244/1000 [29:13<1:31:42,  7.28s/it]
Epoch 244 | loss : 66203.82, postive loss : 35117.35, negtive loss : 31086.47:  24%|██▍       | 244/1000 [29:20<1:31:42,  7.28s/it]
Epoch 244 | loss : 66203.82, postive loss : 35117.35, negtive loss : 31086.47:  24%|██▍       | 245/1000 [29:20<1:31:25,  7.27s/it]
Epoch 245 | loss : 65904.89, postive loss : 34856.00, negtive loss : 31048.89:  24%|██▍       | 245/1000 [29:28<1:31:25,  7.27s/it]
Epoch 245 | loss : 65904.89, postive loss : 34856.00, negtive loss : 31048.89:  25%|██▍       | 246/1000 [29:28<1:31:12,  7.26s/it]
Epoch 246 | loss : 65861.23, postive loss : 34784.93, negtive loss : 31076.30:  25%|██▍       | 246/1000 [29:35<1:31:12,  7.26s/it]
Epoch 246 | loss : 65861.23, postive loss : 34784.93, negtive loss : 31076.30:  25%|██▍       | 247/1000 [29:35<1:31:00,  7.25s/it]
Epoch 247 | loss : 66490.50, postive loss : 35416.51, negtive loss : 31073.99:  25%|██▍       | 247/1000 [29:42<1:31:00,  7.25s/it]
Epoch 247 | loss : 66490.50, postive loss : 35416.51, negtive loss : 31073.99:  25%|██▍       | 248/1000 [29:42<1:30:42,  7.24s/it]
Epoch 248 | loss : 66779.45, postive loss : 35724.47, negtive loss : 31054.98:  25%|██▍       | 248/1000 [29:49<1:30:42,  7.24s/it]
Epoch 248 | loss : 66779.45, postive loss : 35724.47, negtive loss : 31054.98:  25%|██▍       | 249/1000 [29:49<1:30:27,  7.23s/it]
Epoch 249 | loss : 66533.10, postive loss : 35460.72, negtive loss : 31072.37:  25%|██▍       | 249/1000 [29:56<1:30:27,  7.23s/it]
Epoch 249 | loss : 66533.10, postive loss : 35460.72, negtive loss : 31072.37:  25%|██▌       | 250/1000 [29:56<1:30:10,  7.21s/it]
Epoch 250 | loss : 67056.94, postive loss : 36038.62, negtive loss : 31018.32:  25%|██▌       | 250/1000 [30:04<1:30:10,  7.21s/it]
Epoch 250 | loss : 67056.94, postive loss : 36038.62, negtive loss : 31018.32:  25%|██▌       | 251/1000 [30:04<1:30:14,  7.23s/it]
Epoch 251 | loss : 66223.83, postive loss : 35141.35, negtive loss : 31082.48:  25%|██▌       | 251/1000 [30:11<1:30:14,  7.23s/it]
Epoch 251 | loss : 66223.83, postive loss : 35141.35, negtive loss : 31082.48:  25%|██▌       | 252/1000 [30:11<1:30:05,  7.23s/it]
Epoch 252 | loss : 67045.23, postive loss : 35999.20, negtive loss : 31046.02:  25%|██▌       | 252/1000 [30:18<1:30:05,  7.23s/it]
Epoch 252 | loss : 67045.23, postive loss : 35999.20, negtive loss : 31046.02:  25%|██▌       | 253/1000 [30:18<1:29:57,  7.23s/it]
Epoch 253 | loss : 66154.90, postive loss : 35049.58, negtive loss : 31105.33:  25%|██▌       | 253/1000 [30:25<1:29:57,  7.23s/it]
Epoch 253 | loss : 66154.90, postive loss : 35049.58, negtive loss : 31105.33:  25%|██▌       | 254/1000 [30:25<1:29:51,  7.23s/it]
Epoch 254 | loss : 66052.45, postive loss : 34979.55, negtive loss : 31072.90:  25%|██▌       | 254/1000 [30:33<1:29:51,  7.23s/it]
Epoch 254 | loss : 66052.45, postive loss : 34979.55, negtive loss : 31072.90:  26%|██▌       | 255/1000 [30:33<1:29:48,  7.23s/it]
Epoch 255 | loss : 66348.42, postive loss : 35263.64, negtive loss : 31084.78:  26%|██▌       | 255/1000 [30:40<1:29:48,  7.23s/it]
Epoch 255 | loss : 66348.42, postive loss : 35263.64, negtive loss : 31084.78:  26%|██▌       | 256/1000 [30:40<1:29:40,  7.23s/it]
Epoch 256 | loss : 66350.04, postive loss : 35308.39, negtive loss : 31041.65:  26%|██▌       | 256/1000 [30:47<1:29:40,  7.23s/it]
Epoch 256 | loss : 66350.04, postive loss : 35308.39, negtive loss : 31041.65:  26%|██▌       | 257/1000 [30:47<1:29:28,  7.23s/it]
Epoch 257 | loss : 66341.99, postive loss : 35246.36, negtive loss : 31095.63:  26%|██▌       | 257/1000 [30:54<1:29:28,  7.23s/it]
Epoch 257 | loss : 66341.99, postive loss : 35246.36, negtive loss : 31095.63:  26%|██▌       | 258/1000 [30:54<1:29:13,  7.22s/it]
Epoch 258 | loss : 66871.59, postive loss : 35821.47, negtive loss : 31050.11:  26%|██▌       | 258/1000 [31:01<1:29:13,  7.22s/it]
Epoch 258 | loss : 66871.59, postive loss : 35821.47, negtive loss : 31050.11:  26%|██▌       | 259/1000 [31:01<1:29:05,  7.21s/it]
Epoch 259 | loss : 66458.98, postive loss : 35377.18, negtive loss : 31081.80:  26%|██▌       | 259/1000 [31:09<1:29:05,  7.21s/it]
Epoch 259 | loss : 66458.98, postive loss : 35377.18, negtive loss : 31081.80:  26%|██▌       | 260/1000 [31:09<1:28:52,  7.21s/it]
Epoch 260 | loss : 66326.83, postive loss : 35260.55, negtive loss : 31066.28:  26%|██▌       | 260/1000 [31:16<1:28:52,  7.21s/it]
Epoch 260 | loss : 66326.83, postive loss : 35260.55, negtive loss : 31066.28:  26%|██▌       | 261/1000 [31:16<1:28:45,  7.21s/it]
Epoch 261 | loss : 66791.23, postive loss : 35733.27, negtive loss : 31057.96:  26%|██▌       | 261/1000 [31:23<1:28:45,  7.21s/it]
Epoch 261 | loss : 66791.23, postive loss : 35733.27, negtive loss : 31057.96:  26%|██▌       | 262/1000 [31:23<1:28:34,  7.20s/it]
Epoch 262 | loss : 66312.01, postive loss : 35308.04, negtive loss : 31003.96:  26%|██▌       | 262/1000 [31:30<1:28:34,  7.20s/it]
Epoch 262 | loss : 66312.01, postive loss : 35308.04, negtive loss : 31003.96:  26%|██▋       | 263/1000 [31:30<1:28:24,  7.20s/it]
Epoch 263 | loss : 66132.02, postive loss : 35018.80, negtive loss : 31113.22:  26%|██▋       | 263/1000 [31:37<1:28:24,  7.20s/it]
Epoch 263 | loss : 66132.02, postive loss : 35018.80, negtive loss : 31113.22:  26%|██▋       | 264/1000 [31:37<1:28:15,  7.20s/it]
Epoch 264 | loss : 66489.14, postive loss : 35450.00, negtive loss : 31039.15:  26%|██▋       | 264/1000 [31:45<1:28:15,  7.20s/it]
Epoch 264 | loss : 66489.14, postive loss : 35450.00, negtive loss : 31039.15:  26%|██▋       | 265/1000 [31:45<1:28:15,  7.20s/it]
Epoch 265 | loss : 66304.46, postive loss : 35216.45, negtive loss : 31088.01:  26%|██▋       | 265/1000 [31:52<1:28:15,  7.20s/it]
Epoch 265 | loss : 66304.46, postive loss : 35216.45, negtive loss : 31088.01:  27%|██▋       | 266/1000 [31:52<1:28:25,  7.23s/it]
Epoch 266 | loss : 66692.68, postive loss : 35607.33, negtive loss : 31085.35:  27%|██▋       | 266/1000 [31:59<1:28:25,  7.23s/it]
Epoch 266 | loss : 66692.68, postive loss : 35607.33, negtive loss : 31085.35:  27%|██▋       | 267/1000 [31:59<1:28:42,  7.26s/it]
Epoch 267 | loss : 66388.99, postive loss : 35304.00, negtive loss : 31084.99:  27%|██▋       | 267/1000 [32:06<1:28:42,  7.26s/it]
Epoch 267 | loss : 66388.99, postive loss : 35304.00, negtive loss : 31084.99:  27%|██▋       | 268/1000 [32:06<1:28:44,  7.27s/it]
Epoch 268 | loss : 66950.04, postive loss : 35856.32, negtive loss : 31093.72:  27%|██▋       | 268/1000 [32:14<1:28:44,  7.27s/it]
Epoch 268 | loss : 66950.04, postive loss : 35856.32, negtive loss : 31093.72:  27%|██▋       | 269/1000 [32:14<1:28:51,  7.29s/it]
Epoch 269 | loss : 66942.38, postive loss : 35849.64, negtive loss : 31092.74:  27%|██▋       | 269/1000 [32:21<1:28:51,  7.29s/it]
Epoch 269 | loss : 66942.38, postive loss : 35849.64, negtive loss : 31092.74:  27%|██▋       | 270/1000 [32:21<1:28:50,  7.30s/it]
Epoch 270 | loss : 66433.32, postive loss : 35354.21, negtive loss : 31079.11:  27%|██▋       | 270/1000 [32:29<1:28:50,  7.30s/it]
Epoch 270 | loss : 66433.32, postive loss : 35354.21, negtive loss : 31079.11:  27%|██▋       | 271/1000 [32:29<1:29:03,  7.33s/it]
Epoch 271 | loss : 66707.31, postive loss : 35647.70, negtive loss : 31059.61:  27%|██▋       | 271/1000 [32:36<1:29:03,  7.33s/it]
Epoch 271 | loss : 66707.31, postive loss : 35647.70, negtive loss : 31059.61:  27%|██▋       | 272/1000 [32:36<1:29:43,  7.39s/it]
Epoch 272 | loss : 66603.11, postive loss : 35557.83, negtive loss : 31045.28:  27%|██▋       | 272/1000 [32:43<1:29:43,  7.39s/it]
Epoch 272 | loss : 66603.11, postive loss : 35557.83, negtive loss : 31045.28:  27%|██▋       | 273/1000 [32:43<1:29:03,  7.35s/it]
Epoch 273 | loss : 66510.56, postive loss : 35434.70, negtive loss : 31075.85:  27%|██▋       | 273/1000 [32:51<1:29:03,  7.35s/it]
Epoch 273 | loss : 66510.56, postive loss : 35434.70, negtive loss : 31075.85:  27%|██▋       | 274/1000 [32:51<1:28:28,  7.31s/it]
Epoch 274 | loss : 66197.46, postive loss : 35140.99, negtive loss : 31056.46:  27%|██▋       | 274/1000 [32:58<1:28:28,  7.31s/it]
Epoch 274 | loss : 66197.46, postive loss : 35140.99, negtive loss : 31056.46:  28%|██▊       | 275/1000 [32:58<1:28:01,  7.29s/it]
Epoch 275 | loss : 66695.53, postive loss : 35631.24, negtive loss : 31064.29:  28%|██▊       | 275/1000 [33:05<1:28:01,  7.29s/it]
Epoch 275 | loss : 66695.53, postive loss : 35631.24, negtive loss : 31064.29:  28%|██▊       | 276/1000 [33:05<1:27:41,  7.27s/it]
Epoch 276 | loss : 66691.23, postive loss : 35631.14, negtive loss : 31060.09:  28%|██▊       | 276/1000 [33:12<1:27:41,  7.27s/it]
Epoch 276 | loss : 66691.23, postive loss : 35631.14, negtive loss : 31060.09:  28%|██▊       | 277/1000 [33:12<1:27:26,  7.26s/it]
Epoch 277 | loss : 66550.89, postive loss : 35446.65, negtive loss : 31104.24:  28%|██▊       | 277/1000 [33:19<1:27:26,  7.26s/it]
Epoch 277 | loss : 66550.89, postive loss : 35446.65, negtive loss : 31104.24:  28%|██▊       | 278/1000 [33:19<1:27:11,  7.25s/it]
Epoch 278 | loss : 66779.22, postive loss : 35699.61, negtive loss : 31079.61:  28%|██▊       | 278/1000 [33:27<1:27:11,  7.25s/it]
Epoch 278 | loss : 66779.22, postive loss : 35699.61, negtive loss : 31079.61:  28%|██▊       | 279/1000 [33:27<1:27:01,  7.24s/it]
Epoch 279 | loss : 66187.98, postive loss : 35107.56, negtive loss : 31080.43:  28%|██▊       | 279/1000 [33:34<1:27:01,  7.24s/it]
Epoch 279 | loss : 66187.98, postive loss : 35107.56, negtive loss : 31080.43:  28%|██▊       | 280/1000 [33:34<1:26:50,  7.24s/it]
Epoch 280 | loss : 66463.64, postive loss : 35387.03, negtive loss : 31076.61:  28%|██▊       | 280/1000 [33:41<1:26:50,  7.24s/it]
Epoch 280 | loss : 66463.64, postive loss : 35387.03, negtive loss : 31076.61:  28%|██▊       | 281/1000 [33:41<1:26:41,  7.23s/it]
Epoch 281 | loss : 66623.74, postive loss : 35527.29, negtive loss : 31096.46:  28%|██▊       | 281/1000 [33:48<1:26:41,  7.23s/it]
Epoch 281 | loss : 66623.74, postive loss : 35527.29, negtive loss : 31096.46:  28%|██▊       | 282/1000 [33:48<1:26:31,  7.23s/it]
Epoch 282 | loss : 66059.88, postive loss : 34976.99, negtive loss : 31082.89:  28%|██▊       | 282/1000 [33:56<1:26:31,  7.23s/it]
Epoch 282 | loss : 66059.88, postive loss : 34976.99, negtive loss : 31082.89:  28%|██▊       | 283/1000 [33:56<1:26:17,  7.22s/it]
Epoch 283 | loss : 66466.13, postive loss : 35392.15, negtive loss : 31073.98:  28%|██▊       | 283/1000 [34:03<1:26:17,  7.22s/it]
Epoch 283 | loss : 66466.13, postive loss : 35392.15, negtive loss : 31073.98:  28%|██▊       | 284/1000 [34:03<1:26:05,  7.21s/it]
Epoch 284 | loss : 66090.32, postive loss : 35016.00, negtive loss : 31074.32:  28%|██▊       | 284/1000 [34:10<1:26:05,  7.21s/it]
Epoch 284 | loss : 66090.32, postive loss : 35016.00, negtive loss : 31074.32:  28%|██▊       | 285/1000 [34:10<1:25:54,  7.21s/it]
Epoch 285 | loss : 66966.71, postive loss : 35906.49, negtive loss : 31060.22:  28%|██▊       | 285/1000 [34:17<1:25:54,  7.21s/it]
Epoch 285 | loss : 66966.71, postive loss : 35906.49, negtive loss : 31060.22:  29%|██▊       | 286/1000 [34:17<1:25:46,  7.21s/it]
Epoch 286 | loss : 66189.68, postive loss : 35137.82, negtive loss : 31051.86:  29%|██▊       | 286/1000 [34:24<1:25:46,  7.21s/it]
Epoch 286 | loss : 66189.68, postive loss : 35137.82, negtive loss : 31051.86:  29%|██▊       | 287/1000 [34:24<1:25:34,  7.20s/it]
Epoch 287 | loss : 66413.76, postive loss : 35345.67, negtive loss : 31068.10:  29%|██▊       | 287/1000 [34:32<1:25:34,  7.20s/it]
Epoch 287 | loss : 66413.76, postive loss : 35345.67, negtive loss : 31068.10:  29%|██▉       | 288/1000 [34:32<1:25:25,  7.20s/it]
Epoch 288 | loss : 66547.75, postive loss : 35493.29, negtive loss : 31054.46:  29%|██▉       | 288/1000 [34:39<1:25:25,  7.20s/it]
Epoch 288 | loss : 66547.75, postive loss : 35493.29, negtive loss : 31054.46:  29%|██▉       | 289/1000 [34:39<1:25:17,  7.20s/it]
Epoch 289 | loss : 66774.01, postive loss : 35684.45, negtive loss : 31089.56:  29%|██▉       | 289/1000 [34:46<1:25:17,  7.20s/it]
Epoch 289 | loss : 66774.01, postive loss : 35684.45, negtive loss : 31089.56:  29%|██▉       | 290/1000 [34:46<1:25:09,  7.20s/it]
Epoch 290 | loss : 66767.74, postive loss : 35712.20, negtive loss : 31055.54:  29%|██▉       | 290/1000 [34:53<1:25:09,  7.20s/it]
Epoch 290 | loss : 66767.74, postive loss : 35712.20, negtive loss : 31055.54:  29%|██▉       | 291/1000 [34:53<1:25:01,  7.19s/it]
Epoch 291 | loss : 66673.18, postive loss : 35612.20, negtive loss : 31060.98:  29%|██▉       | 291/1000 [35:00<1:25:01,  7.19s/it]
Epoch 291 | loss : 66673.18, postive loss : 35612.20, negtive loss : 31060.98:  29%|██▉       | 292/1000 [35:00<1:24:54,  7.20s/it]
Epoch 292 | loss : 66702.70, postive loss : 35598.25, negtive loss : 31104.45:  29%|██▉       | 292/1000 [35:08<1:24:54,  7.20s/it]
Epoch 292 | loss : 66702.70, postive loss : 35598.25, negtive loss : 31104.45:  29%|██▉       | 293/1000 [35:08<1:24:51,  7.20s/it]
Epoch 293 | loss : 66783.98, postive loss : 35705.30, negtive loss : 31078.68:  29%|██▉       | 293/1000 [35:15<1:24:51,  7.20s/it]
Epoch 293 | loss : 66783.98, postive loss : 35705.30, negtive loss : 31078.68:  29%|██▉       | 294/1000 [35:15<1:24:49,  7.21s/it]
Epoch 294 | loss : 66551.92, postive loss : 35475.54, negtive loss : 31076.37:  29%|██▉       | 294/1000 [35:22<1:24:49,  7.21s/it]
Epoch 294 | loss : 66551.92, postive loss : 35475.54, negtive loss : 31076.37:  30%|██▉       | 295/1000 [35:22<1:24:47,  7.22s/it]
Epoch 295 | loss : 66358.32, postive loss : 35263.84, negtive loss : 31094.48:  30%|██▉       | 295/1000 [35:29<1:24:47,  7.22s/it]
Epoch 295 | loss : 66358.32, postive loss : 35263.84, negtive loss : 31094.48:  30%|██▉       | 296/1000 [35:29<1:24:40,  7.22s/it]
Epoch 296 | loss : 67195.62, postive loss : 36077.87, negtive loss : 31117.75:  30%|██▉       | 296/1000 [35:36<1:24:40,  7.22s/it]
Epoch 296 | loss : 67195.62, postive loss : 36077.87, negtive loss : 31117.75:  30%|██▉       | 297/1000 [35:36<1:24:28,  7.21s/it]
Epoch 297 | loss : 67651.62, postive loss : 36586.47, negtive loss : 31065.15:  30%|██▉       | 297/1000 [35:44<1:24:28,  7.21s/it]
Epoch 297 | loss : 67651.62, postive loss : 36586.47, negtive loss : 31065.15:  30%|██▉       | 298/1000 [35:44<1:24:17,  7.20s/it]
Epoch 298 | loss : 66701.75, postive loss : 35655.54, negtive loss : 31046.21:  30%|██▉       | 298/1000 [35:51<1:24:17,  7.20s/it]
Epoch 298 | loss : 66701.75, postive loss : 35655.54, negtive loss : 31046.21:  30%|██▉       | 299/1000 [35:51<1:24:07,  7.20s/it]
Epoch 299 | loss : 66306.68, postive loss : 35209.58, negtive loss : 31097.10:  30%|██▉       | 299/1000 [35:58<1:24:07,  7.20s/it]
Epoch 299 | loss : 66306.68, postive loss : 35209.58, negtive loss : 31097.10:  30%|███       | 300/1000 [35:58<1:24:00,  7.20s/it]
Epoch 300 | loss : 66895.84, postive loss : 35833.94, negtive loss : 31061.90:  30%|███       | 300/1000 [36:05<1:24:00,  7.20s/it]
Epoch 300 | loss : 66895.84, postive loss : 35833.94, negtive loss : 31061.90:  30%|███       | 301/1000 [36:05<1:23:59,  7.21s/it]
Epoch 301 | loss : 66999.43, postive loss : 35934.57, negtive loss : 31064.86:  30%|███       | 301/1000 [36:13<1:23:59,  7.21s/it]
Epoch 301 | loss : 66999.43, postive loss : 35934.57, negtive loss : 31064.86:  30%|███       | 302/1000 [36:13<1:24:16,  7.24s/it]
Epoch 302 | loss : 66478.25, postive loss : 35375.67, negtive loss : 31102.58:  30%|███       | 302/1000 [36:20<1:24:16,  7.24s/it]
Epoch 302 | loss : 66478.25, postive loss : 35375.67, negtive loss : 31102.58:  30%|███       | 303/1000 [36:20<1:24:11,  7.25s/it]
Epoch 303 | loss : 66588.24, postive loss : 35493.47, negtive loss : 31094.77:  30%|███       | 303/1000 [36:27<1:24:11,  7.25s/it]
Epoch 303 | loss : 66588.24, postive loss : 35493.47, negtive loss : 31094.77:  30%|███       | 304/1000 [36:27<1:24:11,  7.26s/it]
Epoch 304 | loss : 66608.87, postive loss : 35501.38, negtive loss : 31107.49:  30%|███       | 304/1000 [36:34<1:24:11,  7.26s/it]
Epoch 304 | loss : 66608.87, postive loss : 35501.38, negtive loss : 31107.49:  30%|███       | 305/1000 [36:34<1:24:08,  7.26s/it]
Epoch 305 | loss : 66663.24, postive loss : 35569.65, negtive loss : 31093.58:  30%|███       | 305/1000 [36:42<1:24:08,  7.26s/it]
Epoch 305 | loss : 66663.24, postive loss : 35569.65, negtive loss : 31093.58:  31%|███       | 306/1000 [36:42<1:24:13,  7.28s/it]
Epoch 306 | loss : 66695.03, postive loss : 35626.38, negtive loss : 31068.65:  31%|███       | 306/1000 [36:49<1:24:13,  7.28s/it]
Epoch 306 | loss : 66695.03, postive loss : 35626.38, negtive loss : 31068.65:  31%|███       | 307/1000 [36:49<1:25:02,  7.36s/it]
Epoch 307 | loss : 66315.32, postive loss : 35208.21, negtive loss : 31107.11:  31%|███       | 307/1000 [36:56<1:25:02,  7.36s/it]
Epoch 307 | loss : 66315.32, postive loss : 35208.21, negtive loss : 31107.11:  31%|███       | 308/1000 [36:56<1:24:21,  7.31s/it]
Epoch 308 | loss : 66631.27, postive loss : 35546.04, negtive loss : 31085.23:  31%|███       | 308/1000 [37:04<1:24:21,  7.31s/it]
Epoch 308 | loss : 66631.27, postive loss : 35546.04, negtive loss : 31085.23:  31%|███       | 309/1000 [37:04<1:23:50,  7.28s/it]
Epoch 309 | loss : 66723.66, postive loss : 35667.08, negtive loss : 31056.58:  31%|███       | 309/1000 [37:11<1:23:50,  7.28s/it]
Epoch 309 | loss : 66723.66, postive loss : 35667.08, negtive loss : 31056.58:  31%|███       | 310/1000 [37:11<1:23:28,  7.26s/it]
Epoch 310 | loss : 66398.39, postive loss : 35311.63, negtive loss : 31086.76:  31%|███       | 310/1000 [37:18<1:23:28,  7.26s/it]
Epoch 310 | loss : 66398.39, postive loss : 35311.63, negtive loss : 31086.76:  31%|███       | 311/1000 [37:18<1:23:11,  7.25s/it]
Epoch 311 | loss : 66838.66, postive loss : 35770.46, negtive loss : 31068.20:  31%|███       | 311/1000 [37:25<1:23:11,  7.25s/it]
Epoch 311 | loss : 66838.66, postive loss : 35770.46, negtive loss : 31068.20:  31%|███       | 312/1000 [37:25<1:22:57,  7.24s/it]
Epoch 312 | loss : 67102.89, postive loss : 36026.18, negtive loss : 31076.71:  31%|███       | 312/1000 [37:32<1:22:57,  7.24s/it]
Epoch 312 | loss : 67102.89, postive loss : 36026.18, negtive loss : 31076.71:  31%|███▏      | 313/1000 [37:32<1:22:45,  7.23s/it]
Epoch 313 | loss : 66983.22, postive loss : 35951.82, negtive loss : 31031.40:  31%|███▏      | 313/1000 [37:40<1:22:45,  7.23s/it]
Epoch 313 | loss : 66983.22, postive loss : 35951.82, negtive loss : 31031.40:  31%|███▏      | 314/1000 [37:40<1:22:46,  7.24s/it]
Epoch 314 | loss : 66345.68, postive loss : 35267.26, negtive loss : 31078.42:  31%|███▏      | 314/1000 [37:47<1:22:46,  7.24s/it]
Epoch 314 | loss : 66345.68, postive loss : 35267.26, negtive loss : 31078.42:  32%|███▏      | 315/1000 [37:47<1:22:37,  7.24s/it]
Epoch 315 | loss : 66353.52, postive loss : 35278.28, negtive loss : 31075.24:  32%|███▏      | 315/1000 [37:54<1:22:37,  7.24s/it]
Epoch 315 | loss : 66353.52, postive loss : 35278.28, negtive loss : 31075.24:  32%|███▏      | 316/1000 [37:54<1:22:24,  7.23s/it]
Epoch 316 | loss : 66499.06, postive loss : 35442.38, negtive loss : 31056.68:  32%|███▏      | 316/1000 [38:01<1:22:24,  7.23s/it]
Epoch 316 | loss : 66499.06, postive loss : 35442.38, negtive loss : 31056.68:  32%|███▏      | 317/1000 [38:01<1:22:12,  7.22s/it]
Epoch 317 | loss : 66042.77, postive loss : 34936.10, negtive loss : 31106.66:  32%|███▏      | 317/1000 [38:09<1:22:12,  7.22s/it]
Epoch 317 | loss : 66042.77, postive loss : 34936.10, negtive loss : 31106.66:  32%|███▏      | 318/1000 [38:09<1:22:04,  7.22s/it]
Epoch 318 | loss : 66806.94, postive loss : 35753.15, negtive loss : 31053.80:  32%|███▏      | 318/1000 [38:16<1:22:04,  7.22s/it]
Epoch 318 | loss : 66806.94, postive loss : 35753.15, negtive loss : 31053.80:  32%|███▏      | 319/1000 [38:16<1:21:53,  7.22s/it]
Epoch 319 | loss : 66612.44, postive loss : 35550.01, negtive loss : 31062.43:  32%|███▏      | 319/1000 [38:23<1:21:53,  7.22s/it]
Epoch 319 | loss : 66612.44, postive loss : 35550.01, negtive loss : 31062.43:  32%|███▏      | 320/1000 [38:23<1:21:41,  7.21s/it]
Epoch 320 | loss : 66047.66, postive loss : 34969.46, negtive loss : 31078.20:  32%|███▏      | 320/1000 [38:30<1:21:41,  7.21s/it]
Epoch 320 | loss : 66047.66, postive loss : 34969.46, negtive loss : 31078.20:  32%|███▏      | 321/1000 [38:30<1:21:45,  7.22s/it]
Epoch 321 | loss : 66768.45, postive loss : 35713.52, negtive loss : 31054.93:  32%|███▏      | 321/1000 [38:37<1:21:45,  7.22s/it]
Epoch 321 | loss : 66768.45, postive loss : 35713.52, negtive loss : 31054.93:  32%|███▏      | 322/1000 [38:37<1:21:32,  7.22s/it]
Epoch 322 | loss : 66526.36, postive loss : 35457.73, negtive loss : 31068.63:  32%|███▏      | 322/1000 [38:45<1:21:32,  7.22s/it]
Epoch 322 | loss : 66526.36, postive loss : 35457.73, negtive loss : 31068.63:  32%|███▏      | 323/1000 [38:45<1:21:21,  7.21s/it]
Epoch 323 | loss : 66300.30, postive loss : 35202.33, negtive loss : 31097.97:  32%|███▏      | 323/1000 [38:52<1:21:21,  7.21s/it]
Epoch 323 | loss : 66300.30, postive loss : 35202.33, negtive loss : 31097.97:  32%|███▏      | 324/1000 [38:52<1:21:11,  7.21s/it]
Epoch 324 | loss : 66735.66, postive loss : 35655.51, negtive loss : 31080.14:  32%|███▏      | 324/1000 [38:59<1:21:11,  7.21s/it]
Epoch 324 | loss : 66735.66, postive loss : 35655.51, negtive loss : 31080.14:  32%|███▎      | 325/1000 [38:59<1:21:02,  7.20s/it]
Epoch 325 | loss : 66825.94, postive loss : 35757.35, negtive loss : 31068.58:  32%|███▎      | 325/1000 [39:06<1:21:02,  7.20s/it]
Epoch 325 | loss : 66825.94, postive loss : 35757.35, negtive loss : 31068.58:  33%|███▎      | 326/1000 [39:06<1:20:53,  7.20s/it]
Epoch 326 | loss : 66526.62, postive loss : 35457.64, negtive loss : 31068.98:  33%|███▎      | 326/1000 [39:13<1:20:53,  7.20s/it]
Epoch 326 | loss : 66526.62, postive loss : 35457.64, negtive loss : 31068.98:  33%|███▎      | 327/1000 [39:13<1:20:47,  7.20s/it]
Epoch 327 | loss : 66621.34, postive loss : 35540.60, negtive loss : 31080.74:  33%|███▎      | 327/1000 [39:21<1:20:47,  7.20s/it]
Epoch 327 | loss : 66621.34, postive loss : 35540.60, negtive loss : 31080.74:  33%|███▎      | 328/1000 [39:21<1:20:38,  7.20s/it]
Epoch 328 | loss : 67063.49, postive loss : 36025.03, negtive loss : 31038.45:  33%|███▎      | 328/1000 [39:28<1:20:38,  7.20s/it]
Epoch 328 | loss : 67063.49, postive loss : 36025.03, negtive loss : 31038.45:  33%|███▎      | 329/1000 [39:28<1:20:31,  7.20s/it]
Epoch 329 | loss : 66808.75, postive loss : 35745.92, negtive loss : 31062.83:  33%|███▎      | 329/1000 [39:35<1:20:31,  7.20s/it]
Epoch 329 | loss : 66808.75, postive loss : 35745.92, negtive loss : 31062.83:  33%|███▎      | 330/1000 [39:35<1:20:24,  7.20s/it]
Epoch 330 | loss : 66480.46, postive loss : 35433.28, negtive loss : 31047.18:  33%|███▎      | 330/1000 [39:42<1:20:24,  7.20s/it]
Epoch 330 | loss : 66480.46, postive loss : 35433.28, negtive loss : 31047.18:  33%|███▎      | 331/1000 [39:42<1:20:18,  7.20s/it]
Epoch 331 | loss : 66221.02, postive loss : 35130.53, negtive loss : 31090.49:  33%|███▎      | 331/1000 [39:49<1:20:18,  7.20s/it]
Epoch 331 | loss : 66221.02, postive loss : 35130.53, negtive loss : 31090.49:  33%|███▎      | 332/1000 [39:49<1:20:10,  7.20s/it]
Epoch 332 | loss : 66891.79, postive loss : 35810.41, negtive loss : 31081.37:  33%|███▎      | 332/1000 [39:57<1:20:10,  7.20s/it]
Epoch 332 | loss : 66891.79, postive loss : 35810.41, negtive loss : 31081.37:  33%|███▎      | 333/1000 [39:57<1:20:04,  7.20s/it]
Epoch 333 | loss : 66336.29, postive loss : 35280.46, negtive loss : 31055.82:  33%|███▎      | 333/1000 [40:04<1:20:04,  7.20s/it]
Epoch 333 | loss : 66336.29, postive loss : 35280.46, negtive loss : 31055.82:  33%|███▎      | 334/1000 [40:04<1:19:58,  7.20s/it]
Epoch 334 | loss : 67053.59, postive loss : 35996.85, negtive loss : 31056.74:  33%|███▎      | 334/1000 [40:11<1:19:58,  7.20s/it]
Epoch 334 | loss : 67053.59, postive loss : 35996.85, negtive loss : 31056.74:  34%|███▎      | 335/1000 [40:11<1:19:51,  7.20s/it]
Epoch 335 | loss : 66825.73, postive loss : 35768.27, negtive loss : 31057.45:  34%|███▎      | 335/1000 [40:18<1:19:51,  7.20s/it]
Epoch 335 | loss : 66825.73, postive loss : 35768.27, negtive loss : 31057.45:  34%|███▎      | 336/1000 [40:18<1:19:42,  7.20s/it]
Epoch 336 | loss : 66800.79, postive loss : 35730.01, negtive loss : 31070.78:  34%|███▎      | 336/1000 [40:25<1:19:42,  7.20s/it]
Epoch 336 | loss : 66800.79, postive loss : 35730.01, negtive loss : 31070.78:  34%|███▎      | 337/1000 [40:25<1:19:37,  7.21s/it]
Epoch 337 | loss : 66473.63, postive loss : 35383.83, negtive loss : 31089.80:  34%|███▎      | 337/1000 [40:33<1:19:37,  7.21s/it]
Epoch 337 | loss : 66473.63, postive loss : 35383.83, negtive loss : 31089.80:  34%|███▍      | 338/1000 [40:33<1:19:28,  7.20s/it]
Epoch 338 | loss : 67015.62, postive loss : 35973.10, negtive loss : 31042.53:  34%|███▍      | 338/1000 [40:40<1:19:28,  7.20s/it]
Epoch 338 | loss : 67015.62, postive loss : 35973.10, negtive loss : 31042.53:  34%|███▍      | 339/1000 [40:40<1:19:23,  7.21s/it]
Epoch 339 | loss : 66520.09, postive loss : 35423.71, negtive loss : 31096.38:  34%|███▍      | 339/1000 [40:47<1:19:23,  7.21s/it]
Epoch 339 | loss : 66520.09, postive loss : 35423.71, negtive loss : 31096.38:  34%|███▍      | 340/1000 [40:47<1:19:14,  7.20s/it]
Epoch 340 | loss : 66487.68, postive loss : 35414.19, negtive loss : 31073.49:  34%|███▍      | 340/1000 [40:54<1:19:14,  7.20s/it]
Epoch 340 | loss : 66487.68, postive loss : 35414.19, negtive loss : 31073.49:  34%|███▍      | 341/1000 [40:54<1:19:06,  7.20s/it]
Epoch 341 | loss : 66699.75, postive loss : 35627.74, negtive loss : 31072.00:  34%|███▍      | 341/1000 [41:01<1:19:06,  7.20s/it]
Epoch 341 | loss : 66699.75, postive loss : 35627.74, negtive loss : 31072.00:  34%|███▍      | 342/1000 [41:01<1:18:57,  7.20s/it]
Epoch 342 | loss : 66963.92, postive loss : 35861.17, negtive loss : 31102.75:  34%|███▍      | 342/1000 [41:09<1:18:57,  7.20s/it]
Epoch 342 | loss : 66963.92, postive loss : 35861.17, negtive loss : 31102.75:  34%|███▍      | 343/1000 [41:09<1:18:51,  7.20s/it]
Epoch 343 | loss : 66458.99, postive loss : 35367.24, negtive loss : 31091.75:  34%|███▍      | 343/1000 [41:16<1:18:51,  7.20s/it]
Epoch 343 | loss : 66458.99, postive loss : 35367.24, negtive loss : 31091.75:  34%|███▍      | 344/1000 [41:16<1:18:44,  7.20s/it]
Epoch 344 | loss : 66834.54, postive loss : 35747.54, negtive loss : 31087.00:  34%|███▍      | 344/1000 [41:23<1:18:44,  7.20s/it]
Epoch 344 | loss : 66834.54, postive loss : 35747.54, negtive loss : 31087.00:  34%|███▍      | 345/1000 [41:23<1:18:38,  7.20s/it]
Epoch 345 | loss : 66829.33, postive loss : 35743.64, negtive loss : 31085.69:  34%|███▍      | 345/1000 [41:30<1:18:38,  7.20s/it]
Epoch 345 | loss : 66829.33, postive loss : 35743.64, negtive loss : 31085.69:  35%|███▍      | 346/1000 [41:30<1:18:32,  7.21s/it]
Epoch 346 | loss : 66883.54, postive loss : 35848.08, negtive loss : 31035.45:  35%|███▍      | 346/1000 [41:38<1:18:32,  7.21s/it]
Epoch 346 | loss : 66883.54, postive loss : 35848.08, negtive loss : 31035.45:  35%|███▍      | 347/1000 [41:38<1:18:22,  7.20s/it]
Epoch 347 | loss : 66468.47, postive loss : 35381.21, negtive loss : 31087.26:  35%|███▍      | 347/1000 [41:45<1:18:22,  7.20s/it]
Epoch 347 | loss : 66468.47, postive loss : 35381.21, negtive loss : 31087.26:  35%|███▍      | 348/1000 [41:45<1:18:15,  7.20s/it]
Epoch 348 | loss : 66908.81, postive loss : 35805.94, negtive loss : 31102.86:  35%|███▍      | 348/1000 [41:52<1:18:15,  7.20s/it]
Epoch 348 | loss : 66908.81, postive loss : 35805.94, negtive loss : 31102.86:  35%|███▍      | 349/1000 [41:52<1:18:06,  7.20s/it]
Epoch 349 | loss : 66726.81, postive loss : 35648.86, negtive loss : 31077.95:  35%|███▍      | 349/1000 [41:59<1:18:06,  7.20s/it]
Epoch 349 | loss : 66726.81, postive loss : 35648.86, negtive loss : 31077.95:  35%|███▌      | 350/1000 [41:59<1:17:59,  7.20s/it]
Epoch 350 | loss : 66489.49, postive loss : 35419.07, negtive loss : 31070.42:  35%|███▌      | 350/1000 [42:06<1:17:59,  7.20s/it]
Epoch 350 | loss : 66489.49, postive loss : 35419.07, negtive loss : 31070.42:  35%|███▌      | 351/1000 [42:06<1:17:50,  7.20s/it]
Epoch 351 | loss : 66941.78, postive loss : 35836.62, negtive loss : 31105.16:  35%|███▌      | 351/1000 [42:13<1:17:50,  7.20s/it]
Epoch 351 | loss : 66941.78, postive loss : 35836.62, negtive loss : 31105.16:  35%|███▌      | 352/1000 [42:13<1:17:43,  7.20s/it]
Epoch 352 | loss : 66685.40, postive loss : 35599.39, negtive loss : 31086.01:  35%|███▌      | 352/1000 [42:21<1:17:43,  7.20s/it]
Epoch 352 | loss : 66685.40, postive loss : 35599.39, negtive loss : 31086.01:  35%|███▌      | 353/1000 [42:21<1:17:38,  7.20s/it]
Epoch 353 | loss : 66549.57, postive loss : 35469.48, negtive loss : 31080.09:  35%|███▌      | 353/1000 [42:28<1:17:38,  7.20s/it]
Epoch 353 | loss : 66549.57, postive loss : 35469.48, negtive loss : 31080.09:  35%|███▌      | 354/1000 [42:28<1:17:32,  7.20s/it]
Epoch 354 | loss : 66765.28, postive loss : 35681.60, negtive loss : 31083.68:  35%|███▌      | 354/1000 [42:35<1:17:32,  7.20s/it]
Epoch 354 | loss : 66765.28, postive loss : 35681.60, negtive loss : 31083.68:  36%|███▌      | 355/1000 [42:35<1:17:25,  7.20s/it]
Epoch 355 | loss : 66525.25, postive loss : 35465.19, negtive loss : 31060.06:  36%|███▌      | 355/1000 [42:42<1:17:25,  7.20s/it]
Epoch 355 | loss : 66525.25, postive loss : 35465.19, negtive loss : 31060.06:  36%|███▌      | 356/1000 [42:42<1:17:17,  7.20s/it]
Epoch 356 | loss : 67104.24, postive loss : 36043.93, negtive loss : 31060.31:  36%|███▌      | 356/1000 [42:50<1:17:17,  7.20s/it]
Epoch 356 | loss : 67104.24, postive loss : 36043.93, negtive loss : 31060.31:  36%|███▌      | 357/1000 [42:50<1:17:10,  7.20s/it]
Epoch 357 | loss : 67385.51, postive loss : 36315.70, negtive loss : 31069.81:  36%|███▌      | 357/1000 [42:57<1:17:10,  7.20s/it]
Epoch 357 | loss : 67385.51, postive loss : 36315.70, negtive loss : 31069.81:  36%|███▌      | 358/1000 [42:57<1:17:03,  7.20s/it]
Epoch 358 | loss : 66636.68, postive loss : 35567.23, negtive loss : 31069.45:  36%|███▌      | 358/1000 [43:04<1:17:03,  7.20s/it]
Epoch 358 | loss : 66636.68, postive loss : 35567.23, negtive loss : 31069.45:  36%|███▌      | 359/1000 [43:04<1:16:55,  7.20s/it]
Epoch 359 | loss : 67315.20, postive loss : 36263.36, negtive loss : 31051.83:  36%|███▌      | 359/1000 [43:11<1:16:55,  7.20s/it]
Epoch 359 | loss : 67315.20, postive loss : 36263.36, negtive loss : 31051.83:  36%|███▌      | 360/1000 [43:11<1:16:50,  7.20s/it]
Epoch 360 | loss : 67218.66, postive loss : 36146.91, negtive loss : 31071.75:  36%|███▌      | 360/1000 [43:18<1:16:50,  7.20s/it]
Epoch 360 | loss : 67218.66, postive loss : 36146.91, negtive loss : 31071.75:  36%|███▌      | 361/1000 [43:18<1:16:41,  7.20s/it]
Epoch 361 | loss : 66738.04, postive loss : 35646.12, negtive loss : 31091.92:  36%|███▌      | 361/1000 [43:26<1:16:41,  7.20s/it]
Epoch 361 | loss : 66738.04, postive loss : 35646.12, negtive loss : 31091.92:  36%|███▌      | 362/1000 [43:26<1:16:34,  7.20s/it]
Epoch 362 | loss : 66564.46, postive loss : 35521.10, negtive loss : 31043.36:  36%|███▌      | 362/1000 [43:33<1:16:34,  7.20s/it]
Epoch 362 | loss : 66564.46, postive loss : 35521.10, negtive loss : 31043.36:  36%|███▋      | 363/1000 [43:33<1:16:29,  7.20s/it]
Epoch 363 | loss : 66475.02, postive loss : 35400.82, negtive loss : 31074.19:  36%|███▋      | 363/1000 [43:40<1:16:29,  7.20s/it]
Epoch 363 | loss : 66475.02, postive loss : 35400.82, negtive loss : 31074.19:  36%|███▋      | 364/1000 [43:40<1:16:25,  7.21s/it]
Epoch 364 | loss : 66719.26, postive loss : 35618.83, negtive loss : 31100.43:  36%|███▋      | 364/1000 [43:47<1:16:25,  7.21s/it]
Epoch 364 | loss : 66719.26, postive loss : 35618.83, negtive loss : 31100.43:  36%|███▋      | 365/1000 [43:47<1:16:25,  7.22s/it]
Epoch 365 | loss : 66975.89, postive loss : 35917.17, negtive loss : 31058.71:  36%|███▋      | 365/1000 [43:54<1:16:25,  7.22s/it]
Epoch 365 | loss : 66975.89, postive loss : 35917.17, negtive loss : 31058.71:  37%|███▋      | 366/1000 [43:54<1:16:29,  7.24s/it]
Epoch 366 | loss : 66611.28, postive loss : 35542.97, negtive loss : 31068.31:  37%|███▋      | 366/1000 [44:02<1:16:29,  7.24s/it]
Epoch 366 | loss : 66611.28, postive loss : 35542.97, negtive loss : 31068.31:  37%|███▋      | 367/1000 [44:02<1:16:31,  7.25s/it]
Epoch 367 | loss : 66702.74, postive loss : 35614.88, negtive loss : 31087.86:  37%|███▋      | 367/1000 [44:09<1:16:31,  7.25s/it]
Epoch 367 | loss : 66702.74, postive loss : 35614.88, negtive loss : 31087.86:  37%|███▋      | 368/1000 [44:09<1:16:18,  7.24s/it]
Epoch 368 | loss : 67204.52, postive loss : 36110.78, negtive loss : 31093.73:  37%|███▋      | 368/1000 [44:16<1:16:18,  7.24s/it]
Epoch 368 | loss : 67204.52, postive loss : 36110.78, negtive loss : 31093.73:  37%|███▋      | 369/1000 [44:16<1:16:05,  7.23s/it]
Epoch 369 | loss : 66323.07, postive loss : 35271.12, negtive loss : 31051.94:  37%|███▋      | 369/1000 [44:23<1:16:05,  7.23s/it]
Epoch 369 | loss : 66323.07, postive loss : 35271.12, negtive loss : 31051.94:  37%|███▋      | 370/1000 [44:23<1:15:53,  7.23s/it]
Epoch 370 | loss : 66494.70, postive loss : 35390.95, negtive loss : 31103.75:  37%|███▋      | 370/1000 [44:31<1:15:53,  7.23s/it]
Epoch 370 | loss : 66494.70, postive loss : 35390.95, negtive loss : 31103.75:  37%|███▋      | 371/1000 [44:31<1:15:44,  7.23s/it]
Epoch 371 | loss : 66883.82, postive loss : 35808.62, negtive loss : 31075.20:  37%|███▋      | 371/1000 [44:38<1:15:44,  7.23s/it]
Epoch 371 | loss : 66883.82, postive loss : 35808.62, negtive loss : 31075.20:  37%|███▋      | 372/1000 [44:38<1:15:35,  7.22s/it]
Epoch 372 | loss : 66463.29, postive loss : 35368.15, negtive loss : 31095.14:  37%|███▋      | 372/1000 [44:45<1:15:35,  7.22s/it]
Epoch 372 | loss : 66463.29, postive loss : 35368.15, negtive loss : 31095.14:  37%|███▋      | 373/1000 [44:45<1:15:27,  7.22s/it]
Epoch 373 | loss : 66031.51, postive loss : 34979.16, negtive loss : 31052.36:  37%|███▋      | 373/1000 [44:52<1:15:27,  7.22s/it]
Epoch 373 | loss : 66031.51, postive loss : 34979.16, negtive loss : 31052.36:  37%|███▋      | 374/1000 [44:52<1:15:19,  7.22s/it]
Epoch 374 | loss : 66109.08, postive loss : 35021.08, negtive loss : 31088.00:  37%|███▋      | 374/1000 [45:00<1:15:19,  7.22s/it]
Epoch 374 | loss : 66109.08, postive loss : 35021.08, negtive loss : 31088.00:  38%|███▊      | 375/1000 [45:00<1:15:15,  7.22s/it]
Epoch 375 | loss : 66869.71, postive loss : 35819.91, negtive loss : 31049.81:  38%|███▊      | 375/1000 [45:07<1:15:15,  7.22s/it]
Epoch 375 | loss : 66869.71, postive loss : 35819.91, negtive loss : 31049.81:  38%|███▊      | 376/1000 [45:07<1:15:05,  7.22s/it]
Epoch 376 | loss : 66769.66, postive loss : 35659.50, negtive loss : 31110.15:  38%|███▊      | 376/1000 [45:14<1:15:05,  7.22s/it]
Epoch 376 | loss : 66769.66, postive loss : 35659.50, negtive loss : 31110.15:  38%|███▊      | 377/1000 [45:14<1:15:01,  7.23s/it]
Epoch 377 | loss : 66831.06, postive loss : 35765.14, negtive loss : 31065.92:  38%|███▊      | 377/1000 [45:21<1:15:01,  7.23s/it]
Epoch 377 | loss : 66831.06, postive loss : 35765.14, negtive loss : 31065.92:  38%|███▊      | 378/1000 [45:21<1:14:52,  7.22s/it]
Epoch 378 | loss : 67160.33, postive loss : 36088.28, negtive loss : 31072.06:  38%|███▊      | 378/1000 [45:28<1:14:52,  7.22s/it]
Epoch 378 | loss : 67160.33, postive loss : 36088.28, negtive loss : 31072.06:  38%|███▊      | 379/1000 [45:28<1:14:46,  7.22s/it]
Epoch 379 | loss : 67176.31, postive loss : 36083.61, negtive loss : 31092.70:  38%|███▊      | 379/1000 [45:36<1:14:46,  7.22s/it]
Epoch 379 | loss : 67176.31, postive loss : 36083.61, negtive loss : 31092.70:  38%|███▊      | 380/1000 [45:36<1:14:31,  7.21s/it]
Epoch 380 | loss : 67097.16, postive loss : 36044.04, negtive loss : 31053.12:  38%|███▊      | 380/1000 [45:43<1:14:31,  7.21s/it]
Epoch 380 | loss : 67097.16, postive loss : 36044.04, negtive loss : 31053.12:  38%|███▊      | 381/1000 [45:43<1:14:20,  7.21s/it]
Epoch 381 | loss : 67118.36, postive loss : 36049.60, negtive loss : 31068.76:  38%|███▊      | 381/1000 [45:50<1:14:20,  7.21s/it]
Epoch 381 | loss : 67118.36, postive loss : 36049.60, negtive loss : 31068.76:  38%|███▊      | 382/1000 [45:50<1:14:11,  7.20s/it]
Epoch 382 | loss : 66557.81, postive loss : 35461.83, negtive loss : 31095.98:  38%|███▊      | 382/1000 [45:57<1:14:11,  7.20s/it]
Epoch 382 | loss : 66557.81, postive loss : 35461.83, negtive loss : 31095.98:  38%|███▊      | 383/1000 [45:57<1:14:09,  7.21s/it]
Epoch 383 | loss : 66542.45, postive loss : 35479.18, negtive loss : 31063.27:  38%|███▊      | 383/1000 [46:04<1:14:09,  7.21s/it]
Epoch 383 | loss : 66542.45, postive loss : 35479.18, negtive loss : 31063.27:  38%|███▊      | 384/1000 [46:04<1:14:09,  7.22s/it]
Epoch 384 | loss : 67516.25, postive loss : 36464.81, negtive loss : 31051.44:  38%|███▊      | 384/1000 [46:12<1:14:09,  7.22s/it]
Epoch 384 | loss : 67516.25, postive loss : 36464.81, negtive loss : 31051.44:  38%|███▊      | 385/1000 [46:12<1:14:19,  7.25s/it]
Epoch 385 | loss : 66640.33, postive loss : 35549.34, negtive loss : 31090.98:  38%|███▊      | 385/1000 [46:19<1:14:19,  7.25s/it]
Epoch 385 | loss : 66640.33, postive loss : 35549.34, negtive loss : 31090.98:  39%|███▊      | 386/1000 [46:19<1:14:05,  7.24s/it]
Epoch 386 | loss : 67008.16, postive loss : 35958.45, negtive loss : 31049.71:  39%|███▊      | 386/1000 [46:26<1:14:05,  7.24s/it]
Epoch 386 | loss : 67008.16, postive loss : 35958.45, negtive loss : 31049.71:  39%|███▊      | 387/1000 [46:26<1:13:50,  7.23s/it]
Epoch 387 | loss : 66466.70, postive loss : 35376.42, negtive loss : 31090.29:  39%|███▊      | 387/1000 [46:33<1:13:50,  7.23s/it]
Epoch 387 | loss : 66466.70, postive loss : 35376.42, negtive loss : 31090.29:  39%|███▉      | 388/1000 [46:33<1:13:38,  7.22s/it]
Epoch 388 | loss : 66759.47, postive loss : 35686.32, negtive loss : 31073.15:  39%|███▉      | 388/1000 [46:41<1:13:38,  7.22s/it]
Epoch 388 | loss : 66759.47, postive loss : 35686.32, negtive loss : 31073.15:  39%|███▉      | 389/1000 [46:41<1:13:36,  7.23s/it]
Epoch 389 | loss : 66429.90, postive loss : 35316.55, negtive loss : 31113.35:  39%|███▉      | 389/1000 [46:48<1:13:36,  7.23s/it]
Epoch 389 | loss : 66429.90, postive loss : 35316.55, negtive loss : 31113.35:  39%|███▉      | 390/1000 [46:48<1:13:33,  7.24s/it]
Epoch 390 | loss : 66683.83, postive loss : 35640.40, negtive loss : 31043.43:  39%|███▉      | 390/1000 [46:55<1:13:33,  7.24s/it]
Epoch 390 | loss : 66683.83, postive loss : 35640.40, negtive loss : 31043.43:  39%|███▉      | 391/1000 [46:55<1:13:17,  7.22s/it]
Epoch 391 | loss : 66639.34, postive loss : 35561.63, negtive loss : 31077.71:  39%|███▉      | 391/1000 [47:02<1:13:17,  7.22s/it]
Epoch 391 | loss : 66639.34, postive loss : 35561.63, negtive loss : 31077.71:  39%|███▉      | 392/1000 [47:02<1:13:10,  7.22s/it]
Epoch 392 | loss : 67234.90, postive loss : 36184.85, negtive loss : 31050.05:  39%|███▉      | 392/1000 [47:10<1:13:10,  7.22s/it]
Epoch 392 | loss : 67234.90, postive loss : 36184.85, negtive loss : 31050.05:  39%|███▉      | 393/1000 [47:10<1:13:08,  7.23s/it]
Epoch 393 | loss : 66717.52, postive loss : 35610.18, negtive loss : 31107.34:  39%|███▉      | 393/1000 [47:17<1:13:08,  7.23s/it]
Epoch 393 | loss : 66717.52, postive loss : 35610.18, negtive loss : 31107.34:  39%|███▉      | 394/1000 [47:17<1:13:02,  7.23s/it]
Epoch 394 | loss : 66718.28, postive loss : 35668.32, negtive loss : 31049.97:  39%|███▉      | 394/1000 [47:24<1:13:02,  7.23s/it]
Epoch 394 | loss : 66718.28, postive loss : 35668.32, negtive loss : 31049.97:  40%|███▉      | 395/1000 [47:24<1:12:52,  7.23s/it]
Epoch 395 | loss : 66416.69, postive loss : 35335.05, negtive loss : 31081.65:  40%|███▉      | 395/1000 [47:31<1:12:52,  7.23s/it]
Epoch 395 | loss : 66416.69, postive loss : 35335.05, negtive loss : 31081.65:  40%|███▉      | 396/1000 [47:31<1:12:38,  7.22s/it]
Epoch 396 | loss : 66553.23, postive loss : 35436.78, negtive loss : 31116.44:  40%|███▉      | 396/1000 [47:38<1:12:38,  7.22s/it]
Epoch 396 | loss : 66553.23, postive loss : 35436.78, negtive loss : 31116.44:  40%|███▉      | 397/1000 [47:38<1:12:26,  7.21s/it]
Epoch 397 | loss : 67273.89, postive loss : 36237.04, negtive loss : 31036.85:  40%|███▉      | 397/1000 [47:46<1:12:26,  7.21s/it]
Epoch 397 | loss : 67273.89, postive loss : 36237.04, negtive loss : 31036.85:  40%|███▉      | 398/1000 [47:46<1:12:18,  7.21s/it]
Epoch 398 | loss : 66993.98, postive loss : 35903.20, negtive loss : 31090.78:  40%|███▉      | 398/1000 [47:53<1:12:18,  7.21s/it]
Epoch 398 | loss : 66993.98, postive loss : 35903.20, negtive loss : 31090.78:  40%|███▉      | 399/1000 [47:53<1:12:09,  7.20s/it]
Epoch 399 | loss : 66556.31, postive loss : 35489.89, negtive loss : 31066.43:  40%|███▉      | 399/1000 [48:00<1:12:09,  7.20s/it]
Epoch 399 | loss : 66556.31, postive loss : 35489.89, negtive loss : 31066.43:  40%|████      | 400/1000 [48:00<1:12:00,  7.20s/it]
Epoch 400 | loss : 67292.11, postive loss : 36215.26, negtive loss : 31076.85:  40%|████      | 400/1000 [48:07<1:12:00,  7.20s/it]
Epoch 400 | loss : 67292.11, postive loss : 36215.26, negtive loss : 31076.85:  40%|████      | 401/1000 [48:07<1:11:53,  7.20s/it]
Epoch 401 | loss : 67072.31, postive loss : 35998.78, negtive loss : 31073.53:  40%|████      | 401/1000 [48:14<1:11:53,  7.20s/it]
Epoch 401 | loss : 67072.31, postive loss : 35998.78, negtive loss : 31073.53:  40%|████      | 402/1000 [48:14<1:11:52,  7.21s/it]
Epoch 402 | loss : 66880.90, postive loss : 35796.21, negtive loss : 31084.69:  40%|████      | 402/1000 [48:22<1:11:52,  7.21s/it]
Epoch 402 | loss : 66880.90, postive loss : 35796.21, negtive loss : 31084.69:  40%|████      | 403/1000 [48:22<1:11:47,  7.21s/it]
Epoch 403 | loss : 67330.07, postive loss : 36285.86, negtive loss : 31044.20:  40%|████      | 403/1000 [48:29<1:11:47,  7.21s/it]
Epoch 403 | loss : 67330.07, postive loss : 36285.86, negtive loss : 31044.20:  40%|████      | 404/1000 [48:29<1:11:39,  7.21s/it]
Epoch 404 | loss : 66476.68, postive loss : 35380.29, negtive loss : 31096.39:  40%|████      | 404/1000 [48:36<1:11:39,  7.21s/it]
Epoch 404 | loss : 66476.68, postive loss : 35380.29, negtive loss : 31096.39:  40%|████      | 405/1000 [48:36<1:11:26,  7.20s/it]
Epoch 405 | loss : 67086.45, postive loss : 36047.77, negtive loss : 31038.68:  40%|████      | 405/1000 [48:43<1:11:26,  7.20s/it]
Epoch 405 | loss : 67086.45, postive loss : 36047.77, negtive loss : 31038.68:  41%|████      | 406/1000 [48:43<1:11:26,  7.22s/it]
Epoch 406 | loss : 66465.84, postive loss : 35382.29, negtive loss : 31083.55:  41%|████      | 406/1000 [48:51<1:11:26,  7.22s/it]
Epoch 406 | loss : 66465.84, postive loss : 35382.29, negtive loss : 31083.55:  41%|████      | 407/1000 [48:51<1:11:23,  7.22s/it]
Epoch 407 | loss : 66671.61, postive loss : 35614.30, negtive loss : 31057.31:  41%|████      | 407/1000 [48:58<1:11:23,  7.22s/it]
Epoch 407 | loss : 66671.61, postive loss : 35614.30, negtive loss : 31057.31:  41%|████      | 408/1000 [48:58<1:11:18,  7.23s/it]
Epoch 408 | loss : 66665.21, postive loss : 35593.62, negtive loss : 31071.59:  41%|████      | 408/1000 [49:05<1:11:18,  7.23s/it]
Epoch 408 | loss : 66665.21, postive loss : 35593.62, negtive loss : 31071.59:  41%|████      | 409/1000 [49:05<1:11:16,  7.24s/it]
Epoch 409 | loss : 66918.39, postive loss : 35879.15, negtive loss : 31039.24:  41%|████      | 409/1000 [49:12<1:11:16,  7.24s/it]
Epoch 409 | loss : 66918.39, postive loss : 35879.15, negtive loss : 31039.24:  41%|████      | 410/1000 [49:12<1:11:13,  7.24s/it]
Epoch 410 | loss : 66650.16, postive loss : 35586.38, negtive loss : 31063.78:  41%|████      | 410/1000 [49:20<1:11:13,  7.24s/it]
Epoch 410 | loss : 66650.16, postive loss : 35586.38, negtive loss : 31063.78:  41%|████      | 411/1000 [49:20<1:11:06,  7.24s/it]
Epoch 411 | loss : 67249.15, postive loss : 36174.80, negtive loss : 31074.35:  41%|████      | 411/1000 [49:27<1:11:06,  7.24s/it]
Epoch 411 | loss : 67249.15, postive loss : 36174.80, negtive loss : 31074.35:  41%|████      | 412/1000 [49:27<1:11:02,  7.25s/it]
Epoch 412 | loss : 66543.86, postive loss : 35468.65, negtive loss : 31075.21:  41%|████      | 412/1000 [49:34<1:11:02,  7.25s/it]
Epoch 412 | loss : 66543.86, postive loss : 35468.65, negtive loss : 31075.21:  41%|████▏     | 413/1000 [49:34<1:10:48,  7.24s/it]
Epoch 413 | loss : 66282.72, postive loss : 35224.71, negtive loss : 31058.01:  41%|████▏     | 413/1000 [49:41<1:10:48,  7.24s/it]
Epoch 413 | loss : 66282.72, postive loss : 35224.71, negtive loss : 31058.01:  41%|████▏     | 414/1000 [49:41<1:10:45,  7.25s/it]
Epoch 414 | loss : 66525.35, postive loss : 35476.74, negtive loss : 31048.61:  41%|████▏     | 414/1000 [49:48<1:10:45,  7.25s/it]
Epoch 414 | loss : 66525.35, postive loss : 35476.74, negtive loss : 31048.61:  42%|████▏     | 415/1000 [49:48<1:10:34,  7.24s/it]
Epoch 415 | loss : 66728.91, postive loss : 35634.18, negtive loss : 31094.73:  42%|████▏     | 415/1000 [49:56<1:10:34,  7.24s/it]
Epoch 415 | loss : 66728.91, postive loss : 35634.18, negtive loss : 31094.73:  42%|████▏     | 416/1000 [49:56<1:10:20,  7.23s/it]
Epoch 416 | loss : 67199.28, postive loss : 36127.90, negtive loss : 31071.38:  42%|████▏     | 416/1000 [50:03<1:10:20,  7.23s/it]
Epoch 416 | loss : 67199.28, postive loss : 36127.90, negtive loss : 31071.38:  42%|████▏     | 417/1000 [50:03<1:10:15,  7.23s/it]
Epoch 417 | loss : 66882.84, postive loss : 35805.41, negtive loss : 31077.43:  42%|████▏     | 417/1000 [50:10<1:10:15,  7.23s/it]
Epoch 417 | loss : 66882.84, postive loss : 35805.41, negtive loss : 31077.43:  42%|████▏     | 418/1000 [50:10<1:10:06,  7.23s/it]
Epoch 418 | loss : 66943.76, postive loss : 35861.57, negtive loss : 31082.19:  42%|████▏     | 418/1000 [50:17<1:10:06,  7.23s/it]
Epoch 418 | loss : 66943.76, postive loss : 35861.57, negtive loss : 31082.19:  42%|████▏     | 419/1000 [50:17<1:10:03,  7.24s/it]
Epoch 419 | loss : 66587.11, postive loss : 35510.86, negtive loss : 31076.25:  42%|████▏     | 419/1000 [50:25<1:10:03,  7.24s/it]
Epoch 419 | loss : 66587.11, postive loss : 35510.86, negtive loss : 31076.25:  42%|████▏     | 420/1000 [50:25<1:09:55,  7.23s/it]
Epoch 420 | loss : 66665.37, postive loss : 35557.72, negtive loss : 31107.64:  42%|████▏     | 420/1000 [50:32<1:09:55,  7.23s/it]
Epoch 420 | loss : 66665.37, postive loss : 35557.72, negtive loss : 31107.64:  42%|████▏     | 421/1000 [50:32<1:09:41,  7.22s/it]
Epoch 421 | loss : 67034.54, postive loss : 36002.85, negtive loss : 31031.69:  42%|████▏     | 421/1000 [50:39<1:09:41,  7.22s/it]
Epoch 421 | loss : 67034.54, postive loss : 36002.85, negtive loss : 31031.69:  42%|████▏     | 422/1000 [50:39<1:09:31,  7.22s/it]
Epoch 422 | loss : 66568.96, postive loss : 35459.06, negtive loss : 31109.90:  42%|████▏     | 422/1000 [50:46<1:09:31,  7.22s/it]
Epoch 422 | loss : 66568.96, postive loss : 35459.06, negtive loss : 31109.90:  42%|████▏     | 423/1000 [50:46<1:09:29,  7.23s/it]
Epoch 423 | loss : 66669.57, postive loss : 35590.79, negtive loss : 31078.78:  42%|████▏     | 423/1000 [50:53<1:09:29,  7.23s/it]
Epoch 423 | loss : 66669.57, postive loss : 35590.79, negtive loss : 31078.78:  42%|████▏     | 424/1000 [50:53<1:09:19,  7.22s/it]
Epoch 424 | loss : 66899.10, postive loss : 35869.65, negtive loss : 31029.44:  42%|████▏     | 424/1000 [51:01<1:09:19,  7.22s/it]
Epoch 424 | loss : 66899.10, postive loss : 35869.65, negtive loss : 31029.44:  42%|████▎     | 425/1000 [51:01<1:09:21,  7.24s/it]
Epoch 425 | loss : 66341.27, postive loss : 35287.96, negtive loss : 31053.30:  42%|████▎     | 425/1000 [51:08<1:09:21,  7.24s/it]
Epoch 425 | loss : 66341.27, postive loss : 35287.96, negtive loss : 31053.30:  43%|████▎     | 426/1000 [51:08<1:09:09,  7.23s/it]
Epoch 426 | loss : 66428.96, postive loss : 35348.22, negtive loss : 31080.74:  43%|████▎     | 426/1000 [51:15<1:09:09,  7.23s/it]
Epoch 426 | loss : 66428.96, postive loss : 35348.22, negtive loss : 31080.74:  43%|████▎     | 427/1000 [51:15<1:08:57,  7.22s/it]
Epoch 427 | loss : 66707.64, postive loss : 35644.94, negtive loss : 31062.70:  43%|████▎     | 427/1000 [51:22<1:08:57,  7.22s/it]
Epoch 427 | loss : 66707.64, postive loss : 35644.94, negtive loss : 31062.70:  43%|████▎     | 428/1000 [51:22<1:08:46,  7.21s/it]
Epoch 428 | loss : 67131.13, postive loss : 36092.06, negtive loss : 31039.07:  43%|████▎     | 428/1000 [51:30<1:08:46,  7.21s/it]
Epoch 428 | loss : 67131.13, postive loss : 36092.06, negtive loss : 31039.07:  43%|████▎     | 429/1000 [51:30<1:08:43,  7.22s/it]
Epoch 429 | loss : 66765.09, postive loss : 35683.17, negtive loss : 31081.92:  43%|████▎     | 429/1000 [51:37<1:08:43,  7.22s/it]
Epoch 429 | loss : 66765.09, postive loss : 35683.17, negtive loss : 31081.92:  43%|████▎     | 430/1000 [51:37<1:08:31,  7.21s/it]
Epoch 430 | loss : 66459.10, postive loss : 35352.03, negtive loss : 31107.07:  43%|████▎     | 430/1000 [51:44<1:08:31,  7.21s/it]
Epoch 430 | loss : 66459.10, postive loss : 35352.03, negtive loss : 31107.07:  43%|████▎     | 431/1000 [51:44<1:08:30,  7.22s/it]
Epoch 431 | loss : 66887.86, postive loss : 35855.38, negtive loss : 31032.49:  43%|████▎     | 431/1000 [51:51<1:08:30,  7.22s/it]
Epoch 431 | loss : 66887.86, postive loss : 35855.38, negtive loss : 31032.49:  43%|████▎     | 432/1000 [51:51<1:08:28,  7.23s/it]
Epoch 432 | loss : 66733.85, postive loss : 35686.53, negtive loss : 31047.33:  43%|████▎     | 432/1000 [51:59<1:08:28,  7.23s/it]
Epoch 432 | loss : 66733.85, postive loss : 35686.53, negtive loss : 31047.33:  43%|████▎     | 433/1000 [51:59<1:08:19,  7.23s/it]
Epoch 433 | loss : 66355.16, postive loss : 35284.61, negtive loss : 31070.55:  43%|████▎     | 433/1000 [52:06<1:08:19,  7.23s/it]
Epoch 433 | loss : 66355.16, postive loss : 35284.61, negtive loss : 31070.55:  43%|████▎     | 434/1000 [52:06<1:08:07,  7.22s/it]
Epoch 434 | loss : 67459.11, postive loss : 36332.60, negtive loss : 31126.51:  43%|████▎     | 434/1000 [52:13<1:08:07,  7.22s/it]
Epoch 434 | loss : 67459.11, postive loss : 36332.60, negtive loss : 31126.51:  44%|████▎     | 435/1000 [52:13<1:07:57,  7.22s/it]
Epoch 435 | loss : 66718.18, postive loss : 35664.05, negtive loss : 31054.12:  44%|████▎     | 435/1000 [52:20<1:07:57,  7.22s/it]
Epoch 435 | loss : 66718.18, postive loss : 35664.05, negtive loss : 31054.12:  44%|████▎     | 436/1000 [52:20<1:07:48,  7.21s/it]
Epoch 436 | loss : 66510.25, postive loss : 35456.24, negtive loss : 31054.01:  44%|████▎     | 436/1000 [52:27<1:07:48,  7.21s/it]
Epoch 436 | loss : 66510.25, postive loss : 35456.24, negtive loss : 31054.01:  44%|████▎     | 437/1000 [52:27<1:07:40,  7.21s/it]
Epoch 437 | loss : 66920.47, postive loss : 35867.65, negtive loss : 31052.82:  44%|████▎     | 437/1000 [52:35<1:07:40,  7.21s/it]
Epoch 437 | loss : 66920.47, postive loss : 35867.65, negtive loss : 31052.82:  44%|████▍     | 438/1000 [52:35<1:07:38,  7.22s/it]
Epoch 438 | loss : 67002.69, postive loss : 35969.34, negtive loss : 31033.35:  44%|████▍     | 438/1000 [52:42<1:07:38,  7.22s/it]
Epoch 438 | loss : 67002.69, postive loss : 35969.34, negtive loss : 31033.35:  44%|████▍     | 439/1000 [52:42<1:07:34,  7.23s/it]
Epoch 439 | loss : 66710.61, postive loss : 35689.68, negtive loss : 31020.94:  44%|████▍     | 439/1000 [52:49<1:07:34,  7.23s/it]
Epoch 439 | loss : 66710.61, postive loss : 35689.68, negtive loss : 31020.94:  44%|████▍     | 440/1000 [52:49<1:07:31,  7.23s/it]
Epoch 440 | loss : 66847.36, postive loss : 35794.65, negtive loss : 31052.72:  44%|████▍     | 440/1000 [52:56<1:07:31,  7.23s/it]
Epoch 440 | loss : 66847.36, postive loss : 35794.65, negtive loss : 31052.72:  44%|████▍     | 441/1000 [52:56<1:07:29,  7.24s/it]
Epoch 441 | loss : 66470.76, postive loss : 35415.61, negtive loss : 31055.14:  44%|████▍     | 441/1000 [53:04<1:07:29,  7.24s/it]
Epoch 441 | loss : 66470.76, postive loss : 35415.61, negtive loss : 31055.14:  44%|████▍     | 442/1000 [53:04<1:07:16,  7.23s/it]
Epoch 442 | loss : 66294.72, postive loss : 35223.11, negtive loss : 31071.61:  44%|████▍     | 442/1000 [53:11<1:07:16,  7.23s/it]
Epoch 442 | loss : 66294.72, postive loss : 35223.11, negtive loss : 31071.61:  44%|████▍     | 443/1000 [53:11<1:07:03,  7.22s/it]
Epoch 443 | loss : 66780.67, postive loss : 35701.16, negtive loss : 31079.50:  44%|████▍     | 443/1000 [53:18<1:07:03,  7.22s/it]
Epoch 443 | loss : 66780.67, postive loss : 35701.16, negtive loss : 31079.50:  44%|████▍     | 444/1000 [53:18<1:06:53,  7.22s/it]
Epoch 444 | loss : 66602.71, postive loss : 35526.06, negtive loss : 31076.65:  44%|████▍     | 444/1000 [53:25<1:06:53,  7.22s/it]
Epoch 444 | loss : 66602.71, postive loss : 35526.06, negtive loss : 31076.65:  44%|████▍     | 445/1000 [53:25<1:06:43,  7.21s/it]
Epoch 445 | loss : 66436.19, postive loss : 35361.85, negtive loss : 31074.34:  44%|████▍     | 445/1000 [53:32<1:06:43,  7.21s/it]
Epoch 445 | loss : 66436.19, postive loss : 35361.85, negtive loss : 31074.34:  45%|████▍     | 446/1000 [53:32<1:06:38,  7.22s/it]
Epoch 446 | loss : 66626.92, postive loss : 35548.38, negtive loss : 31078.54:  45%|████▍     | 446/1000 [53:40<1:06:38,  7.22s/it]
Epoch 446 | loss : 66626.92, postive loss : 35548.38, negtive loss : 31078.54:  45%|████▍     | 447/1000 [53:40<1:06:32,  7.22s/it]
Epoch 447 | loss : 67031.71, postive loss : 35972.27, negtive loss : 31059.44:  45%|████▍     | 447/1000 [53:47<1:06:32,  7.22s/it]
Epoch 447 | loss : 67031.71, postive loss : 35972.27, negtive loss : 31059.44:  45%|████▍     | 448/1000 [53:47<1:06:25,  7.22s/it]
Epoch 448 | loss : 66526.70, postive loss : 35441.09, negtive loss : 31085.60:  45%|████▍     | 448/1000 [53:54<1:06:25,  7.22s/it]
Epoch 448 | loss : 66526.70, postive loss : 35441.09, negtive loss : 31085.60:  45%|████▍     | 449/1000 [53:54<1:06:19,  7.22s/it]
Epoch 449 | loss : 66642.96, postive loss : 35573.61, negtive loss : 31069.35:  45%|████▍     | 449/1000 [54:01<1:06:19,  7.22s/it]
Epoch 449 | loss : 66642.96, postive loss : 35573.61, negtive loss : 31069.35:  45%|████▌     | 450/1000 [54:01<1:06:08,  7.22s/it]
Epoch 450 | loss : 66890.23, postive loss : 35856.91, negtive loss : 31033.33:  45%|████▌     | 450/1000 [54:08<1:06:08,  7.22s/it]
Epoch 450 | loss : 66890.23, postive loss : 35856.91, negtive loss : 31033.33:  45%|████▌     | 451/1000 [54:08<1:05:59,  7.21s/it]
Epoch 451 | loss : 66239.79, postive loss : 35155.65, negtive loss : 31084.14:  45%|████▌     | 451/1000 [54:16<1:05:59,  7.21s/it]
Epoch 451 | loss : 66239.79, postive loss : 35155.65, negtive loss : 31084.14:  45%|████▌     | 452/1000 [54:16<1:05:54,  7.22s/it]
Epoch 452 | loss : 66758.20, postive loss : 35682.44, negtive loss : 31075.76:  45%|████▌     | 452/1000 [54:23<1:05:54,  7.22s/it]
Epoch 452 | loss : 66758.20, postive loss : 35682.44, negtive loss : 31075.76:  45%|████▌     | 453/1000 [54:23<1:05:48,  7.22s/it]
Epoch 453 | loss : 67417.01, postive loss : 36366.00, negtive loss : 31051.01:  45%|████▌     | 453/1000 [54:30<1:05:48,  7.22s/it]
Epoch 453 | loss : 67417.01, postive loss : 36366.00, negtive loss : 31051.01:  45%|████▌     | 454/1000 [54:30<1:05:40,  7.22s/it]
Epoch 454 | loss : 66957.61, postive loss : 35887.21, negtive loss : 31070.40:  45%|████▌     | 454/1000 [54:37<1:05:40,  7.22s/it]
Epoch 454 | loss : 66957.61, postive loss : 35887.21, negtive loss : 31070.40:  46%|████▌     | 455/1000 [54:37<1:05:30,  7.21s/it]
Epoch 455 | loss : 66477.21, postive loss : 35404.21, negtive loss : 31073.00:  46%|████▌     | 455/1000 [54:45<1:05:30,  7.21s/it]
Epoch 455 | loss : 66477.21, postive loss : 35404.21, negtive loss : 31073.00:  46%|████▌     | 456/1000 [54:45<1:05:23,  7.21s/it]
Epoch 456 | loss : 66650.53, postive loss : 35605.92, negtive loss : 31044.61:  46%|████▌     | 456/1000 [54:52<1:05:23,  7.21s/it]
Epoch 456 | loss : 66650.53, postive loss : 35605.92, negtive loss : 31044.61:  46%|████▌     | 457/1000 [54:52<1:05:13,  7.21s/it]
Epoch 457 | loss : 66890.04, postive loss : 35793.28, negtive loss : 31096.76:  46%|████▌     | 457/1000 [54:59<1:05:13,  7.21s/it]
Epoch 457 | loss : 66890.04, postive loss : 35793.28, negtive loss : 31096.76:  46%|████▌     | 458/1000 [54:59<1:05:11,  7.22s/it]
Epoch 458 | loss : 67249.68, postive loss : 36210.31, negtive loss : 31039.37:  46%|████▌     | 458/1000 [55:06<1:05:11,  7.22s/it]
Epoch 458 | loss : 67249.68, postive loss : 36210.31, negtive loss : 31039.37:  46%|████▌     | 459/1000 [55:06<1:05:01,  7.21s/it]
Epoch 459 | loss : 67453.90, postive loss : 36425.26, negtive loss : 31028.64:  46%|████▌     | 459/1000 [55:13<1:05:01,  7.21s/it]
Epoch 459 | loss : 67453.90, postive loss : 36425.26, negtive loss : 31028.64:  46%|████▌     | 460/1000 [55:13<1:05:03,  7.23s/it]
Epoch 460 | loss : 67001.57, postive loss : 35976.69, negtive loss : 31024.88:  46%|████▌     | 460/1000 [55:21<1:05:03,  7.23s/it]
Epoch 460 | loss : 67001.57, postive loss : 35976.69, negtive loss : 31024.88:  46%|████▌     | 461/1000 [55:21<1:04:56,  7.23s/it]
Epoch 461 | loss : 66377.74, postive loss : 35284.57, negtive loss : 31093.16:  46%|████▌     | 461/1000 [55:28<1:04:56,  7.23s/it]
Epoch 461 | loss : 66377.74, postive loss : 35284.57, negtive loss : 31093.16:  46%|████▌     | 462/1000 [55:28<1:04:50,  7.23s/it]
Epoch 462 | loss : 66835.80, postive loss : 35802.88, negtive loss : 31032.92:  46%|████▌     | 462/1000 [55:35<1:04:50,  7.23s/it]
Epoch 462 | loss : 66835.80, postive loss : 35802.88, negtive loss : 31032.92:  46%|████▋     | 463/1000 [55:35<1:04:43,  7.23s/it]
Epoch 463 | loss : 66382.15, postive loss : 35315.91, negtive loss : 31066.24:  46%|████▋     | 463/1000 [55:42<1:04:43,  7.23s/it]
Epoch 463 | loss : 66382.15, postive loss : 35315.91, negtive loss : 31066.24:  46%|████▋     | 464/1000 [55:42<1:04:32,  7.23s/it]
Epoch 464 | loss : 66959.81, postive loss : 35907.41, negtive loss : 31052.41:  46%|████▋     | 464/1000 [55:50<1:04:32,  7.23s/it]
Epoch 464 | loss : 66959.81, postive loss : 35907.41, negtive loss : 31052.41:  46%|████▋     | 465/1000 [55:50<1:04:25,  7.23s/it]
Epoch 465 | loss : 66617.32, postive loss : 35529.52, negtive loss : 31087.80:  46%|████▋     | 465/1000 [55:57<1:04:25,  7.23s/it]
Epoch 465 | loss : 66617.32, postive loss : 35529.52, negtive loss : 31087.80:  47%|████▋     | 466/1000 [55:57<1:04:18,  7.23s/it]
Epoch 466 | loss : 67243.10, postive loss : 36201.22, negtive loss : 31041.88:  47%|████▋     | 466/1000 [56:04<1:04:18,  7.23s/it]
Epoch 466 | loss : 67243.10, postive loss : 36201.22, negtive loss : 31041.88:  47%|████▋     | 467/1000 [56:04<1:04:09,  7.22s/it]
Epoch 467 | loss : 66276.15, postive loss : 35197.47, negtive loss : 31078.68:  47%|████▋     | 467/1000 [56:11<1:04:09,  7.22s/it]
Epoch 467 | loss : 66276.15, postive loss : 35197.47, negtive loss : 31078.68:  47%|████▋     | 468/1000 [56:11<1:04:01,  7.22s/it]
Epoch 468 | loss : 66872.36, postive loss : 35777.17, negtive loss : 31095.19:  47%|████▋     | 468/1000 [56:18<1:04:01,  7.22s/it]
Epoch 468 | loss : 66872.36, postive loss : 35777.17, negtive loss : 31095.19:  47%|████▋     | 469/1000 [56:18<1:03:53,  7.22s/it]
Epoch 469 | loss : 66641.29, postive loss : 35555.45, negtive loss : 31085.84:  47%|████▋     | 469/1000 [56:26<1:03:53,  7.22s/it]
Epoch 469 | loss : 66641.29, postive loss : 35555.45, negtive loss : 31085.84:  47%|████▋     | 470/1000 [56:26<1:03:46,  7.22s/it]
Epoch 470 | loss : 66805.62, postive loss : 35712.73, negtive loss : 31092.89:  47%|████▋     | 470/1000 [56:33<1:03:46,  7.22s/it]
Epoch 470 | loss : 66805.62, postive loss : 35712.73, negtive loss : 31092.89:  47%|████▋     | 471/1000 [56:33<1:03:37,  7.22s/it]
Epoch 471 | loss : 66757.50, postive loss : 35673.13, negtive loss : 31084.37:  47%|████▋     | 471/1000 [56:40<1:03:37,  7.22s/it]
Epoch 471 | loss : 66757.50, postive loss : 35673.13, negtive loss : 31084.37:  47%|████▋     | 472/1000 [56:40<1:03:37,  7.23s/it]
Epoch 472 | loss : 66934.64, postive loss : 35882.57, negtive loss : 31052.07:  47%|████▋     | 472/1000 [56:47<1:03:37,  7.23s/it]
Epoch 472 | loss : 66934.64, postive loss : 35882.57, negtive loss : 31052.07:  47%|████▋     | 473/1000 [56:47<1:03:38,  7.25s/it]
Epoch 473 | loss : 66163.80, postive loss : 35066.78, negtive loss : 31097.02:  47%|████▋     | 473/1000 [56:55<1:03:38,  7.25s/it]
Epoch 473 | loss : 66163.80, postive loss : 35066.78, negtive loss : 31097.02:  47%|████▋     | 474/1000 [56:55<1:03:34,  7.25s/it]
Epoch 474 | loss : 67166.46, postive loss : 36121.71, negtive loss : 31044.76:  47%|████▋     | 474/1000 [57:02<1:03:34,  7.25s/it]
Epoch 474 | loss : 67166.46, postive loss : 36121.71, negtive loss : 31044.76:  48%|████▊     | 475/1000 [57:02<1:03:26,  7.25s/it]
Epoch 475 | loss : 67008.73, postive loss : 35966.57, negtive loss : 31042.16:  48%|████▊     | 475/1000 [57:09<1:03:26,  7.25s/it]
Epoch 475 | loss : 67008.73, postive loss : 35966.57, negtive loss : 31042.16:  48%|████▊     | 476/1000 [57:09<1:03:19,  7.25s/it]
Epoch 476 | loss : 67324.54, postive loss : 36269.49, negtive loss : 31055.04:  48%|████▊     | 476/1000 [57:16<1:03:19,  7.25s/it]
Epoch 476 | loss : 67324.54, postive loss : 36269.49, negtive loss : 31055.04:  48%|████▊     | 477/1000 [57:16<1:03:11,  7.25s/it]
Epoch 477 | loss : 67797.16, postive loss : 36732.18, negtive loss : 31064.98:  48%|████▊     | 477/1000 [57:24<1:03:11,  7.25s/it]
Epoch 477 | loss : 67797.16, postive loss : 36732.18, negtive loss : 31064.98:  48%|████▊     | 478/1000 [57:24<1:02:56,  7.24s/it]
Epoch 478 | loss : 67056.46, postive loss : 36018.95, negtive loss : 31037.51:  48%|████▊     | 478/1000 [57:31<1:02:56,  7.24s/it]
Epoch 478 | loss : 67056.46, postive loss : 36018.95, negtive loss : 31037.51:  48%|████▊     | 479/1000 [57:31<1:02:49,  7.24s/it]
Epoch 479 | loss : 66356.57, postive loss : 35272.66, negtive loss : 31083.91:  48%|████▊     | 479/1000 [57:38<1:02:49,  7.24s/it]
Epoch 479 | loss : 66356.57, postive loss : 35272.66, negtive loss : 31083.91:  48%|████▊     | 480/1000 [57:38<1:02:35,  7.22s/it]
Epoch 480 | loss : 67113.88, postive loss : 36043.62, negtive loss : 31070.26:  48%|████▊     | 480/1000 [57:45<1:02:35,  7.22s/it]
Epoch 480 | loss : 67113.88, postive loss : 36043.62, negtive loss : 31070.26:  48%|████▊     | 481/1000 [57:45<1:02:27,  7.22s/it]
Epoch 481 | loss : 67410.70, postive loss : 36367.77, negtive loss : 31042.93:  48%|████▊     | 481/1000 [57:53<1:02:27,  7.22s/it]
Epoch 481 | loss : 67410.70, postive loss : 36367.77, negtive loss : 31042.93:  48%|████▊     | 482/1000 [57:53<1:02:23,  7.23s/it]
Epoch 482 | loss : 66593.40, postive loss : 35532.12, negtive loss : 31061.27:  48%|████▊     | 482/1000 [58:00<1:02:23,  7.23s/it]
Epoch 482 | loss : 66593.40, postive loss : 35532.12, negtive loss : 31061.27:  48%|████▊     | 483/1000 [58:00<1:02:15,  7.23s/it]
Epoch 483 | loss : 66881.41, postive loss : 35827.92, negtive loss : 31053.49:  48%|████▊     | 483/1000 [58:07<1:02:15,  7.23s/it]
Epoch 483 | loss : 66881.41, postive loss : 35827.92, negtive loss : 31053.49:  48%|████▊     | 484/1000 [58:07<1:02:04,  7.22s/it]
Epoch 484 | loss : 66773.27, postive loss : 35705.68, negtive loss : 31067.59:  48%|████▊     | 484/1000 [58:14<1:02:04,  7.22s/it]
Epoch 484 | loss : 66773.27, postive loss : 35705.68, negtive loss : 31067.59:  48%|████▊     | 485/1000 [58:14<1:01:58,  7.22s/it]
Epoch 485 | loss : 67125.66, postive loss : 36062.67, negtive loss : 31062.98:  48%|████▊     | 485/1000 [58:21<1:01:58,  7.22s/it]
Epoch 485 | loss : 67125.66, postive loss : 36062.67, negtive loss : 31062.98:  49%|████▊     | 486/1000 [58:21<1:01:52,  7.22s/it]
Epoch 486 | loss : 66959.34, postive loss : 35898.57, negtive loss : 31060.77:  49%|████▊     | 486/1000 [58:29<1:01:52,  7.22s/it]
Epoch 486 | loss : 66959.34, postive loss : 35898.57, negtive loss : 31060.77:  49%|████▊     | 487/1000 [58:29<1:01:41,  7.22s/it]
Epoch 487 | loss : 66317.03, postive loss : 35231.62, negtive loss : 31085.40:  49%|████▊     | 487/1000 [58:36<1:01:41,  7.22s/it]
Epoch 487 | loss : 66317.03, postive loss : 35231.62, negtive loss : 31085.40:  49%|████▉     | 488/1000 [58:36<1:01:31,  7.21s/it]
Epoch 488 | loss : 66896.12, postive loss : 35823.35, negtive loss : 31072.77:  49%|████▉     | 488/1000 [58:43<1:01:31,  7.21s/it]
Epoch 488 | loss : 66896.12, postive loss : 35823.35, negtive loss : 31072.77:  49%|████▉     | 489/1000 [58:43<1:01:28,  7.22s/it]
Epoch 489 | loss : 67260.28, postive loss : 36233.93, negtive loss : 31026.35:  49%|████▉     | 489/1000 [58:50<1:01:28,  7.22s/it]
Epoch 489 | loss : 67260.28, postive loss : 36233.93, negtive loss : 31026.35:  49%|████▉     | 490/1000 [58:50<1:01:21,  7.22s/it]
Epoch 490 | loss : 67341.17, postive loss : 36263.75, negtive loss : 31077.42:  49%|████▉     | 490/1000 [58:57<1:01:21,  7.22s/it]
Epoch 490 | loss : 67341.17, postive loss : 36263.75, negtive loss : 31077.42:  49%|████▉     | 491/1000 [58:57<1:01:12,  7.22s/it]
Epoch 491 | loss : 67186.67, postive loss : 36149.14, negtive loss : 31037.54:  49%|████▉     | 491/1000 [59:05<1:01:12,  7.22s/it]
Epoch 491 | loss : 67186.67, postive loss : 36149.14, negtive loss : 31037.54:  49%|████▉     | 492/1000 [59:05<1:01:06,  7.22s/it]
Epoch 492 | loss : 66452.70, postive loss : 35355.60, negtive loss : 31097.10:  49%|████▉     | 492/1000 [59:12<1:01:06,  7.22s/it]
Epoch 492 | loss : 66452.70, postive loss : 35355.60, negtive loss : 31097.10:  49%|████▉     | 493/1000 [59:12<1:00:59,  7.22s/it]
Epoch 493 | loss : 66535.31, postive loss : 35425.57, negtive loss : 31109.73:  49%|████▉     | 493/1000 [59:19<1:00:59,  7.22s/it]
Epoch 493 | loss : 66535.31, postive loss : 35425.57, negtive loss : 31109.73:  49%|████▉     | 494/1000 [59:19<1:00:48,  7.21s/it]
Epoch 494 | loss : 66824.56, postive loss : 35759.73, negtive loss : 31064.83:  49%|████▉     | 494/1000 [59:26<1:00:48,  7.21s/it]
Epoch 494 | loss : 66824.56, postive loss : 35759.73, negtive loss : 31064.83:  50%|████▉     | 495/1000 [59:26<1:00:42,  7.21s/it]
Epoch 495 | loss : 66061.46, postive loss : 34970.72, negtive loss : 31090.74:  50%|████▉     | 495/1000 [59:34<1:00:42,  7.21s/it]
Epoch 495 | loss : 66061.46, postive loss : 34970.72, negtive loss : 31090.74:  50%|████▉     | 496/1000 [59:34<1:00:34,  7.21s/it]
Epoch 496 | loss : 66724.72, postive loss : 35634.34, negtive loss : 31090.38:  50%|████▉     | 496/1000 [59:41<1:00:34,  7.21s/it]
Epoch 496 | loss : 66724.72, postive loss : 35634.34, negtive loss : 31090.38:  50%|████▉     | 497/1000 [59:41<1:00:25,  7.21s/it]
Epoch 497 | loss : 66293.53, postive loss : 35227.19, negtive loss : 31066.34:  50%|████▉     | 497/1000 [59:48<1:00:25,  7.21s/it]
Epoch 497 | loss : 66293.53, postive loss : 35227.19, negtive loss : 31066.34:  50%|████▉     | 498/1000 [59:48<1:00:18,  7.21s/it]
Epoch 498 | loss : 66615.21, postive loss : 35524.59, negtive loss : 31090.62:  50%|████▉     | 498/1000 [59:55<1:00:18,  7.21s/it]
Epoch 498 | loss : 66615.21, postive loss : 35524.59, negtive loss : 31090.62:  50%|████▉     | 499/1000 [59:55<1:00:08,  7.20s/it]
Epoch 499 | loss : 67059.72, postive loss : 35961.78, negtive loss : 31097.94:  50%|████▉     | 499/1000 [1:00:02<1:00:08,  7.20s/it]
Epoch 499 | loss : 67059.72, postive loss : 35961.78, negtive loss : 31097.94:  50%|█████     | 500/1000 [1:00:02<59:59,  7.20s/it]  
Epoch 500 | loss : 66910.95, postive loss : 35849.55, negtive loss : 31061.40:  50%|█████     | 500/1000 [1:00:10<59:59,  7.20s/it]
Epoch 500 | loss : 66910.95, postive loss : 35849.55, negtive loss : 31061.40:  50%|█████     | 501/1000 [1:00:10<59:52,  7.20s/it]
Epoch 501 | loss : 66976.43, postive loss : 35918.58, negtive loss : 31057.85:  50%|█████     | 501/1000 [1:00:17<59:52,  7.20s/it]
Epoch 501 | loss : 66976.43, postive loss : 35918.58, negtive loss : 31057.85:  50%|█████     | 502/1000 [1:00:17<59:50,  7.21s/it]
Epoch 502 | loss : 66521.32, postive loss : 35433.72, negtive loss : 31087.61:  50%|█████     | 502/1000 [1:00:24<59:50,  7.21s/it]
Epoch 502 | loss : 66521.32, postive loss : 35433.72, negtive loss : 31087.61:  50%|█████     | 503/1000 [1:00:24<59:43,  7.21s/it]
Epoch 503 | loss : 67385.18, postive loss : 36323.00, negtive loss : 31062.18:  50%|█████     | 503/1000 [1:00:31<59:43,  7.21s/it]
Epoch 503 | loss : 67385.18, postive loss : 36323.00, negtive loss : 31062.18:  50%|█████     | 504/1000 [1:00:31<59:32,  7.20s/it]
Epoch 504 | loss : 66914.61, postive loss : 35872.41, negtive loss : 31042.20:  50%|█████     | 504/1000 [1:00:38<59:32,  7.20s/it]
Epoch 504 | loss : 66914.61, postive loss : 35872.41, negtive loss : 31042.20:  50%|█████     | 505/1000 [1:00:38<59:24,  7.20s/it]
Epoch 505 | loss : 66913.06, postive loss : 35853.02, negtive loss : 31060.04:  50%|█████     | 505/1000 [1:00:46<59:24,  7.20s/it]
Epoch 505 | loss : 66913.06, postive loss : 35853.02, negtive loss : 31060.04:  51%|█████     | 506/1000 [1:00:46<59:16,  7.20s/it]
Epoch 506 | loss : 66678.88, postive loss : 35652.93, negtive loss : 31025.95:  51%|█████     | 506/1000 [1:00:53<59:16,  7.20s/it]
Epoch 506 | loss : 66678.88, postive loss : 35652.93, negtive loss : 31025.95:  51%|█████     | 507/1000 [1:00:53<59:08,  7.20s/it]
Epoch 507 | loss : 66737.23, postive loss : 35669.00, negtive loss : 31068.23:  51%|█████     | 507/1000 [1:01:00<59:08,  7.20s/it]
Epoch 507 | loss : 66737.23, postive loss : 35669.00, negtive loss : 31068.23:  51%|█████     | 508/1000 [1:01:00<59:00,  7.20s/it]
Epoch 508 | loss : 66882.09, postive loss : 35805.77, negtive loss : 31076.32:  51%|█████     | 508/1000 [1:01:07<59:00,  7.20s/it]
Epoch 508 | loss : 66882.09, postive loss : 35805.77, negtive loss : 31076.32:  51%|█████     | 509/1000 [1:01:07<58:56,  7.20s/it]
Epoch 509 | loss : 66748.23, postive loss : 35683.12, negtive loss : 31065.12:  51%|█████     | 509/1000 [1:01:14<58:56,  7.20s/it]
Epoch 509 | loss : 66748.23, postive loss : 35683.12, negtive loss : 31065.12:  51%|█████     | 510/1000 [1:01:14<58:51,  7.21s/it]
Epoch 510 | loss : 66697.86, postive loss : 35626.95, negtive loss : 31070.91:  51%|█████     | 510/1000 [1:01:22<58:51,  7.21s/it]
Epoch 510 | loss : 66697.86, postive loss : 35626.95, negtive loss : 31070.91:  51%|█████     | 511/1000 [1:01:22<58:45,  7.21s/it]
Epoch 511 | loss : 66763.48, postive loss : 35710.34, negtive loss : 31053.14:  51%|█████     | 511/1000 [1:01:29<58:45,  7.21s/it]
Epoch 511 | loss : 66763.48, postive loss : 35710.34, negtive loss : 31053.14:  51%|█████     | 512/1000 [1:01:29<58:37,  7.21s/it]
Epoch 512 | loss : 66966.56, postive loss : 35912.29, negtive loss : 31054.27:  51%|█████     | 512/1000 [1:01:36<58:37,  7.21s/it]
Epoch 512 | loss : 66966.56, postive loss : 35912.29, negtive loss : 31054.27:  51%|█████▏    | 513/1000 [1:01:36<58:32,  7.21s/it]
Epoch 513 | loss : 67337.80, postive loss : 36307.20, negtive loss : 31030.59:  51%|█████▏    | 513/1000 [1:01:43<58:32,  7.21s/it]
Epoch 513 | loss : 67337.80, postive loss : 36307.20, negtive loss : 31030.59:  51%|█████▏    | 514/1000 [1:01:43<58:24,  7.21s/it]
Epoch 514 | loss : 66965.45, postive loss : 35936.03, negtive loss : 31029.42:  51%|█████▏    | 514/1000 [1:01:50<58:24,  7.21s/it]
Epoch 514 | loss : 66965.45, postive loss : 35936.03, negtive loss : 31029.42:  52%|█████▏    | 515/1000 [1:01:50<58:18,  7.21s/it]
Epoch 515 | loss : 66593.96, postive loss : 35563.72, negtive loss : 31030.24:  52%|█████▏    | 515/1000 [1:01:58<58:18,  7.21s/it]
Epoch 515 | loss : 66593.96, postive loss : 35563.72, negtive loss : 31030.24:  52%|█████▏    | 516/1000 [1:01:58<58:10,  7.21s/it]
Epoch 516 | loss : 66962.68, postive loss : 35892.90, negtive loss : 31069.78:  52%|█████▏    | 516/1000 [1:02:05<58:10,  7.21s/it]
Epoch 516 | loss : 66962.68, postive loss : 35892.90, negtive loss : 31069.78:  52%|█████▏    | 517/1000 [1:02:05<58:00,  7.21s/it]
Epoch 517 | loss : 66482.61, postive loss : 35412.31, negtive loss : 31070.30:  52%|█████▏    | 517/1000 [1:02:12<58:00,  7.21s/it]
Epoch 517 | loss : 66482.61, postive loss : 35412.31, negtive loss : 31070.30:  52%|█████▏    | 518/1000 [1:02:12<57:50,  7.20s/it]
Epoch 518 | loss : 66741.27, postive loss : 35651.51, negtive loss : 31089.76:  52%|█████▏    | 518/1000 [1:02:19<57:50,  7.20s/it]
Epoch 518 | loss : 66741.27, postive loss : 35651.51, negtive loss : 31089.76:  52%|█████▏    | 519/1000 [1:02:19<57:47,  7.21s/it]
Epoch 519 | loss : 67128.15, postive loss : 36059.91, negtive loss : 31068.24:  52%|█████▏    | 519/1000 [1:02:26<57:47,  7.21s/it]
Epoch 519 | loss : 67128.15, postive loss : 36059.91, negtive loss : 31068.24:  52%|█████▏    | 520/1000 [1:02:26<57:41,  7.21s/it]
Epoch 520 | loss : 66437.34, postive loss : 35372.29, negtive loss : 31065.05:  52%|█████▏    | 520/1000 [1:02:34<57:41,  7.21s/it]
Epoch 520 | loss : 66437.34, postive loss : 35372.29, negtive loss : 31065.05:  52%|█████▏    | 521/1000 [1:02:34<57:30,  7.20s/it]
Epoch 521 | loss : 66387.72, postive loss : 35327.04, negtive loss : 31060.68:  52%|█████▏    | 521/1000 [1:02:41<57:30,  7.20s/it]
Epoch 521 | loss : 66387.72, postive loss : 35327.04, negtive loss : 31060.68:  52%|█████▏    | 522/1000 [1:02:41<57:25,  7.21s/it]
Epoch 522 | loss : 66784.57, postive loss : 35686.93, negtive loss : 31097.64:  52%|█████▏    | 522/1000 [1:02:48<57:25,  7.21s/it]
Epoch 522 | loss : 66784.57, postive loss : 35686.93, negtive loss : 31097.64:  52%|█████▏    | 523/1000 [1:02:48<57:18,  7.21s/it]
Epoch 523 | loss : 67135.93, postive loss : 36068.51, negtive loss : 31067.42:  52%|█████▏    | 523/1000 [1:02:55<57:18,  7.21s/it]
Epoch 523 | loss : 67135.93, postive loss : 36068.51, negtive loss : 31067.42:  52%|█████▏    | 524/1000 [1:02:55<57:15,  7.22s/it]
Epoch 524 | loss : 66825.74, postive loss : 35788.29, negtive loss : 31037.44:  52%|█████▏    | 524/1000 [1:03:03<57:15,  7.22s/it]
Epoch 524 | loss : 66825.74, postive loss : 35788.29, negtive loss : 31037.44:  52%|█████▎    | 525/1000 [1:03:03<57:07,  7.21s/it]
Epoch 525 | loss : 66384.98, postive loss : 35305.97, negtive loss : 31079.01:  52%|█████▎    | 525/1000 [1:03:10<57:07,  7.21s/it]
Epoch 525 | loss : 66384.98, postive loss : 35305.97, negtive loss : 31079.01:  53%|█████▎    | 526/1000 [1:03:10<57:02,  7.22s/it]
Epoch 526 | loss : 66116.45, postive loss : 35033.41, negtive loss : 31083.04:  53%|█████▎    | 526/1000 [1:03:17<57:02,  7.22s/it]
Epoch 526 | loss : 66116.45, postive loss : 35033.41, negtive loss : 31083.04:  53%|█████▎    | 527/1000 [1:03:17<56:54,  7.22s/it]
Epoch 527 | loss : 66555.73, postive loss : 35464.11, negtive loss : 31091.62:  53%|█████▎    | 527/1000 [1:03:24<56:54,  7.22s/it]
Epoch 527 | loss : 66555.73, postive loss : 35464.11, negtive loss : 31091.62:  53%|█████▎    | 528/1000 [1:03:24<56:49,  7.22s/it]
Epoch 528 | loss : 66826.99, postive loss : 35804.06, negtive loss : 31022.93:  53%|█████▎    | 528/1000 [1:03:31<56:49,  7.22s/it]
Epoch 528 | loss : 66826.99, postive loss : 35804.06, negtive loss : 31022.93:  53%|█████▎    | 529/1000 [1:03:31<56:42,  7.22s/it]
Epoch 529 | loss : 66613.90, postive loss : 35546.93, negtive loss : 31066.97:  53%|█████▎    | 529/1000 [1:03:39<56:42,  7.22s/it]
Epoch 529 | loss : 66613.90, postive loss : 35546.93, negtive loss : 31066.97:  53%|█████▎    | 530/1000 [1:03:39<56:36,  7.23s/it]
Epoch 530 | loss : 67080.55, postive loss : 36021.89, negtive loss : 31058.66:  53%|█████▎    | 530/1000 [1:03:46<56:36,  7.23s/it]
Epoch 530 | loss : 67080.55, postive loss : 36021.89, negtive loss : 31058.66:  53%|█████▎    | 531/1000 [1:03:46<56:29,  7.23s/it]
Epoch 531 | loss : 67473.41, postive loss : 36394.65, negtive loss : 31078.75:  53%|█████▎    | 531/1000 [1:03:53<56:29,  7.23s/it]
Epoch 531 | loss : 67473.41, postive loss : 36394.65, negtive loss : 31078.75:  53%|█████▎    | 532/1000 [1:03:53<56:24,  7.23s/it]
Epoch 532 | loss : 66577.28, postive loss : 35518.31, negtive loss : 31058.97:  53%|█████▎    | 532/1000 [1:04:00<56:24,  7.23s/it]
Epoch 532 | loss : 66577.28, postive loss : 35518.31, negtive loss : 31058.97:  53%|█████▎    | 533/1000 [1:04:00<56:16,  7.23s/it]
Epoch 533 | loss : 66744.23, postive loss : 35684.53, negtive loss : 31059.70:  53%|█████▎    | 533/1000 [1:04:08<56:16,  7.23s/it]
Epoch 533 | loss : 66744.23, postive loss : 35684.53, negtive loss : 31059.70:  53%|█████▎    | 534/1000 [1:04:08<56:06,  7.22s/it]
Epoch 534 | loss : 66644.82, postive loss : 35564.19, negtive loss : 31080.63:  53%|█████▎    | 534/1000 [1:04:15<56:06,  7.22s/it]
Epoch 534 | loss : 66644.82, postive loss : 35564.19, negtive loss : 31080.63:  54%|█████▎    | 535/1000 [1:04:15<55:58,  7.22s/it]
Epoch 535 | loss : 66582.02, postive loss : 35481.56, negtive loss : 31100.47:  54%|█████▎    | 535/1000 [1:04:22<55:58,  7.22s/it]
Epoch 535 | loss : 66582.02, postive loss : 35481.56, negtive loss : 31100.47:  54%|█████▎    | 536/1000 [1:04:22<55:53,  7.23s/it]
Epoch 536 | loss : 66773.75, postive loss : 35741.86, negtive loss : 31031.88:  54%|█████▎    | 536/1000 [1:04:29<55:53,  7.23s/it]
Epoch 536 | loss : 66773.75, postive loss : 35741.86, negtive loss : 31031.88:  54%|█████▎    | 537/1000 [1:04:29<55:45,  7.23s/it]
Epoch 537 | loss : 66529.16, postive loss : 35455.70, negtive loss : 31073.46:  54%|█████▎    | 537/1000 [1:04:36<55:45,  7.23s/it]
Epoch 537 | loss : 66529.16, postive loss : 35455.70, negtive loss : 31073.46:  54%|█████▍    | 538/1000 [1:04:36<55:37,  7.23s/it]
Epoch 538 | loss : 66757.45, postive loss : 35700.70, negtive loss : 31056.75:  54%|█████▍    | 538/1000 [1:04:44<55:37,  7.23s/it]
Epoch 538 | loss : 66757.45, postive loss : 35700.70, negtive loss : 31056.75:  54%|█████▍    | 539/1000 [1:04:44<55:26,  7.21s/it]
Epoch 539 | loss : 67208.57, postive loss : 36180.62, negtive loss : 31027.95:  54%|█████▍    | 539/1000 [1:04:51<55:26,  7.21s/it]
Epoch 539 | loss : 67208.57, postive loss : 36180.62, negtive loss : 31027.95:  54%|█████▍    | 540/1000 [1:04:51<55:17,  7.21s/it]
Epoch 540 | loss : 66194.77, postive loss : 35104.36, negtive loss : 31090.41:  54%|█████▍    | 540/1000 [1:04:58<55:17,  7.21s/it]
Epoch 540 | loss : 66194.77, postive loss : 35104.36, negtive loss : 31090.41:  54%|█████▍    | 541/1000 [1:04:58<55:10,  7.21s/it]
Epoch 541 | loss : 66909.97, postive loss : 35831.68, negtive loss : 31078.29:  54%|█████▍    | 541/1000 [1:05:05<55:10,  7.21s/it]
Epoch 541 | loss : 66909.97, postive loss : 35831.68, negtive loss : 31078.29:  54%|█████▍    | 542/1000 [1:05:05<55:06,  7.22s/it]
Epoch 542 | loss : 66863.59, postive loss : 35798.54, negtive loss : 31065.05:  54%|█████▍    | 542/1000 [1:05:13<55:06,  7.22s/it]
Epoch 542 | loss : 66863.59, postive loss : 35798.54, negtive loss : 31065.05:  54%|█████▍    | 543/1000 [1:05:13<55:02,  7.23s/it]
Epoch 543 | loss : 66848.11, postive loss : 35770.70, negtive loss : 31077.41:  54%|█████▍    | 543/1000 [1:05:20<55:02,  7.23s/it]
Epoch 543 | loss : 66848.11, postive loss : 35770.70, negtive loss : 31077.41:  54%|█████▍    | 544/1000 [1:05:20<55:03,  7.24s/it]
Epoch 544 | loss : 66522.57, postive loss : 35415.55, negtive loss : 31107.02:  54%|█████▍    | 544/1000 [1:05:27<55:03,  7.24s/it]
Epoch 544 | loss : 66522.57, postive loss : 35415.55, negtive loss : 31107.02:  55%|█████▍    | 545/1000 [1:05:27<54:54,  7.24s/it]
Epoch 545 | loss : 66620.91, postive loss : 35538.62, negtive loss : 31082.30:  55%|█████▍    | 545/1000 [1:05:34<54:54,  7.24s/it]
Epoch 545 | loss : 66620.91, postive loss : 35538.62, negtive loss : 31082.30:  55%|█████▍    | 546/1000 [1:05:34<54:50,  7.25s/it]
Epoch 546 | loss : 66492.70, postive loss : 35409.65, negtive loss : 31083.05:  55%|█████▍    | 546/1000 [1:05:42<54:50,  7.25s/it]
Epoch 546 | loss : 66492.70, postive loss : 35409.65, negtive loss : 31083.05:  55%|█████▍    | 547/1000 [1:05:42<54:46,  7.26s/it]
Epoch 547 | loss : 67514.54, postive loss : 36450.12, negtive loss : 31064.42:  55%|█████▍    | 547/1000 [1:05:49<54:46,  7.26s/it]
Epoch 547 | loss : 67514.54, postive loss : 36450.12, negtive loss : 31064.42:  55%|█████▍    | 548/1000 [1:05:49<54:36,  7.25s/it]
Epoch 548 | loss : 66888.29, postive loss : 35741.85, negtive loss : 31146.44:  55%|█████▍    | 548/1000 [1:05:56<54:36,  7.25s/it]
Epoch 548 | loss : 66888.29, postive loss : 35741.85, negtive loss : 31146.44:  55%|█████▍    | 549/1000 [1:05:56<54:27,  7.25s/it]
Epoch 549 | loss : 67305.88, postive loss : 36268.97, negtive loss : 31036.90:  55%|█████▍    | 549/1000 [1:06:03<54:27,  7.25s/it]
Epoch 549 | loss : 67305.88, postive loss : 36268.97, negtive loss : 31036.90:  55%|█████▌    | 550/1000 [1:06:03<54:17,  7.24s/it]
Epoch 550 | loss : 66863.67, postive loss : 35793.86, negtive loss : 31069.82:  55%|█████▌    | 550/1000 [1:06:11<54:17,  7.24s/it]
Epoch 550 | loss : 66863.67, postive loss : 35793.86, negtive loss : 31069.82:  55%|█████▌    | 551/1000 [1:06:11<54:06,  7.23s/it]
Epoch 551 | loss : 66684.65, postive loss : 35626.45, negtive loss : 31058.21:  55%|█████▌    | 551/1000 [1:06:18<54:06,  7.23s/it]
Epoch 551 | loss : 66684.65, postive loss : 35626.45, negtive loss : 31058.21:  55%|█████▌    | 552/1000 [1:06:18<53:54,  7.22s/it]
Epoch 552 | loss : 67082.85, postive loss : 35999.00, negtive loss : 31083.85:  55%|█████▌    | 552/1000 [1:06:25<53:54,  7.22s/it]
Epoch 552 | loss : 67082.85, postive loss : 35999.00, negtive loss : 31083.85:  55%|█████▌    | 553/1000 [1:06:25<53:44,  7.21s/it]
Epoch 553 | loss : 67256.25, postive loss : 36159.97, negtive loss : 31096.28:  55%|█████▌    | 553/1000 [1:06:32<53:44,  7.21s/it]
Epoch 553 | loss : 67256.25, postive loss : 36159.97, negtive loss : 31096.28:  55%|█████▌    | 554/1000 [1:06:32<53:33,  7.21s/it]
Epoch 554 | loss : 66969.57, postive loss : 35896.72, negtive loss : 31072.85:  55%|█████▌    | 554/1000 [1:06:39<53:33,  7.21s/it]
Epoch 554 | loss : 66969.57, postive loss : 35896.72, negtive loss : 31072.85:  56%|█████▌    | 555/1000 [1:06:39<53:25,  7.20s/it]
Epoch 555 | loss : 67088.27, postive loss : 36010.47, negtive loss : 31077.81:  56%|█████▌    | 555/1000 [1:06:46<53:25,  7.20s/it]
Epoch 555 | loss : 67088.27, postive loss : 36010.47, negtive loss : 31077.81:  56%|█████▌    | 556/1000 [1:06:46<53:16,  7.20s/it]
Epoch 556 | loss : 67564.84, postive loss : 36534.16, negtive loss : 31030.68:  56%|█████▌    | 556/1000 [1:06:54<53:16,  7.20s/it]
Epoch 556 | loss : 67564.84, postive loss : 36534.16, negtive loss : 31030.68:  56%|█████▌    | 557/1000 [1:06:54<53:08,  7.20s/it]
Epoch 557 | loss : 66954.71, postive loss : 35867.65, negtive loss : 31087.05:  56%|█████▌    | 557/1000 [1:07:01<53:08,  7.20s/it]
Epoch 557 | loss : 66954.71, postive loss : 35867.65, negtive loss : 31087.05:  56%|█████▌    | 558/1000 [1:07:01<53:00,  7.20s/it]
Epoch 558 | loss : 67391.02, postive loss : 36346.89, negtive loss : 31044.13:  56%|█████▌    | 558/1000 [1:07:08<53:00,  7.20s/it]
Epoch 558 | loss : 67391.02, postive loss : 36346.89, negtive loss : 31044.13:  56%|█████▌    | 559/1000 [1:07:08<52:53,  7.20s/it]
Epoch 559 | loss : 66517.29, postive loss : 35451.76, negtive loss : 31065.53:  56%|█████▌    | 559/1000 [1:07:15<52:53,  7.20s/it]
Epoch 559 | loss : 66517.29, postive loss : 35451.76, negtive loss : 31065.53:  56%|█████▌    | 560/1000 [1:07:15<52:50,  7.21s/it]
Epoch 560 | loss : 67080.38, postive loss : 36022.69, negtive loss : 31057.69:  56%|█████▌    | 560/1000 [1:07:23<52:50,  7.21s/it]
Epoch 560 | loss : 67080.38, postive loss : 36022.69, negtive loss : 31057.69:  56%|█████▌    | 561/1000 [1:07:23<52:49,  7.22s/it]
Epoch 561 | loss : 66540.65, postive loss : 35491.99, negtive loss : 31048.66:  56%|█████▌    | 561/1000 [1:07:30<52:49,  7.22s/it]
Epoch 561 | loss : 66540.65, postive loss : 35491.99, negtive loss : 31048.66:  56%|█████▌    | 562/1000 [1:07:30<52:46,  7.23s/it]
Epoch 562 | loss : 66753.32, postive loss : 35692.52, negtive loss : 31060.80:  56%|█████▌    | 562/1000 [1:07:37<52:46,  7.23s/it]
Epoch 562 | loss : 66753.32, postive loss : 35692.52, negtive loss : 31060.80:  56%|█████▋    | 563/1000 [1:07:37<52:48,  7.25s/it]
Epoch 563 | loss : 66680.27, postive loss : 35640.76, negtive loss : 31039.52:  56%|█████▋    | 563/1000 [1:07:44<52:48,  7.25s/it]
Epoch 563 | loss : 66680.27, postive loss : 35640.76, negtive loss : 31039.52:  56%|█████▋    | 564/1000 [1:07:44<52:44,  7.26s/it]
Epoch 564 | loss : 66862.43, postive loss : 35788.52, negtive loss : 31073.91:  56%|█████▋    | 564/1000 [1:07:52<52:44,  7.26s/it]
Epoch 564 | loss : 66862.43, postive loss : 35788.52, negtive loss : 31073.91:  56%|█████▋    | 565/1000 [1:07:52<52:35,  7.25s/it]
Epoch 565 | loss : 66691.39, postive loss : 35624.35, negtive loss : 31067.05:  56%|█████▋    | 565/1000 [1:07:59<52:35,  7.25s/it]
Epoch 565 | loss : 66691.39, postive loss : 35624.35, negtive loss : 31067.05:  57%|█████▋    | 566/1000 [1:07:59<52:24,  7.25s/it]
Epoch 566 | loss : 66739.66, postive loss : 35690.12, negtive loss : 31049.53:  57%|█████▋    | 566/1000 [1:08:06<52:24,  7.25s/it]
Epoch 566 | loss : 66739.66, postive loss : 35690.12, negtive loss : 31049.53:  57%|█████▋    | 567/1000 [1:08:06<52:13,  7.24s/it]
Epoch 567 | loss : 66838.88, postive loss : 35728.28, negtive loss : 31110.60:  57%|█████▋    | 567/1000 [1:08:13<52:13,  7.24s/it]
Epoch 567 | loss : 66838.88, postive loss : 35728.28, negtive loss : 31110.60:  57%|█████▋    | 568/1000 [1:08:13<52:02,  7.23s/it]
Epoch 568 | loss : 67123.07, postive loss : 36090.79, negtive loss : 31032.28:  57%|█████▋    | 568/1000 [1:08:21<52:02,  7.23s/it]
Epoch 568 | loss : 67123.07, postive loss : 36090.79, negtive loss : 31032.28:  57%|█████▋    | 569/1000 [1:08:21<51:57,  7.23s/it]
Epoch 569 | loss : 66821.05, postive loss : 35712.84, negtive loss : 31108.21:  57%|█████▋    | 569/1000 [1:08:28<51:57,  7.23s/it]
Epoch 569 | loss : 66821.05, postive loss : 35712.84, negtive loss : 31108.21:  57%|█████▋    | 570/1000 [1:08:28<51:50,  7.23s/it]
Epoch 570 | loss : 67198.04, postive loss : 36104.00, negtive loss : 31094.04:  57%|█████▋    | 570/1000 [1:08:35<51:50,  7.23s/it]
Epoch 570 | loss : 67198.04, postive loss : 36104.00, negtive loss : 31094.04:  57%|█████▋    | 571/1000 [1:08:35<51:52,  7.26s/it]
Epoch 571 | loss : 67344.84, postive loss : 36338.58, negtive loss : 31006.26:  57%|█████▋    | 571/1000 [1:08:42<51:52,  7.26s/it]
Epoch 571 | loss : 67344.84, postive loss : 36338.58, negtive loss : 31006.26:  57%|█████▋    | 572/1000 [1:08:42<51:51,  7.27s/it]
Epoch 572 | loss : 66821.45, postive loss : 35740.62, negtive loss : 31080.83:  57%|█████▋    | 572/1000 [1:08:50<51:51,  7.27s/it]
Epoch 572 | loss : 66821.45, postive loss : 35740.62, negtive loss : 31080.83:  57%|█████▋    | 573/1000 [1:08:50<51:46,  7.27s/it]
Epoch 573 | loss : 67437.49, postive loss : 36381.94, negtive loss : 31055.55:  57%|█████▋    | 573/1000 [1:08:57<51:46,  7.27s/it]
Epoch 573 | loss : 67437.49, postive loss : 36381.94, negtive loss : 31055.55:  57%|█████▋    | 574/1000 [1:08:57<51:41,  7.28s/it]
Epoch 574 | loss : 66894.60, postive loss : 35820.52, negtive loss : 31074.08:  57%|█████▋    | 574/1000 [1:09:04<51:41,  7.28s/it]
Epoch 574 | loss : 66894.60, postive loss : 35820.52, negtive loss : 31074.08:  57%|█████▊    | 575/1000 [1:09:04<51:35,  7.28s/it]
Epoch 575 | loss : 66816.89, postive loss : 35780.71, negtive loss : 31036.18:  57%|█████▊    | 575/1000 [1:09:11<51:35,  7.28s/it]
Epoch 575 | loss : 66816.89, postive loss : 35780.71, negtive loss : 31036.18:  58%|█████▊    | 576/1000 [1:09:11<51:22,  7.27s/it]
Epoch 576 | loss : 66467.02, postive loss : 35362.57, negtive loss : 31104.45:  58%|█████▊    | 576/1000 [1:09:19<51:22,  7.27s/it]
Epoch 576 | loss : 66467.02, postive loss : 35362.57, negtive loss : 31104.45:  58%|█████▊    | 577/1000 [1:09:19<51:05,  7.25s/it]
Epoch 577 | loss : 66866.08, postive loss : 35787.73, negtive loss : 31078.36:  58%|█████▊    | 577/1000 [1:09:26<51:05,  7.25s/it]
Epoch 577 | loss : 66866.08, postive loss : 35787.73, negtive loss : 31078.36:  58%|█████▊    | 578/1000 [1:09:26<50:52,  7.23s/it]
Epoch 578 | loss : 67699.04, postive loss : 36658.40, negtive loss : 31040.63:  58%|█████▊    | 578/1000 [1:09:33<50:52,  7.23s/it]
Epoch 578 | loss : 67699.04, postive loss : 36658.40, negtive loss : 31040.63:  58%|█████▊    | 579/1000 [1:09:33<50:53,  7.25s/it]
Epoch 579 | loss : 67316.59, postive loss : 36251.97, negtive loss : 31064.63:  58%|█████▊    | 579/1000 [1:09:40<50:53,  7.25s/it]
Epoch 579 | loss : 67316.59, postive loss : 36251.97, negtive loss : 31064.63:  58%|█████▊    | 580/1000 [1:09:40<50:43,  7.25s/it]
Epoch 580 | loss : 67751.24, postive loss : 36697.01, negtive loss : 31054.24:  58%|█████▊    | 580/1000 [1:09:48<50:43,  7.25s/it]
Epoch 580 | loss : 67751.24, postive loss : 36697.01, negtive loss : 31054.24:  58%|█████▊    | 581/1000 [1:09:48<50:37,  7.25s/it]
Epoch 581 | loss : 67263.40, postive loss : 36207.09, negtive loss : 31056.31:  58%|█████▊    | 581/1000 [1:09:55<50:37,  7.25s/it]
Epoch 581 | loss : 67263.40, postive loss : 36207.09, negtive loss : 31056.31:  58%|█████▊    | 582/1000 [1:09:55<50:36,  7.26s/it]
Epoch 582 | loss : 66832.25, postive loss : 35741.86, negtive loss : 31090.39:  58%|█████▊    | 582/1000 [1:10:02<50:36,  7.26s/it]
Epoch 582 | loss : 66832.25, postive loss : 35741.86, negtive loss : 31090.39:  58%|█████▊    | 583/1000 [1:10:02<50:31,  7.27s/it]
Epoch 583 | loss : 66861.34, postive loss : 35823.72, negtive loss : 31037.63:  58%|█████▊    | 583/1000 [1:10:10<50:31,  7.27s/it]
Epoch 583 | loss : 66861.34, postive loss : 35823.72, negtive loss : 31037.63:  58%|█████▊    | 584/1000 [1:10:10<50:25,  7.27s/it]
Epoch 584 | loss : 66793.62, postive loss : 35716.70, negtive loss : 31076.92:  58%|█████▊    | 584/1000 [1:10:17<50:25,  7.27s/it]
Epoch 584 | loss : 66793.62, postive loss : 35716.70, negtive loss : 31076.92:  58%|█████▊    | 585/1000 [1:10:17<50:19,  7.28s/it]
Epoch 585 | loss : 66548.29, postive loss : 35482.27, negtive loss : 31066.03:  58%|█████▊    | 585/1000 [1:10:24<50:19,  7.28s/it]
Epoch 585 | loss : 66548.29, postive loss : 35482.27, negtive loss : 31066.03:  59%|█████▊    | 586/1000 [1:10:24<50:13,  7.28s/it]
Epoch 586 | loss : 66794.75, postive loss : 35715.74, negtive loss : 31079.01:  59%|█████▊    | 586/1000 [1:10:32<50:13,  7.28s/it]
Epoch 586 | loss : 66794.75, postive loss : 35715.74, negtive loss : 31079.01:  59%|█████▊    | 587/1000 [1:10:32<50:50,  7.39s/it]
Epoch 587 | loss : 67054.09, postive loss : 35995.28, negtive loss : 31058.81:  59%|█████▊    | 587/1000 [1:11:28<50:50,  7.39s/it]
Epoch 587 | loss : 67054.09, postive loss : 35995.28, negtive loss : 31058.81:  59%|█████▉    | 588/1000 [1:11:28<2:32:25, 22.20s/it]
the 0th validation begin. the optimizer is Adadelta  -----------------------------------------------------------
INFO -- prepare : Init model SN2E
INFO -- prepare : set model cuda: 1
INFO -- prepare : Model initialization complete
INFO -- prepare : Init optimizer
INFO -- prepare : Finish preparing Optimizer...
Info : start model training

  0%|          | 0/1000 [00:00<?, ?it/s]
Epoch 0 | loss : 325716.18, postive loss : 296483.58, negtive loss : 29232.60:   0%|          | 0/1000 [00:10<?, ?it/s]
Epoch 0 | loss : 325716.18, postive loss : 296483.58, negtive loss : 29232.60:   0%|          | 1/1000 [00:10<2:46:42, 10.01s/it]
Epoch 1 | loss : 324102.85, postive loss : 294869.92, negtive loss : 29232.93:   0%|          | 1/1000 [00:17<2:46:42, 10.01s/it]
Epoch 1 | loss : 324102.85, postive loss : 294869.92, negtive loss : 29232.93:   0%|          | 2/1000 [00:17<2:19:17,  8.37s/it]
Epoch 2 | loss : 323063.83, postive loss : 293830.43, negtive loss : 29233.40:   0%|          | 2/1000 [00:24<2:19:17,  8.37s/it]
Epoch 2 | loss : 323063.83, postive loss : 293830.43, negtive loss : 29233.40:   0%|          | 3/1000 [00:24<2:10:33,  7.86s/it]
Epoch 3 | loss : 322333.79, postive loss : 293100.14, negtive loss : 29233.65:   0%|          | 3/1000 [00:31<2:10:33,  7.86s/it]
Epoch 3 | loss : 322333.79, postive loss : 293100.14, negtive loss : 29233.65:   0%|          | 4/1000 [00:31<2:06:45,  7.64s/it]
Epoch 4 | loss : 321795.50, postive loss : 292562.14, negtive loss : 29233.37:   0%|          | 4/1000 [00:39<2:06:45,  7.64s/it]
Epoch 4 | loss : 321795.50, postive loss : 292562.14, negtive loss : 29233.37:   0%|          | 5/1000 [00:39<2:04:18,  7.50s/it]
Epoch 5 | loss : 321396.91, postive loss : 292162.71, negtive loss : 29234.20:   0%|          | 5/1000 [00:46<2:04:18,  7.50s/it]
Epoch 5 | loss : 321396.91, postive loss : 292162.71, negtive loss : 29234.20:   1%|          | 6/1000 [00:46<2:02:35,  7.40s/it]
Epoch 6 | loss : 321078.33, postive loss : 291843.75, negtive loss : 29234.58:   1%|          | 6/1000 [00:53<2:02:35,  7.40s/it]
Epoch 6 | loss : 321078.33, postive loss : 291843.75, negtive loss : 29234.58:   1%|          | 7/1000 [00:53<2:01:46,  7.36s/it]
Epoch 7 | loss : 320815.97, postive loss : 291581.35, negtive loss : 29234.62:   1%|          | 7/1000 [01:00<2:01:46,  7.36s/it]
Epoch 7 | loss : 320815.97, postive loss : 291581.35, negtive loss : 29234.62:   1%|          | 8/1000 [01:00<2:01:25,  7.34s/it]
Epoch 8 | loss : 320603.93, postive loss : 291369.20, negtive loss : 29234.74:   1%|          | 8/1000 [01:08<2:01:25,  7.34s/it]
Epoch 8 | loss : 320603.93, postive loss : 291369.20, negtive loss : 29234.74:   1%|          | 9/1000 [01:08<2:01:07,  7.33s/it]
Epoch 9 | loss : 320416.28, postive loss : 291181.72, negtive loss : 29234.56:   1%|          | 9/1000 [01:15<2:01:07,  7.33s/it]
Epoch 9 | loss : 320416.28, postive loss : 291181.72, negtive loss : 29234.56:   1%|          | 10/1000 [01:15<2:00:55,  7.33s/it]
Epoch 10 | loss : 320255.63, postive loss : 291021.43, negtive loss : 29234.20:   1%|          | 10/1000 [01:22<2:00:55,  7.33s/it]
Epoch 10 | loss : 320255.63, postive loss : 291021.43, negtive loss : 29234.20:   1%|          | 11/1000 [01:22<2:00:40,  7.32s/it]
Epoch 11 | loss : 320114.68, postive loss : 290880.61, negtive loss : 29234.06:   1%|          | 11/1000 [01:30<2:00:40,  7.32s/it]
Epoch 11 | loss : 320114.68, postive loss : 290880.61, negtive loss : 29234.06:   1%|          | 12/1000 [01:30<2:00:34,  7.32s/it]
Epoch 12 | loss : 319981.92, postive loss : 290746.99, negtive loss : 29234.93:   1%|          | 12/1000 [01:37<2:00:34,  7.32s/it]
Epoch 12 | loss : 319981.92, postive loss : 290746.99, negtive loss : 29234.93:   1%|▏         | 13/1000 [01:37<2:00:25,  7.32s/it]
Epoch 13 | loss : 319858.94, postive loss : 290624.26, negtive loss : 29234.68:   1%|▏         | 13/1000 [01:44<2:00:25,  7.32s/it]
Epoch 13 | loss : 319858.94, postive loss : 290624.26, negtive loss : 29234.68:   1%|▏         | 14/1000 [01:44<2:00:12,  7.31s/it]
Epoch 14 | loss : 319747.23, postive loss : 290512.52, negtive loss : 29234.71:   1%|▏         | 14/1000 [01:52<2:00:12,  7.31s/it]
Epoch 14 | loss : 319747.23, postive loss : 290512.52, negtive loss : 29234.71:   2%|▏         | 15/1000 [01:52<2:00:05,  7.32s/it]
Epoch 15 | loss : 319638.94, postive loss : 290404.35, negtive loss : 29234.59:   2%|▏         | 15/1000 [01:59<2:00:05,  7.32s/it]
Epoch 15 | loss : 319638.94, postive loss : 290404.35, negtive loss : 29234.59:   2%|▏         | 16/1000 [01:59<1:59:56,  7.31s/it]
Epoch 16 | loss : 319541.88, postive loss : 290306.83, negtive loss : 29235.05:   2%|▏         | 16/1000 [02:06<1:59:56,  7.31s/it]
Epoch 16 | loss : 319541.88, postive loss : 290306.83, negtive loss : 29235.05:   2%|▏         | 17/1000 [02:06<1:59:41,  7.31s/it]
Epoch 17 | loss : 319451.36, postive loss : 290215.85, negtive loss : 29235.51:   2%|▏         | 17/1000 [02:13<1:59:41,  7.31s/it]
Epoch 17 | loss : 319451.36, postive loss : 290215.85, negtive loss : 29235.51:   2%|▏         | 18/1000 [02:13<1:59:35,  7.31s/it]
Epoch 18 | loss : 319357.56, postive loss : 290121.88, negtive loss : 29235.68:   2%|▏         | 18/1000 [02:21<1:59:35,  7.31s/it]
Epoch 18 | loss : 319357.56, postive loss : 290121.88, negtive loss : 29235.68:   2%|▏         | 19/1000 [02:21<1:59:26,  7.31s/it]
Epoch 19 | loss : 319266.05, postive loss : 290031.01, negtive loss : 29235.04:   2%|▏         | 19/1000 [02:28<1:59:26,  7.31s/it]
Epoch 19 | loss : 319266.05, postive loss : 290031.01, negtive loss : 29235.04:   2%|▏         | 20/1000 [02:28<1:59:14,  7.30s/it]
Epoch 20 | loss : 319187.33, postive loss : 289951.56, negtive loss : 29235.77:   2%|▏         | 20/1000 [02:35<1:59:14,  7.30s/it]
Epoch 20 | loss : 319187.33, postive loss : 289951.56, negtive loss : 29235.77:   2%|▏         | 21/1000 [02:35<1:59:05,  7.30s/it]
Epoch 21 | loss : 319105.26, postive loss : 289870.15, negtive loss : 29235.12:   2%|▏         | 21/1000 [02:43<1:59:05,  7.30s/it]
Epoch 21 | loss : 319105.26, postive loss : 289870.15, negtive loss : 29235.12:   2%|▏         | 22/1000 [02:43<1:58:59,  7.30s/it]
Epoch 22 | loss : 319026.74, postive loss : 289790.84, negtive loss : 29235.90:   2%|▏         | 22/1000 [02:50<1:58:59,  7.30s/it]
Epoch 22 | loss : 319026.74, postive loss : 289790.84, negtive loss : 29235.90:   2%|▏         | 23/1000 [02:50<1:58:52,  7.30s/it]
Epoch 23 | loss : 318949.37, postive loss : 289713.63, negtive loss : 29235.74:   2%|▏         | 23/1000 [02:57<1:58:52,  7.30s/it]
Epoch 23 | loss : 318949.37, postive loss : 289713.63, negtive loss : 29235.74:   2%|▏         | 24/1000 [02:57<1:58:52,  7.31s/it]
Epoch 24 | loss : 318868.07, postive loss : 289633.37, negtive loss : 29234.70:   2%|▏         | 24/1000 [03:05<1:58:52,  7.31s/it]
Epoch 24 | loss : 318868.07, postive loss : 289633.37, negtive loss : 29234.70:   2%|▎         | 25/1000 [03:05<1:58:55,  7.32s/it]
Epoch 25 | loss : 318798.26, postive loss : 289562.95, negtive loss : 29235.31:   2%|▎         | 25/1000 [03:12<1:58:55,  7.32s/it]
Epoch 25 | loss : 318798.26, postive loss : 289562.95, negtive loss : 29235.31:   3%|▎         | 26/1000 [03:12<1:58:52,  7.32s/it]
Epoch 26 | loss : 318730.42, postive loss : 289494.60, negtive loss : 29235.81:   3%|▎         | 26/1000 [03:19<1:58:52,  7.32s/it]
Epoch 26 | loss : 318730.42, postive loss : 289494.60, negtive loss : 29235.81:   3%|▎         | 27/1000 [03:19<1:58:46,  7.32s/it]
Epoch 27 | loss : 318659.64, postive loss : 289423.76, negtive loss : 29235.89:   3%|▎         | 27/1000 [03:27<1:58:46,  7.32s/it]
Epoch 27 | loss : 318659.64, postive loss : 289423.76, negtive loss : 29235.89:   3%|▎         | 28/1000 [03:27<1:58:42,  7.33s/it]
Epoch 28 | loss : 318591.81, postive loss : 289355.19, negtive loss : 29236.62:   3%|▎         | 28/1000 [03:34<1:58:42,  7.33s/it]
Epoch 28 | loss : 318591.81, postive loss : 289355.19, negtive loss : 29236.62:   3%|▎         | 29/1000 [03:34<1:58:37,  7.33s/it]
Epoch 29 | loss : 318525.52, postive loss : 289289.98, negtive loss : 29235.55:   3%|▎         | 29/1000 [03:41<1:58:37,  7.33s/it]
Epoch 29 | loss : 318525.52, postive loss : 289289.98, negtive loss : 29235.55:   3%|▎         | 30/1000 [03:41<1:58:28,  7.33s/it]
Epoch 30 | loss : 318459.27, postive loss : 289223.43, negtive loss : 29235.83:   3%|▎         | 30/1000 [03:49<1:58:28,  7.33s/it]
Epoch 30 | loss : 318459.27, postive loss : 289223.43, negtive loss : 29235.83:   3%|▎         | 31/1000 [03:49<1:58:19,  7.33s/it]
Epoch 31 | loss : 318392.30, postive loss : 289156.29, negtive loss : 29236.00:   3%|▎         | 31/1000 [03:56<1:58:19,  7.33s/it]
Epoch 31 | loss : 318392.30, postive loss : 289156.29, negtive loss : 29236.00:   3%|▎         | 32/1000 [03:56<1:58:15,  7.33s/it]
Epoch 32 | loss : 318332.13, postive loss : 289095.86, negtive loss : 29236.27:   3%|▎         | 32/1000 [04:03<1:58:15,  7.33s/it]
Epoch 32 | loss : 318332.13, postive loss : 289095.86, negtive loss : 29236.27:   3%|▎         | 33/1000 [04:03<1:58:05,  7.33s/it]
Epoch 33 | loss : 318267.17, postive loss : 289031.01, negtive loss : 29236.17:   3%|▎         | 33/1000 [04:11<1:58:05,  7.33s/it]
Epoch 33 | loss : 318267.17, postive loss : 289031.01, negtive loss : 29236.17:   3%|▎         | 34/1000 [04:11<1:57:57,  7.33s/it]
Epoch 34 | loss : 318207.04, postive loss : 288970.42, negtive loss : 29236.61:   3%|▎         | 34/1000 [04:18<1:57:57,  7.33s/it]
Epoch 34 | loss : 318207.04, postive loss : 288970.42, negtive loss : 29236.61:   4%|▎         | 35/1000 [04:18<1:57:52,  7.33s/it]
Epoch 35 | loss : 318146.96, postive loss : 288910.50, negtive loss : 29236.47:   4%|▎         | 35/1000 [04:25<1:57:52,  7.33s/it]
Epoch 35 | loss : 318146.96, postive loss : 288910.50, negtive loss : 29236.47:   4%|▎         | 36/1000 [04:25<1:57:46,  7.33s/it]
Epoch 36 | loss : 318084.32, postive loss : 288848.05, negtive loss : 29236.27:   4%|▎         | 36/1000 [04:33<1:57:46,  7.33s/it]
Epoch 36 | loss : 318084.32, postive loss : 288848.05, negtive loss : 29236.27:   4%|▎         | 37/1000 [04:33<1:57:37,  7.33s/it]
Epoch 37 | loss : 318029.08, postive loss : 288791.87, negtive loss : 29237.20:   4%|▎         | 37/1000 [04:40<1:57:37,  7.33s/it]
Epoch 37 | loss : 318029.08, postive loss : 288791.87, negtive loss : 29237.20:   4%|▍         | 38/1000 [04:40<1:57:41,  7.34s/it]
Epoch 38 | loss : 317964.14, postive loss : 288727.25, negtive loss : 29236.89:   4%|▍         | 38/1000 [04:47<1:57:41,  7.34s/it]
Epoch 38 | loss : 317964.14, postive loss : 288727.25, negtive loss : 29236.89:   4%|▍         | 39/1000 [04:47<1:57:54,  7.36s/it]
Epoch 39 | loss : 317907.44, postive loss : 288670.47, negtive loss : 29236.97:   4%|▍         | 39/1000 [04:55<1:57:54,  7.36s/it]
Epoch 39 | loss : 317907.44, postive loss : 288670.47, negtive loss : 29236.97:   4%|▍         | 40/1000 [04:55<1:57:39,  7.35s/it]
Epoch 40 | loss : 317845.91, postive loss : 288609.30, negtive loss : 29236.61:   4%|▍         | 40/1000 [05:02<1:57:39,  7.35s/it]
Epoch 40 | loss : 317845.91, postive loss : 288609.30, negtive loss : 29236.61:   4%|▍         | 41/1000 [05:02<1:57:24,  7.35s/it]
Epoch 41 | loss : 317795.34, postive loss : 288558.78, negtive loss : 29236.56:   4%|▍         | 41/1000 [05:09<1:57:24,  7.35s/it]
Epoch 41 | loss : 317795.34, postive loss : 288558.78, negtive loss : 29236.56:   4%|▍         | 42/1000 [05:09<1:57:17,  7.35s/it]
Epoch 42 | loss : 317737.10, postive loss : 288499.31, negtive loss : 29237.79:   4%|▍         | 42/1000 [05:17<1:57:17,  7.35s/it]
Epoch 42 | loss : 317737.10, postive loss : 288499.31, negtive loss : 29237.79:   4%|▍         | 43/1000 [05:17<1:57:07,  7.34s/it]
Epoch 43 | loss : 317678.72, postive loss : 288441.48, negtive loss : 29237.24:   4%|▍         | 43/1000 [05:24<1:57:07,  7.34s/it]
Epoch 43 | loss : 317678.72, postive loss : 288441.48, negtive loss : 29237.24:   4%|▍         | 44/1000 [05:24<1:56:55,  7.34s/it]
Epoch 44 | loss : 317618.02, postive loss : 288381.01, negtive loss : 29237.01:   4%|▍         | 44/1000 [05:31<1:56:55,  7.34s/it]
Epoch 44 | loss : 317618.02, postive loss : 288381.01, negtive loss : 29237.01:   4%|▍         | 45/1000 [05:31<1:56:51,  7.34s/it]
Epoch 45 | loss : 317569.52, postive loss : 288332.53, negtive loss : 29236.99:   4%|▍         | 45/1000 [05:39<1:56:51,  7.34s/it]
Epoch 45 | loss : 317569.52, postive loss : 288332.53, negtive loss : 29236.99:   5%|▍         | 46/1000 [05:39<1:56:50,  7.35s/it]
Epoch 46 | loss : 317509.78, postive loss : 288272.76, negtive loss : 29237.02:   5%|▍         | 46/1000 [05:46<1:56:50,  7.35s/it]
Epoch 46 | loss : 317509.78, postive loss : 288272.76, negtive loss : 29237.02:   5%|▍         | 47/1000 [05:46<1:56:37,  7.34s/it]
Epoch 47 | loss : 317454.62, postive loss : 288217.41, negtive loss : 29237.20:   5%|▍         | 47/1000 [05:53<1:56:37,  7.34s/it]
Epoch 47 | loss : 317454.62, postive loss : 288217.41, negtive loss : 29237.20:   5%|▍         | 48/1000 [05:53<1:56:26,  7.34s/it]
Epoch 48 | loss : 317398.87, postive loss : 288161.63, negtive loss : 29237.24:   5%|▍         | 48/1000 [06:01<1:56:26,  7.34s/it]
Epoch 48 | loss : 317398.87, postive loss : 288161.63, negtive loss : 29237.24:   5%|▍         | 49/1000 [06:01<1:56:22,  7.34s/it]
Epoch 49 | loss : 317342.80, postive loss : 288105.50, negtive loss : 29237.30:   5%|▍         | 49/1000 [06:08<1:56:22,  7.34s/it]
Epoch 49 | loss : 317342.80, postive loss : 288105.50, negtive loss : 29237.30:   5%|▌         | 50/1000 [06:08<1:56:11,  7.34s/it]
Epoch 50 | loss : 317290.11, postive loss : 288052.30, negtive loss : 29237.81:   5%|▌         | 50/1000 [06:15<1:56:11,  7.34s/it]
Epoch 50 | loss : 317290.11, postive loss : 288052.30, negtive loss : 29237.81:   5%|▌         | 51/1000 [06:15<1:56:21,  7.36s/it]
Epoch 51 | loss : 317234.75, postive loss : 287997.18, negtive loss : 29237.57:   5%|▌         | 51/1000 [06:23<1:56:21,  7.36s/it]
Epoch 51 | loss : 317234.75, postive loss : 287997.18, negtive loss : 29237.57:   5%|▌         | 52/1000 [06:23<1:56:13,  7.36s/it]
Epoch 52 | loss : 317182.13, postive loss : 287944.64, negtive loss : 29237.49:   5%|▌         | 52/1000 [06:30<1:56:13,  7.36s/it]
Epoch 52 | loss : 317182.13, postive loss : 287944.64, negtive loss : 29237.49:   5%|▌         | 53/1000 [06:30<1:55:59,  7.35s/it]
Epoch 53 | loss : 317129.26, postive loss : 287891.47, negtive loss : 29237.80:   5%|▌         | 53/1000 [06:37<1:55:59,  7.35s/it]
Epoch 53 | loss : 317129.26, postive loss : 287891.47, negtive loss : 29237.80:   5%|▌         | 54/1000 [06:37<1:55:53,  7.35s/it]
Epoch 54 | loss : 317075.23, postive loss : 287837.19, negtive loss : 29238.03:   5%|▌         | 54/1000 [06:45<1:55:53,  7.35s/it]
Epoch 54 | loss : 317075.23, postive loss : 287837.19, negtive loss : 29238.03:   6%|▌         | 55/1000 [06:45<1:55:43,  7.35s/it]
Epoch 55 | loss : 317022.89, postive loss : 287785.25, negtive loss : 29237.64:   6%|▌         | 55/1000 [06:52<1:55:43,  7.35s/it]
Epoch 55 | loss : 317022.89, postive loss : 287785.25, negtive loss : 29237.64:   6%|▌         | 56/1000 [06:52<1:55:44,  7.36s/it]
Epoch 56 | loss : 316964.50, postive loss : 287726.57, negtive loss : 29237.93:   6%|▌         | 56/1000 [07:00<1:55:44,  7.36s/it]
Epoch 56 | loss : 316964.50, postive loss : 287726.57, negtive loss : 29237.93:   6%|▌         | 57/1000 [07:00<1:55:27,  7.35s/it]
Epoch 57 | loss : 316915.04, postive loss : 287677.75, negtive loss : 29237.29:   6%|▌         | 57/1000 [07:07<1:55:27,  7.35s/it]
Epoch 57 | loss : 316915.04, postive loss : 287677.75, negtive loss : 29237.29:   6%|▌         | 58/1000 [07:07<1:55:14,  7.34s/it]
Epoch 58 | loss : 316865.10, postive loss : 287627.77, negtive loss : 29237.33:   6%|▌         | 58/1000 [07:14<1:55:14,  7.34s/it]
Epoch 58 | loss : 316865.10, postive loss : 287627.77, negtive loss : 29237.33:   6%|▌         | 59/1000 [07:14<1:55:12,  7.35s/it]
Epoch 59 | loss : 316810.05, postive loss : 287572.02, negtive loss : 29238.03:   6%|▌         | 59/1000 [07:22<1:55:12,  7.35s/it]
Epoch 59 | loss : 316810.05, postive loss : 287572.02, negtive loss : 29238.03:   6%|▌         | 60/1000 [07:22<1:54:59,  7.34s/it]
Epoch 60 | loss : 316759.99, postive loss : 287522.03, negtive loss : 29237.97:   6%|▌         | 60/1000 [07:29<1:54:59,  7.34s/it]
Epoch 60 | loss : 316759.99, postive loss : 287522.03, negtive loss : 29237.97:   6%|▌         | 61/1000 [07:29<1:54:47,  7.33s/it]
Epoch 61 | loss : 316708.34, postive loss : 287470.58, negtive loss : 29237.76:   6%|▌         | 61/1000 [07:36<1:54:47,  7.33s/it]
Epoch 61 | loss : 316708.34, postive loss : 287470.58, negtive loss : 29237.76:   6%|▌         | 62/1000 [07:36<1:54:44,  7.34s/it]
Epoch 62 | loss : 316653.80, postive loss : 287415.87, negtive loss : 29237.93:   6%|▌         | 62/1000 [07:44<1:54:44,  7.34s/it]
Epoch 62 | loss : 316653.80, postive loss : 287415.87, negtive loss : 29237.93:   6%|▋         | 63/1000 [07:44<1:54:34,  7.34s/it]
Epoch 63 | loss : 316600.86, postive loss : 287362.86, negtive loss : 29238.00:   6%|▋         | 63/1000 [07:51<1:54:34,  7.34s/it]
Epoch 63 | loss : 316600.86, postive loss : 287362.86, negtive loss : 29238.00:   6%|▋         | 64/1000 [07:51<1:54:03,  7.31s/it]
Epoch 64 | loss : 316553.74, postive loss : 287315.30, negtive loss : 29238.44:   6%|▋         | 64/1000 [07:58<1:54:03,  7.31s/it]
Epoch 64 | loss : 316553.74, postive loss : 287315.30, negtive loss : 29238.44:   6%|▋         | 65/1000 [07:58<1:53:49,  7.30s/it]
Epoch 65 | loss : 316502.69, postive loss : 287264.04, negtive loss : 29238.64:   6%|▋         | 65/1000 [08:05<1:53:49,  7.30s/it]
Epoch 65 | loss : 316502.69, postive loss : 287264.04, negtive loss : 29238.64:   7%|▋         | 66/1000 [08:05<1:53:37,  7.30s/it]
Epoch 66 | loss : 316450.73, postive loss : 287212.80, negtive loss : 29237.92:   7%|▋         | 66/1000 [08:13<1:53:37,  7.30s/it]
Epoch 66 | loss : 316450.73, postive loss : 287212.80, negtive loss : 29237.92:   7%|▋         | 67/1000 [08:13<1:53:23,  7.29s/it]
Epoch 67 | loss : 316396.49, postive loss : 287158.02, negtive loss : 29238.48:   7%|▋         | 67/1000 [08:20<1:53:23,  7.29s/it]
Epoch 67 | loss : 316396.49, postive loss : 287158.02, negtive loss : 29238.48:   7%|▋         | 68/1000 [08:20<1:53:10,  7.29s/it]
Epoch 68 | loss : 316350.67, postive loss : 287112.42, negtive loss : 29238.25:   7%|▋         | 68/1000 [08:27<1:53:10,  7.29s/it]
Epoch 68 | loss : 316350.67, postive loss : 287112.42, negtive loss : 29238.25:   7%|▋         | 69/1000 [08:27<1:52:59,  7.28s/it]
Epoch 69 | loss : 316297.25, postive loss : 287058.75, negtive loss : 29238.50:   7%|▋         | 69/1000 [08:34<1:52:59,  7.28s/it]
Epoch 69 | loss : 316297.25, postive loss : 287058.75, negtive loss : 29238.50:   7%|▋         | 70/1000 [08:34<1:52:49,  7.28s/it]
Epoch 70 | loss : 316249.55, postive loss : 287010.82, negtive loss : 29238.73:   7%|▋         | 70/1000 [08:42<1:52:49,  7.28s/it]
Epoch 70 | loss : 316249.55, postive loss : 287010.82, negtive loss : 29238.73:   7%|▋         | 71/1000 [08:42<1:52:39,  7.28s/it]
Epoch 71 | loss : 316198.45, postive loss : 286960.09, negtive loss : 29238.37:   7%|▋         | 71/1000 [08:49<1:52:39,  7.28s/it]
Epoch 71 | loss : 316198.45, postive loss : 286960.09, negtive loss : 29238.37:   7%|▋         | 72/1000 [08:49<1:52:32,  7.28s/it]
Epoch 72 | loss : 316148.29, postive loss : 286909.95, negtive loss : 29238.34:   7%|▋         | 72/1000 [08:56<1:52:32,  7.28s/it]
Epoch 72 | loss : 316148.29, postive loss : 286909.95, negtive loss : 29238.34:   7%|▋         | 73/1000 [08:56<1:52:25,  7.28s/it]
Epoch 73 | loss : 316097.83, postive loss : 286859.63, negtive loss : 29238.20:   7%|▋         | 73/1000 [09:04<1:52:25,  7.28s/it]
Epoch 73 | loss : 316097.83, postive loss : 286859.63, negtive loss : 29238.20:   7%|▋         | 74/1000 [09:04<1:52:15,  7.27s/it]
Epoch 74 | loss : 316047.88, postive loss : 286808.74, negtive loss : 29239.14:   7%|▋         | 74/1000 [09:11<1:52:15,  7.27s/it]
Epoch 74 | loss : 316047.88, postive loss : 286808.74, negtive loss : 29239.14:   8%|▊         | 75/1000 [09:11<1:52:04,  7.27s/it]
Epoch 75 | loss : 315998.73, postive loss : 286760.49, negtive loss : 29238.23:   8%|▊         | 75/1000 [09:18<1:52:04,  7.27s/it]
Epoch 75 | loss : 315998.73, postive loss : 286760.49, negtive loss : 29238.23:   8%|▊         | 76/1000 [09:18<1:52:01,  7.27s/it]
Epoch 76 | loss : 315950.80, postive loss : 286712.05, negtive loss : 29238.76:   8%|▊         | 76/1000 [09:25<1:52:01,  7.27s/it]
Epoch 76 | loss : 315950.80, postive loss : 286712.05, negtive loss : 29238.76:   8%|▊         | 77/1000 [09:25<1:51:52,  7.27s/it]
Epoch 77 | loss : 315898.50, postive loss : 286660.11, negtive loss : 29238.40:   8%|▊         | 77/1000 [09:33<1:51:52,  7.27s/it]
Epoch 77 | loss : 315898.50, postive loss : 286660.11, negtive loss : 29238.40:   8%|▊         | 78/1000 [09:33<1:51:45,  7.27s/it]
Epoch 78 | loss : 315850.20, postive loss : 286611.34, negtive loss : 29238.86:   8%|▊         | 78/1000 [09:40<1:51:45,  7.27s/it]
Epoch 78 | loss : 315850.20, postive loss : 286611.34, negtive loss : 29238.86:   8%|▊         | 79/1000 [09:40<1:51:39,  7.27s/it]
Epoch 79 | loss : 315801.30, postive loss : 286562.65, negtive loss : 29238.65:   8%|▊         | 79/1000 [09:47<1:51:39,  7.27s/it]
Epoch 79 | loss : 315801.30, postive loss : 286562.65, negtive loss : 29238.65:   8%|▊         | 80/1000 [09:47<1:51:32,  7.27s/it]
Epoch 80 | loss : 315756.40, postive loss : 286517.11, negtive loss : 29239.29:   8%|▊         | 80/1000 [09:54<1:51:32,  7.27s/it]
Epoch 80 | loss : 315756.40, postive loss : 286517.11, negtive loss : 29239.29:   8%|▊         | 81/1000 [09:54<1:51:18,  7.27s/it]
Epoch 81 | loss : 315703.68, postive loss : 286464.85, negtive loss : 29238.82:   8%|▊         | 81/1000 [10:02<1:51:18,  7.27s/it]
Epoch 81 | loss : 315703.68, postive loss : 286464.85, negtive loss : 29238.82:   8%|▊         | 82/1000 [10:02<1:51:08,  7.26s/it]
Epoch 82 | loss : 315652.46, postive loss : 286413.90, negtive loss : 29238.56:   8%|▊         | 82/1000 [10:09<1:51:08,  7.26s/it]
Epoch 82 | loss : 315652.46, postive loss : 286413.90, negtive loss : 29238.56:   8%|▊         | 83/1000 [10:09<1:51:06,  7.27s/it]
Epoch 83 | loss : 315602.92, postive loss : 286364.12, negtive loss : 29238.80:   8%|▊         | 83/1000 [10:16<1:51:06,  7.27s/it]
Epoch 83 | loss : 315602.92, postive loss : 286364.12, negtive loss : 29238.80:   8%|▊         | 84/1000 [10:16<1:50:55,  7.27s/it]
Epoch 84 | loss : 315555.79, postive loss : 286317.27, negtive loss : 29238.52:   8%|▊         | 84/1000 [10:23<1:50:55,  7.27s/it]
Epoch 84 | loss : 315555.79, postive loss : 286317.27, negtive loss : 29238.52:   8%|▊         | 85/1000 [10:23<1:50:46,  7.26s/it]
Epoch 85 | loss : 315508.28, postive loss : 286269.95, negtive loss : 29238.33:   8%|▊         | 85/1000 [10:31<1:50:46,  7.26s/it]
Epoch 85 | loss : 315508.28, postive loss : 286269.95, negtive loss : 29238.33:   9%|▊         | 86/1000 [10:31<1:50:39,  7.26s/it]
Epoch 86 | loss : 315454.50, postive loss : 286215.58, negtive loss : 29238.92:   9%|▊         | 86/1000 [10:38<1:50:39,  7.26s/it]
Epoch 86 | loss : 315454.50, postive loss : 286215.58, negtive loss : 29238.92:   9%|▊         | 87/1000 [10:38<1:50:35,  7.27s/it]
Epoch 87 | loss : 315414.84, postive loss : 286175.59, negtive loss : 29239.25:   9%|▊         | 87/1000 [10:45<1:50:35,  7.27s/it]
Epoch 87 | loss : 315414.84, postive loss : 286175.59, negtive loss : 29239.25:   9%|▉         | 88/1000 [10:45<1:50:26,  7.27s/it]
Epoch 88 | loss : 315363.54, postive loss : 286125.18, negtive loss : 29238.37:   9%|▉         | 88/1000 [10:53<1:50:26,  7.27s/it]
Epoch 88 | loss : 315363.54, postive loss : 286125.18, negtive loss : 29238.37:   9%|▉         | 89/1000 [10:53<1:50:18,  7.27s/it]
Epoch 89 | loss : 315312.43, postive loss : 286073.77, negtive loss : 29238.66:   9%|▉         | 89/1000 [11:00<1:50:18,  7.27s/it]
Epoch 89 | loss : 315312.43, postive loss : 286073.77, negtive loss : 29238.66:   9%|▉         | 90/1000 [11:00<1:50:13,  7.27s/it]
Epoch 90 | loss : 315264.69, postive loss : 286026.45, negtive loss : 29238.24:   9%|▉         | 90/1000 [11:07<1:50:13,  7.27s/it]
Epoch 90 | loss : 315264.69, postive loss : 286026.45, negtive loss : 29238.24:   9%|▉         | 91/1000 [11:07<1:50:04,  7.27s/it]
Epoch 91 | loss : 315218.63, postive loss : 285979.87, negtive loss : 29238.77:   9%|▉         | 91/1000 [11:14<1:50:04,  7.27s/it]
Epoch 91 | loss : 315218.63, postive loss : 285979.87, negtive loss : 29238.77:   9%|▉         | 92/1000 [11:14<1:49:56,  7.26s/it]
Epoch 92 | loss : 315167.76, postive loss : 285929.64, negtive loss : 29238.13:   9%|▉         | 92/1000 [11:22<1:49:56,  7.26s/it]
Epoch 92 | loss : 315167.76, postive loss : 285929.64, negtive loss : 29238.13:   9%|▉         | 93/1000 [11:22<1:49:52,  7.27s/it]
Epoch 93 | loss : 315120.34, postive loss : 285881.38, negtive loss : 29238.96:   9%|▉         | 93/1000 [11:29<1:49:52,  7.27s/it]
Epoch 93 | loss : 315120.34, postive loss : 285881.38, negtive loss : 29238.96:   9%|▉         | 94/1000 [11:29<1:49:44,  7.27s/it]
Epoch 94 | loss : 315072.91, postive loss : 285833.99, negtive loss : 29238.92:   9%|▉         | 94/1000 [11:36<1:49:44,  7.27s/it]
Epoch 94 | loss : 315072.91, postive loss : 285833.99, negtive loss : 29238.92:  10%|▉         | 95/1000 [11:36<1:49:34,  7.26s/it]
Epoch 95 | loss : 315025.64, postive loss : 285786.98, negtive loss : 29238.66:  10%|▉         | 95/1000 [11:43<1:49:34,  7.26s/it]
Epoch 95 | loss : 315025.64, postive loss : 285786.98, negtive loss : 29238.66:  10%|▉         | 96/1000 [11:43<1:49:28,  7.27s/it]
Epoch 96 | loss : 314976.90, postive loss : 285738.47, negtive loss : 29238.43:  10%|▉         | 96/1000 [11:51<1:49:28,  7.27s/it]
Epoch 96 | loss : 314976.90, postive loss : 285738.47, negtive loss : 29238.43:  10%|▉         | 97/1000 [11:51<1:49:24,  7.27s/it]
Epoch 97 | loss : 314930.90, postive loss : 285691.90, negtive loss : 29239.00:  10%|▉         | 97/1000 [11:58<1:49:24,  7.27s/it]
Epoch 97 | loss : 314930.90, postive loss : 285691.90, negtive loss : 29239.00:  10%|▉         | 98/1000 [11:58<1:49:16,  7.27s/it]
Epoch 98 | loss : 314881.17, postive loss : 285641.95, negtive loss : 29239.22:  10%|▉         | 98/1000 [12:05<1:49:16,  7.27s/it]
Epoch 98 | loss : 314881.17, postive loss : 285641.95, negtive loss : 29239.22:  10%|▉         | 99/1000 [12:05<1:49:08,  7.27s/it]
Epoch 99 | loss : 314833.00, postive loss : 285593.87, negtive loss : 29239.13:  10%|▉         | 99/1000 [12:13<1:49:08,  7.27s/it]
Epoch 99 | loss : 314833.00, postive loss : 285593.87, negtive loss : 29239.13:  10%|█         | 100/1000 [12:13<1:49:06,  7.27s/it]
Epoch 100 | loss : 314784.81, postive loss : 285545.72, negtive loss : 29239.09:  10%|█         | 100/1000 [12:20<1:49:06,  7.27s/it]
Epoch 100 | loss : 314784.81, postive loss : 285545.72, negtive loss : 29239.09:  10%|█         | 101/1000 [12:20<1:48:57,  7.27s/it]
Epoch 101 | loss : 314740.12, postive loss : 285501.31, negtive loss : 29238.81:  10%|█         | 101/1000 [12:27<1:48:57,  7.27s/it]
Epoch 101 | loss : 314740.12, postive loss : 285501.31, negtive loss : 29238.81:  10%|█         | 102/1000 [12:27<1:48:48,  7.27s/it]
Epoch 102 | loss : 314688.23, postive loss : 285449.30, negtive loss : 29238.93:  10%|█         | 102/1000 [12:34<1:48:48,  7.27s/it]
Epoch 102 | loss : 314688.23, postive loss : 285449.30, negtive loss : 29238.93:  10%|█         | 103/1000 [12:34<1:48:41,  7.27s/it]
Epoch 103 | loss : 314645.08, postive loss : 285405.80, negtive loss : 29239.28:  10%|█         | 103/1000 [12:42<1:48:41,  7.27s/it]
Epoch 103 | loss : 314645.08, postive loss : 285405.80, negtive loss : 29239.28:  10%|█         | 104/1000 [12:42<1:48:34,  7.27s/it]
Epoch 104 | loss : 314597.06, postive loss : 285357.33, negtive loss : 29239.73:  10%|█         | 104/1000 [12:49<1:48:34,  7.27s/it]
Epoch 104 | loss : 314597.06, postive loss : 285357.33, negtive loss : 29239.73:  10%|█         | 105/1000 [12:49<1:48:27,  7.27s/it]
Epoch 105 | loss : 314545.85, postive loss : 285307.00, negtive loss : 29238.85:  10%|█         | 105/1000 [12:56<1:48:27,  7.27s/it]
Epoch 105 | loss : 314545.85, postive loss : 285307.00, negtive loss : 29238.85:  11%|█         | 106/1000 [12:56<1:48:18,  7.27s/it]
Epoch 106 | loss : 314500.27, postive loss : 285261.15, negtive loss : 29239.12:  11%|█         | 106/1000 [13:03<1:48:18,  7.27s/it]
Epoch 106 | loss : 314500.27, postive loss : 285261.15, negtive loss : 29239.12:  11%|█         | 107/1000 [13:03<1:48:11,  7.27s/it]
Epoch 107 | loss : 314454.78, postive loss : 285215.81, negtive loss : 29238.97:  11%|█         | 107/1000 [13:11<1:48:11,  7.27s/it]
Epoch 107 | loss : 314454.78, postive loss : 285215.81, negtive loss : 29238.97:  11%|█         | 108/1000 [13:11<1:48:03,  7.27s/it]
Epoch 108 | loss : 314408.39, postive loss : 285169.57, negtive loss : 29238.83:  11%|█         | 108/1000 [13:18<1:48:03,  7.27s/it]
Epoch 108 | loss : 314408.39, postive loss : 285169.57, negtive loss : 29238.83:  11%|█         | 109/1000 [13:18<1:47:53,  7.27s/it]
Epoch 109 | loss : 314362.88, postive loss : 285123.89, negtive loss : 29238.98:  11%|█         | 109/1000 [13:25<1:47:53,  7.27s/it]
Epoch 109 | loss : 314362.88, postive loss : 285123.89, negtive loss : 29238.98:  11%|█         | 110/1000 [13:25<1:47:46,  7.27s/it]
Epoch 110 | loss : 314313.78, postive loss : 285074.67, negtive loss : 29239.11:  11%|█         | 110/1000 [13:32<1:47:46,  7.27s/it]
Epoch 110 | loss : 314313.78, postive loss : 285074.67, negtive loss : 29239.11:  11%|█         | 111/1000 [13:32<1:47:37,  7.26s/it]
Epoch 111 | loss : 314273.40, postive loss : 285033.92, negtive loss : 29239.48:  11%|█         | 111/1000 [13:40<1:47:37,  7.26s/it]
Epoch 111 | loss : 314273.40, postive loss : 285033.92, negtive loss : 29239.48:  11%|█         | 112/1000 [13:40<1:47:29,  7.26s/it]
Epoch 112 | loss : 314219.44, postive loss : 284980.99, negtive loss : 29238.45:  11%|█         | 112/1000 [13:47<1:47:29,  7.26s/it]
Epoch 112 | loss : 314219.44, postive loss : 284980.99, negtive loss : 29238.45:  11%|█▏        | 113/1000 [13:47<1:47:21,  7.26s/it]
Epoch 113 | loss : 314175.73, postive loss : 284936.49, negtive loss : 29239.24:  11%|█▏        | 113/1000 [13:54<1:47:21,  7.26s/it]
Epoch 113 | loss : 314175.73, postive loss : 284936.49, negtive loss : 29239.24:  11%|█▏        | 114/1000 [13:54<1:47:17,  7.27s/it]
Epoch 114 | loss : 314128.35, postive loss : 284888.93, negtive loss : 29239.42:  11%|█▏        | 114/1000 [14:02<1:47:17,  7.27s/it]
Epoch 114 | loss : 314128.35, postive loss : 284888.93, negtive loss : 29239.42:  12%|█▏        | 115/1000 [14:02<1:47:09,  7.27s/it]
Epoch 115 | loss : 314078.20, postive loss : 284838.35, negtive loss : 29239.85:  12%|█▏        | 115/1000 [14:09<1:47:09,  7.27s/it]
Epoch 115 | loss : 314078.20, postive loss : 284838.35, negtive loss : 29239.85:  12%|█▏        | 116/1000 [14:09<1:46:59,  7.26s/it]
Epoch 116 | loss : 314034.67, postive loss : 284795.18, negtive loss : 29239.49:  12%|█▏        | 116/1000 [14:16<1:46:59,  7.26s/it]
Epoch 116 | loss : 314034.67, postive loss : 284795.18, negtive loss : 29239.49:  12%|█▏        | 117/1000 [14:16<1:46:55,  7.27s/it]
Epoch 117 | loss : 313986.20, postive loss : 284746.74, negtive loss : 29239.46:  12%|█▏        | 117/1000 [14:23<1:46:55,  7.27s/it]
Epoch 117 | loss : 313986.20, postive loss : 284746.74, negtive loss : 29239.46:  12%|█▏        | 118/1000 [14:23<1:46:45,  7.26s/it]
Epoch 118 | loss : 313940.42, postive loss : 284701.72, negtive loss : 29238.70:  12%|█▏        | 118/1000 [14:31<1:46:45,  7.26s/it]
Epoch 118 | loss : 313940.42, postive loss : 284701.72, negtive loss : 29238.70:  12%|█▏        | 119/1000 [14:31<1:46:36,  7.26s/it]
Epoch 119 | loss : 313891.66, postive loss : 284653.12, negtive loss : 29238.54:  12%|█▏        | 119/1000 [14:38<1:46:36,  7.26s/it]
Epoch 119 | loss : 313891.66, postive loss : 284653.12, negtive loss : 29238.54:  12%|█▏        | 120/1000 [14:38<1:46:30,  7.26s/it]
Epoch 120 | loss : 313846.97, postive loss : 284607.07, negtive loss : 29239.90:  12%|█▏        | 120/1000 [14:45<1:46:30,  7.26s/it]
Epoch 120 | loss : 313846.97, postive loss : 284607.07, negtive loss : 29239.90:  12%|█▏        | 121/1000 [14:45<1:46:23,  7.26s/it]
Epoch 121 | loss : 313801.55, postive loss : 284561.57, negtive loss : 29239.99:  12%|█▏        | 121/1000 [14:52<1:46:23,  7.26s/it]
Epoch 121 | loss : 313801.55, postive loss : 284561.57, negtive loss : 29239.99:  12%|█▏        | 122/1000 [14:52<1:46:13,  7.26s/it]
Epoch 122 | loss : 313757.34, postive loss : 284518.46, negtive loss : 29238.88:  12%|█▏        | 122/1000 [15:00<1:46:13,  7.26s/it]
Epoch 122 | loss : 313757.34, postive loss : 284518.46, negtive loss : 29238.88:  12%|█▏        | 123/1000 [15:00<1:46:06,  7.26s/it]
Epoch 123 | loss : 313707.16, postive loss : 284467.90, negtive loss : 29239.26:  12%|█▏        | 123/1000 [15:07<1:46:06,  7.26s/it]
Epoch 123 | loss : 313707.16, postive loss : 284467.90, negtive loss : 29239.26:  12%|█▏        | 124/1000 [15:07<1:46:01,  7.26s/it]
Epoch 124 | loss : 313659.98, postive loss : 284421.12, negtive loss : 29238.86:  12%|█▏        | 124/1000 [15:14<1:46:01,  7.26s/it]
Epoch 124 | loss : 313659.98, postive loss : 284421.12, negtive loss : 29238.86:  12%|█▎        | 125/1000 [15:14<1:45:53,  7.26s/it]
Epoch 125 | loss : 313617.98, postive loss : 284378.05, negtive loss : 29239.93:  12%|█▎        | 125/1000 [15:21<1:45:53,  7.26s/it]
Epoch 125 | loss : 313617.98, postive loss : 284378.05, negtive loss : 29239.93:  13%|█▎        | 126/1000 [15:21<1:45:45,  7.26s/it]
Epoch 126 | loss : 313572.84, postive loss : 284332.60, negtive loss : 29240.24:  13%|█▎        | 126/1000 [15:29<1:45:45,  7.26s/it]
Epoch 126 | loss : 313572.84, postive loss : 284332.60, negtive loss : 29240.24:  13%|█▎        | 127/1000 [15:29<1:45:40,  7.26s/it]
Epoch 127 | loss : 313523.92, postive loss : 284284.70, negtive loss : 29239.22:  13%|█▎        | 127/1000 [15:36<1:45:40,  7.26s/it]
Epoch 127 | loss : 313523.92, postive loss : 284284.70, negtive loss : 29239.22:  13%|█▎        | 128/1000 [15:36<1:45:33,  7.26s/it]
Epoch 128 | loss : 313473.85, postive loss : 284235.27, negtive loss : 29238.58:  13%|█▎        | 128/1000 [15:43<1:45:33,  7.26s/it]
Epoch 128 | loss : 313473.85, postive loss : 284235.27, negtive loss : 29238.58:  13%|█▎        | 129/1000 [15:43<1:45:27,  7.26s/it]
Epoch 129 | loss : 313428.80, postive loss : 284189.55, negtive loss : 29239.25:  13%|█▎        | 129/1000 [15:50<1:45:27,  7.26s/it]
Epoch 129 | loss : 313428.80, postive loss : 284189.55, negtive loss : 29239.25:  13%|█▎        | 130/1000 [15:50<1:45:19,  7.26s/it]
Epoch 130 | loss : 313383.45, postive loss : 284144.54, negtive loss : 29238.91:  13%|█▎        | 130/1000 [15:58<1:45:19,  7.26s/it]
Epoch 130 | loss : 313383.45, postive loss : 284144.54, negtive loss : 29238.91:  13%|█▎        | 131/1000 [15:58<1:45:13,  7.27s/it]
Epoch 131 | loss : 313338.69, postive loss : 284099.42, negtive loss : 29239.27:  13%|█▎        | 131/1000 [16:05<1:45:13,  7.27s/it]
Epoch 131 | loss : 313338.69, postive loss : 284099.42, negtive loss : 29239.27:  13%|█▎        | 132/1000 [16:05<1:45:03,  7.26s/it]
Epoch 132 | loss : 313290.46, postive loss : 284050.87, negtive loss : 29239.59:  13%|█▎        | 132/1000 [16:12<1:45:03,  7.26s/it]
Epoch 132 | loss : 313290.46, postive loss : 284050.87, negtive loss : 29239.59:  13%|█▎        | 133/1000 [16:12<1:44:55,  7.26s/it]
Epoch 133 | loss : 313244.86, postive loss : 284005.89, negtive loss : 29238.97:  13%|█▎        | 133/1000 [16:19<1:44:55,  7.26s/it]
Epoch 133 | loss : 313244.86, postive loss : 284005.89, negtive loss : 29238.97:  13%|█▎        | 134/1000 [16:19<1:44:49,  7.26s/it]
Epoch 134 | loss : 313200.52, postive loss : 283961.42, negtive loss : 29239.11:  13%|█▎        | 134/1000 [16:27<1:44:49,  7.26s/it]
Epoch 134 | loss : 313200.52, postive loss : 283961.42, negtive loss : 29239.11:  14%|█▎        | 135/1000 [16:27<1:44:41,  7.26s/it]
Epoch 135 | loss : 313156.85, postive loss : 283917.24, negtive loss : 29239.61:  14%|█▎        | 135/1000 [16:34<1:44:41,  7.26s/it]
Epoch 135 | loss : 313156.85, postive loss : 283917.24, negtive loss : 29239.61:  14%|█▎        | 136/1000 [16:34<1:44:35,  7.26s/it]
Epoch 136 | loss : 313108.26, postive loss : 283869.18, negtive loss : 29239.07:  14%|█▎        | 136/1000 [16:41<1:44:35,  7.26s/it]
Epoch 136 | loss : 313108.26, postive loss : 283869.18, negtive loss : 29239.07:  14%|█▎        | 137/1000 [16:41<1:44:27,  7.26s/it]
Epoch 137 | loss : 313063.07, postive loss : 283823.94, negtive loss : 29239.12:  14%|█▎        | 137/1000 [16:49<1:44:27,  7.26s/it]
Epoch 137 | loss : 313063.07, postive loss : 283823.94, negtive loss : 29239.12:  14%|█▍        | 138/1000 [16:49<1:44:22,  7.26s/it]
Epoch 138 | loss : 313014.98, postive loss : 283775.34, negtive loss : 29239.64:  14%|█▍        | 138/1000 [16:56<1:44:22,  7.26s/it]
Epoch 138 | loss : 313014.98, postive loss : 283775.34, negtive loss : 29239.64:  14%|█▍        | 139/1000 [16:56<1:44:13,  7.26s/it]
Epoch 139 | loss : 312974.09, postive loss : 283735.06, negtive loss : 29239.03:  14%|█▍        | 139/1000 [17:03<1:44:13,  7.26s/it]
Epoch 139 | loss : 312974.09, postive loss : 283735.06, negtive loss : 29239.03:  14%|█▍        | 140/1000 [17:03<1:44:06,  7.26s/it]
Epoch 140 | loss : 312925.34, postive loss : 283685.90, negtive loss : 29239.44:  14%|█▍        | 140/1000 [17:10<1:44:06,  7.26s/it]
Epoch 140 | loss : 312925.34, postive loss : 283685.90, negtive loss : 29239.44:  14%|█▍        | 141/1000 [17:10<1:44:01,  7.27s/it]
Epoch 141 | loss : 312882.99, postive loss : 283643.60, negtive loss : 29239.39:  14%|█▍        | 141/1000 [17:18<1:44:01,  7.27s/it]
Epoch 141 | loss : 312882.99, postive loss : 283643.60, negtive loss : 29239.39:  14%|█▍        | 142/1000 [17:18<1:43:52,  7.26s/it]
Epoch 142 | loss : 312835.70, postive loss : 283596.01, negtive loss : 29239.70:  14%|█▍        | 142/1000 [17:25<1:43:52,  7.26s/it]
Epoch 142 | loss : 312835.70, postive loss : 283596.01, negtive loss : 29239.70:  14%|█▍        | 143/1000 [17:25<1:43:44,  7.26s/it]
Epoch 143 | loss : 312789.85, postive loss : 283550.46, negtive loss : 29239.39:  14%|█▍        | 143/1000 [17:32<1:43:44,  7.26s/it]
Epoch 143 | loss : 312789.85, postive loss : 283550.46, negtive loss : 29239.39:  14%|█▍        | 144/1000 [17:32<1:43:38,  7.26s/it]
Epoch 144 | loss : 312742.44, postive loss : 283503.47, negtive loss : 29238.98:  14%|█▍        | 144/1000 [17:39<1:43:38,  7.26s/it]
Epoch 144 | loss : 312742.44, postive loss : 283503.47, negtive loss : 29238.98:  14%|█▍        | 145/1000 [17:39<1:43:35,  7.27s/it]
Epoch 145 | loss : 312698.53, postive loss : 283458.91, negtive loss : 29239.62:  14%|█▍        | 145/1000 [17:47<1:43:35,  7.27s/it]
Epoch 145 | loss : 312698.53, postive loss : 283458.91, negtive loss : 29239.62:  15%|█▍        | 146/1000 [17:47<1:43:25,  7.27s/it]
Epoch 146 | loss : 312654.13, postive loss : 283414.83, negtive loss : 29239.30:  15%|█▍        | 146/1000 [17:54<1:43:25,  7.27s/it]
Epoch 146 | loss : 312654.13, postive loss : 283414.83, negtive loss : 29239.30:  15%|█▍        | 147/1000 [17:54<1:43:16,  7.26s/it]
Epoch 147 | loss : 312605.35, postive loss : 283365.80, negtive loss : 29239.56:  15%|█▍        | 147/1000 [18:01<1:43:16,  7.26s/it]
Epoch 147 | loss : 312605.35, postive loss : 283365.80, negtive loss : 29239.56:  15%|█▍        | 148/1000 [18:01<1:43:13,  7.27s/it]
Epoch 148 | loss : 312560.50, postive loss : 283321.61, negtive loss : 29238.89:  15%|█▍        | 148/1000 [18:08<1:43:13,  7.27s/it]
Epoch 148 | loss : 312560.50, postive loss : 283321.61, negtive loss : 29238.89:  15%|█▍        | 149/1000 [18:08<1:43:04,  7.27s/it]
Epoch 149 | loss : 312518.09, postive loss : 283277.83, negtive loss : 29240.27:  15%|█▍        | 149/1000 [18:16<1:43:04,  7.27s/it]
Epoch 149 | loss : 312518.09, postive loss : 283277.83, negtive loss : 29240.27:  15%|█▌        | 150/1000 [18:16<1:42:56,  7.27s/it]
Epoch 150 | loss : 312470.56, postive loss : 283231.14, negtive loss : 29239.42:  15%|█▌        | 150/1000 [18:23<1:42:56,  7.27s/it]
Epoch 150 | loss : 312470.56, postive loss : 283231.14, negtive loss : 29239.42:  15%|█▌        | 151/1000 [18:23<1:42:50,  7.27s/it]
Epoch 151 | loss : 312426.61, postive loss : 283187.68, negtive loss : 29238.93:  15%|█▌        | 151/1000 [18:30<1:42:50,  7.27s/it]
Epoch 151 | loss : 312426.61, postive loss : 283187.68, negtive loss : 29238.93:  15%|█▌        | 152/1000 [18:30<1:42:43,  7.27s/it]
Epoch 152 | loss : 312378.86, postive loss : 283139.58, negtive loss : 29239.28:  15%|█▌        | 152/1000 [18:38<1:42:43,  7.27s/it]
Epoch 152 | loss : 312378.86, postive loss : 283139.58, negtive loss : 29239.28:  15%|█▌        | 153/1000 [18:38<1:42:35,  7.27s/it]
Epoch 153 | loss : 312333.66, postive loss : 283093.98, negtive loss : 29239.67:  15%|█▌        | 153/1000 [18:45<1:42:35,  7.27s/it]
Epoch 153 | loss : 312333.66, postive loss : 283093.98, negtive loss : 29239.67:  15%|█▌        | 154/1000 [18:45<1:42:26,  7.27s/it]
Epoch 154 | loss : 312289.16, postive loss : 283049.43, negtive loss : 29239.73:  15%|█▌        | 154/1000 [18:52<1:42:26,  7.27s/it]
Epoch 154 | loss : 312289.16, postive loss : 283049.43, negtive loss : 29239.73:  16%|█▌        | 155/1000 [18:52<1:42:21,  7.27s/it]
Epoch 155 | loss : 312245.30, postive loss : 283005.82, negtive loss : 29239.48:  16%|█▌        | 155/1000 [18:59<1:42:21,  7.27s/it]
Epoch 155 | loss : 312245.30, postive loss : 283005.82, negtive loss : 29239.48:  16%|█▌        | 156/1000 [18:59<1:42:12,  7.27s/it]
Epoch 156 | loss : 312198.08, postive loss : 282958.66, negtive loss : 29239.42:  16%|█▌        | 156/1000 [19:07<1:42:12,  7.27s/it]
Epoch 156 | loss : 312198.08, postive loss : 282958.66, negtive loss : 29239.42:  16%|█▌        | 157/1000 [19:07<1:42:03,  7.26s/it]
Epoch 157 | loss : 312152.12, postive loss : 282912.31, negtive loss : 29239.81:  16%|█▌        | 157/1000 [19:14<1:42:03,  7.26s/it]
Epoch 157 | loss : 312152.12, postive loss : 282912.31, negtive loss : 29239.81:  16%|█▌        | 158/1000 [19:14<1:41:59,  7.27s/it]
Epoch 158 | loss : 312107.24, postive loss : 282867.63, negtive loss : 29239.60:  16%|█▌        | 158/1000 [19:21<1:41:59,  7.27s/it]
Epoch 158 | loss : 312107.24, postive loss : 282867.63, negtive loss : 29239.60:  16%|█▌        | 159/1000 [19:21<1:41:50,  7.27s/it]
Epoch 159 | loss : 312061.17, postive loss : 282822.05, negtive loss : 29239.13:  16%|█▌        | 159/1000 [19:28<1:41:50,  7.27s/it]
Epoch 159 | loss : 312061.17, postive loss : 282822.05, negtive loss : 29239.13:  16%|█▌        | 160/1000 [19:28<1:41:41,  7.26s/it]
Epoch 160 | loss : 312015.91, postive loss : 282776.52, negtive loss : 29239.39:  16%|█▌        | 160/1000 [19:36<1:41:41,  7.26s/it]
Epoch 160 | loss : 312015.91, postive loss : 282776.52, negtive loss : 29239.39:  16%|█▌        | 161/1000 [19:36<1:41:35,  7.27s/it]
Epoch 161 | loss : 311971.18, postive loss : 282732.05, negtive loss : 29239.14:  16%|█▌        | 161/1000 [19:43<1:41:35,  7.27s/it]
Epoch 161 | loss : 311971.18, postive loss : 282732.05, negtive loss : 29239.14:  16%|█▌        | 162/1000 [19:43<1:41:30,  7.27s/it]
Epoch 162 | loss : 311929.54, postive loss : 282690.21, negtive loss : 29239.33:  16%|█▌        | 162/1000 [19:50<1:41:30,  7.27s/it]
Epoch 162 | loss : 311929.54, postive loss : 282690.21, negtive loss : 29239.33:  16%|█▋        | 163/1000 [19:50<1:41:21,  7.27s/it]
Epoch 163 | loss : 311882.81, postive loss : 282642.83, negtive loss : 29239.97:  16%|█▋        | 163/1000 [19:57<1:41:21,  7.27s/it]
Epoch 163 | loss : 311882.81, postive loss : 282642.83, negtive loss : 29239.97:  16%|█▋        | 164/1000 [19:57<1:41:12,  7.26s/it]
Epoch 164 | loss : 311834.90, postive loss : 282595.45, negtive loss : 29239.45:  16%|█▋        | 164/1000 [20:05<1:41:12,  7.26s/it]
Epoch 164 | loss : 311834.90, postive loss : 282595.45, negtive loss : 29239.45:  16%|█▋        | 165/1000 [20:05<1:41:07,  7.27s/it]
Epoch 165 | loss : 311791.86, postive loss : 282552.64, negtive loss : 29239.22:  16%|█▋        | 165/1000 [20:12<1:41:07,  7.27s/it]
Epoch 165 | loss : 311791.86, postive loss : 282552.64, negtive loss : 29239.22:  17%|█▋        | 166/1000 [20:12<1:40:58,  7.26s/it]
Epoch 166 | loss : 311745.96, postive loss : 282507.35, negtive loss : 29238.60:  17%|█▋        | 166/1000 [20:19<1:40:58,  7.26s/it]
Epoch 166 | loss : 311745.96, postive loss : 282507.35, negtive loss : 29238.60:  17%|█▋        | 167/1000 [20:19<1:40:55,  7.27s/it]
Epoch 167 | loss : 311703.74, postive loss : 282464.13, negtive loss : 29239.61:  17%|█▋        | 167/1000 [20:27<1:40:55,  7.27s/it]
Epoch 167 | loss : 311703.74, postive loss : 282464.13, negtive loss : 29239.61:  17%|█▋        | 168/1000 [20:27<1:40:47,  7.27s/it]
Epoch 168 | loss : 311656.00, postive loss : 282416.80, negtive loss : 29239.20:  17%|█▋        | 168/1000 [20:34<1:40:47,  7.27s/it]
Epoch 168 | loss : 311656.00, postive loss : 282416.80, negtive loss : 29239.20:  17%|█▋        | 169/1000 [20:34<1:40:45,  7.28s/it]
Epoch 169 | loss : 311611.22, postive loss : 282371.83, negtive loss : 29239.39:  17%|█▋        | 169/1000 [20:41<1:40:45,  7.28s/it]
Epoch 169 | loss : 311611.22, postive loss : 282371.83, negtive loss : 29239.39:  17%|█▋        | 170/1000 [20:41<1:40:35,  7.27s/it]
Epoch 170 | loss : 311563.75, postive loss : 282324.86, negtive loss : 29238.89:  17%|█▋        | 170/1000 [20:48<1:40:35,  7.27s/it]
Epoch 170 | loss : 311563.75, postive loss : 282324.86, negtive loss : 29238.89:  17%|█▋        | 171/1000 [20:48<1:40:25,  7.27s/it]
Epoch 171 | loss : 311525.55, postive loss : 282286.23, negtive loss : 29239.32:  17%|█▋        | 171/1000 [20:56<1:40:25,  7.27s/it]
Epoch 171 | loss : 311525.55, postive loss : 282286.23, negtive loss : 29239.32:  17%|█▋        | 172/1000 [20:56<1:40:19,  7.27s/it]
Epoch 172 | loss : 311477.71, postive loss : 282237.92, negtive loss : 29239.79:  17%|█▋        | 172/1000 [21:03<1:40:19,  7.27s/it]
Epoch 172 | loss : 311477.71, postive loss : 282237.92, negtive loss : 29239.79:  17%|█▋        | 173/1000 [21:03<1:40:09,  7.27s/it]
Epoch 173 | loss : 311431.36, postive loss : 282192.15, negtive loss : 29239.22:  17%|█▋        | 173/1000 [21:10<1:40:09,  7.27s/it]
Epoch 173 | loss : 311431.36, postive loss : 282192.15, negtive loss : 29239.22:  17%|█▋        | 174/1000 [21:10<1:40:00,  7.26s/it]
Epoch 174 | loss : 311389.45, postive loss : 282149.73, negtive loss : 29239.72:  17%|█▋        | 174/1000 [21:17<1:40:00,  7.26s/it]
Epoch 174 | loss : 311389.45, postive loss : 282149.73, negtive loss : 29239.72:  18%|█▊        | 175/1000 [21:17<1:39:54,  7.27s/it]
Epoch 175 | loss : 311343.50, postive loss : 282104.13, negtive loss : 29239.37:  18%|█▊        | 175/1000 [21:25<1:39:54,  7.27s/it]
Epoch 175 | loss : 311343.50, postive loss : 282104.13, negtive loss : 29239.37:  18%|█▊        | 176/1000 [21:25<1:39:50,  7.27s/it]
Epoch 176 | loss : 311296.52, postive loss : 282056.90, negtive loss : 29239.62:  18%|█▊        | 176/1000 [21:32<1:39:50,  7.27s/it]
Epoch 176 | loss : 311296.52, postive loss : 282056.90, negtive loss : 29239.62:  18%|█▊        | 177/1000 [21:32<1:39:42,  7.27s/it]
Epoch 177 | loss : 311254.85, postive loss : 282015.14, negtive loss : 29239.71:  18%|█▊        | 177/1000 [21:39<1:39:42,  7.27s/it]
Epoch 177 | loss : 311254.85, postive loss : 282015.14, negtive loss : 29239.71:  18%|█▊        | 178/1000 [21:39<1:39:34,  7.27s/it]
Epoch 178 | loss : 311205.51, postive loss : 281966.29, negtive loss : 29239.22:  18%|█▊        | 178/1000 [21:46<1:39:34,  7.27s/it]
Epoch 178 | loss : 311205.51, postive loss : 281966.29, negtive loss : 29239.22:  18%|█▊        | 179/1000 [21:46<1:39:25,  7.27s/it]
Epoch 179 | loss : 311160.98, postive loss : 281921.56, negtive loss : 29239.42:  18%|█▊        | 179/1000 [21:54<1:39:25,  7.27s/it]
Epoch 179 | loss : 311160.98, postive loss : 281921.56, negtive loss : 29239.42:  18%|█▊        | 180/1000 [21:54<1:39:20,  7.27s/it]
Epoch 180 | loss : 311117.67, postive loss : 281878.61, negtive loss : 29239.07:  18%|█▊        | 180/1000 [22:01<1:39:20,  7.27s/it]
Epoch 180 | loss : 311117.67, postive loss : 281878.61, negtive loss : 29239.07:  18%|█▊        | 181/1000 [22:01<1:39:10,  7.27s/it]
Epoch 181 | loss : 311070.55, postive loss : 281831.13, negtive loss : 29239.42:  18%|█▊        | 181/1000 [22:08<1:39:10,  7.27s/it]
Epoch 181 | loss : 311070.55, postive loss : 281831.13, negtive loss : 29239.42:  18%|█▊        | 182/1000 [22:08<1:39:02,  7.26s/it]
Epoch 182 | loss : 311024.90, postive loss : 281785.28, negtive loss : 29239.62:  18%|█▊        | 182/1000 [22:16<1:39:02,  7.26s/it]
Epoch 182 | loss : 311024.90, postive loss : 281785.28, negtive loss : 29239.62:  18%|█▊        | 183/1000 [22:16<1:38:55,  7.27s/it]
Epoch 183 | loss : 310982.94, postive loss : 281743.27, negtive loss : 29239.67:  18%|█▊        | 183/1000 [22:23<1:38:55,  7.27s/it]
Epoch 183 | loss : 310982.94, postive loss : 281743.27, negtive loss : 29239.67:  18%|█▊        | 184/1000 [22:23<1:38:52,  7.27s/it]
Epoch 184 | loss : 310941.99, postive loss : 281702.48, negtive loss : 29239.51:  18%|█▊        | 184/1000 [22:30<1:38:52,  7.27s/it]
Epoch 184 | loss : 310941.99, postive loss : 281702.48, negtive loss : 29239.51:  18%|█▊        | 185/1000 [22:30<1:38:47,  7.27s/it]
Epoch 185 | loss : 310893.68, postive loss : 281654.49, negtive loss : 29239.19:  18%|█▊        | 185/1000 [22:37<1:38:47,  7.27s/it]
Epoch 185 | loss : 310893.68, postive loss : 281654.49, negtive loss : 29239.19:  19%|█▊        | 186/1000 [22:37<1:38:37,  7.27s/it]
Epoch 186 | loss : 310849.21, postive loss : 281610.17, negtive loss : 29239.04:  19%|█▊        | 186/1000 [22:45<1:38:37,  7.27s/it]
Epoch 186 | loss : 310849.21, postive loss : 281610.17, negtive loss : 29239.04:  19%|█▊        | 187/1000 [22:45<1:38:31,  7.27s/it]
Epoch 187 | loss : 310808.03, postive loss : 281568.88, negtive loss : 29239.15:  19%|█▊        | 187/1000 [22:52<1:38:31,  7.27s/it]
Epoch 187 | loss : 310808.03, postive loss : 281568.88, negtive loss : 29239.15:  19%|█▉        | 188/1000 [22:52<1:38:22,  7.27s/it]
Epoch 188 | loss : 310762.15, postive loss : 281522.46, negtive loss : 29239.69:  19%|█▉        | 188/1000 [22:59<1:38:22,  7.27s/it]
Epoch 188 | loss : 310762.15, postive loss : 281522.46, negtive loss : 29239.69:  19%|█▉        | 189/1000 [22:59<1:38:16,  7.27s/it]
Epoch 189 | loss : 310716.92, postive loss : 281476.79, negtive loss : 29240.13:  19%|█▉        | 189/1000 [23:07<1:38:16,  7.27s/it]
Epoch 189 | loss : 310716.92, postive loss : 281476.79, negtive loss : 29240.13:  19%|█▉        | 190/1000 [23:07<1:38:20,  7.28s/it]
Epoch 190 | loss : 310676.52, postive loss : 281436.75, negtive loss : 29239.77:  19%|█▉        | 190/1000 [23:14<1:38:20,  7.28s/it]
Epoch 190 | loss : 310676.52, postive loss : 281436.75, negtive loss : 29239.77:  19%|█▉        | 191/1000 [23:14<1:38:18,  7.29s/it]
Epoch 191 | loss : 310625.84, postive loss : 281386.38, negtive loss : 29239.46:  19%|█▉        | 191/1000 [23:21<1:38:18,  7.29s/it]
Epoch 191 | loss : 310625.84, postive loss : 281386.38, negtive loss : 29239.46:  19%|█▉        | 192/1000 [23:21<1:38:09,  7.29s/it]
Epoch 192 | loss : 310589.39, postive loss : 281349.68, negtive loss : 29239.72:  19%|█▉        | 192/1000 [23:28<1:38:09,  7.29s/it]
Epoch 192 | loss : 310589.39, postive loss : 281349.68, negtive loss : 29239.72:  19%|█▉        | 193/1000 [23:28<1:38:05,  7.29s/it]
Epoch 193 | loss : 310537.92, postive loss : 281298.50, negtive loss : 29239.42:  19%|█▉        | 193/1000 [23:36<1:38:05,  7.29s/it]
Epoch 193 | loss : 310537.92, postive loss : 281298.50, negtive loss : 29239.42:  19%|█▉        | 194/1000 [23:36<1:37:59,  7.30s/it]
Epoch 194 | loss : 310493.40, postive loss : 281253.79, negtive loss : 29239.61:  19%|█▉        | 194/1000 [23:43<1:37:59,  7.30s/it]
Epoch 194 | loss : 310493.40, postive loss : 281253.79, negtive loss : 29239.61:  20%|█▉        | 195/1000 [23:43<1:37:58,  7.30s/it]
Epoch 195 | loss : 310450.03, postive loss : 281211.34, negtive loss : 29238.68:  20%|█▉        | 195/1000 [23:50<1:37:58,  7.30s/it]
Epoch 195 | loss : 310450.03, postive loss : 281211.34, negtive loss : 29238.68:  20%|█▉        | 196/1000 [23:50<1:37:41,  7.29s/it]
Epoch 196 | loss : 310407.47, postive loss : 281167.61, negtive loss : 29239.87:  20%|█▉        | 196/1000 [23:58<1:37:41,  7.29s/it]
Epoch 196 | loss : 310407.47, postive loss : 281167.61, negtive loss : 29239.87:  20%|█▉        | 197/1000 [23:58<1:37:32,  7.29s/it]
Epoch 197 | loss : 310359.99, postive loss : 281121.13, negtive loss : 29238.86:  20%|█▉        | 197/1000 [24:05<1:37:32,  7.29s/it]
Epoch 197 | loss : 310359.99, postive loss : 281121.13, negtive loss : 29238.86:  20%|█▉        | 198/1000 [24:05<1:37:19,  7.28s/it]
Epoch 198 | loss : 310317.93, postive loss : 281078.73, negtive loss : 29239.21:  20%|█▉        | 198/1000 [24:12<1:37:19,  7.28s/it]
Epoch 198 | loss : 310317.93, postive loss : 281078.73, negtive loss : 29239.21:  20%|█▉        | 199/1000 [24:12<1:37:10,  7.28s/it]
Epoch 199 | loss : 310271.35, postive loss : 281032.49, negtive loss : 29238.86:  20%|█▉        | 199/1000 [24:19<1:37:10,  7.28s/it]
Epoch 199 | loss : 310271.35, postive loss : 281032.49, negtive loss : 29238.86:  20%|██        | 200/1000 [24:19<1:36:59,  7.27s/it]
Epoch 200 | loss : 310229.48, postive loss : 280989.79, negtive loss : 29239.69:  20%|██        | 200/1000 [24:27<1:36:59,  7.27s/it]
Epoch 200 | loss : 310229.48, postive loss : 280989.79, negtive loss : 29239.69:  20%|██        | 201/1000 [24:27<1:36:54,  7.28s/it]
Epoch 201 | loss : 310183.90, postive loss : 280944.29, negtive loss : 29239.61:  20%|██        | 201/1000 [24:34<1:36:54,  7.28s/it]
Epoch 201 | loss : 310183.90, postive loss : 280944.29, negtive loss : 29239.61:  20%|██        | 202/1000 [24:34<1:36:43,  7.27s/it]
Epoch 202 | loss : 310141.72, postive loss : 280902.46, negtive loss : 29239.26:  20%|██        | 202/1000 [24:41<1:36:43,  7.27s/it]
Epoch 202 | loss : 310141.72, postive loss : 280902.46, negtive loss : 29239.26:  20%|██        | 203/1000 [24:41<1:36:33,  7.27s/it]
Epoch 203 | loss : 310094.54, postive loss : 280855.55, negtive loss : 29238.99:  20%|██        | 203/1000 [24:48<1:36:33,  7.27s/it]
Epoch 203 | loss : 310094.54, postive loss : 280855.55, negtive loss : 29238.99:  20%|██        | 204/1000 [24:48<1:36:26,  7.27s/it]
Epoch 204 | loss : 310053.44, postive loss : 280813.81, negtive loss : 29239.63:  20%|██        | 204/1000 [24:56<1:36:26,  7.27s/it]
Epoch 204 | loss : 310053.44, postive loss : 280813.81, negtive loss : 29239.63:  20%|██        | 205/1000 [24:56<1:36:18,  7.27s/it]
Epoch 205 | loss : 310009.30, postive loss : 280769.05, negtive loss : 29240.25:  20%|██        | 205/1000 [25:03<1:36:18,  7.27s/it]
Epoch 205 | loss : 310009.30, postive loss : 280769.05, negtive loss : 29240.25:  21%|██        | 206/1000 [25:03<1:36:08,  7.26s/it]
Epoch 206 | loss : 309967.58, postive loss : 280727.90, negtive loss : 29239.68:  21%|██        | 206/1000 [25:10<1:36:08,  7.26s/it]
Epoch 206 | loss : 309967.58, postive loss : 280727.90, negtive loss : 29239.68:  21%|██        | 207/1000 [25:10<1:36:01,  7.27s/it]
Epoch 207 | loss : 309921.57, postive loss : 280682.27, negtive loss : 29239.30:  21%|██        | 207/1000 [25:18<1:36:01,  7.27s/it]
Epoch 207 | loss : 309921.57, postive loss : 280682.27, negtive loss : 29239.30:  21%|██        | 208/1000 [25:18<1:35:57,  7.27s/it]
Epoch 208 | loss : 309877.62, postive loss : 280637.90, negtive loss : 29239.72:  21%|██        | 208/1000 [25:25<1:35:57,  7.27s/it]
Epoch 208 | loss : 309877.62, postive loss : 280637.90, negtive loss : 29239.72:  21%|██        | 209/1000 [25:25<1:35:49,  7.27s/it]
Epoch 209 | loss : 309833.35, postive loss : 280594.00, negtive loss : 29239.35:  21%|██        | 209/1000 [25:32<1:35:49,  7.27s/it]
Epoch 209 | loss : 309833.35, postive loss : 280594.00, negtive loss : 29239.35:  21%|██        | 210/1000 [25:32<1:35:42,  7.27s/it]
Epoch 210 | loss : 309788.67, postive loss : 280549.57, negtive loss : 29239.10:  21%|██        | 210/1000 [25:39<1:35:42,  7.27s/it]
Epoch 210 | loss : 309788.67, postive loss : 280549.57, negtive loss : 29239.10:  21%|██        | 211/1000 [25:39<1:35:36,  7.27s/it]
Epoch 211 | loss : 309744.98, postive loss : 280505.51, negtive loss : 29239.47:  21%|██        | 211/1000 [25:47<1:35:36,  7.27s/it]
Epoch 211 | loss : 309744.98, postive loss : 280505.51, negtive loss : 29239.47:  21%|██        | 212/1000 [25:47<1:35:27,  7.27s/it]
Epoch 212 | loss : 309699.70, postive loss : 280459.95, negtive loss : 29239.75:  21%|██        | 212/1000 [25:54<1:35:27,  7.27s/it]
Epoch 212 | loss : 309699.70, postive loss : 280459.95, negtive loss : 29239.75:  21%|██▏       | 213/1000 [25:54<1:35:18,  7.27s/it]
Epoch 213 | loss : 309656.52, postive loss : 280417.54, negtive loss : 29238.98:  21%|██▏       | 213/1000 [26:01<1:35:18,  7.27s/it]
Epoch 213 | loss : 309656.52, postive loss : 280417.54, negtive loss : 29238.98:  21%|██▏       | 214/1000 [26:01<1:35:10,  7.27s/it]
Epoch 214 | loss : 309609.92, postive loss : 280371.38, negtive loss : 29238.54:  21%|██▏       | 214/1000 [26:08<1:35:10,  7.27s/it]
Epoch 214 | loss : 309609.92, postive loss : 280371.38, negtive loss : 29238.54:  22%|██▏       | 215/1000 [26:08<1:35:05,  7.27s/it]
Epoch 215 | loss : 309567.62, postive loss : 280328.20, negtive loss : 29239.42:  22%|██▏       | 215/1000 [26:16<1:35:05,  7.27s/it]
Epoch 215 | loss : 309567.62, postive loss : 280328.20, negtive loss : 29239.42:  22%|██▏       | 216/1000 [26:16<1:34:55,  7.26s/it]
Epoch 216 | loss : 309524.00, postive loss : 280284.93, negtive loss : 29239.07:  22%|██▏       | 216/1000 [26:23<1:34:55,  7.26s/it]
Epoch 216 | loss : 309524.00, postive loss : 280284.93, negtive loss : 29239.07:  22%|██▏       | 217/1000 [26:23<1:34:46,  7.26s/it]
Epoch 217 | loss : 309485.06, postive loss : 280245.05, negtive loss : 29240.01:  22%|██▏       | 217/1000 [26:30<1:34:46,  7.26s/it]
Epoch 217 | loss : 309485.06, postive loss : 280245.05, negtive loss : 29240.01:  22%|██▏       | 218/1000 [26:30<1:34:43,  7.27s/it]
Epoch 218 | loss : 309440.99, postive loss : 280200.65, negtive loss : 29240.34:  22%|██▏       | 218/1000 [26:37<1:34:43,  7.27s/it]
Epoch 218 | loss : 309440.99, postive loss : 280200.65, negtive loss : 29240.34:  22%|██▏       | 219/1000 [26:37<1:34:38,  7.27s/it]
Epoch 219 | loss : 309394.49, postive loss : 280154.44, negtive loss : 29240.05:  22%|██▏       | 219/1000 [26:45<1:34:38,  7.27s/it]
Epoch 219 | loss : 309394.49, postive loss : 280154.44, negtive loss : 29240.05:  22%|██▏       | 220/1000 [26:45<1:34:28,  7.27s/it]
Epoch 220 | loss : 309349.61, postive loss : 280110.70, negtive loss : 29238.92:  22%|██▏       | 220/1000 [26:52<1:34:28,  7.27s/it]
Epoch 220 | loss : 309349.61, postive loss : 280110.70, negtive loss : 29238.92:  22%|██▏       | 221/1000 [26:52<1:34:19,  7.27s/it]
Epoch 221 | loss : 309306.61, postive loss : 280068.23, negtive loss : 29238.38:  22%|██▏       | 221/1000 [26:59<1:34:19,  7.27s/it]
Epoch 221 | loss : 309306.61, postive loss : 280068.23, negtive loss : 29238.38:  22%|██▏       | 222/1000 [26:59<1:34:15,  7.27s/it]
Epoch 222 | loss : 309259.06, postive loss : 280019.40, negtive loss : 29239.66:  22%|██▏       | 222/1000 [27:07<1:34:15,  7.27s/it]
Epoch 222 | loss : 309259.06, postive loss : 280019.40, negtive loss : 29239.66:  22%|██▏       | 223/1000 [27:07<1:34:05,  7.27s/it]
Epoch 223 | loss : 309217.91, postive loss : 279978.30, negtive loss : 29239.61:  22%|██▏       | 223/1000 [27:14<1:34:05,  7.27s/it]
Epoch 223 | loss : 309217.91, postive loss : 279978.30, negtive loss : 29239.61:  22%|██▏       | 224/1000 [27:14<1:33:57,  7.26s/it]
Epoch 224 | loss : 309176.76, postive loss : 279936.71, negtive loss : 29240.05:  22%|██▏       | 224/1000 [27:21<1:33:57,  7.26s/it]
Epoch 224 | loss : 309176.76, postive loss : 279936.71, negtive loss : 29240.05:  22%|██▎       | 225/1000 [27:21<1:33:53,  7.27s/it]
Epoch 225 | loss : 309134.26, postive loss : 279894.79, negtive loss : 29239.47:  22%|██▎       | 225/1000 [27:28<1:33:53,  7.27s/it]
Epoch 225 | loss : 309134.26, postive loss : 279894.79, negtive loss : 29239.47:  23%|██▎       | 226/1000 [27:28<1:33:44,  7.27s/it]
Epoch 226 | loss : 309085.86, postive loss : 279846.72, negtive loss : 29239.14:  23%|██▎       | 226/1000 [27:36<1:33:44,  7.27s/it]
Epoch 226 | loss : 309085.86, postive loss : 279846.72, negtive loss : 29239.14:  23%|██▎       | 227/1000 [27:36<1:33:35,  7.27s/it]
Epoch 227 | loss : 309045.07, postive loss : 279805.73, negtive loss : 29239.35:  23%|██▎       | 227/1000 [27:43<1:33:35,  7.27s/it]
Epoch 227 | loss : 309045.07, postive loss : 279805.73, negtive loss : 29239.35:  23%|██▎       | 228/1000 [27:43<1:33:28,  7.26s/it]
Epoch 228 | loss : 309000.24, postive loss : 279760.37, negtive loss : 29239.88:  23%|██▎       | 228/1000 [27:50<1:33:28,  7.26s/it]
Epoch 228 | loss : 309000.24, postive loss : 279760.37, negtive loss : 29239.88:  23%|██▎       | 229/1000 [27:50<1:33:23,  7.27s/it]
Epoch 229 | loss : 308955.65, postive loss : 279715.79, negtive loss : 29239.85:  23%|██▎       | 229/1000 [27:57<1:33:23,  7.27s/it]
Epoch 229 | loss : 308955.65, postive loss : 279715.79, negtive loss : 29239.85:  23%|██▎       | 230/1000 [27:57<1:33:15,  7.27s/it]
Epoch 230 | loss : 308916.75, postive loss : 279677.22, negtive loss : 29239.53:  23%|██▎       | 230/1000 [28:05<1:33:15,  7.27s/it]
Epoch 230 | loss : 308916.75, postive loss : 279677.22, negtive loss : 29239.53:  23%|██▎       | 231/1000 [28:05<1:33:07,  7.27s/it]
Epoch 231 | loss : 308868.62, postive loss : 279629.16, negtive loss : 29239.47:  23%|██▎       | 231/1000 [28:12<1:33:07,  7.27s/it]
Epoch 231 | loss : 308868.62, postive loss : 279629.16, negtive loss : 29239.47:  23%|██▎       | 232/1000 [28:12<1:33:02,  7.27s/it]
Epoch 232 | loss : 308824.29, postive loss : 279584.50, negtive loss : 29239.79:  23%|██▎       | 232/1000 [28:19<1:33:02,  7.27s/it]
Epoch 232 | loss : 308824.29, postive loss : 279584.50, negtive loss : 29239.79:  23%|██▎       | 233/1000 [28:19<1:32:52,  7.27s/it]
Epoch 233 | loss : 308781.00, postive loss : 279541.33, negtive loss : 29239.67:  23%|██▎       | 233/1000 [28:26<1:32:52,  7.27s/it]
Epoch 233 | loss : 308781.00, postive loss : 279541.33, negtive loss : 29239.67:  23%|██▎       | 234/1000 [28:26<1:32:42,  7.26s/it]
Epoch 234 | loss : 308736.54, postive loss : 279496.65, negtive loss : 29239.89:  23%|██▎       | 234/1000 [28:34<1:32:42,  7.26s/it]
Epoch 234 | loss : 308736.54, postive loss : 279496.65, negtive loss : 29239.89:  24%|██▎       | 235/1000 [28:34<1:32:36,  7.26s/it]
Epoch 235 | loss : 308694.92, postive loss : 279455.37, negtive loss : 29239.55:  24%|██▎       | 235/1000 [28:41<1:32:36,  7.26s/it]
Epoch 235 | loss : 308694.92, postive loss : 279455.37, negtive loss : 29239.55:  24%|██▎       | 236/1000 [28:41<1:32:30,  7.26s/it]
Epoch 236 | loss : 308650.93, postive loss : 279410.52, negtive loss : 29240.40:  24%|██▎       | 236/1000 [28:48<1:32:30,  7.26s/it]
Epoch 236 | loss : 308650.93, postive loss : 279410.52, negtive loss : 29240.40:  24%|██▎       | 237/1000 [28:48<1:32:23,  7.27s/it]
Epoch 237 | loss : 308606.98, postive loss : 279367.81, negtive loss : 29239.17:  24%|██▎       | 237/1000 [28:55<1:32:23,  7.27s/it]
Epoch 237 | loss : 308606.98, postive loss : 279367.81, negtive loss : 29239.17:  24%|██▍       | 238/1000 [28:55<1:32:14,  7.26s/it]
Epoch 238 | loss : 308562.93, postive loss : 279322.59, negtive loss : 29240.34:  24%|██▍       | 238/1000 [29:03<1:32:14,  7.26s/it]
Epoch 238 | loss : 308562.93, postive loss : 279322.59, negtive loss : 29240.34:  24%|██▍       | 239/1000 [29:03<1:32:09,  7.27s/it]
Epoch 239 | loss : 308520.74, postive loss : 279281.80, negtive loss : 29238.94:  24%|██▍       | 239/1000 [29:10<1:32:09,  7.27s/it]
Epoch 239 | loss : 308520.74, postive loss : 279281.80, negtive loss : 29238.94:  24%|██▍       | 240/1000 [29:10<1:32:02,  7.27s/it]
Epoch 240 | loss : 308477.03, postive loss : 279237.32, negtive loss : 29239.71:  24%|██▍       | 240/1000 [29:17<1:32:02,  7.27s/it]
Epoch 240 | loss : 308477.03, postive loss : 279237.32, negtive loss : 29239.71:  24%|██▍       | 241/1000 [29:17<1:31:53,  7.26s/it]
Epoch 241 | loss : 308434.02, postive loss : 279194.00, negtive loss : 29240.02:  24%|██▍       | 241/1000 [29:25<1:31:53,  7.26s/it]
Epoch 241 | loss : 308434.02, postive loss : 279194.00, negtive loss : 29240.02:  24%|██▍       | 242/1000 [29:25<1:31:46,  7.26s/it]
Epoch 242 | loss : 308387.97, postive loss : 279148.65, negtive loss : 29239.32:  24%|██▍       | 242/1000 [29:32<1:31:46,  7.26s/it]
Epoch 242 | loss : 308387.97, postive loss : 279148.65, negtive loss : 29239.32:  24%|██▍       | 243/1000 [29:32<1:31:42,  7.27s/it]
Epoch 243 | loss : 308344.08, postive loss : 279104.50, negtive loss : 29239.58:  24%|██▍       | 243/1000 [29:39<1:31:42,  7.27s/it]
Epoch 243 | loss : 308344.08, postive loss : 279104.50, negtive loss : 29239.58:  24%|██▍       | 244/1000 [29:39<1:31:32,  7.27s/it]
Epoch 244 | loss : 308301.92, postive loss : 279061.78, negtive loss : 29240.14:  24%|██▍       | 244/1000 [29:46<1:31:32,  7.27s/it]
Epoch 244 | loss : 308301.92, postive loss : 279061.78, negtive loss : 29240.14:  24%|██▍       | 245/1000 [29:46<1:31:25,  7.27s/it]
Epoch 245 | loss : 308261.40, postive loss : 279021.15, negtive loss : 29240.25:  24%|██▍       | 245/1000 [29:54<1:31:25,  7.27s/it]
Epoch 245 | loss : 308261.40, postive loss : 279021.15, negtive loss : 29240.25:  25%|██▍       | 246/1000 [29:54<1:31:22,  7.27s/it]
Epoch 246 | loss : 308217.36, postive loss : 278977.60, negtive loss : 29239.75:  25%|██▍       | 246/1000 [30:01<1:31:22,  7.27s/it]
Epoch 246 | loss : 308217.36, postive loss : 278977.60, negtive loss : 29239.75:  25%|██▍       | 247/1000 [30:01<1:31:13,  7.27s/it]
Epoch 247 | loss : 308166.79, postive loss : 278927.25, negtive loss : 29239.54:  25%|██▍       | 247/1000 [30:08<1:31:13,  7.27s/it]
Epoch 247 | loss : 308166.79, postive loss : 278927.25, negtive loss : 29239.54:  25%|██▍       | 248/1000 [30:08<1:31:04,  7.27s/it]
Epoch 248 | loss : 308126.27, postive loss : 278886.54, negtive loss : 29239.73:  25%|██▍       | 248/1000 [30:15<1:31:04,  7.27s/it]
Epoch 248 | loss : 308126.27, postive loss : 278886.54, negtive loss : 29239.73:  25%|██▍       | 249/1000 [30:15<1:30:57,  7.27s/it]
Epoch 249 | loss : 308085.85, postive loss : 278846.05, negtive loss : 29239.80:  25%|██▍       | 249/1000 [30:23<1:30:57,  7.27s/it]
Epoch 249 | loss : 308085.85, postive loss : 278846.05, negtive loss : 29239.80:  25%|██▌       | 250/1000 [30:23<1:30:52,  7.27s/it]
Epoch 250 | loss : 307942.23, postive loss : 278703.14, negtive loss : 29239.09:  25%|██▌       | 250/1000 [30:30<1:30:52,  7.27s/it]
Epoch 250 | loss : 307942.23, postive loss : 278703.14, negtive loss : 29239.09:  25%|██▌       | 251/1000 [30:30<1:30:42,  7.27s/it]
Epoch 251 | loss : 307942.78, postive loss : 278703.14, negtive loss : 29239.64:  25%|██▌       | 251/1000 [30:37<1:30:42,  7.27s/it]
Epoch 251 | loss : 307942.78, postive loss : 278703.14, negtive loss : 29239.64:  25%|██▌       | 252/1000 [30:37<1:30:34,  7.27s/it]
Epoch 252 | loss : 307942.96, postive loss : 278703.14, negtive loss : 29239.82:  25%|██▌       | 252/1000 [30:45<1:30:34,  7.27s/it]
Epoch 252 | loss : 307942.96, postive loss : 278703.14, negtive loss : 29239.82:  25%|██▌       | 253/1000 [30:45<1:30:29,  7.27s/it]
Epoch 253 | loss : 307941.95, postive loss : 278703.14, negtive loss : 29238.82:  25%|██▌       | 253/1000 [30:52<1:30:29,  7.27s/it]
Epoch 253 | loss : 307941.95, postive loss : 278703.14, negtive loss : 29238.82:  25%|██▌       | 254/1000 [30:52<1:30:18,  7.26s/it]
Epoch 254 | loss : 307942.61, postive loss : 278703.14, negtive loss : 29239.47:  25%|██▌       | 254/1000 [30:59<1:30:18,  7.26s/it]
Epoch 254 | loss : 307942.61, postive loss : 278703.14, negtive loss : 29239.47:  26%|██▌       | 255/1000 [30:59<1:30:08,  7.26s/it]
Epoch 255 | loss : 307943.19, postive loss : 278703.14, negtive loss : 29240.04:  26%|██▌       | 255/1000 [31:06<1:30:08,  7.26s/it]
Epoch 255 | loss : 307943.19, postive loss : 278703.14, negtive loss : 29240.04:  26%|██▌       | 256/1000 [31:06<1:30:00,  7.26s/it]
Epoch 256 | loss : 307942.75, postive loss : 278703.14, negtive loss : 29239.61:  26%|██▌       | 256/1000 [31:14<1:30:00,  7.26s/it]
Epoch 256 | loss : 307942.75, postive loss : 278703.14, negtive loss : 29239.61:  26%|██▌       | 257/1000 [31:14<1:29:54,  7.26s/it]
Epoch 257 | loss : 307942.72, postive loss : 278703.14, negtive loss : 29239.58:  26%|██▌       | 257/1000 [31:21<1:29:54,  7.26s/it]
Epoch 257 | loss : 307942.72, postive loss : 278703.14, negtive loss : 29239.58:  26%|██▌       | 258/1000 [31:21<1:29:44,  7.26s/it]
Epoch 258 | loss : 307942.84, postive loss : 278703.14, negtive loss : 29239.70:  26%|██▌       | 258/1000 [31:28<1:29:44,  7.26s/it]
Epoch 258 | loss : 307942.84, postive loss : 278703.14, negtive loss : 29239.70:  26%|██▌       | 259/1000 [31:28<1:29:34,  7.25s/it]
Epoch 259 | loss : 307942.68, postive loss : 278703.14, negtive loss : 29239.54:  26%|██▌       | 259/1000 [31:35<1:29:34,  7.25s/it]
Epoch 259 | loss : 307942.68, postive loss : 278703.14, negtive loss : 29239.54:  26%|██▌       | 260/1000 [31:35<1:29:29,  7.26s/it]
Epoch 260 | loss : 307943.34, postive loss : 278703.14, negtive loss : 29240.20:  26%|██▌       | 260/1000 [31:43<1:29:29,  7.26s/it]
Epoch 260 | loss : 307943.34, postive loss : 278703.14, negtive loss : 29240.20:  26%|██▌       | 261/1000 [31:43<1:29:20,  7.25s/it]
Epoch 261 | loss : 307942.65, postive loss : 278703.14, negtive loss : 29239.51:  26%|██▌       | 261/1000 [31:50<1:29:20,  7.25s/it]
Epoch 261 | loss : 307942.65, postive loss : 278703.14, negtive loss : 29239.51:  26%|██▌       | 262/1000 [31:50<1:29:11,  7.25s/it]
Epoch 262 | loss : 307943.29, postive loss : 278703.14, negtive loss : 29240.15:  26%|██▌       | 262/1000 [31:57<1:29:11,  7.25s/it]
Epoch 262 | loss : 307943.29, postive loss : 278703.14, negtive loss : 29240.15:  26%|██▋       | 263/1000 [31:57<1:29:04,  7.25s/it]
Epoch 263 | loss : 307942.61, postive loss : 278703.14, negtive loss : 29239.47:  26%|██▋       | 263/1000 [32:04<1:29:04,  7.25s/it]
Epoch 263 | loss : 307942.61, postive loss : 278703.14, negtive loss : 29239.47:  26%|██▋       | 264/1000 [32:04<1:28:59,  7.26s/it]
Epoch 264 | loss : 307942.63, postive loss : 278703.14, negtive loss : 29239.49:  26%|██▋       | 264/1000 [32:12<1:28:59,  7.26s/it]
Epoch 264 | loss : 307942.63, postive loss : 278703.14, negtive loss : 29239.49:  26%|██▋       | 265/1000 [32:12<1:28:50,  7.25s/it]
Epoch 265 | loss : 307942.77, postive loss : 278703.14, negtive loss : 29239.63:  26%|██▋       | 265/1000 [32:19<1:28:50,  7.25s/it]
Epoch 265 | loss : 307942.77, postive loss : 278703.14, negtive loss : 29239.63:  27%|██▋       | 266/1000 [32:19<1:28:42,  7.25s/it]
Epoch 266 | loss : 307943.36, postive loss : 278703.14, negtive loss : 29240.22:  27%|██▋       | 266/1000 [32:26<1:28:42,  7.25s/it]
Epoch 266 | loss : 307943.36, postive loss : 278703.14, negtive loss : 29240.22:  27%|██▋       | 267/1000 [32:26<1:28:39,  7.26s/it]
Epoch 267 | loss : 307942.58, postive loss : 278703.14, negtive loss : 29239.44:  27%|██▋       | 267/1000 [32:33<1:28:39,  7.26s/it]
Epoch 267 | loss : 307942.58, postive loss : 278703.14, negtive loss : 29239.44:  27%|██▋       | 268/1000 [32:33<1:28:31,  7.26s/it]
Epoch 268 | loss : 307942.96, postive loss : 278703.14, negtive loss : 29239.82:  27%|██▋       | 268/1000 [32:41<1:28:31,  7.26s/it]
Epoch 268 | loss : 307942.96, postive loss : 278703.14, negtive loss : 29239.82:  27%|██▋       | 269/1000 [32:41<1:28:21,  7.25s/it]
Epoch 269 | loss : 307942.33, postive loss : 278703.14, negtive loss : 29239.19:  27%|██▋       | 269/1000 [32:48<1:28:21,  7.25s/it]
Epoch 269 | loss : 307942.33, postive loss : 278703.14, negtive loss : 29239.19:  27%|██▋       | 270/1000 [32:48<1:28:16,  7.26s/it]
Epoch 270 | loss : 307943.42, postive loss : 278703.14, negtive loss : 29240.28:  27%|██▋       | 270/1000 [32:55<1:28:16,  7.26s/it]
Epoch 270 | loss : 307943.42, postive loss : 278703.14, negtive loss : 29240.28:  27%|██▋       | 271/1000 [32:55<1:28:11,  7.26s/it]
Epoch 271 | loss : 307943.02, postive loss : 278703.14, negtive loss : 29239.89:  27%|██▋       | 271/1000 [33:02<1:28:11,  7.26s/it]
Epoch 271 | loss : 307943.02, postive loss : 278703.14, negtive loss : 29239.89:  27%|██▋       | 272/1000 [33:02<1:28:02,  7.26s/it]
Epoch 272 | loss : 307942.61, postive loss : 278703.14, negtive loss : 29239.47:  27%|██▋       | 272/1000 [33:10<1:28:02,  7.26s/it]
Epoch 272 | loss : 307942.61, postive loss : 278703.14, negtive loss : 29239.47:  27%|██▋       | 273/1000 [33:10<1:27:52,  7.25s/it]
Epoch 273 | loss : 307943.30, postive loss : 278703.14, negtive loss : 29240.16:  27%|██▋       | 273/1000 [33:17<1:27:52,  7.25s/it]
Epoch 273 | loss : 307943.30, postive loss : 278703.14, negtive loss : 29240.16:  27%|██▋       | 274/1000 [33:17<1:27:47,  7.26s/it]
Epoch 274 | loss : 307942.63, postive loss : 278703.14, negtive loss : 29239.49:  27%|██▋       | 274/1000 [33:24<1:27:47,  7.26s/it]
Epoch 274 | loss : 307942.63, postive loss : 278703.14, negtive loss : 29239.49:  28%|██▊       | 275/1000 [33:24<1:27:39,  7.25s/it]
Epoch 275 | loss : 307943.20, postive loss : 278703.14, negtive loss : 29240.06:  28%|██▊       | 275/1000 [33:31<1:27:39,  7.25s/it]
Epoch 275 | loss : 307943.20, postive loss : 278703.14, negtive loss : 29240.06:  28%|██▊       | 276/1000 [33:31<1:27:41,  7.27s/it]
Epoch 276 | loss : 307942.52, postive loss : 278703.14, negtive loss : 29239.38:  28%|██▊       | 276/1000 [33:39<1:27:41,  7.27s/it]
Epoch 276 | loss : 307942.52, postive loss : 278703.14, negtive loss : 29239.38:  28%|██▊       | 277/1000 [33:39<1:27:34,  7.27s/it]
Epoch 277 | loss : 307943.32, postive loss : 278703.14, negtive loss : 29240.18:  28%|██▊       | 277/1000 [33:46<1:27:34,  7.27s/it]
Epoch 277 | loss : 307943.32, postive loss : 278703.14, negtive loss : 29240.18:  28%|██▊       | 278/1000 [33:46<1:27:29,  7.27s/it]
Epoch 278 | loss : 307942.94, postive loss : 278703.14, negtive loss : 29239.80:  28%|██▊       | 278/1000 [33:53<1:27:29,  7.27s/it]
Epoch 278 | loss : 307942.94, postive loss : 278703.14, negtive loss : 29239.80:  28%|██▊       | 279/1000 [33:53<1:27:23,  7.27s/it]
Epoch 279 | loss : 307941.95, postive loss : 278703.14, negtive loss : 29238.81:  28%|██▊       | 279/1000 [34:01<1:27:23,  7.27s/it]
Epoch 279 | loss : 307941.95, postive loss : 278703.14, negtive loss : 29238.81:  28%|██▊       | 280/1000 [34:01<1:27:21,  7.28s/it]
Epoch 280 | loss : 307943.15, postive loss : 278703.14, negtive loss : 29240.01:  28%|██▊       | 280/1000 [34:08<1:27:21,  7.28s/it]
Epoch 280 | loss : 307943.15, postive loss : 278703.14, negtive loss : 29240.01:  28%|██▊       | 281/1000 [34:08<1:27:13,  7.28s/it]
Epoch 281 | loss : 307942.88, postive loss : 278703.14, negtive loss : 29239.74:  28%|██▊       | 281/1000 [34:15<1:27:13,  7.28s/it]
Epoch 281 | loss : 307942.88, postive loss : 278703.14, negtive loss : 29239.74:  28%|██▊       | 282/1000 [34:15<1:27:18,  7.30s/it]
Epoch 282 | loss : 307943.20, postive loss : 278703.14, negtive loss : 29240.06:  28%|██▊       | 282/1000 [34:22<1:27:18,  7.30s/it]
Epoch 282 | loss : 307943.20, postive loss : 278703.14, negtive loss : 29240.06:  28%|██▊       | 283/1000 [34:22<1:27:07,  7.29s/it]
Epoch 283 | loss : 307942.59, postive loss : 278703.14, negtive loss : 29239.45:  28%|██▊       | 283/1000 [34:30<1:27:07,  7.29s/it]
Epoch 283 | loss : 307942.59, postive loss : 278703.14, negtive loss : 29239.45:  28%|██▊       | 284/1000 [34:30<1:26:59,  7.29s/it]
Epoch 284 | loss : 307942.79, postive loss : 278703.14, negtive loss : 29239.65:  28%|██▊       | 284/1000 [34:37<1:26:59,  7.29s/it]
Epoch 284 | loss : 307942.79, postive loss : 278703.14, negtive loss : 29239.65:  28%|██▊       | 285/1000 [34:37<1:26:48,  7.28s/it]
Epoch 285 | loss : 307942.55, postive loss : 278703.14, negtive loss : 29239.41:  28%|██▊       | 285/1000 [34:44<1:26:48,  7.28s/it]
Epoch 285 | loss : 307942.55, postive loss : 278703.14, negtive loss : 29239.41:  29%|██▊       | 286/1000 [34:44<1:26:41,  7.29s/it]
Epoch 286 | loss : 307941.98, postive loss : 278703.14, negtive loss : 29238.84:  29%|██▊       | 286/1000 [34:52<1:26:41,  7.29s/it]
Epoch 286 | loss : 307941.98, postive loss : 278703.14, negtive loss : 29238.84:  29%|██▊       | 287/1000 [34:52<1:26:30,  7.28s/it]
Epoch 287 | loss : 307943.03, postive loss : 278703.14, negtive loss : 29239.89:  29%|██▊       | 287/1000 [34:59<1:26:30,  7.28s/it]
Epoch 287 | loss : 307943.03, postive loss : 278703.14, negtive loss : 29239.89:  29%|██▉       | 288/1000 [34:59<1:26:23,  7.28s/it]
Epoch 288 | loss : 307942.52, postive loss : 278703.14, negtive loss : 29239.38:  29%|██▉       | 288/1000 [35:06<1:26:23,  7.28s/it]
Epoch 288 | loss : 307942.52, postive loss : 278703.14, negtive loss : 29239.38:  29%|██▉       | 289/1000 [35:06<1:26:11,  7.27s/it]
Epoch 289 | loss : 307943.02, postive loss : 278703.14, negtive loss : 29239.88:  29%|██▉       | 289/1000 [35:13<1:26:11,  7.27s/it]
Epoch 289 | loss : 307943.02, postive loss : 278703.14, negtive loss : 29239.88:  29%|██▉       | 290/1000 [35:13<1:26:00,  7.27s/it]
Epoch 290 | loss : 307942.47, postive loss : 278703.14, negtive loss : 29239.33:  29%|██▉       | 290/1000 [35:21<1:26:00,  7.27s/it]
Epoch 290 | loss : 307942.47, postive loss : 278703.14, negtive loss : 29239.33:  29%|██▉       | 291/1000 [35:21<1:25:56,  7.27s/it]
Epoch 291 | loss : 307942.34, postive loss : 278703.14, negtive loss : 29239.20:  29%|██▉       | 291/1000 [35:28<1:25:56,  7.27s/it]
Epoch 291 | loss : 307942.34, postive loss : 278703.14, negtive loss : 29239.20:  29%|██▉       | 292/1000 [35:28<1:25:48,  7.27s/it]
Epoch 292 | loss : 307942.70, postive loss : 278703.14, negtive loss : 29239.56:  29%|██▉       | 292/1000 [35:35<1:25:48,  7.27s/it]
Epoch 292 | loss : 307942.70, postive loss : 278703.14, negtive loss : 29239.56:  29%|██▉       | 293/1000 [35:35<1:25:40,  7.27s/it]
Epoch 293 | loss : 307943.53, postive loss : 278703.14, negtive loss : 29240.39:  29%|██▉       | 293/1000 [35:42<1:25:40,  7.27s/it]
Epoch 293 | loss : 307943.53, postive loss : 278703.14, negtive loss : 29240.39:  29%|██▉       | 294/1000 [35:42<1:25:31,  7.27s/it]
Epoch 294 | loss : 307942.27, postive loss : 278703.14, negtive loss : 29239.13:  29%|██▉       | 294/1000 [35:50<1:25:31,  7.27s/it]
Epoch 294 | loss : 307942.27, postive loss : 278703.14, negtive loss : 29239.13:  30%|██▉       | 295/1000 [35:50<1:25:26,  7.27s/it]
Epoch 295 | loss : 307943.62, postive loss : 278703.14, negtive loss : 29240.48:  30%|██▉       | 295/1000 [35:57<1:25:26,  7.27s/it]
Epoch 295 | loss : 307943.62, postive loss : 278703.14, negtive loss : 29240.48:  30%|██▉       | 296/1000 [35:57<1:25:18,  7.27s/it]
Epoch 296 | loss : 307942.99, postive loss : 278703.14, negtive loss : 29239.85:  30%|██▉       | 296/1000 [36:04<1:25:18,  7.27s/it]
Epoch 296 | loss : 307942.99, postive loss : 278703.14, negtive loss : 29239.85:  30%|██▉       | 297/1000 [36:04<1:25:08,  7.27s/it]
Epoch 297 | loss : 307942.88, postive loss : 278703.14, negtive loss : 29239.74:  30%|██▉       | 297/1000 [36:11<1:25:08,  7.27s/it]
Epoch 297 | loss : 307942.88, postive loss : 278703.14, negtive loss : 29239.74:  30%|██▉       | 298/1000 [36:11<1:25:00,  7.27s/it]
Epoch 298 | loss : 307942.42, postive loss : 278703.14, negtive loss : 29239.28:  30%|██▉       | 298/1000 [36:19<1:25:00,  7.27s/it]
Epoch 298 | loss : 307942.42, postive loss : 278703.14, negtive loss : 29239.28:  30%|██▉       | 299/1000 [36:19<1:24:54,  7.27s/it]
Epoch 299 | loss : 307942.39, postive loss : 278703.14, negtive loss : 29239.25:  30%|██▉       | 299/1000 [36:26<1:24:54,  7.27s/it]
Epoch 299 | loss : 307942.39, postive loss : 278703.14, negtive loss : 29239.25:  30%|███       | 300/1000 [36:26<1:24:48,  7.27s/it]
Epoch 300 | loss : 307943.15, postive loss : 278703.14, negtive loss : 29240.01:  30%|███       | 300/1000 [36:33<1:24:48,  7.27s/it]
Epoch 300 | loss : 307943.15, postive loss : 278703.14, negtive loss : 29240.01:  30%|███       | 301/1000 [36:33<1:24:39,  7.27s/it]
Epoch 301 | loss : 307942.12, postive loss : 278703.14, negtive loss : 29238.98:  30%|███       | 301/1000 [36:41<1:24:39,  7.27s/it]
Epoch 301 | loss : 307942.12, postive loss : 278703.14, negtive loss : 29238.98:  30%|███       | 302/1000 [36:41<1:24:35,  7.27s/it]
Epoch 302 | loss : 307943.01, postive loss : 278703.14, negtive loss : 29239.87:  30%|███       | 302/1000 [36:48<1:24:35,  7.27s/it]
Epoch 302 | loss : 307943.01, postive loss : 278703.14, negtive loss : 29239.87:  30%|███       | 303/1000 [36:48<1:24:25,  7.27s/it]
Epoch 303 | loss : 307943.08, postive loss : 278703.14, negtive loss : 29239.94:  30%|███       | 303/1000 [36:55<1:24:25,  7.27s/it]
Epoch 303 | loss : 307943.08, postive loss : 278703.14, negtive loss : 29239.94:  30%|███       | 304/1000 [36:55<1:24:18,  7.27s/it]
Epoch 304 | loss : 307942.96, postive loss : 278703.14, negtive loss : 29239.82:  30%|███       | 304/1000 [37:02<1:24:18,  7.27s/it]
Epoch 304 | loss : 307942.96, postive loss : 278703.14, negtive loss : 29239.82:  30%|███       | 305/1000 [37:02<1:24:13,  7.27s/it]
Epoch 305 | loss : 307942.94, postive loss : 278703.14, negtive loss : 29239.80:  30%|███       | 305/1000 [37:10<1:24:13,  7.27s/it]
Epoch 305 | loss : 307942.94, postive loss : 278703.14, negtive loss : 29239.80:  31%|███       | 306/1000 [37:10<1:24:06,  7.27s/it]
Epoch 306 | loss : 307943.68, postive loss : 278703.14, negtive loss : 29240.54:  31%|███       | 306/1000 [37:17<1:24:06,  7.27s/it]
Epoch 306 | loss : 307943.68, postive loss : 278703.14, negtive loss : 29240.54:  31%|███       | 307/1000 [37:17<1:24:02,  7.28s/it]
Epoch 307 | loss : 307942.26, postive loss : 278703.14, negtive loss : 29239.12:  31%|███       | 307/1000 [37:24<1:24:02,  7.28s/it]
Epoch 307 | loss : 307942.26, postive loss : 278703.14, negtive loss : 29239.12:  31%|███       | 308/1000 [37:24<1:24:05,  7.29s/it]
Epoch 308 | loss : 307942.52, postive loss : 278703.14, negtive loss : 29239.38:  31%|███       | 308/1000 [37:32<1:24:05,  7.29s/it]
Epoch 308 | loss : 307942.52, postive loss : 278703.14, negtive loss : 29239.38:  31%|███       | 309/1000 [37:32<1:24:09,  7.31s/it]
Epoch 309 | loss : 307943.49, postive loss : 278703.14, negtive loss : 29240.35:  31%|███       | 309/1000 [37:39<1:24:09,  7.31s/it]
Epoch 309 | loss : 307943.49, postive loss : 278703.14, negtive loss : 29240.35:  31%|███       | 310/1000 [37:39<1:24:06,  7.31s/it]
Epoch 310 | loss : 307942.95, postive loss : 278703.14, negtive loss : 29239.81:  31%|███       | 310/1000 [37:46<1:24:06,  7.31s/it]
Epoch 310 | loss : 307942.95, postive loss : 278703.14, negtive loss : 29239.81:  31%|███       | 311/1000 [37:46<1:24:00,  7.32s/it]
Epoch 311 | loss : 307943.17, postive loss : 278703.14, negtive loss : 29240.03:  31%|███       | 311/1000 [37:54<1:24:00,  7.32s/it]
Epoch 311 | loss : 307943.17, postive loss : 278703.14, negtive loss : 29240.03:  31%|███       | 312/1000 [37:54<1:23:57,  7.32s/it]
Epoch 312 | loss : 307942.84, postive loss : 278703.14, negtive loss : 29239.70:  31%|███       | 312/1000 [38:01<1:23:57,  7.32s/it]
Epoch 312 | loss : 307942.84, postive loss : 278703.14, negtive loss : 29239.70:  31%|███▏      | 313/1000 [38:01<1:23:53,  7.33s/it]
Epoch 313 | loss : 307943.18, postive loss : 278703.14, negtive loss : 29240.04:  31%|███▏      | 313/1000 [38:08<1:23:53,  7.33s/it]
Epoch 313 | loss : 307943.18, postive loss : 278703.14, negtive loss : 29240.04:  31%|███▏      | 314/1000 [38:08<1:23:46,  7.33s/it]
Epoch 314 | loss : 307942.28, postive loss : 278703.14, negtive loss : 29239.14:  31%|███▏      | 314/1000 [38:16<1:23:46,  7.33s/it]
Epoch 314 | loss : 307942.28, postive loss : 278703.14, negtive loss : 29239.14:  32%|███▏      | 315/1000 [38:16<1:23:38,  7.33s/it]
Epoch 315 | loss : 307942.48, postive loss : 278703.14, negtive loss : 29239.34:  32%|███▏      | 315/1000 [38:23<1:23:38,  7.33s/it]
Epoch 315 | loss : 307942.48, postive loss : 278703.14, negtive loss : 29239.34:  32%|███▏      | 316/1000 [38:23<1:23:35,  7.33s/it]
Epoch 316 | loss : 307942.30, postive loss : 278703.14, negtive loss : 29239.16:  32%|███▏      | 316/1000 [38:30<1:23:35,  7.33s/it]
Epoch 316 | loss : 307942.30, postive loss : 278703.14, negtive loss : 29239.16:  32%|███▏      | 317/1000 [38:30<1:23:30,  7.34s/it]
Epoch 317 | loss : 307942.60, postive loss : 278703.14, negtive loss : 29239.46:  32%|███▏      | 317/1000 [38:38<1:23:30,  7.34s/it]
Epoch 317 | loss : 307942.60, postive loss : 278703.14, negtive loss : 29239.46:  32%|███▏      | 318/1000 [38:38<1:23:20,  7.33s/it]
Epoch 318 | loss : 307942.99, postive loss : 278703.14, negtive loss : 29239.85:  32%|███▏      | 318/1000 [38:45<1:23:20,  7.33s/it]
Epoch 318 | loss : 307942.99, postive loss : 278703.14, negtive loss : 29239.85:  32%|███▏      | 319/1000 [38:45<1:23:14,  7.33s/it]
Epoch 319 | loss : 307942.88, postive loss : 278703.14, negtive loss : 29239.74:  32%|███▏      | 319/1000 [38:52<1:23:14,  7.33s/it]
Epoch 319 | loss : 307942.88, postive loss : 278703.14, negtive loss : 29239.74:  32%|███▏      | 320/1000 [38:52<1:23:09,  7.34s/it]
Epoch 320 | loss : 307942.92, postive loss : 278703.14, negtive loss : 29239.78:  32%|███▏      | 320/1000 [39:00<1:23:09,  7.34s/it]
Epoch 320 | loss : 307942.92, postive loss : 278703.14, negtive loss : 29239.78:  32%|███▏      | 321/1000 [39:00<1:23:00,  7.33s/it]
Epoch 321 | loss : 307943.03, postive loss : 278703.14, negtive loss : 29239.89:  32%|███▏      | 321/1000 [39:07<1:23:00,  7.33s/it]
Epoch 321 | loss : 307943.03, postive loss : 278703.14, negtive loss : 29239.89:  32%|███▏      | 322/1000 [39:07<1:22:52,  7.33s/it]
Epoch 322 | loss : 307942.69, postive loss : 278703.14, negtive loss : 29239.55:  32%|███▏      | 322/1000 [39:14<1:22:52,  7.33s/it]
Epoch 322 | loss : 307942.69, postive loss : 278703.14, negtive loss : 29239.55:  32%|███▏      | 323/1000 [39:14<1:22:47,  7.34s/it]
Epoch 323 | loss : 307943.14, postive loss : 278703.14, negtive loss : 29240.00:  32%|███▏      | 323/1000 [39:22<1:22:47,  7.34s/it]
Epoch 323 | loss : 307943.14, postive loss : 278703.14, negtive loss : 29240.00:  32%|███▏      | 324/1000 [39:22<1:22:38,  7.33s/it]
Epoch 324 | loss : 307942.29, postive loss : 278703.14, negtive loss : 29239.15:  32%|███▏      | 324/1000 [39:29<1:22:38,  7.33s/it]
Epoch 324 | loss : 307942.29, postive loss : 278703.14, negtive loss : 29239.15:  32%|███▎      | 325/1000 [39:29<1:22:30,  7.33s/it]
Epoch 325 | loss : 307942.91, postive loss : 278703.14, negtive loss : 29239.77:  32%|███▎      | 325/1000 [39:36<1:22:30,  7.33s/it]
Epoch 325 | loss : 307942.91, postive loss : 278703.14, negtive loss : 29239.77:  33%|███▎      | 326/1000 [39:36<1:22:23,  7.33s/it]
Epoch 326 | loss : 307943.23, postive loss : 278703.14, negtive loss : 29240.09:  33%|███▎      | 326/1000 [39:44<1:22:23,  7.33s/it]
Epoch 326 | loss : 307943.23, postive loss : 278703.14, negtive loss : 29240.09:  33%|███▎      | 327/1000 [39:44<1:22:01,  7.31s/it]
Epoch 327 | loss : 307942.69, postive loss : 278703.14, negtive loss : 29239.55:  33%|███▎      | 327/1000 [39:51<1:22:01,  7.31s/it]
Epoch 327 | loss : 307942.69, postive loss : 278703.14, negtive loss : 29239.55:  33%|███▎      | 328/1000 [39:51<1:21:42,  7.30s/it]
Epoch 328 | loss : 307942.42, postive loss : 278703.14, negtive loss : 29239.28:  33%|███▎      | 328/1000 [39:58<1:21:42,  7.30s/it]
Epoch 328 | loss : 307942.42, postive loss : 278703.14, negtive loss : 29239.28:  33%|███▎      | 329/1000 [39:58<1:21:28,  7.28s/it]
Epoch 329 | loss : 307943.38, postive loss : 278703.14, negtive loss : 29240.24:  33%|███▎      | 329/1000 [40:05<1:21:28,  7.28s/it]
Epoch 329 | loss : 307943.38, postive loss : 278703.14, negtive loss : 29240.24:  33%|███▎      | 330/1000 [40:05<1:21:18,  7.28s/it]
Epoch 330 | loss : 307942.94, postive loss : 278703.14, negtive loss : 29239.80:  33%|███▎      | 330/1000 [40:13<1:21:18,  7.28s/it]
Epoch 330 | loss : 307942.94, postive loss : 278703.14, negtive loss : 29239.80:  33%|███▎      | 331/1000 [40:13<1:21:07,  7.28s/it]
Epoch 331 | loss : 307942.87, postive loss : 278703.14, negtive loss : 29239.73:  33%|███▎      | 331/1000 [40:20<1:21:07,  7.28s/it]
Epoch 331 | loss : 307942.87, postive loss : 278703.14, negtive loss : 29239.73:  33%|███▎      | 332/1000 [40:20<1:20:57,  7.27s/it]
Epoch 332 | loss : 307942.59, postive loss : 278703.14, negtive loss : 29239.45:  33%|███▎      | 332/1000 [40:27<1:20:57,  7.27s/it]
Epoch 332 | loss : 307942.59, postive loss : 278703.14, negtive loss : 29239.45:  33%|███▎      | 333/1000 [40:27<1:20:47,  7.27s/it]
Epoch 333 | loss : 307941.95, postive loss : 278703.14, negtive loss : 29238.82:  33%|███▎      | 333/1000 [40:34<1:20:47,  7.27s/it]
Epoch 333 | loss : 307941.95, postive loss : 278703.14, negtive loss : 29238.82:  33%|███▎      | 334/1000 [40:34<1:20:39,  7.27s/it]
Epoch 334 | loss : 307942.96, postive loss : 278703.14, negtive loss : 29239.82:  33%|███▎      | 334/1000 [40:42<1:20:39,  7.27s/it]
Epoch 334 | loss : 307942.96, postive loss : 278703.14, negtive loss : 29239.82:  34%|███▎      | 335/1000 [40:42<1:20:28,  7.26s/it]
Epoch 335 | loss : 307943.30, postive loss : 278703.14, negtive loss : 29240.16:  34%|███▎      | 335/1000 [40:49<1:20:28,  7.26s/it]
Epoch 335 | loss : 307943.30, postive loss : 278703.14, negtive loss : 29240.16:  34%|███▎      | 336/1000 [40:49<1:20:19,  7.26s/it]
Epoch 336 | loss : 307943.01, postive loss : 278703.14, negtive loss : 29239.87:  34%|███▎      | 336/1000 [40:56<1:20:19,  7.26s/it]
Epoch 336 | loss : 307943.01, postive loss : 278703.14, negtive loss : 29239.87:  34%|███▎      | 337/1000 [40:56<1:20:13,  7.26s/it]
Epoch 337 | loss : 307942.81, postive loss : 278703.14, negtive loss : 29239.67:  34%|███▎      | 337/1000 [41:03<1:20:13,  7.26s/it]
Epoch 337 | loss : 307942.81, postive loss : 278703.14, negtive loss : 29239.67:  34%|███▍      | 338/1000 [41:03<1:20:04,  7.26s/it]
Epoch 338 | loss : 307942.84, postive loss : 278703.14, negtive loss : 29239.70:  34%|███▍      | 338/1000 [41:11<1:20:04,  7.26s/it]
Epoch 338 | loss : 307942.84, postive loss : 278703.14, negtive loss : 29239.70:  34%|███▍      | 339/1000 [41:11<1:19:54,  7.25s/it]
Epoch 339 | loss : 307942.92, postive loss : 278703.14, negtive loss : 29239.78:  34%|███▍      | 339/1000 [41:18<1:19:54,  7.25s/it]
Epoch 339 | loss : 307942.92, postive loss : 278703.14, negtive loss : 29239.78:  34%|███▍      | 340/1000 [41:18<1:19:49,  7.26s/it]
Epoch 340 | loss : 307943.53, postive loss : 278703.14, negtive loss : 29240.39:  34%|███▍      | 340/1000 [41:25<1:19:49,  7.26s/it]
Epoch 340 | loss : 307943.53, postive loss : 278703.14, negtive loss : 29240.39:  34%|███▍      | 341/1000 [41:25<1:19:41,  7.26s/it]
Epoch 341 | loss : 307943.59, postive loss : 278703.14, negtive loss : 29240.45:  34%|███▍      | 341/1000 [41:32<1:19:41,  7.26s/it]
Epoch 341 | loss : 307943.59, postive loss : 278703.14, negtive loss : 29240.45:  34%|███▍      | 342/1000 [41:32<1:19:33,  7.25s/it]
Epoch 342 | loss : 307942.52, postive loss : 278703.14, negtive loss : 29239.38:  34%|███▍      | 342/1000 [41:40<1:19:33,  7.25s/it]
Epoch 342 | loss : 307942.52, postive loss : 278703.14, negtive loss : 29239.38:  34%|███▍      | 343/1000 [41:40<1:19:26,  7.25s/it]
Epoch 343 | loss : 307943.65, postive loss : 278703.14, negtive loss : 29240.52:  34%|███▍      | 343/1000 [41:47<1:19:26,  7.25s/it]
Epoch 343 | loss : 307943.65, postive loss : 278703.14, negtive loss : 29240.52:  34%|███▍      | 344/1000 [41:47<1:19:21,  7.26s/it]
Epoch 344 | loss : 307942.73, postive loss : 278703.14, negtive loss : 29239.59:  34%|███▍      | 344/1000 [41:54<1:19:21,  7.26s/it]
Epoch 344 | loss : 307942.73, postive loss : 278703.14, negtive loss : 29239.59:  34%|███▍      | 345/1000 [41:54<1:19:11,  7.25s/it]
Epoch 345 | loss : 307943.61, postive loss : 278703.14, negtive loss : 29240.47:  34%|███▍      | 345/1000 [42:01<1:19:11,  7.25s/it]
Epoch 345 | loss : 307943.61, postive loss : 278703.14, negtive loss : 29240.47:  35%|███▍      | 346/1000 [42:01<1:19:03,  7.25s/it]
Epoch 346 | loss : 307943.16, postive loss : 278703.14, negtive loss : 29240.02:  35%|███▍      | 346/1000 [42:09<1:19:03,  7.25s/it]
Epoch 346 | loss : 307943.16, postive loss : 278703.14, negtive loss : 29240.02:  35%|███▍      | 347/1000 [42:09<1:18:56,  7.25s/it]
Epoch 347 | loss : 307942.26, postive loss : 278703.14, negtive loss : 29239.12:  35%|███▍      | 347/1000 [42:16<1:18:56,  7.25s/it]
Epoch 347 | loss : 307942.26, postive loss : 278703.14, negtive loss : 29239.12:  35%|███▍      | 348/1000 [42:16<1:18:49,  7.25s/it]
Epoch 348 | loss : 307942.50, postive loss : 278703.14, negtive loss : 29239.36:  35%|███▍      | 348/1000 [42:23<1:18:49,  7.25s/it]
Epoch 348 | loss : 307942.50, postive loss : 278703.14, negtive loss : 29239.36:  35%|███▍      | 349/1000 [42:23<1:18:40,  7.25s/it]
Epoch 349 | loss : 307942.81, postive loss : 278703.14, negtive loss : 29239.67:  35%|███▍      | 349/1000 [42:30<1:18:40,  7.25s/it]
Epoch 349 | loss : 307942.81, postive loss : 278703.14, negtive loss : 29239.67:  35%|███▌      | 350/1000 [42:30<1:18:33,  7.25s/it]
Epoch 350 | loss : 307943.13, postive loss : 278703.14, negtive loss : 29239.99:  35%|███▌      | 350/1000 [42:38<1:18:33,  7.25s/it]
Epoch 350 | loss : 307943.13, postive loss : 278703.14, negtive loss : 29239.99:  35%|███▌      | 351/1000 [42:38<1:18:29,  7.26s/it]
Epoch 351 | loss : 307942.57, postive loss : 278703.14, negtive loss : 29239.44:  35%|███▌      | 351/1000 [42:45<1:18:29,  7.26s/it]
Epoch 351 | loss : 307942.57, postive loss : 278703.14, negtive loss : 29239.44:  35%|███▌      | 352/1000 [42:45<1:18:24,  7.26s/it]
Epoch 352 | loss : 307942.99, postive loss : 278703.14, negtive loss : 29239.85:  35%|███▌      | 352/1000 [42:52<1:18:24,  7.26s/it]
Epoch 352 | loss : 307942.99, postive loss : 278703.14, negtive loss : 29239.85:  35%|███▌      | 353/1000 [42:52<1:18:14,  7.26s/it]
Epoch 353 | loss : 307942.41, postive loss : 278703.14, negtive loss : 29239.28:  35%|███▌      | 353/1000 [42:59<1:18:14,  7.26s/it]
Epoch 353 | loss : 307942.41, postive loss : 278703.14, negtive loss : 29239.28:  35%|███▌      | 354/1000 [42:59<1:18:06,  7.25s/it]
Epoch 354 | loss : 307943.12, postive loss : 278703.14, negtive loss : 29239.98:  35%|███▌      | 354/1000 [43:07<1:18:06,  7.25s/it]
Epoch 354 | loss : 307943.12, postive loss : 278703.14, negtive loss : 29239.98:  36%|███▌      | 355/1000 [43:07<1:17:59,  7.26s/it]
Epoch 355 | loss : 307942.54, postive loss : 278703.14, negtive loss : 29239.40:  36%|███▌      | 355/1000 [43:14<1:17:59,  7.26s/it]
Epoch 355 | loss : 307942.54, postive loss : 278703.14, negtive loss : 29239.40:  36%|███▌      | 356/1000 [43:14<1:17:53,  7.26s/it]
Epoch 356 | loss : 307943.52, postive loss : 278703.14, negtive loss : 29240.38:  36%|███▌      | 356/1000 [43:21<1:17:53,  7.26s/it]
Epoch 356 | loss : 307943.52, postive loss : 278703.14, negtive loss : 29240.38:  36%|███▌      | 357/1000 [43:21<1:17:45,  7.26s/it]
Epoch 357 | loss : 307942.47, postive loss : 278703.14, negtive loss : 29239.33:  36%|███▌      | 357/1000 [43:28<1:17:45,  7.26s/it]
Epoch 357 | loss : 307942.47, postive loss : 278703.14, negtive loss : 29239.33:  36%|███▌      | 358/1000 [43:28<1:17:35,  7.25s/it]
Epoch 358 | loss : 307942.43, postive loss : 278703.14, negtive loss : 29239.29:  36%|███▌      | 358/1000 [43:36<1:17:35,  7.25s/it]
Epoch 358 | loss : 307942.43, postive loss : 278703.14, negtive loss : 29239.29:  36%|███▌      | 359/1000 [43:36<1:17:30,  7.26s/it]
Epoch 359 | loss : 307942.47, postive loss : 278703.14, negtive loss : 29239.32:  36%|███▌      | 359/1000 [43:43<1:17:30,  7.26s/it]
Epoch 359 | loss : 307942.47, postive loss : 278703.14, negtive loss : 29239.32:  36%|███▌      | 360/1000 [43:43<1:17:22,  7.25s/it]
Epoch 360 | loss : 307942.21, postive loss : 278703.14, negtive loss : 29239.08:  36%|███▌      | 360/1000 [43:50<1:17:22,  7.25s/it]
Epoch 360 | loss : 307942.21, postive loss : 278703.14, negtive loss : 29239.08:  36%|███▌      | 361/1000 [43:50<1:17:13,  7.25s/it]
Epoch 361 | loss : 307943.26, postive loss : 278703.14, negtive loss : 29240.12:  36%|███▌      | 361/1000 [43:57<1:17:13,  7.25s/it]
Epoch 361 | loss : 307943.26, postive loss : 278703.14, negtive loss : 29240.12:  36%|███▌      | 362/1000 [43:57<1:17:08,  7.25s/it]
Epoch 362 | loss : 307942.33, postive loss : 278703.14, negtive loss : 29239.19:  36%|███▌      | 362/1000 [44:05<1:17:08,  7.25s/it]
Epoch 362 | loss : 307942.33, postive loss : 278703.14, negtive loss : 29239.19:  36%|███▋      | 363/1000 [44:05<1:17:03,  7.26s/it]
Epoch 363 | loss : 307942.71, postive loss : 278703.14, negtive loss : 29239.57:  36%|███▋      | 363/1000 [44:12<1:17:03,  7.26s/it]
Epoch 363 | loss : 307942.71, postive loss : 278703.14, negtive loss : 29239.57:  36%|███▋      | 364/1000 [44:12<1:16:53,  7.25s/it]
Epoch 364 | loss : 307943.16, postive loss : 278703.14, negtive loss : 29240.02:  36%|███▋      | 364/1000 [44:19<1:16:53,  7.25s/it]
Epoch 364 | loss : 307943.16, postive loss : 278703.14, negtive loss : 29240.02:  36%|███▋      | 365/1000 [44:19<1:16:44,  7.25s/it]
Epoch 365 | loss : 307942.58, postive loss : 278703.14, negtive loss : 29239.44:  36%|███▋      | 365/1000 [44:27<1:16:44,  7.25s/it]
Epoch 365 | loss : 307942.58, postive loss : 278703.14, negtive loss : 29239.44:  37%|███▋      | 366/1000 [44:27<1:16:39,  7.26s/it]
Epoch 366 | loss : 307942.77, postive loss : 278703.14, negtive loss : 29239.63:  37%|███▋      | 366/1000 [44:34<1:16:39,  7.26s/it]
Epoch 366 | loss : 307942.77, postive loss : 278703.14, negtive loss : 29239.63:  37%|███▋      | 367/1000 [44:34<1:16:31,  7.25s/it]
Epoch 367 | loss : 307942.47, postive loss : 278703.14, negtive loss : 29239.34:  37%|███▋      | 367/1000 [44:41<1:16:31,  7.25s/it]
Epoch 367 | loss : 307942.47, postive loss : 278703.14, negtive loss : 29239.34:  37%|███▋      | 368/1000 [44:41<1:16:23,  7.25s/it]
Epoch 368 | loss : 307942.42, postive loss : 278703.14, negtive loss : 29239.29:  37%|███▋      | 368/1000 [44:48<1:16:23,  7.25s/it]
Epoch 368 | loss : 307942.42, postive loss : 278703.14, negtive loss : 29239.29:  37%|███▋      | 369/1000 [44:48<1:16:16,  7.25s/it]
Epoch 369 | loss : 307942.94, postive loss : 278703.14, negtive loss : 29239.81:  37%|███▋      | 369/1000 [44:56<1:16:16,  7.25s/it]
Epoch 369 | loss : 307942.94, postive loss : 278703.14, negtive loss : 29239.81:  37%|███▋      | 370/1000 [44:56<1:16:12,  7.26s/it]
Epoch 370 | loss : 307942.73, postive loss : 278703.14, negtive loss : 29239.60:  37%|███▋      | 370/1000 [45:03<1:16:12,  7.26s/it]
Epoch 370 | loss : 307942.73, postive loss : 278703.14, negtive loss : 29239.60:  37%|███▋      | 371/1000 [45:03<1:16:01,  7.25s/it]
Epoch 371 | loss : 307942.92, postive loss : 278703.14, negtive loss : 29239.78:  37%|███▋      | 371/1000 [45:10<1:16:01,  7.25s/it]
Epoch 371 | loss : 307942.92, postive loss : 278703.14, negtive loss : 29239.78:  37%|███▋      | 372/1000 [45:10<1:15:53,  7.25s/it]
Epoch 372 | loss : 307942.62, postive loss : 278703.14, negtive loss : 29239.48:  37%|███▋      | 372/1000 [45:17<1:15:53,  7.25s/it]
Epoch 372 | loss : 307942.62, postive loss : 278703.14, negtive loss : 29239.48:  37%|███▋      | 373/1000 [45:17<1:15:47,  7.25s/it]
Epoch 373 | loss : 307943.31, postive loss : 278703.14, negtive loss : 29240.17:  37%|███▋      | 373/1000 [45:25<1:15:47,  7.25s/it]
Epoch 373 | loss : 307943.31, postive loss : 278703.14, negtive loss : 29240.17:  37%|███▋      | 374/1000 [45:25<1:15:39,  7.25s/it]
Epoch 374 | loss : 307942.99, postive loss : 278703.14, negtive loss : 29239.85:  37%|███▋      | 374/1000 [45:32<1:15:39,  7.25s/it]
Epoch 374 | loss : 307942.99, postive loss : 278703.14, negtive loss : 29239.85:  38%|███▊      | 375/1000 [45:32<1:15:31,  7.25s/it]
Epoch 375 | loss : 307942.23, postive loss : 278703.14, negtive loss : 29239.09:  38%|███▊      | 375/1000 [45:39<1:15:31,  7.25s/it]
Epoch 375 | loss : 307942.23, postive loss : 278703.14, negtive loss : 29239.09:  38%|███▊      | 376/1000 [45:39<1:15:23,  7.25s/it]
Epoch 376 | loss : 307942.53, postive loss : 278703.14, negtive loss : 29239.40:  38%|███▊      | 376/1000 [45:46<1:15:23,  7.25s/it]
Epoch 376 | loss : 307942.53, postive loss : 278703.14, negtive loss : 29239.40:  38%|███▊      | 377/1000 [45:46<1:15:20,  7.26s/it]
Epoch 377 | loss : 307942.78, postive loss : 278703.14, negtive loss : 29239.65:  38%|███▊      | 377/1000 [45:54<1:15:20,  7.26s/it]
Epoch 377 | loss : 307942.78, postive loss : 278703.14, negtive loss : 29239.65:  38%|███▊      | 378/1000 [45:54<1:15:12,  7.25s/it]
Epoch 378 | loss : 307942.81, postive loss : 278703.14, negtive loss : 29239.67:  38%|███▊      | 378/1000 [46:01<1:15:12,  7.25s/it]
Epoch 378 | loss : 307942.81, postive loss : 278703.14, negtive loss : 29239.67:  38%|███▊      | 379/1000 [46:01<1:15:04,  7.25s/it]
Epoch 379 | loss : 307943.01, postive loss : 278703.14, negtive loss : 29239.87:  38%|███▊      | 379/1000 [46:08<1:15:04,  7.25s/it]
Epoch 379 | loss : 307943.01, postive loss : 278703.14, negtive loss : 29239.87:  38%|███▊      | 380/1000 [46:08<1:14:58,  7.26s/it]
Epoch 380 | loss : 307943.51, postive loss : 278703.14, negtive loss : 29240.38:  38%|███▊      | 380/1000 [46:15<1:14:58,  7.26s/it]
Epoch 380 | loss : 307943.51, postive loss : 278703.14, negtive loss : 29240.38:  38%|███▊      | 381/1000 [46:15<1:14:51,  7.26s/it]
Epoch 381 | loss : 307942.81, postive loss : 278703.14, negtive loss : 29239.67:  38%|███▊      | 381/1000 [46:23<1:14:51,  7.26s/it]
Epoch 381 | loss : 307942.81, postive loss : 278703.14, negtive loss : 29239.67:  38%|███▊      | 382/1000 [46:23<1:14:43,  7.26s/it]
Epoch 382 | loss : 307943.17, postive loss : 278703.14, negtive loss : 29240.04:  38%|███▊      | 382/1000 [46:30<1:14:43,  7.26s/it]
Epoch 382 | loss : 307943.17, postive loss : 278703.14, negtive loss : 29240.04:  38%|███▊      | 383/1000 [46:30<1:14:35,  7.25s/it]
Epoch 383 | loss : 307943.07, postive loss : 278703.14, negtive loss : 29239.93:  38%|███▊      | 383/1000 [46:37<1:14:35,  7.25s/it]
Epoch 383 | loss : 307943.07, postive loss : 278703.14, negtive loss : 29239.93:  38%|███▊      | 384/1000 [46:37<1:14:31,  7.26s/it]
Epoch 384 | loss : 307943.07, postive loss : 278703.14, negtive loss : 29239.94:  38%|███▊      | 384/1000 [46:44<1:14:31,  7.26s/it]
Epoch 384 | loss : 307943.07, postive loss : 278703.14, negtive loss : 29239.94:  38%|███▊      | 385/1000 [46:44<1:14:23,  7.26s/it]
Epoch 385 | loss : 307942.65, postive loss : 278703.14, negtive loss : 29239.51:  38%|███▊      | 385/1000 [46:52<1:14:23,  7.26s/it]
Epoch 385 | loss : 307942.65, postive loss : 278703.14, negtive loss : 29239.51:  39%|███▊      | 386/1000 [46:52<1:14:14,  7.26s/it]
Epoch 386 | loss : 307942.66, postive loss : 278703.14, negtive loss : 29239.52:  39%|███▊      | 386/1000 [46:59<1:14:14,  7.26s/it]
Epoch 386 | loss : 307942.66, postive loss : 278703.14, negtive loss : 29239.52:  39%|███▊      | 387/1000 [46:59<1:14:07,  7.26s/it]
Epoch 387 | loss : 307943.29, postive loss : 278703.14, negtive loss : 29240.16:  39%|███▊      | 387/1000 [47:06<1:14:07,  7.26s/it]
Epoch 387 | loss : 307943.29, postive loss : 278703.14, negtive loss : 29240.16:  39%|███▉      | 388/1000 [47:06<1:14:02,  7.26s/it]
Epoch 388 | loss : 307942.53, postive loss : 278703.14, negtive loss : 29239.39:  39%|███▉      | 388/1000 [47:13<1:14:02,  7.26s/it]
Epoch 388 | loss : 307942.53, postive loss : 278703.14, negtive loss : 29239.39:  39%|███▉      | 389/1000 [47:13<1:13:54,  7.26s/it]
Epoch 389 | loss : 307942.94, postive loss : 278703.14, negtive loss : 29239.80:  39%|███▉      | 389/1000 [47:21<1:13:54,  7.26s/it]
Epoch 389 | loss : 307942.94, postive loss : 278703.14, negtive loss : 29239.80:  39%|███▉      | 390/1000 [47:21<1:13:45,  7.25s/it]
Epoch 390 | loss : 307942.93, postive loss : 278703.14, negtive loss : 29239.79:  39%|███▉      | 390/1000 [47:28<1:13:45,  7.25s/it]
Epoch 390 | loss : 307942.93, postive loss : 278703.14, negtive loss : 29239.79:  39%|███▉      | 391/1000 [47:28<1:13:41,  7.26s/it]
Epoch 391 | loss : 307943.46, postive loss : 278703.14, negtive loss : 29240.32:  39%|███▉      | 391/1000 [47:35<1:13:41,  7.26s/it]
Epoch 391 | loss : 307943.46, postive loss : 278703.14, negtive loss : 29240.32:  39%|███▉      | 392/1000 [47:35<1:13:31,  7.26s/it]
Epoch 392 | loss : 307943.04, postive loss : 278703.14, negtive loss : 29239.90:  39%|███▉      | 392/1000 [47:42<1:13:31,  7.26s/it]
Epoch 392 | loss : 307943.04, postive loss : 278703.14, negtive loss : 29239.90:  39%|███▉      | 393/1000 [47:42<1:13:23,  7.25s/it]
Epoch 393 | loss : 307942.83, postive loss : 278703.14, negtive loss : 29239.69:  39%|███▉      | 393/1000 [47:50<1:13:23,  7.25s/it]
Epoch 393 | loss : 307942.83, postive loss : 278703.14, negtive loss : 29239.69:  39%|███▉      | 394/1000 [47:50<1:13:15,  7.25s/it]
Epoch 394 | loss : 307943.39, postive loss : 278703.14, negtive loss : 29240.26:  39%|███▉      | 394/1000 [47:57<1:13:15,  7.25s/it]
Epoch 394 | loss : 307943.39, postive loss : 278703.14, negtive loss : 29240.26:  40%|███▉      | 395/1000 [47:57<1:13:10,  7.26s/it]
Epoch 395 | loss : 307943.06, postive loss : 278703.14, negtive loss : 29239.92:  40%|███▉      | 395/1000 [48:04<1:13:10,  7.26s/it]
Epoch 395 | loss : 307943.06, postive loss : 278703.14, negtive loss : 29239.92:  40%|███▉      | 396/1000 [48:04<1:13:01,  7.25s/it]
Epoch 396 | loss : 307941.97, postive loss : 278703.14, negtive loss : 29238.83:  40%|███▉      | 396/1000 [48:11<1:13:01,  7.25s/it]
Epoch 396 | loss : 307941.97, postive loss : 278703.14, negtive loss : 29238.83:  40%|███▉      | 397/1000 [48:11<1:12:52,  7.25s/it]
Epoch 397 | loss : 307943.34, postive loss : 278703.14, negtive loss : 29240.20:  40%|███▉      | 397/1000 [48:19<1:12:52,  7.25s/it]
Epoch 397 | loss : 307943.34, postive loss : 278703.14, negtive loss : 29240.20:  40%|███▉      | 398/1000 [48:19<1:12:47,  7.26s/it]
Epoch 398 | loss : 307943.32, postive loss : 278703.14, negtive loss : 29240.18:  40%|███▉      | 398/1000 [48:26<1:12:47,  7.26s/it]
Epoch 398 | loss : 307943.32, postive loss : 278703.14, negtive loss : 29240.18:  40%|███▉      | 399/1000 [48:26<1:12:41,  7.26s/it]
Epoch 399 | loss : 307942.04, postive loss : 278703.14, negtive loss : 29238.90:  40%|███▉      | 399/1000 [48:33<1:12:41,  7.26s/it]
Epoch 399 | loss : 307942.04, postive loss : 278703.14, negtive loss : 29238.90:  40%|████      | 400/1000 [48:33<1:12:33,  7.26s/it]
Epoch 400 | loss : 307943.39, postive loss : 278703.14, negtive loss : 29240.25:  40%|████      | 400/1000 [48:40<1:12:33,  7.26s/it]
Epoch 400 | loss : 307943.39, postive loss : 278703.14, negtive loss : 29240.25:  40%|████      | 401/1000 [48:40<1:12:26,  7.26s/it]
Epoch 401 | loss : 307942.93, postive loss : 278703.14, negtive loss : 29239.79:  40%|████      | 401/1000 [48:48<1:12:26,  7.26s/it]
Epoch 401 | loss : 307942.93, postive loss : 278703.14, negtive loss : 29239.79:  40%|████      | 402/1000 [48:48<1:12:22,  7.26s/it]
Epoch 402 | loss : 307942.90, postive loss : 278703.14, negtive loss : 29239.76:  40%|████      | 402/1000 [48:55<1:12:22,  7.26s/it]
Epoch 402 | loss : 307942.90, postive loss : 278703.14, negtive loss : 29239.76:  40%|████      | 403/1000 [48:55<1:12:13,  7.26s/it]
Epoch 403 | loss : 307942.40, postive loss : 278703.14, negtive loss : 29239.26:  40%|████      | 403/1000 [49:02<1:12:13,  7.26s/it]
Epoch 403 | loss : 307942.40, postive loss : 278703.14, negtive loss : 29239.26:  40%|████      | 404/1000 [49:02<1:12:05,  7.26s/it]
Epoch 404 | loss : 307942.44, postive loss : 278703.14, negtive loss : 29239.30:  40%|████      | 404/1000 [49:09<1:12:05,  7.26s/it]
Epoch 404 | loss : 307942.44, postive loss : 278703.14, negtive loss : 29239.30:  40%|████      | 405/1000 [49:09<1:11:58,  7.26s/it]
Epoch 405 | loss : 307942.25, postive loss : 278703.14, negtive loss : 29239.11:  40%|████      | 405/1000 [49:17<1:11:58,  7.26s/it]
Epoch 405 | loss : 307942.25, postive loss : 278703.14, negtive loss : 29239.11:  41%|████      | 406/1000 [49:17<1:11:52,  7.26s/it]
Epoch 406 | loss : 307942.37, postive loss : 278703.14, negtive loss : 29239.23:  41%|████      | 406/1000 [49:24<1:11:52,  7.26s/it]
Epoch 406 | loss : 307942.37, postive loss : 278703.14, negtive loss : 29239.23:  41%|████      | 407/1000 [49:24<1:11:43,  7.26s/it]
Epoch 407 | loss : 307942.82, postive loss : 278703.14, negtive loss : 29239.69:  41%|████      | 407/1000 [49:31<1:11:43,  7.26s/it]
Epoch 407 | loss : 307942.82, postive loss : 278703.14, negtive loss : 29239.69:  41%|████      | 408/1000 [49:31<1:11:35,  7.26s/it]
Epoch 408 | loss : 307942.60, postive loss : 278703.14, negtive loss : 29239.45:  41%|████      | 408/1000 [49:39<1:11:35,  7.26s/it]
Epoch 408 | loss : 307942.60, postive loss : 278703.14, negtive loss : 29239.45:  41%|████      | 409/1000 [49:39<1:11:55,  7.30s/it]
Epoch 409 | loss : 307943.05, postive loss : 278703.14, negtive loss : 29239.91:  41%|████      | 409/1000 [49:46<1:11:55,  7.30s/it]
Epoch 409 | loss : 307943.05, postive loss : 278703.14, negtive loss : 29239.91:  41%|████      | 410/1000 [49:46<1:11:39,  7.29s/it]
Epoch 410 | loss : 307942.80, postive loss : 278703.14, negtive loss : 29239.66:  41%|████      | 410/1000 [49:53<1:11:39,  7.29s/it]
Epoch 410 | loss : 307942.80, postive loss : 278703.14, negtive loss : 29239.66:  41%|████      | 411/1000 [49:53<1:11:28,  7.28s/it]
Epoch 411 | loss : 307942.25, postive loss : 278703.14, negtive loss : 29239.11:  41%|████      | 411/1000 [50:00<1:11:28,  7.28s/it]
Epoch 411 | loss : 307942.25, postive loss : 278703.14, negtive loss : 29239.11:  41%|████      | 412/1000 [50:00<1:11:19,  7.28s/it]
Epoch 412 | loss : 307942.61, postive loss : 278703.14, negtive loss : 29239.47:  41%|████      | 412/1000 [50:08<1:11:19,  7.28s/it]
Epoch 412 | loss : 307942.61, postive loss : 278703.14, negtive loss : 29239.47:  41%|████▏     | 413/1000 [50:08<1:11:10,  7.27s/it]
Epoch 413 | loss : 307942.91, postive loss : 278703.14, negtive loss : 29239.77:  41%|████▏     | 413/1000 [50:15<1:11:10,  7.27s/it]
Epoch 413 | loss : 307942.91, postive loss : 278703.14, negtive loss : 29239.77:  41%|████▏     | 414/1000 [50:15<1:10:59,  7.27s/it]
Epoch 414 | loss : 307943.26, postive loss : 278703.14, negtive loss : 29240.12:  41%|████▏     | 414/1000 [50:22<1:10:59,  7.27s/it]
Epoch 414 | loss : 307943.26, postive loss : 278703.14, negtive loss : 29240.12:  42%|████▏     | 415/1000 [50:22<1:10:49,  7.26s/it]
Epoch 415 | loss : 307942.89, postive loss : 278703.14, negtive loss : 29239.75:  42%|████▏     | 415/1000 [50:29<1:10:49,  7.26s/it]
Epoch 415 | loss : 307942.89, postive loss : 278703.14, negtive loss : 29239.75:  42%|████▏     | 416/1000 [50:29<1:10:43,  7.27s/it]
Epoch 416 | loss : 307942.71, postive loss : 278703.14, negtive loss : 29239.57:  42%|████▏     | 416/1000 [50:37<1:10:43,  7.27s/it]
Epoch 416 | loss : 307942.71, postive loss : 278703.14, negtive loss : 29239.57:  42%|████▏     | 417/1000 [50:37<1:10:33,  7.26s/it]
Epoch 417 | loss : 307942.89, postive loss : 278703.14, negtive loss : 29239.75:  42%|████▏     | 417/1000 [50:44<1:10:33,  7.26s/it]
Epoch 417 | loss : 307942.89, postive loss : 278703.14, negtive loss : 29239.75:  42%|████▏     | 418/1000 [50:44<1:10:25,  7.26s/it]
Epoch 418 | loss : 307942.57, postive loss : 278703.14, negtive loss : 29239.43:  42%|████▏     | 418/1000 [50:51<1:10:25,  7.26s/it]
Epoch 418 | loss : 307942.57, postive loss : 278703.14, negtive loss : 29239.43:  42%|████▏     | 419/1000 [50:51<1:10:17,  7.26s/it]
Epoch 419 | loss : 307942.98, postive loss : 278703.14, negtive loss : 29239.84:  42%|████▏     | 419/1000 [50:59<1:10:17,  7.26s/it]
Epoch 419 | loss : 307942.98, postive loss : 278703.14, negtive loss : 29239.84:  42%|████▏     | 420/1000 [50:59<1:10:11,  7.26s/it]
Epoch 420 | loss : 307942.61, postive loss : 278703.14, negtive loss : 29239.47:  42%|████▏     | 420/1000 [51:06<1:10:11,  7.26s/it]
Epoch 420 | loss : 307942.61, postive loss : 278703.14, negtive loss : 29239.47:  42%|████▏     | 421/1000 [51:06<1:10:03,  7.26s/it]
Epoch 421 | loss : 307943.10, postive loss : 278703.14, negtive loss : 29239.96:  42%|████▏     | 421/1000 [51:13<1:10:03,  7.26s/it]
Epoch 421 | loss : 307943.10, postive loss : 278703.14, negtive loss : 29239.96:  42%|████▏     | 422/1000 [51:13<1:09:55,  7.26s/it]
Epoch 422 | loss : 307943.40, postive loss : 278703.14, negtive loss : 29240.27:  42%|████▏     | 422/1000 [51:20<1:09:55,  7.26s/it]
Epoch 422 | loss : 307943.40, postive loss : 278703.14, negtive loss : 29240.27:  42%|████▏     | 423/1000 [51:20<1:09:50,  7.26s/it]
Epoch 423 | loss : 307942.37, postive loss : 278703.14, negtive loss : 29239.24:  42%|████▏     | 423/1000 [51:28<1:09:50,  7.26s/it]
Epoch 423 | loss : 307942.37, postive loss : 278703.14, negtive loss : 29239.24:  42%|████▏     | 424/1000 [51:28<1:09:42,  7.26s/it]
Epoch 424 | loss : 307942.58, postive loss : 278703.14, negtive loss : 29239.44:  42%|████▏     | 424/1000 [51:35<1:09:42,  7.26s/it]
Epoch 424 | loss : 307942.58, postive loss : 278703.14, negtive loss : 29239.44:  42%|████▎     | 425/1000 [51:35<1:09:34,  7.26s/it]
Epoch 425 | loss : 307942.51, postive loss : 278703.14, negtive loss : 29239.37:  42%|████▎     | 425/1000 [51:42<1:09:34,  7.26s/it]
Epoch 425 | loss : 307942.51, postive loss : 278703.14, negtive loss : 29239.37:  43%|████▎     | 426/1000 [51:42<1:09:27,  7.26s/it]
Epoch 426 | loss : 307942.93, postive loss : 278703.14, negtive loss : 29239.79:  43%|████▎     | 426/1000 [51:49<1:09:27,  7.26s/it]
Epoch 426 | loss : 307942.93, postive loss : 278703.14, negtive loss : 29239.79:  43%|████▎     | 427/1000 [51:49<1:09:23,  7.27s/it]
Epoch 427 | loss : 307942.44, postive loss : 278703.14, negtive loss : 29239.31:  43%|████▎     | 427/1000 [51:57<1:09:23,  7.27s/it]
Epoch 427 | loss : 307942.44, postive loss : 278703.14, negtive loss : 29239.31:  43%|████▎     | 428/1000 [51:57<1:09:14,  7.26s/it]
Epoch 428 | loss : 307943.15, postive loss : 278703.14, negtive loss : 29240.01:  43%|████▎     | 428/1000 [52:04<1:09:14,  7.26s/it]
Epoch 428 | loss : 307943.15, postive loss : 278703.14, negtive loss : 29240.01:  43%|████▎     | 429/1000 [52:04<1:09:06,  7.26s/it]
Epoch 429 | loss : 307942.94, postive loss : 278703.14, negtive loss : 29239.80:  43%|████▎     | 429/1000 [52:11<1:09:06,  7.26s/it]
Epoch 429 | loss : 307942.94, postive loss : 278703.14, negtive loss : 29239.80:  43%|████▎     | 430/1000 [52:11<1:09:00,  7.26s/it]
Epoch 430 | loss : 307942.95, postive loss : 278703.14, negtive loss : 29239.81:  43%|████▎     | 430/1000 [52:18<1:09:00,  7.26s/it]
Epoch 430 | loss : 307942.95, postive loss : 278703.14, negtive loss : 29239.81:  43%|████▎     | 431/1000 [52:18<1:08:53,  7.26s/it]
Epoch 431 | loss : 307943.40, postive loss : 278703.14, negtive loss : 29240.26:  43%|████▎     | 431/1000 [52:26<1:08:53,  7.26s/it]
Epoch 431 | loss : 307943.40, postive loss : 278703.14, negtive loss : 29240.26:  43%|████▎     | 432/1000 [52:26<1:08:44,  7.26s/it]
Epoch 432 | loss : 307942.50, postive loss : 278703.14, negtive loss : 29239.36:  43%|████▎     | 432/1000 [52:33<1:08:44,  7.26s/it]
Epoch 432 | loss : 307942.50, postive loss : 278703.14, negtive loss : 29239.36:  43%|████▎     | 433/1000 [52:33<1:08:36,  7.26s/it]
Epoch 433 | loss : 307942.63, postive loss : 278703.14, negtive loss : 29239.49:  43%|████▎     | 433/1000 [52:40<1:08:36,  7.26s/it]
Epoch 433 | loss : 307942.63, postive loss : 278703.14, negtive loss : 29239.49:  43%|████▎     | 434/1000 [52:40<1:08:32,  7.27s/it]
Epoch 434 | loss : 307942.94, postive loss : 278703.14, negtive loss : 29239.80:  43%|████▎     | 434/1000 [52:47<1:08:32,  7.27s/it]
Epoch 434 | loss : 307942.94, postive loss : 278703.14, negtive loss : 29239.80:  44%|████▎     | 435/1000 [52:47<1:08:23,  7.26s/it]
Epoch 435 | loss : 307942.91, postive loss : 278703.14, negtive loss : 29239.78:  44%|████▎     | 435/1000 [52:55<1:08:23,  7.26s/it]
Epoch 435 | loss : 307942.91, postive loss : 278703.14, negtive loss : 29239.78:  44%|████▎     | 436/1000 [52:55<1:08:15,  7.26s/it]
Epoch 436 | loss : 307942.14, postive loss : 278703.14, negtive loss : 29239.00:  44%|████▎     | 436/1000 [53:02<1:08:15,  7.26s/it]
Epoch 436 | loss : 307942.14, postive loss : 278703.14, negtive loss : 29239.00:  44%|████▎     | 437/1000 [53:02<1:08:11,  7.27s/it]
Epoch 437 | loss : 307942.77, postive loss : 278703.14, negtive loss : 29239.63:  44%|████▎     | 437/1000 [53:09<1:08:11,  7.27s/it]
Epoch 437 | loss : 307942.77, postive loss : 278703.14, negtive loss : 29239.63:  44%|████▍     | 438/1000 [53:09<1:08:04,  7.27s/it]
Epoch 438 | loss : 307943.23, postive loss : 278703.14, negtive loss : 29240.09:  44%|████▍     | 438/1000 [53:17<1:08:04,  7.27s/it]
Epoch 438 | loss : 307943.23, postive loss : 278703.14, negtive loss : 29240.09:  44%|████▍     | 439/1000 [53:17<1:07:54,  7.26s/it]
Epoch 439 | loss : 307943.32, postive loss : 278703.14, negtive loss : 29240.18:  44%|████▍     | 439/1000 [53:24<1:07:54,  7.26s/it]
Epoch 439 | loss : 307943.32, postive loss : 278703.14, negtive loss : 29240.18:  44%|████▍     | 440/1000 [53:24<1:07:46,  7.26s/it]
Epoch 440 | loss : 307943.07, postive loss : 278703.14, negtive loss : 29239.93:  44%|████▍     | 440/1000 [53:31<1:07:46,  7.26s/it]
Epoch 440 | loss : 307943.07, postive loss : 278703.14, negtive loss : 29239.93:  44%|████▍     | 441/1000 [53:31<1:07:41,  7.27s/it]
Epoch 441 | loss : 307942.91, postive loss : 278703.14, negtive loss : 29239.77:  44%|████▍     | 441/1000 [53:38<1:07:41,  7.27s/it]
Epoch 441 | loss : 307942.91, postive loss : 278703.14, negtive loss : 29239.77:  44%|████▍     | 442/1000 [53:38<1:07:32,  7.26s/it]
Epoch 442 | loss : 307942.68, postive loss : 278703.14, negtive loss : 29239.55:  44%|████▍     | 442/1000 [53:46<1:07:32,  7.26s/it]
Epoch 442 | loss : 307942.68, postive loss : 278703.14, negtive loss : 29239.55:  44%|████▍     | 443/1000 [53:46<1:07:27,  7.27s/it]
Epoch 443 | loss : 307942.77, postive loss : 278703.14, negtive loss : 29239.63:  44%|████▍     | 443/1000 [53:53<1:07:27,  7.27s/it]
Epoch 443 | loss : 307942.77, postive loss : 278703.14, negtive loss : 29239.63:  44%|████▍     | 444/1000 [53:53<1:07:21,  7.27s/it]
Epoch 444 | loss : 307942.63, postive loss : 278703.14, negtive loss : 29239.50:  44%|████▍     | 444/1000 [54:00<1:07:21,  7.27s/it]
Epoch 444 | loss : 307942.63, postive loss : 278703.14, negtive loss : 29239.50:  44%|████▍     | 445/1000 [54:00<1:07:16,  7.27s/it]
Epoch 445 | loss : 307943.05, postive loss : 278703.14, negtive loss : 29239.91:  44%|████▍     | 445/1000 [54:07<1:07:16,  7.27s/it]
Epoch 445 | loss : 307943.05, postive loss : 278703.14, negtive loss : 29239.91:  45%|████▍     | 446/1000 [54:07<1:07:08,  7.27s/it]
Epoch 446 | loss : 307943.17, postive loss : 278703.14, negtive loss : 29240.03:  45%|████▍     | 446/1000 [54:15<1:07:08,  7.27s/it]
Epoch 446 | loss : 307943.17, postive loss : 278703.14, negtive loss : 29240.03:  45%|████▍     | 447/1000 [54:15<1:07:05,  7.28s/it]
Epoch 447 | loss : 307942.43, postive loss : 278703.14, negtive loss : 29239.30:  45%|████▍     | 447/1000 [54:22<1:07:05,  7.28s/it]
Epoch 447 | loss : 307942.43, postive loss : 278703.14, negtive loss : 29239.30:  45%|████▍     | 448/1000 [54:22<1:06:57,  7.28s/it]
Epoch 448 | loss : 307942.74, postive loss : 278703.14, negtive loss : 29239.60:  45%|████▍     | 448/1000 [54:29<1:06:57,  7.28s/it]
Epoch 448 | loss : 307942.74, postive loss : 278703.14, negtive loss : 29239.60:  45%|████▍     | 449/1000 [54:29<1:06:47,  7.27s/it]
Epoch 449 | loss : 307943.08, postive loss : 278703.14, negtive loss : 29239.94:  45%|████▍     | 449/1000 [54:36<1:06:47,  7.27s/it]
Epoch 449 | loss : 307943.08, postive loss : 278703.14, negtive loss : 29239.94:  45%|████▌     | 450/1000 [54:36<1:06:36,  7.27s/it]
Epoch 450 | loss : 307942.44, postive loss : 278703.14, negtive loss : 29239.30:  45%|████▌     | 450/1000 [54:44<1:06:36,  7.27s/it]
Epoch 450 | loss : 307942.44, postive loss : 278703.14, negtive loss : 29239.30:  45%|████▌     | 451/1000 [54:44<1:06:28,  7.26s/it]
Epoch 451 | loss : 307942.94, postive loss : 278703.14, negtive loss : 29239.80:  45%|████▌     | 451/1000 [54:51<1:06:28,  7.26s/it]
Epoch 451 | loss : 307942.94, postive loss : 278703.14, negtive loss : 29239.80:  45%|████▌     | 452/1000 [54:51<1:06:20,  7.26s/it]
Epoch 452 | loss : 307942.60, postive loss : 278703.14, negtive loss : 29239.46:  45%|████▌     | 452/1000 [54:58<1:06:20,  7.26s/it]
Epoch 452 | loss : 307942.60, postive loss : 278703.14, negtive loss : 29239.46:  45%|████▌     | 453/1000 [54:58<1:06:11,  7.26s/it]
Epoch 453 | loss : 307942.78, postive loss : 278703.14, negtive loss : 29239.65:  45%|████▌     | 453/1000 [55:06<1:06:11,  7.26s/it]
Epoch 453 | loss : 307942.78, postive loss : 278703.14, negtive loss : 29239.65:  45%|████▌     | 454/1000 [55:06<1:06:03,  7.26s/it]
Epoch 454 | loss : 307942.78, postive loss : 278703.14, negtive loss : 29239.64:  45%|████▌     | 454/1000 [55:13<1:06:03,  7.26s/it]
Epoch 454 | loss : 307942.78, postive loss : 278703.14, negtive loss : 29239.64:  46%|████▌     | 455/1000 [55:13<1:05:57,  7.26s/it]
Epoch 455 | loss : 307943.12, postive loss : 278703.14, negtive loss : 29239.98:  46%|████▌     | 455/1000 [55:20<1:05:57,  7.26s/it]
Epoch 455 | loss : 307943.12, postive loss : 278703.14, negtive loss : 29239.98:  46%|████▌     | 456/1000 [55:20<1:05:50,  7.26s/it]
Epoch 456 | loss : 307943.31, postive loss : 278703.14, negtive loss : 29240.17:  46%|████▌     | 456/1000 [55:27<1:05:50,  7.26s/it]
Epoch 456 | loss : 307943.31, postive loss : 278703.14, negtive loss : 29240.17:  46%|████▌     | 457/1000 [55:27<1:05:41,  7.26s/it]
Epoch 457 | loss : 307943.09, postive loss : 278703.14, negtive loss : 29239.95:  46%|████▌     | 457/1000 [55:35<1:05:41,  7.26s/it]
Epoch 457 | loss : 307943.09, postive loss : 278703.14, negtive loss : 29239.95:  46%|████▌     | 458/1000 [55:35<1:05:37,  7.26s/it]
Epoch 458 | loss : 307942.57, postive loss : 278703.14, negtive loss : 29239.43:  46%|████▌     | 458/1000 [55:42<1:05:37,  7.26s/it]
Epoch 458 | loss : 307942.57, postive loss : 278703.14, negtive loss : 29239.43:  46%|████▌     | 459/1000 [55:42<1:05:31,  7.27s/it]
Epoch 459 | loss : 307942.92, postive loss : 278703.14, negtive loss : 29239.78:  46%|████▌     | 459/1000 [55:49<1:05:31,  7.27s/it]
Epoch 459 | loss : 307942.92, postive loss : 278703.14, negtive loss : 29239.78:  46%|████▌     | 460/1000 [55:49<1:05:22,  7.26s/it]
Epoch 460 | loss : 307942.97, postive loss : 278703.14, negtive loss : 29239.83:  46%|████▌     | 460/1000 [55:56<1:05:22,  7.26s/it]
Epoch 460 | loss : 307942.97, postive loss : 278703.14, negtive loss : 29239.83:  46%|████▌     | 461/1000 [55:56<1:05:13,  7.26s/it]
Epoch 461 | loss : 307943.07, postive loss : 278703.14, negtive loss : 29239.93:  46%|████▌     | 461/1000 [56:04<1:05:13,  7.26s/it]
Epoch 461 | loss : 307943.07, postive loss : 278703.14, negtive loss : 29239.93:  46%|████▌     | 462/1000 [56:04<1:05:07,  7.26s/it]
Epoch 462 | loss : 307942.51, postive loss : 278703.14, negtive loss : 29239.37:  46%|████▌     | 462/1000 [56:11<1:05:07,  7.26s/it]
Epoch 462 | loss : 307942.51, postive loss : 278703.14, negtive loss : 29239.37:  46%|████▋     | 463/1000 [56:11<1:05:00,  7.26s/it]
Epoch 463 | loss : 307942.49, postive loss : 278703.14, negtive loss : 29239.35:  46%|████▋     | 463/1000 [56:18<1:05:00,  7.26s/it]
Epoch 463 | loss : 307942.49, postive loss : 278703.14, negtive loss : 29239.35:  46%|████▋     | 464/1000 [56:18<1:04:52,  7.26s/it]
Epoch 464 | loss : 307943.14, postive loss : 278703.14, negtive loss : 29240.01:  46%|████▋     | 464/1000 [56:25<1:04:52,  7.26s/it]
Epoch 464 | loss : 307943.14, postive loss : 278703.14, negtive loss : 29240.01:  46%|████▋     | 465/1000 [56:25<1:04:47,  7.27s/it]
Epoch 465 | loss : 307942.50, postive loss : 278703.14, negtive loss : 29239.36:  46%|████▋     | 465/1000 [56:33<1:04:47,  7.27s/it]
Epoch 465 | loss : 307942.50, postive loss : 278703.14, negtive loss : 29239.36:  47%|████▋     | 466/1000 [56:33<1:04:42,  7.27s/it]
Epoch 466 | loss : 307943.15, postive loss : 278703.14, negtive loss : 29240.01:  47%|████▋     | 466/1000 [56:40<1:04:42,  7.27s/it]
Epoch 466 | loss : 307943.15, postive loss : 278703.14, negtive loss : 29240.01:  47%|████▋     | 467/1000 [56:40<1:04:34,  7.27s/it]
Epoch 467 | loss : 307942.81, postive loss : 278703.14, negtive loss : 29239.67:  47%|████▋     | 467/1000 [56:47<1:04:34,  7.27s/it]
Epoch 467 | loss : 307942.81, postive loss : 278703.14, negtive loss : 29239.67:  47%|████▋     | 468/1000 [56:47<1:04:26,  7.27s/it]
Epoch 468 | loss : 307942.97, postive loss : 278703.14, negtive loss : 29239.83:  47%|████▋     | 468/1000 [56:55<1:04:26,  7.27s/it]
Epoch 468 | loss : 307942.97, postive loss : 278703.14, negtive loss : 29239.83:  47%|████▋     | 469/1000 [56:55<1:04:19,  7.27s/it]
Epoch 469 | loss : 307942.91, postive loss : 278703.14, negtive loss : 29239.77:  47%|████▋     | 469/1000 [57:02<1:04:19,  7.27s/it]
Epoch 469 | loss : 307942.91, postive loss : 278703.14, negtive loss : 29239.77:  47%|████▋     | 470/1000 [57:02<1:04:13,  7.27s/it]
Epoch 470 | loss : 307943.22, postive loss : 278703.14, negtive loss : 29240.08:  47%|████▋     | 470/1000 [57:09<1:04:13,  7.27s/it]
Epoch 470 | loss : 307943.22, postive loss : 278703.14, negtive loss : 29240.08:  47%|████▋     | 471/1000 [57:09<1:04:04,  7.27s/it]
Epoch 471 | loss : 307943.06, postive loss : 278703.14, negtive loss : 29239.92:  47%|████▋     | 471/1000 [57:16<1:04:04,  7.27s/it]
Epoch 471 | loss : 307943.06, postive loss : 278703.14, negtive loss : 29239.92:  47%|████▋     | 472/1000 [57:16<1:03:57,  7.27s/it]
Epoch 472 | loss : 307943.12, postive loss : 278703.14, negtive loss : 29239.98:  47%|████▋     | 472/1000 [57:24<1:03:57,  7.27s/it]
Epoch 472 | loss : 307943.12, postive loss : 278703.14, negtive loss : 29239.98:  47%|████▋     | 473/1000 [57:24<1:03:52,  7.27s/it]
Epoch 473 | loss : 307942.18, postive loss : 278703.14, negtive loss : 29239.04:  47%|████▋     | 473/1000 [57:31<1:03:52,  7.27s/it]
Epoch 473 | loss : 307942.18, postive loss : 278703.14, negtive loss : 29239.04:  47%|████▋     | 474/1000 [57:31<1:03:45,  7.27s/it]
Epoch 474 | loss : 307943.11, postive loss : 278703.14, negtive loss : 29239.97:  47%|████▋     | 474/1000 [57:38<1:03:45,  7.27s/it]
Epoch 474 | loss : 307943.11, postive loss : 278703.14, negtive loss : 29239.97:  48%|████▊     | 475/1000 [57:38<1:03:35,  7.27s/it]
Epoch 475 | loss : 307943.11, postive loss : 278703.14, negtive loss : 29239.97:  48%|████▊     | 475/1000 [57:45<1:03:35,  7.27s/it]
Epoch 475 | loss : 307943.11, postive loss : 278703.14, negtive loss : 29239.97:  48%|████▊     | 476/1000 [57:45<1:03:29,  7.27s/it]
Epoch 476 | loss : 307943.64, postive loss : 278703.14, negtive loss : 29240.50:  48%|████▊     | 476/1000 [57:53<1:03:29,  7.27s/it]
Epoch 476 | loss : 307943.64, postive loss : 278703.14, negtive loss : 29240.50:  48%|████▊     | 477/1000 [57:53<1:03:23,  7.27s/it]
Epoch 477 | loss : 307942.69, postive loss : 278703.14, negtive loss : 29239.55:  48%|████▊     | 477/1000 [58:00<1:03:23,  7.27s/it]
Epoch 477 | loss : 307942.69, postive loss : 278703.14, negtive loss : 29239.55:  48%|████▊     | 478/1000 [58:00<1:03:15,  7.27s/it]
Epoch 478 | loss : 307942.28, postive loss : 278703.14, negtive loss : 29239.14:  48%|████▊     | 478/1000 [58:07<1:03:15,  7.27s/it]
Epoch 478 | loss : 307942.28, postive loss : 278703.14, negtive loss : 29239.14:  48%|████▊     | 479/1000 [58:07<1:03:05,  7.27s/it]
Epoch 479 | loss : 307942.44, postive loss : 278703.14, negtive loss : 29239.30:  48%|████▊     | 479/1000 [58:14<1:03:05,  7.27s/it]
Epoch 479 | loss : 307942.44, postive loss : 278703.14, negtive loss : 29239.30:  48%|████▊     | 480/1000 [58:14<1:03:00,  7.27s/it]
Epoch 480 | loss : 307943.03, postive loss : 278703.14, negtive loss : 29239.89:  48%|████▊     | 480/1000 [58:22<1:03:00,  7.27s/it]
Epoch 480 | loss : 307943.03, postive loss : 278703.14, negtive loss : 29239.89:  48%|████▊     | 481/1000 [58:22<1:02:53,  7.27s/it]
Epoch 481 | loss : 307942.73, postive loss : 278703.14, negtive loss : 29239.59:  48%|████▊     | 481/1000 [58:29<1:02:53,  7.27s/it]
Epoch 481 | loss : 307942.73, postive loss : 278703.14, negtive loss : 29239.59:  48%|████▊     | 482/1000 [58:29<1:02:44,  7.27s/it]
Epoch 482 | loss : 307943.34, postive loss : 278703.14, negtive loss : 29240.20:  48%|████▊     | 482/1000 [58:36<1:02:44,  7.27s/it]
Epoch 482 | loss : 307943.34, postive loss : 278703.14, negtive loss : 29240.20:  48%|████▊     | 483/1000 [58:36<1:02:36,  7.27s/it]
Epoch 483 | loss : 307943.05, postive loss : 278703.14, negtive loss : 29239.91:  48%|████▊     | 483/1000 [58:44<1:02:36,  7.27s/it]
Epoch 483 | loss : 307943.05, postive loss : 278703.14, negtive loss : 29239.91:  48%|████▊     | 484/1000 [58:44<1:02:30,  7.27s/it]
Epoch 484 | loss : 307943.03, postive loss : 278703.14, negtive loss : 29239.89:  48%|████▊     | 484/1000 [58:51<1:02:30,  7.27s/it]
Epoch 484 | loss : 307943.03, postive loss : 278703.14, negtive loss : 29239.89:  48%|████▊     | 485/1000 [58:51<1:02:21,  7.27s/it]
Epoch 485 | loss : 307942.57, postive loss : 278703.14, negtive loss : 29239.43:  48%|████▊     | 485/1000 [58:58<1:02:21,  7.27s/it]
Epoch 485 | loss : 307942.57, postive loss : 278703.14, negtive loss : 29239.43:  49%|████▊     | 486/1000 [58:58<1:02:19,  7.27s/it]
Epoch 486 | loss : 307942.66, postive loss : 278703.14, negtive loss : 29239.52:  49%|████▊     | 486/1000 [59:05<1:02:19,  7.27s/it]
Epoch 486 | loss : 307942.66, postive loss : 278703.14, negtive loss : 29239.52:  49%|████▊     | 487/1000 [59:05<1:02:12,  7.27s/it]
Epoch 487 | loss : 307942.21, postive loss : 278703.14, negtive loss : 29239.07:  49%|████▊     | 487/1000 [59:13<1:02:12,  7.27s/it]
Epoch 487 | loss : 307942.21, postive loss : 278703.14, negtive loss : 29239.07:  49%|████▉     | 488/1000 [59:13<1:02:04,  7.27s/it]
Epoch 488 | loss : 307942.71, postive loss : 278703.14, negtive loss : 29239.58:  49%|████▉     | 488/1000 [59:20<1:02:04,  7.27s/it]
Epoch 488 | loss : 307942.71, postive loss : 278703.14, negtive loss : 29239.58:  49%|████▉     | 489/1000 [59:20<1:01:54,  7.27s/it]
Epoch 489 | loss : 307942.90, postive loss : 278703.14, negtive loss : 29239.76:  49%|████▉     | 489/1000 [59:27<1:01:54,  7.27s/it]
Epoch 489 | loss : 307942.90, postive loss : 278703.14, negtive loss : 29239.76:  49%|████▉     | 490/1000 [59:27<1:01:46,  7.27s/it]
Epoch 490 | loss : 307943.34, postive loss : 278703.14, negtive loss : 29240.20:  49%|████▉     | 490/1000 [59:34<1:01:46,  7.27s/it]
Epoch 490 | loss : 307943.34, postive loss : 278703.14, negtive loss : 29240.20:  49%|████▉     | 491/1000 [59:34<1:01:44,  7.28s/it]
Epoch 491 | loss : 307942.77, postive loss : 278703.14, negtive loss : 29239.64:  49%|████▉     | 491/1000 [59:42<1:01:44,  7.28s/it]
Epoch 491 | loss : 307942.77, postive loss : 278703.14, negtive loss : 29239.64:  49%|████▉     | 492/1000 [59:42<1:01:34,  7.27s/it]
Epoch 492 | loss : 307942.93, postive loss : 278703.14, negtive loss : 29239.79:  49%|████▉     | 492/1000 [59:49<1:01:34,  7.27s/it]
Epoch 492 | loss : 307942.93, postive loss : 278703.14, negtive loss : 29239.79:  49%|████▉     | 493/1000 [59:49<1:01:26,  7.27s/it]
Epoch 493 | loss : 307942.86, postive loss : 278703.14, negtive loss : 29239.72:  49%|████▉     | 493/1000 [59:56<1:01:26,  7.27s/it]
Epoch 493 | loss : 307942.86, postive loss : 278703.14, negtive loss : 29239.72:  49%|████▉     | 494/1000 [59:56<1:01:17,  7.27s/it]
Epoch 494 | loss : 307943.30, postive loss : 278703.14, negtive loss : 29240.16:  49%|████▉     | 494/1000 [1:00:04<1:01:17,  7.27s/it]
Epoch 494 | loss : 307943.30, postive loss : 278703.14, negtive loss : 29240.16:  50%|████▉     | 495/1000 [1:00:04<1:01:08,  7.27s/it]
Epoch 495 | loss : 307943.22, postive loss : 278703.14, negtive loss : 29240.09:  50%|████▉     | 495/1000 [1:00:11<1:01:08,  7.27s/it]
Epoch 495 | loss : 307943.22, postive loss : 278703.14, negtive loss : 29240.09:  50%|████▉     | 496/1000 [1:00:11<1:01:01,  7.27s/it]
Epoch 496 | loss : 307942.32, postive loss : 278703.14, negtive loss : 29239.18:  50%|████▉     | 496/1000 [1:00:18<1:01:01,  7.27s/it]
Epoch 496 | loss : 307942.32, postive loss : 278703.14, negtive loss : 29239.18:  50%|████▉     | 497/1000 [1:00:18<1:00:56,  7.27s/it]
Epoch 497 | loss : 307942.79, postive loss : 278703.14, negtive loss : 29239.65:  50%|████▉     | 497/1000 [1:00:25<1:00:56,  7.27s/it]
Epoch 497 | loss : 307942.79, postive loss : 278703.14, negtive loss : 29239.65:  50%|████▉     | 498/1000 [1:00:25<1:00:51,  7.27s/it]
Epoch 498 | loss : 307942.57, postive loss : 278703.14, negtive loss : 29239.43:  50%|████▉     | 498/1000 [1:00:33<1:00:51,  7.27s/it]
Epoch 498 | loss : 307942.57, postive loss : 278703.14, negtive loss : 29239.43:  50%|████▉     | 499/1000 [1:00:33<1:00:41,  7.27s/it]
Epoch 499 | loss : 307942.70, postive loss : 278703.14, negtive loss : 29239.56:  50%|████▉     | 499/1000 [1:00:40<1:00:41,  7.27s/it]
Epoch 499 | loss : 307942.70, postive loss : 278703.14, negtive loss : 29239.56:  50%|█████     | 500/1000 [1:00:40<1:00:32,  7.26s/it]
Epoch 500 | loss : 307942.56, postive loss : 278703.14, negtive loss : 29239.42:  50%|█████     | 500/1000 [1:00:47<1:00:32,  7.26s/it]
Epoch 500 | loss : 307942.56, postive loss : 278703.14, negtive loss : 29239.42:  50%|█████     | 501/1000 [1:00:47<1:00:24,  7.26s/it]
Epoch 501 | loss : 307942.51, postive loss : 278703.14, negtive loss : 29239.37:  50%|█████     | 501/1000 [1:00:54<1:00:24,  7.26s/it]
Epoch 501 | loss : 307942.51, postive loss : 278703.14, negtive loss : 29239.37:  50%|█████     | 502/1000 [1:00:54<1:00:17,  7.26s/it]
Epoch 502 | loss : 307942.72, postive loss : 278703.14, negtive loss : 29239.58:  50%|█████     | 502/1000 [1:01:02<1:00:17,  7.26s/it]
Epoch 502 | loss : 307942.72, postive loss : 278703.14, negtive loss : 29239.58:  50%|█████     | 503/1000 [1:01:02<1:00:07,  7.26s/it]
Epoch 503 | loss : 307943.33, postive loss : 278703.14, negtive loss : 29240.19:  50%|█████     | 503/1000 [1:01:09<1:00:07,  7.26s/it]
Epoch 503 | loss : 307943.33, postive loss : 278703.14, negtive loss : 29240.19:  50%|█████     | 504/1000 [1:01:09<59:59,  7.26s/it]  
Epoch 504 | loss : 307942.64, postive loss : 278703.14, negtive loss : 29239.50:  50%|█████     | 504/1000 [1:01:16<59:59,  7.26s/it]
Epoch 504 | loss : 307942.64, postive loss : 278703.14, negtive loss : 29239.50:  50%|█████     | 505/1000 [1:01:16<59:53,  7.26s/it]
Epoch 505 | loss : 307942.70, postive loss : 278703.14, negtive loss : 29239.56:  50%|█████     | 505/1000 [1:01:23<59:53,  7.26s/it]
Epoch 505 | loss : 307942.70, postive loss : 278703.14, negtive loss : 29239.56:  51%|█████     | 506/1000 [1:01:23<59:45,  7.26s/it]
Epoch 506 | loss : 307943.06, postive loss : 278703.14, negtive loss : 29239.92:  51%|█████     | 506/1000 [1:01:31<59:45,  7.26s/it]
Epoch 506 | loss : 307943.06, postive loss : 278703.14, negtive loss : 29239.92:  51%|█████     | 507/1000 [1:01:31<59:38,  7.26s/it]
Epoch 507 | loss : 307942.42, postive loss : 278703.14, negtive loss : 29239.28:  51%|█████     | 507/1000 [1:01:38<59:38,  7.26s/it]
Epoch 507 | loss : 307942.42, postive loss : 278703.14, negtive loss : 29239.28:  51%|█████     | 508/1000 [1:01:38<59:30,  7.26s/it]
Epoch 508 | loss : 307942.19, postive loss : 278703.14, negtive loss : 29239.05:  51%|█████     | 508/1000 [1:01:45<59:30,  7.26s/it]
Epoch 508 | loss : 307942.19, postive loss : 278703.14, negtive loss : 29239.05:  51%|█████     | 509/1000 [1:01:45<59:24,  7.26s/it]
Epoch 509 | loss : 307943.23, postive loss : 278703.14, negtive loss : 29240.09:  51%|█████     | 509/1000 [1:01:52<59:24,  7.26s/it]
Epoch 509 | loss : 307943.23, postive loss : 278703.14, negtive loss : 29240.09:  51%|█████     | 510/1000 [1:01:52<59:16,  7.26s/it]
Epoch 510 | loss : 307943.13, postive loss : 278703.14, negtive loss : 29239.99:  51%|█████     | 510/1000 [1:02:00<59:16,  7.26s/it]
Epoch 510 | loss : 307943.13, postive loss : 278703.14, negtive loss : 29239.99:  51%|█████     | 511/1000 [1:02:00<59:08,  7.26s/it]
Epoch 511 | loss : 307942.74, postive loss : 278703.14, negtive loss : 29239.60:  51%|█████     | 511/1000 [1:02:07<59:08,  7.26s/it]
Epoch 511 | loss : 307942.74, postive loss : 278703.14, negtive loss : 29239.60:  51%|█████     | 512/1000 [1:02:07<59:01,  7.26s/it]
Epoch 512 | loss : 307942.76, postive loss : 278703.14, negtive loss : 29239.62:  51%|█████     | 512/1000 [1:02:14<59:01,  7.26s/it]
Epoch 512 | loss : 307942.76, postive loss : 278703.14, negtive loss : 29239.62:  51%|█████▏    | 513/1000 [1:02:14<58:54,  7.26s/it]
Epoch 513 | loss : 307942.16, postive loss : 278703.14, negtive loss : 29239.02:  51%|█████▏    | 513/1000 [1:02:21<58:54,  7.26s/it]
Epoch 513 | loss : 307942.16, postive loss : 278703.14, negtive loss : 29239.02:  51%|█████▏    | 514/1000 [1:02:21<58:46,  7.26s/it]
Epoch 514 | loss : 307943.24, postive loss : 278703.14, negtive loss : 29240.10:  51%|█████▏    | 514/1000 [1:02:29<58:46,  7.26s/it]
Epoch 514 | loss : 307943.24, postive loss : 278703.14, negtive loss : 29240.10:  52%|█████▏    | 515/1000 [1:02:29<58:38,  7.26s/it]
Epoch 515 | loss : 307942.74, postive loss : 278703.14, negtive loss : 29239.60:  52%|█████▏    | 515/1000 [1:02:36<58:38,  7.26s/it]
Epoch 515 | loss : 307942.74, postive loss : 278703.14, negtive loss : 29239.60:  52%|█████▏    | 516/1000 [1:02:36<58:33,  7.26s/it]
Epoch 516 | loss : 307943.33, postive loss : 278703.14, negtive loss : 29240.19:  52%|█████▏    | 516/1000 [1:02:43<58:33,  7.26s/it]
Epoch 516 | loss : 307943.33, postive loss : 278703.14, negtive loss : 29240.19:  52%|█████▏    | 517/1000 [1:02:43<58:25,  7.26s/it]
Epoch 517 | loss : 307943.06, postive loss : 278703.14, negtive loss : 29239.92:  52%|█████▏    | 517/1000 [1:02:51<58:25,  7.26s/it]
Epoch 517 | loss : 307943.06, postive loss : 278703.14, negtive loss : 29239.92:  52%|█████▏    | 518/1000 [1:02:51<58:18,  7.26s/it]
Epoch 518 | loss : 307943.32, postive loss : 278703.14, negtive loss : 29240.18:  52%|█████▏    | 518/1000 [1:02:58<58:18,  7.26s/it]
Epoch 518 | loss : 307943.32, postive loss : 278703.14, negtive loss : 29240.18:  52%|█████▏    | 519/1000 [1:02:58<58:12,  7.26s/it]
Epoch 519 | loss : 307942.88, postive loss : 278703.14, negtive loss : 29239.75:  52%|█████▏    | 519/1000 [1:03:05<58:12,  7.26s/it]
Epoch 519 | loss : 307942.88, postive loss : 278703.14, negtive loss : 29239.75:  52%|█████▏    | 520/1000 [1:03:05<58:05,  7.26s/it]
Epoch 520 | loss : 307943.19, postive loss : 278703.14, negtive loss : 29240.06:  52%|█████▏    | 520/1000 [1:03:12<58:05,  7.26s/it]
Epoch 520 | loss : 307943.19, postive loss : 278703.14, negtive loss : 29240.06:  52%|█████▏    | 521/1000 [1:03:12<57:57,  7.26s/it]
Epoch 521 | loss : 307942.95, postive loss : 278703.14, negtive loss : 29239.81:  52%|█████▏    | 521/1000 [1:03:20<57:57,  7.26s/it]
Epoch 521 | loss : 307942.95, postive loss : 278703.14, negtive loss : 29239.81:  52%|█████▏    | 522/1000 [1:03:20<57:49,  7.26s/it]
Epoch 522 | loss : 307942.48, postive loss : 278703.14, negtive loss : 29239.34:  52%|█████▏    | 522/1000 [1:03:27<57:49,  7.26s/it]
Epoch 522 | loss : 307942.48, postive loss : 278703.14, negtive loss : 29239.34:  52%|█████▏    | 523/1000 [1:03:27<57:44,  7.26s/it]
Epoch 523 | loss : 307942.12, postive loss : 278703.14, negtive loss : 29238.98:  52%|█████▏    | 523/1000 [1:03:34<57:44,  7.26s/it]
Epoch 523 | loss : 307942.12, postive loss : 278703.14, negtive loss : 29238.98:  52%|█████▏    | 524/1000 [1:03:34<57:35,  7.26s/it]
Epoch 524 | loss : 307942.45, postive loss : 278703.14, negtive loss : 29239.31:  52%|█████▏    | 524/1000 [1:03:41<57:35,  7.26s/it]
Epoch 524 | loss : 307942.45, postive loss : 278703.14, negtive loss : 29239.31:  52%|█████▎    | 525/1000 [1:03:41<57:27,  7.26s/it]
Epoch 525 | loss : 307942.56, postive loss : 278703.14, negtive loss : 29239.42:  52%|█████▎    | 525/1000 [1:03:49<57:27,  7.26s/it]
Epoch 525 | loss : 307942.56, postive loss : 278703.14, negtive loss : 29239.42:  53%|█████▎    | 526/1000 [1:03:49<57:20,  7.26s/it]
Epoch 526 | loss : 307942.89, postive loss : 278703.14, negtive loss : 29239.75:  53%|█████▎    | 526/1000 [1:03:56<57:20,  7.26s/it]
Epoch 526 | loss : 307942.89, postive loss : 278703.14, negtive loss : 29239.75:  53%|█████▎    | 527/1000 [1:03:56<57:14,  7.26s/it]
Epoch 527 | loss : 307942.37, postive loss : 278703.14, negtive loss : 29239.24:  53%|█████▎    | 527/1000 [1:04:03<57:14,  7.26s/it]
Epoch 527 | loss : 307942.37, postive loss : 278703.14, negtive loss : 29239.24:  53%|█████▎    | 528/1000 [1:04:03<57:06,  7.26s/it]
Epoch 528 | loss : 307942.97, postive loss : 278703.14, negtive loss : 29239.83:  53%|█████▎    | 528/1000 [1:04:10<57:06,  7.26s/it]
Epoch 528 | loss : 307942.97, postive loss : 278703.14, negtive loss : 29239.83:  53%|█████▎    | 529/1000 [1:04:10<56:58,  7.26s/it]
Epoch 529 | loss : 307942.62, postive loss : 278703.14, negtive loss : 29239.48:  53%|█████▎    | 529/1000 [1:04:18<56:58,  7.26s/it]
Epoch 529 | loss : 307942.62, postive loss : 278703.14, negtive loss : 29239.48:  53%|█████▎    | 530/1000 [1:04:18<56:52,  7.26s/it]
Epoch 530 | loss : 307942.34, postive loss : 278703.14, negtive loss : 29239.20:  53%|█████▎    | 530/1000 [1:04:25<56:52,  7.26s/it]
Epoch 530 | loss : 307942.34, postive loss : 278703.14, negtive loss : 29239.20:  53%|█████▎    | 531/1000 [1:04:25<56:46,  7.26s/it]
Epoch 531 | loss : 307943.31, postive loss : 278703.14, negtive loss : 29240.17:  53%|█████▎    | 531/1000 [1:04:32<56:46,  7.26s/it]
Epoch 531 | loss : 307943.31, postive loss : 278703.14, negtive loss : 29240.17:  53%|█████▎    | 532/1000 [1:04:32<56:36,  7.26s/it]
Epoch 532 | loss : 307942.53, postive loss : 278703.14, negtive loss : 29239.39:  53%|█████▎    | 532/1000 [1:04:39<56:36,  7.26s/it]
Epoch 532 | loss : 307942.53, postive loss : 278703.14, negtive loss : 29239.39:  53%|█████▎    | 533/1000 [1:04:39<56:27,  7.25s/it]
Epoch 533 | loss : 307943.30, postive loss : 278703.14, negtive loss : 29240.16:  53%|█████▎    | 533/1000 [1:04:47<56:27,  7.25s/it]
Epoch 533 | loss : 307943.30, postive loss : 278703.14, negtive loss : 29240.16:  53%|█████▎    | 534/1000 [1:04:47<56:17,  7.25s/it]
Epoch 534 | loss : 307942.60, postive loss : 278703.14, negtive loss : 29239.46:  53%|█████▎    | 534/1000 [1:04:54<56:17,  7.25s/it]
Epoch 534 | loss : 307942.60, postive loss : 278703.14, negtive loss : 29239.46:  54%|█████▎    | 535/1000 [1:04:54<56:08,  7.24s/it]
Epoch 535 | loss : 307942.66, postive loss : 278703.14, negtive loss : 29239.52:  54%|█████▎    | 535/1000 [1:05:01<56:08,  7.24s/it]
Epoch 535 | loss : 307942.66, postive loss : 278703.14, negtive loss : 29239.52:  54%|█████▎    | 536/1000 [1:05:01<56:00,  7.24s/it]
Epoch 536 | loss : 307942.98, postive loss : 278703.14, negtive loss : 29239.84:  54%|█████▎    | 536/1000 [1:05:08<56:00,  7.24s/it]
Epoch 536 | loss : 307942.98, postive loss : 278703.14, negtive loss : 29239.84:  54%|█████▎    | 537/1000 [1:05:08<55:52,  7.24s/it]
Epoch 537 | loss : 307942.53, postive loss : 278703.14, negtive loss : 29239.39:  54%|█████▎    | 537/1000 [1:05:16<55:52,  7.24s/it]
Epoch 537 | loss : 307942.53, postive loss : 278703.14, negtive loss : 29239.39:  54%|█████▍    | 538/1000 [1:05:16<55:44,  7.24s/it]
Epoch 538 | loss : 307943.48, postive loss : 278703.14, negtive loss : 29240.34:  54%|█████▍    | 538/1000 [1:05:23<55:44,  7.24s/it]
Epoch 538 | loss : 307943.48, postive loss : 278703.14, negtive loss : 29240.34:  54%|█████▍    | 539/1000 [1:05:23<55:37,  7.24s/it]
Epoch 539 | loss : 307942.32, postive loss : 278703.14, negtive loss : 29239.18:  54%|█████▍    | 539/1000 [1:05:30<55:37,  7.24s/it]
Epoch 539 | loss : 307942.32, postive loss : 278703.14, negtive loss : 29239.18:  54%|█████▍    | 540/1000 [1:05:30<55:30,  7.24s/it]
Epoch 540 | loss : 307942.41, postive loss : 278703.14, negtive loss : 29239.28:  54%|█████▍    | 540/1000 [1:05:37<55:30,  7.24s/it]
Epoch 540 | loss : 307942.41, postive loss : 278703.14, negtive loss : 29239.28:  54%|█████▍    | 541/1000 [1:05:37<55:22,  7.24s/it]
Epoch 541 | loss : 307943.11, postive loss : 278703.14, negtive loss : 29239.97:  54%|█████▍    | 541/1000 [1:05:45<55:22,  7.24s/it]
Epoch 541 | loss : 307943.11, postive loss : 278703.14, negtive loss : 29239.97:  54%|█████▍    | 542/1000 [1:05:45<55:14,  7.24s/it]
Epoch 542 | loss : 307942.72, postive loss : 278703.14, negtive loss : 29239.58:  54%|█████▍    | 542/1000 [1:05:52<55:14,  7.24s/it]
Epoch 542 | loss : 307942.72, postive loss : 278703.14, negtive loss : 29239.58:  54%|█████▍    | 543/1000 [1:05:52<55:07,  7.24s/it]
Epoch 543 | loss : 307942.60, postive loss : 278703.14, negtive loss : 29239.46:  54%|█████▍    | 543/1000 [1:05:59<55:07,  7.24s/it]
Epoch 543 | loss : 307942.60, postive loss : 278703.14, negtive loss : 29239.46:  54%|█████▍    | 544/1000 [1:05:59<54:59,  7.24s/it]
Epoch 544 | loss : 307942.57, postive loss : 278703.14, negtive loss : 29239.43:  54%|█████▍    | 544/1000 [1:06:06<54:59,  7.24s/it]
Epoch 544 | loss : 307942.57, postive loss : 278703.14, negtive loss : 29239.43:  55%|█████▍    | 545/1000 [1:06:06<54:52,  7.24s/it]
Epoch 545 | loss : 307942.49, postive loss : 278703.14, negtive loss : 29239.35:  55%|█████▍    | 545/1000 [1:06:13<54:52,  7.24s/it]
Epoch 545 | loss : 307942.49, postive loss : 278703.14, negtive loss : 29239.35:  55%|█████▍    | 546/1000 [1:06:13<54:45,  7.24s/it]
Epoch 546 | loss : 307942.89, postive loss : 278703.14, negtive loss : 29239.75:  55%|█████▍    | 546/1000 [1:06:21<54:45,  7.24s/it]
Epoch 546 | loss : 307942.89, postive loss : 278703.14, negtive loss : 29239.75:  55%|█████▍    | 547/1000 [1:06:21<54:37,  7.24s/it]
Epoch 547 | loss : 307942.26, postive loss : 278703.14, negtive loss : 29239.12:  55%|█████▍    | 547/1000 [1:06:28<54:37,  7.24s/it]
Epoch 547 | loss : 307942.26, postive loss : 278703.14, negtive loss : 29239.12:  55%|█████▍    | 548/1000 [1:06:28<54:30,  7.23s/it]
Epoch 548 | loss : 307942.35, postive loss : 278703.14, negtive loss : 29239.21:  55%|█████▍    | 548/1000 [1:06:35<54:30,  7.23s/it]
Epoch 548 | loss : 307942.35, postive loss : 278703.14, negtive loss : 29239.21:  55%|█████▍    | 549/1000 [1:06:35<54:23,  7.24s/it]
Epoch 549 | loss : 307942.26, postive loss : 278703.14, negtive loss : 29239.12:  55%|█████▍    | 549/1000 [1:06:42<54:23,  7.24s/it]
Epoch 549 | loss : 307942.26, postive loss : 278703.14, negtive loss : 29239.12:  55%|█████▌    | 550/1000 [1:06:42<54:16,  7.24s/it]
Epoch 550 | loss : 307942.80, postive loss : 278703.14, negtive loss : 29239.66:  55%|█████▌    | 550/1000 [1:06:50<54:16,  7.24s/it]
Epoch 550 | loss : 307942.80, postive loss : 278703.14, negtive loss : 29239.66:  55%|█████▌    | 551/1000 [1:06:50<54:08,  7.24s/it]
Epoch 551 | loss : 307942.50, postive loss : 278703.14, negtive loss : 29239.36:  55%|█████▌    | 551/1000 [1:06:57<54:08,  7.24s/it]
Epoch 551 | loss : 307942.50, postive loss : 278703.14, negtive loss : 29239.36:  55%|█████▌    | 552/1000 [1:06:57<54:00,  7.23s/it]
Epoch 552 | loss : 307943.41, postive loss : 278703.14, negtive loss : 29240.27:  55%|█████▌    | 552/1000 [1:07:04<54:00,  7.23s/it]
Epoch 552 | loss : 307943.41, postive loss : 278703.14, negtive loss : 29240.27:  55%|█████▌    | 553/1000 [1:07:04<53:53,  7.23s/it]
Epoch 553 | loss : 307942.82, postive loss : 278703.14, negtive loss : 29239.68:  55%|█████▌    | 553/1000 [1:07:11<53:53,  7.23s/it]
Epoch 553 | loss : 307942.82, postive loss : 278703.14, negtive loss : 29239.68:  55%|█████▌    | 554/1000 [1:07:11<53:46,  7.23s/it]
Epoch 554 | loss : 307942.25, postive loss : 278703.14, negtive loss : 29239.11:  55%|█████▌    | 554/1000 [1:07:19<53:46,  7.23s/it]
Epoch 554 | loss : 307942.25, postive loss : 278703.14, negtive loss : 29239.11:  56%|█████▌    | 555/1000 [1:07:19<53:38,  7.23s/it]
Epoch 555 | loss : 307943.11, postive loss : 278703.14, negtive loss : 29239.97:  56%|█████▌    | 555/1000 [1:07:26<53:38,  7.23s/it]
Epoch 555 | loss : 307943.11, postive loss : 278703.14, negtive loss : 29239.97:  56%|█████▌    | 556/1000 [1:07:26<53:31,  7.23s/it]
Epoch 556 | loss : 307943.11, postive loss : 278703.14, negtive loss : 29239.97:  56%|█████▌    | 556/1000 [1:07:33<53:31,  7.23s/it]
Epoch 556 | loss : 307943.11, postive loss : 278703.14, negtive loss : 29239.97:  56%|█████▌    | 557/1000 [1:07:33<53:24,  7.23s/it]
Epoch 557 | loss : 307943.13, postive loss : 278703.14, negtive loss : 29239.99:  56%|█████▌    | 557/1000 [1:07:40<53:24,  7.23s/it]
Epoch 557 | loss : 307943.13, postive loss : 278703.14, negtive loss : 29239.99:  56%|█████▌    | 558/1000 [1:07:40<53:17,  7.23s/it]
Epoch 558 | loss : 307943.22, postive loss : 278703.14, negtive loss : 29240.08:  56%|█████▌    | 558/1000 [1:07:48<53:17,  7.23s/it]
Epoch 558 | loss : 307943.22, postive loss : 278703.14, negtive loss : 29240.08:  56%|█████▌    | 559/1000 [1:07:48<53:10,  7.23s/it]
Epoch 559 | loss : 307942.74, postive loss : 278703.14, negtive loss : 29239.61:  56%|█████▌    | 559/1000 [1:07:55<53:10,  7.23s/it]
Epoch 559 | loss : 307942.74, postive loss : 278703.14, negtive loss : 29239.61:  56%|█████▌    | 560/1000 [1:07:55<53:02,  7.23s/it]
Epoch 560 | loss : 307943.29, postive loss : 278703.14, negtive loss : 29240.15:  56%|█████▌    | 560/1000 [1:08:02<53:02,  7.23s/it]
Epoch 560 | loss : 307943.29, postive loss : 278703.14, negtive loss : 29240.15:  56%|█████▌    | 561/1000 [1:08:02<52:55,  7.23s/it]
Epoch 561 | loss : 307942.52, postive loss : 278703.14, negtive loss : 29239.38:  56%|█████▌    | 561/1000 [1:08:09<52:55,  7.23s/it]
Epoch 561 | loss : 307942.52, postive loss : 278703.14, negtive loss : 29239.38:  56%|█████▌    | 562/1000 [1:08:09<52:48,  7.23s/it]
Epoch 562 | loss : 307942.38, postive loss : 278703.14, negtive loss : 29239.24:  56%|█████▌    | 562/1000 [1:08:16<52:48,  7.23s/it]
Epoch 562 | loss : 307942.38, postive loss : 278703.14, negtive loss : 29239.24:  56%|█████▋    | 563/1000 [1:08:16<52:41,  7.23s/it]
Epoch 563 | loss : 307943.00, postive loss : 278703.14, negtive loss : 29239.86:  56%|█████▋    | 563/1000 [1:08:24<52:41,  7.23s/it]
Epoch 563 | loss : 307943.00, postive loss : 278703.14, negtive loss : 29239.86:  56%|█████▋    | 564/1000 [1:08:24<52:34,  7.23s/it]
Epoch 564 | loss : 307942.43, postive loss : 278703.14, negtive loss : 29239.29:  56%|█████▋    | 564/1000 [1:08:31<52:34,  7.23s/it]
Epoch 564 | loss : 307942.43, postive loss : 278703.14, negtive loss : 29239.29:  56%|█████▋    | 565/1000 [1:08:31<52:27,  7.24s/it]
Epoch 565 | loss : 307942.63, postive loss : 278703.14, negtive loss : 29239.49:  56%|█████▋    | 565/1000 [1:08:38<52:27,  7.24s/it]
Epoch 565 | loss : 307942.63, postive loss : 278703.14, negtive loss : 29239.49:  57%|█████▋    | 566/1000 [1:08:38<52:20,  7.24s/it]
Epoch 566 | loss : 307942.67, postive loss : 278703.14, negtive loss : 29239.53:  57%|█████▋    | 566/1000 [1:08:45<52:20,  7.24s/it]
Epoch 566 | loss : 307942.67, postive loss : 278703.14, negtive loss : 29239.53:  57%|█████▋    | 567/1000 [1:08:45<52:13,  7.24s/it]
Epoch 567 | loss : 307943.03, postive loss : 278703.14, negtive loss : 29239.89:  57%|█████▋    | 567/1000 [1:08:53<52:13,  7.24s/it]
Epoch 567 | loss : 307943.03, postive loss : 278703.14, negtive loss : 29239.89:  57%|█████▋    | 568/1000 [1:08:53<52:06,  7.24s/it]
Epoch 568 | loss : 307942.58, postive loss : 278703.14, negtive loss : 29239.44:  57%|█████▋    | 568/1000 [1:09:00<52:06,  7.24s/it]
Epoch 568 | loss : 307942.58, postive loss : 278703.14, negtive loss : 29239.44:  57%|█████▋    | 569/1000 [1:09:00<51:59,  7.24s/it]
Epoch 569 | loss : 307942.39, postive loss : 278703.14, negtive loss : 29239.26:  57%|█████▋    | 569/1000 [1:09:07<51:59,  7.24s/it]
Epoch 569 | loss : 307942.39, postive loss : 278703.14, negtive loss : 29239.26:  57%|█████▋    | 570/1000 [1:09:07<51:51,  7.24s/it]
Epoch 570 | loss : 307942.69, postive loss : 278703.14, negtive loss : 29239.56:  57%|█████▋    | 570/1000 [1:09:14<51:51,  7.24s/it]
Epoch 570 | loss : 307942.69, postive loss : 278703.14, negtive loss : 29239.56:  57%|█████▋    | 571/1000 [1:09:14<51:44,  7.24s/it]
Epoch 571 | loss : 307942.90, postive loss : 278703.14, negtive loss : 29239.76:  57%|█████▋    | 571/1000 [1:09:22<51:44,  7.24s/it]
Epoch 571 | loss : 307942.90, postive loss : 278703.14, negtive loss : 29239.76:  57%|█████▋    | 572/1000 [1:09:22<51:37,  7.24s/it]
Epoch 572 | loss : 307943.46, postive loss : 278703.14, negtive loss : 29240.32:  57%|█████▋    | 572/1000 [1:09:29<51:37,  7.24s/it]
Epoch 572 | loss : 307943.46, postive loss : 278703.14, negtive loss : 29240.32:  57%|█████▋    | 573/1000 [1:09:29<51:29,  7.24s/it]
Epoch 573 | loss : 307943.03, postive loss : 278703.14, negtive loss : 29239.89:  57%|█████▋    | 573/1000 [1:09:36<51:29,  7.24s/it]
Epoch 573 | loss : 307943.03, postive loss : 278703.14, negtive loss : 29239.89:  57%|█████▋    | 574/1000 [1:09:36<51:22,  7.23s/it]
Epoch 574 | loss : 307943.03, postive loss : 278703.14, negtive loss : 29239.89:  57%|█████▋    | 574/1000 [1:09:43<51:22,  7.23s/it]
Epoch 574 | loss : 307943.03, postive loss : 278703.14, negtive loss : 29239.89:  57%|█████▊    | 575/1000 [1:09:43<51:15,  7.24s/it]
Epoch 575 | loss : 307943.06, postive loss : 278703.14, negtive loss : 29239.92:  57%|█████▊    | 575/1000 [1:09:51<51:15,  7.24s/it]
Epoch 575 | loss : 307943.06, postive loss : 278703.14, negtive loss : 29239.92:  58%|█████▊    | 576/1000 [1:09:51<51:08,  7.24s/it]
Epoch 576 | loss : 307943.01, postive loss : 278703.14, negtive loss : 29239.87:  58%|█████▊    | 576/1000 [1:09:58<51:08,  7.24s/it]
Epoch 576 | loss : 307943.01, postive loss : 278703.14, negtive loss : 29239.87:  58%|█████▊    | 577/1000 [1:09:58<51:00,  7.24s/it]
Epoch 577 | loss : 307942.41, postive loss : 278703.14, negtive loss : 29239.27:  58%|█████▊    | 577/1000 [1:10:05<51:00,  7.24s/it]
Epoch 577 | loss : 307942.41, postive loss : 278703.14, negtive loss : 29239.27:  58%|█████▊    | 578/1000 [1:10:05<50:53,  7.24s/it]
Epoch 578 | loss : 307943.09, postive loss : 278703.14, negtive loss : 29239.95:  58%|█████▊    | 578/1000 [1:10:12<50:53,  7.24s/it]
Epoch 578 | loss : 307943.09, postive loss : 278703.14, negtive loss : 29239.95:  58%|█████▊    | 579/1000 [1:10:12<50:46,  7.24s/it]
Epoch 579 | loss : 307941.59, postive loss : 278703.14, negtive loss : 29238.45:  58%|█████▊    | 579/1000 [1:10:19<50:46,  7.24s/it]
Epoch 579 | loss : 307941.59, postive loss : 278703.14, negtive loss : 29238.45:  58%|█████▊    | 580/1000 [1:10:19<50:38,  7.23s/it]
Epoch 580 | loss : 307943.54, postive loss : 278703.14, negtive loss : 29240.41:  58%|█████▊    | 580/1000 [1:10:27<50:38,  7.23s/it]
Epoch 580 | loss : 307943.54, postive loss : 278703.14, negtive loss : 29240.41:  58%|█████▊    | 581/1000 [1:10:27<50:31,  7.23s/it]
Epoch 581 | loss : 307942.25, postive loss : 278703.14, negtive loss : 29239.11:  58%|█████▊    | 581/1000 [1:10:34<50:31,  7.23s/it]
Epoch 581 | loss : 307942.25, postive loss : 278703.14, negtive loss : 29239.11:  58%|█████▊    | 582/1000 [1:10:34<50:23,  7.23s/it]
Epoch 582 | loss : 307942.98, postive loss : 278703.14, negtive loss : 29239.84:  58%|█████▊    | 582/1000 [1:10:41<50:23,  7.23s/it]
Epoch 582 | loss : 307942.98, postive loss : 278703.14, negtive loss : 29239.84:  58%|█████▊    | 583/1000 [1:10:41<50:16,  7.23s/it]
Epoch 583 | loss : 307942.93, postive loss : 278703.14, negtive loss : 29239.79:  58%|█████▊    | 583/1000 [1:10:48<50:16,  7.23s/it]
Epoch 583 | loss : 307942.93, postive loss : 278703.14, negtive loss : 29239.79:  58%|█████▊    | 584/1000 [1:10:48<50:09,  7.23s/it]
Epoch 584 | loss : 307942.38, postive loss : 278703.14, negtive loss : 29239.25:  58%|█████▊    | 584/1000 [1:10:56<50:09,  7.23s/it]
Epoch 584 | loss : 307942.38, postive loss : 278703.14, negtive loss : 29239.25:  58%|█████▊    | 585/1000 [1:10:56<50:01,  7.23s/it]
Epoch 585 | loss : 307942.57, postive loss : 278703.14, negtive loss : 29239.43:  58%|█████▊    | 585/1000 [1:11:03<50:01,  7.23s/it]
Epoch 585 | loss : 307942.57, postive loss : 278703.14, negtive loss : 29239.43:  59%|█████▊    | 586/1000 [1:11:03<49:54,  7.23s/it]
Epoch 586 | loss : 307942.61, postive loss : 278703.14, negtive loss : 29239.47:  59%|█████▊    | 586/1000 [1:11:10<49:54,  7.23s/it]
Epoch 586 | loss : 307942.61, postive loss : 278703.14, negtive loss : 29239.47:  59%|█████▊    | 587/1000 [1:11:10<49:47,  7.23s/it]
Epoch 587 | loss : 307943.44, postive loss : 278703.14, negtive loss : 29240.30:  59%|█████▊    | 587/1000 [1:11:17<49:47,  7.23s/it]
Epoch 587 | loss : 307943.44, postive loss : 278703.14, negtive loss : 29240.30:  59%|█████▉    | 588/1000 [1:11:17<49:40,  7.23s/it]
Epoch 588 | loss : 307942.62, postive loss : 278703.14, negtive loss : 29239.48:  59%|█████▉    | 588/1000 [1:11:25<49:40,  7.23s/it]
Epoch 588 | loss : 307942.62, postive loss : 278703.14, negtive loss : 29239.48:  59%|█████▉    | 589/1000 [1:11:25<49:32,  7.23s/it]
Epoch 589 | loss : 307943.08, postive loss : 278703.14, negtive loss : 29239.94:  59%|█████▉    | 589/1000 [1:11:32<49:32,  7.23s/it]
Epoch 589 | loss : 307943.08, postive loss : 278703.14, negtive loss : 29239.94:  59%|█████▉    | 590/1000 [1:11:32<49:25,  7.23s/it]
Epoch 590 | loss : 307942.33, postive loss : 278703.14, negtive loss : 29239.19:  59%|█████▉    | 590/1000 [1:11:39<49:25,  7.23s/it]
Epoch 590 | loss : 307942.33, postive loss : 278703.14, negtive loss : 29239.19:  59%|█████▉    | 591/1000 [1:11:39<49:17,  7.23s/it]
Epoch 591 | loss : 307942.34, postive loss : 278703.14, negtive loss : 29239.20:  59%|█████▉    | 591/1000 [1:11:46<49:17,  7.23s/it]
Epoch 591 | loss : 307942.34, postive loss : 278703.14, negtive loss : 29239.20:  59%|█████▉    | 592/1000 [1:11:46<49:10,  7.23s/it]
Epoch 592 | loss : 307942.91, postive loss : 278703.14, negtive loss : 29239.77:  59%|█████▉    | 592/1000 [1:11:53<49:10,  7.23s/it]
Epoch 592 | loss : 307942.91, postive loss : 278703.14, negtive loss : 29239.77:  59%|█████▉    | 593/1000 [1:11:53<49:03,  7.23s/it]
Epoch 593 | loss : 307943.11, postive loss : 278703.14, negtive loss : 29239.97:  59%|█████▉    | 593/1000 [1:12:01<49:03,  7.23s/it]
Epoch 593 | loss : 307943.11, postive loss : 278703.14, negtive loss : 29239.97:  59%|█████▉    | 594/1000 [1:12:01<48:56,  7.23s/it]
Epoch 594 | loss : 307943.02, postive loss : 278703.14, negtive loss : 29239.88:  59%|█████▉    | 594/1000 [1:12:08<48:56,  7.23s/it]
Epoch 594 | loss : 307943.02, postive loss : 278703.14, negtive loss : 29239.88:  60%|█████▉    | 595/1000 [1:12:08<48:49,  7.23s/it]
Epoch 595 | loss : 307943.34, postive loss : 278703.14, negtive loss : 29240.20:  60%|█████▉    | 595/1000 [1:12:15<48:49,  7.23s/it]
Epoch 595 | loss : 307943.34, postive loss : 278703.14, negtive loss : 29240.20:  60%|█████▉    | 596/1000 [1:12:15<48:42,  7.23s/it]
Epoch 596 | loss : 307942.68, postive loss : 278703.14, negtive loss : 29239.55:  60%|█████▉    | 596/1000 [1:12:22<48:42,  7.23s/it]
Epoch 596 | loss : 307942.68, postive loss : 278703.14, negtive loss : 29239.55:  60%|█████▉    | 597/1000 [1:12:22<48:35,  7.23s/it]
Epoch 597 | loss : 307942.23, postive loss : 278703.14, negtive loss : 29239.09:  60%|█████▉    | 597/1000 [1:12:30<48:35,  7.23s/it]
Epoch 597 | loss : 307942.23, postive loss : 278703.14, negtive loss : 29239.09:  60%|█████▉    | 598/1000 [1:12:30<48:27,  7.23s/it]
Epoch 598 | loss : 307942.78, postive loss : 278703.14, negtive loss : 29239.64:  60%|█████▉    | 598/1000 [1:12:37<48:27,  7.23s/it]
Epoch 598 | loss : 307942.78, postive loss : 278703.14, negtive loss : 29239.64:  60%|█████▉    | 599/1000 [1:12:37<48:21,  7.23s/it]
Epoch 599 | loss : 307942.45, postive loss : 278703.14, negtive loss : 29239.31:  60%|█████▉    | 599/1000 [1:12:44<48:21,  7.23s/it]
Epoch 599 | loss : 307942.45, postive loss : 278703.14, negtive loss : 29239.31:  60%|██████    | 600/1000 [1:12:44<48:13,  7.23s/it]
Epoch 600 | loss : 307942.25, postive loss : 278703.14, negtive loss : 29239.11:  60%|██████    | 600/1000 [1:12:51<48:13,  7.23s/it]
Epoch 600 | loss : 307942.25, postive loss : 278703.14, negtive loss : 29239.11:  60%|██████    | 601/1000 [1:12:51<48:06,  7.23s/it]
Epoch 601 | loss : 307942.52, postive loss : 278703.14, negtive loss : 29239.38:  60%|██████    | 601/1000 [1:12:59<48:06,  7.23s/it]
Epoch 601 | loss : 307942.52, postive loss : 278703.14, negtive loss : 29239.38:  60%|██████    | 602/1000 [1:12:59<47:59,  7.23s/it]
Epoch 602 | loss : 307942.92, postive loss : 278703.14, negtive loss : 29239.78:  60%|██████    | 602/1000 [1:13:06<47:59,  7.23s/it]
Epoch 602 | loss : 307942.92, postive loss : 278703.14, negtive loss : 29239.78:  60%|██████    | 603/1000 [1:13:06<47:51,  7.23s/it]
Epoch 603 | loss : 307942.63, postive loss : 278703.14, negtive loss : 29239.49:  60%|██████    | 603/1000 [1:13:13<47:51,  7.23s/it]
Epoch 603 | loss : 307942.63, postive loss : 278703.14, negtive loss : 29239.49:  60%|██████    | 604/1000 [1:13:13<47:44,  7.23s/it]
Epoch 604 | loss : 307943.07, postive loss : 278703.14, negtive loss : 29239.93:  60%|██████    | 604/1000 [1:13:20<47:44,  7.23s/it]
Epoch 604 | loss : 307943.07, postive loss : 278703.14, negtive loss : 29239.93:  60%|██████    | 605/1000 [1:13:20<47:37,  7.23s/it]
Epoch 605 | loss : 307943.38, postive loss : 278703.14, negtive loss : 29240.24:  60%|██████    | 605/1000 [1:13:28<47:37,  7.23s/it]
Epoch 605 | loss : 307943.38, postive loss : 278703.14, negtive loss : 29240.24:  61%|██████    | 606/1000 [1:13:28<47:29,  7.23s/it]
Epoch 606 | loss : 307943.01, postive loss : 278703.14, negtive loss : 29239.87:  61%|██████    | 606/1000 [1:13:35<47:29,  7.23s/it]
Epoch 606 | loss : 307943.01, postive loss : 278703.14, negtive loss : 29239.87:  61%|██████    | 607/1000 [1:13:35<47:22,  7.23s/it]
Epoch 607 | loss : 307942.48, postive loss : 278703.14, negtive loss : 29239.34:  61%|██████    | 607/1000 [1:13:42<47:22,  7.23s/it]
Epoch 607 | loss : 307942.48, postive loss : 278703.14, negtive loss : 29239.34:  61%|██████    | 608/1000 [1:13:42<47:14,  7.23s/it]
Epoch 608 | loss : 307943.32, postive loss : 278703.14, negtive loss : 29240.17:  61%|██████    | 608/1000 [1:13:49<47:14,  7.23s/it]
Epoch 608 | loss : 307943.32, postive loss : 278703.14, negtive loss : 29240.17:  61%|██████    | 609/1000 [1:13:49<47:08,  7.23s/it]
Epoch 609 | loss : 307942.96, postive loss : 278703.14, negtive loss : 29239.82:  61%|██████    | 609/1000 [1:13:56<47:08,  7.23s/it]
Epoch 609 | loss : 307942.96, postive loss : 278703.14, negtive loss : 29239.82:  61%|██████    | 610/1000 [1:13:56<47:01,  7.23s/it]
Epoch 610 | loss : 307942.86, postive loss : 278703.14, negtive loss : 29239.73:  61%|██████    | 610/1000 [1:14:04<47:01,  7.23s/it]
Epoch 610 | loss : 307942.86, postive loss : 278703.14, negtive loss : 29239.73:  61%|██████    | 611/1000 [1:14:04<46:54,  7.24s/it]
Epoch 611 | loss : 307943.39, postive loss : 278703.14, negtive loss : 29240.25:  61%|██████    | 611/1000 [1:14:11<46:54,  7.24s/it]
Epoch 611 | loss : 307943.39, postive loss : 278703.14, negtive loss : 29240.25:  61%|██████    | 612/1000 [1:14:11<46:47,  7.24s/it]
Epoch 612 | loss : 307943.26, postive loss : 278703.14, negtive loss : 29240.12:  61%|██████    | 612/1000 [1:14:18<46:47,  7.24s/it]
Epoch 612 | loss : 307943.26, postive loss : 278703.14, negtive loss : 29240.12:  61%|██████▏   | 613/1000 [1:14:18<46:39,  7.24s/it]
Epoch 613 | loss : 307942.64, postive loss : 278703.14, negtive loss : 29239.50:  61%|██████▏   | 613/1000 [1:14:25<46:39,  7.24s/it]
Epoch 613 | loss : 307942.64, postive loss : 278703.14, negtive loss : 29239.50:  61%|██████▏   | 614/1000 [1:14:25<46:32,  7.23s/it]
Epoch 614 | loss : 307942.40, postive loss : 278703.14, negtive loss : 29239.26:  61%|██████▏   | 614/1000 [1:14:33<46:32,  7.23s/it]
Epoch 614 | loss : 307942.40, postive loss : 278703.14, negtive loss : 29239.26:  62%|██████▏   | 615/1000 [1:14:33<46:25,  7.24s/it]
Epoch 615 | loss : 307943.08, postive loss : 278703.14, negtive loss : 29239.94:  62%|██████▏   | 615/1000 [1:14:40<46:25,  7.24s/it]
Epoch 615 | loss : 307943.08, postive loss : 278703.14, negtive loss : 29239.94:  62%|██████▏   | 616/1000 [1:14:40<46:18,  7.24s/it]
Epoch 616 | loss : 307943.07, postive loss : 278703.14, negtive loss : 29239.93:  62%|██████▏   | 616/1000 [1:14:47<46:18,  7.24s/it]
Epoch 616 | loss : 307943.07, postive loss : 278703.14, negtive loss : 29239.93:  62%|██████▏   | 617/1000 [1:14:47<46:11,  7.24s/it]
Epoch 617 | loss : 307942.69, postive loss : 278703.14, negtive loss : 29239.55:  62%|██████▏   | 617/1000 [1:14:54<46:11,  7.24s/it]
Epoch 617 | loss : 307942.69, postive loss : 278703.14, negtive loss : 29239.55:  62%|██████▏   | 618/1000 [1:14:54<46:04,  7.24s/it]
Epoch 618 | loss : 307943.05, postive loss : 278703.14, negtive loss : 29239.91:  62%|██████▏   | 618/1000 [1:15:02<46:04,  7.24s/it]
Epoch 618 | loss : 307943.05, postive loss : 278703.14, negtive loss : 29239.91:  62%|██████▏   | 619/1000 [1:15:02<45:56,  7.24s/it]
Epoch 619 | loss : 307942.59, postive loss : 278703.14, negtive loss : 29239.45:  62%|██████▏   | 619/1000 [1:15:09<45:56,  7.24s/it]
Epoch 619 | loss : 307942.59, postive loss : 278703.14, negtive loss : 29239.45:  62%|██████▏   | 620/1000 [1:15:09<45:49,  7.24s/it]
Epoch 620 | loss : 307942.74, postive loss : 278703.14, negtive loss : 29239.60:  62%|██████▏   | 620/1000 [1:15:16<45:49,  7.24s/it]
Epoch 620 | loss : 307942.74, postive loss : 278703.14, negtive loss : 29239.60:  62%|██████▏   | 621/1000 [1:15:16<45:42,  7.24s/it]
Epoch 621 | loss : 307942.86, postive loss : 278703.14, negtive loss : 29239.72:  62%|██████▏   | 621/1000 [1:15:23<45:42,  7.24s/it]
Epoch 621 | loss : 307942.86, postive loss : 278703.14, negtive loss : 29239.72:  62%|██████▏   | 622/1000 [1:15:23<45:34,  7.24s/it]
Epoch 622 | loss : 307942.63, postive loss : 278703.14, negtive loss : 29239.49:  62%|██████▏   | 622/1000 [1:15:31<45:34,  7.24s/it]
Epoch 622 | loss : 307942.63, postive loss : 278703.14, negtive loss : 29239.49:  62%|██████▏   | 623/1000 [1:15:31<45:27,  7.24s/it]
Epoch 623 | loss : 307942.36, postive loss : 278703.14, negtive loss : 29239.23:  62%|██████▏   | 623/1000 [1:15:38<45:27,  7.24s/it]
Epoch 623 | loss : 307942.36, postive loss : 278703.14, negtive loss : 29239.23:  62%|██████▏   | 624/1000 [1:15:38<45:20,  7.24s/it]
Epoch 624 | loss : 307943.03, postive loss : 278703.14, negtive loss : 29239.89:  62%|██████▏   | 624/1000 [1:15:45<45:20,  7.24s/it]
Epoch 624 | loss : 307943.03, postive loss : 278703.14, negtive loss : 29239.89:  62%|██████▎   | 625/1000 [1:15:45<45:13,  7.24s/it]
Epoch 625 | loss : 307942.81, postive loss : 278703.14, negtive loss : 29239.67:  62%|██████▎   | 625/1000 [1:15:52<45:13,  7.24s/it]
Epoch 625 | loss : 307942.81, postive loss : 278703.14, negtive loss : 29239.67:  63%|██████▎   | 626/1000 [1:15:52<45:05,  7.23s/it]
Epoch 626 | loss : 307943.22, postive loss : 278703.14, negtive loss : 29240.09:  63%|██████▎   | 626/1000 [1:15:59<45:05,  7.23s/it]
Epoch 626 | loss : 307943.22, postive loss : 278703.14, negtive loss : 29240.09:  63%|██████▎   | 627/1000 [1:15:59<44:57,  7.23s/it]
Epoch 627 | loss : 307942.50, postive loss : 278703.14, negtive loss : 29239.36:  63%|██████▎   | 627/1000 [1:16:07<44:57,  7.23s/it]
Epoch 627 | loss : 307942.50, postive loss : 278703.14, negtive loss : 29239.36:  63%|██████▎   | 628/1000 [1:16:07<44:50,  7.23s/it]
Epoch 628 | loss : 307942.94, postive loss : 278703.14, negtive loss : 29239.80:  63%|██████▎   | 628/1000 [1:16:14<44:50,  7.23s/it]
Epoch 628 | loss : 307942.94, postive loss : 278703.14, negtive loss : 29239.80:  63%|██████▎   | 629/1000 [1:16:14<44:42,  7.23s/it]
Epoch 629 | loss : 307942.96, postive loss : 278703.14, negtive loss : 29239.82:  63%|██████▎   | 629/1000 [1:16:21<44:42,  7.23s/it]
Epoch 629 | loss : 307942.96, postive loss : 278703.14, negtive loss : 29239.82:  63%|██████▎   | 630/1000 [1:16:21<44:36,  7.23s/it]
Epoch 630 | loss : 307942.38, postive loss : 278703.14, negtive loss : 29239.24:  63%|██████▎   | 630/1000 [1:16:28<44:36,  7.23s/it]
Epoch 630 | loss : 307942.38, postive loss : 278703.14, negtive loss : 29239.24:  63%|██████▎   | 631/1000 [1:16:28<44:28,  7.23s/it]
Epoch 631 | loss : 307942.42, postive loss : 278703.14, negtive loss : 29239.28:  63%|██████▎   | 631/1000 [1:16:36<44:28,  7.23s/it]
Epoch 631 | loss : 307942.42, postive loss : 278703.14, negtive loss : 29239.28:  63%|██████▎   | 632/1000 [1:16:36<44:21,  7.23s/it]
Epoch 632 | loss : 307942.72, postive loss : 278703.14, negtive loss : 29239.58:  63%|██████▎   | 632/1000 [1:16:43<44:21,  7.23s/it]
Epoch 632 | loss : 307942.72, postive loss : 278703.14, negtive loss : 29239.58:  63%|██████▎   | 633/1000 [1:16:43<44:14,  7.23s/it]
Epoch 633 | loss : 307942.69, postive loss : 278703.14, negtive loss : 29239.55:  63%|██████▎   | 633/1000 [1:16:50<44:14,  7.23s/it]
Epoch 633 | loss : 307942.69, postive loss : 278703.14, negtive loss : 29239.55:  63%|██████▎   | 634/1000 [1:16:50<44:07,  7.23s/it]
Epoch 634 | loss : 307943.13, postive loss : 278703.14, negtive loss : 29239.99:  63%|██████▎   | 634/1000 [1:16:57<44:07,  7.23s/it]
Epoch 634 | loss : 307943.13, postive loss : 278703.14, negtive loss : 29239.99:  64%|██████▎   | 635/1000 [1:16:57<44:00,  7.23s/it]
Epoch 635 | loss : 307943.73, postive loss : 278703.14, negtive loss : 29240.59:  64%|██████▎   | 635/1000 [1:17:05<44:00,  7.23s/it]
Epoch 635 | loss : 307943.73, postive loss : 278703.14, negtive loss : 29240.59:  64%|██████▎   | 636/1000 [1:17:05<43:52,  7.23s/it]
Epoch 636 | loss : 307942.50, postive loss : 278703.14, negtive loss : 29239.36:  64%|██████▎   | 636/1000 [1:17:12<43:52,  7.23s/it]
Epoch 636 | loss : 307942.50, postive loss : 278703.14, negtive loss : 29239.36:  64%|██████▎   | 637/1000 [1:17:12<43:45,  7.23s/it]
Epoch 637 | loss : 307942.66, postive loss : 278703.14, negtive loss : 29239.53:  64%|██████▎   | 637/1000 [1:17:19<43:45,  7.23s/it]
Epoch 637 | loss : 307942.66, postive loss : 278703.14, negtive loss : 29239.53:  64%|██████▍   | 638/1000 [1:17:19<43:38,  7.23s/it]
Epoch 638 | loss : 307943.15, postive loss : 278703.14, negtive loss : 29240.02:  64%|██████▍   | 638/1000 [1:17:26<43:38,  7.23s/it]
Epoch 638 | loss : 307943.15, postive loss : 278703.14, negtive loss : 29240.02:  64%|██████▍   | 639/1000 [1:17:26<43:31,  7.23s/it]
Epoch 639 | loss : 307941.56, postive loss : 278703.14, negtive loss : 29238.42:  64%|██████▍   | 639/1000 [1:17:33<43:31,  7.23s/it]
Epoch 639 | loss : 307941.56, postive loss : 278703.14, negtive loss : 29238.42:  64%|██████▍   | 640/1000 [1:17:33<43:24,  7.23s/it]
Epoch 640 | loss : 307943.13, postive loss : 278703.14, negtive loss : 29239.99:  64%|██████▍   | 640/1000 [1:17:41<43:24,  7.23s/it]
Epoch 640 | loss : 307943.13, postive loss : 278703.14, negtive loss : 29239.99:  64%|██████▍   | 641/1000 [1:17:41<43:17,  7.23s/it]
Epoch 641 | loss : 307942.66, postive loss : 278703.14, negtive loss : 29239.52:  64%|██████▍   | 641/1000 [1:17:48<43:17,  7.23s/it]
Epoch 641 | loss : 307942.66, postive loss : 278703.14, negtive loss : 29239.52:  64%|██████▍   | 642/1000 [1:17:48<43:09,  7.23s/it]
Epoch 642 | loss : 307942.91, postive loss : 278703.14, negtive loss : 29239.78:  64%|██████▍   | 642/1000 [1:17:55<43:09,  7.23s/it]
Epoch 642 | loss : 307942.91, postive loss : 278703.14, negtive loss : 29239.78:  64%|██████▍   | 643/1000 [1:17:55<43:02,  7.23s/it]
Epoch 643 | loss : 307942.67, postive loss : 278703.14, negtive loss : 29239.53:  64%|██████▍   | 643/1000 [1:18:02<43:02,  7.23s/it]
Epoch 643 | loss : 307942.67, postive loss : 278703.14, negtive loss : 29239.53:  64%|██████▍   | 644/1000 [1:18:02<42:55,  7.23s/it]
Epoch 644 | loss : 307943.33, postive loss : 278703.14, negtive loss : 29240.20:  64%|██████▍   | 644/1000 [1:18:10<42:55,  7.23s/it]
Epoch 644 | loss : 307943.33, postive loss : 278703.14, negtive loss : 29240.20:  64%|██████▍   | 645/1000 [1:18:10<42:48,  7.23s/it]
Epoch 645 | loss : 307943.07, postive loss : 278703.14, negtive loss : 29239.93:  64%|██████▍   | 645/1000 [1:18:17<42:48,  7.23s/it]
Epoch 645 | loss : 307943.07, postive loss : 278703.14, negtive loss : 29239.93:  65%|██████▍   | 646/1000 [1:18:17<42:40,  7.23s/it]
Epoch 646 | loss : 307942.49, postive loss : 278703.14, negtive loss : 29239.35:  65%|██████▍   | 646/1000 [1:18:24<42:40,  7.23s/it]
Epoch 646 | loss : 307942.49, postive loss : 278703.14, negtive loss : 29239.35:  65%|██████▍   | 647/1000 [1:18:24<42:33,  7.23s/it]
Epoch 647 | loss : 307942.65, postive loss : 278703.14, negtive loss : 29239.51:  65%|██████▍   | 647/1000 [1:18:31<42:33,  7.23s/it]
Epoch 647 | loss : 307942.65, postive loss : 278703.14, negtive loss : 29239.51:  65%|██████▍   | 648/1000 [1:18:31<42:26,  7.23s/it]
Epoch 648 | loss : 307944.01, postive loss : 278703.14, negtive loss : 29240.87:  65%|██████▍   | 648/1000 [1:18:39<42:26,  7.23s/it]
Epoch 648 | loss : 307944.01, postive loss : 278703.14, negtive loss : 29240.87:  65%|██████▍   | 649/1000 [1:18:39<42:18,  7.23s/it]
Epoch 649 | loss : 307942.80, postive loss : 278703.14, negtive loss : 29239.66:  65%|██████▍   | 649/1000 [1:18:46<42:18,  7.23s/it]
Epoch 649 | loss : 307942.80, postive loss : 278703.14, negtive loss : 29239.66:  65%|██████▌   | 650/1000 [1:18:46<42:12,  7.23s/it]
Epoch 650 | loss : 307943.25, postive loss : 278703.14, negtive loss : 29240.11:  65%|██████▌   | 650/1000 [1:18:53<42:12,  7.23s/it]
Epoch 650 | loss : 307943.25, postive loss : 278703.14, negtive loss : 29240.11:  65%|██████▌   | 651/1000 [1:18:53<42:05,  7.24s/it]
Epoch 651 | loss : 307943.05, postive loss : 278703.14, negtive loss : 29239.91:  65%|██████▌   | 651/1000 [1:19:00<42:05,  7.24s/it]
Epoch 651 | loss : 307943.05, postive loss : 278703.14, negtive loss : 29239.91:  65%|██████▌   | 652/1000 [1:19:00<41:58,  7.24s/it]
Epoch 652 | loss : 307943.02, postive loss : 278703.14, negtive loss : 29239.88:  65%|██████▌   | 652/1000 [1:19:08<41:58,  7.24s/it]
Epoch 652 | loss : 307943.02, postive loss : 278703.14, negtive loss : 29239.88:  65%|██████▌   | 653/1000 [1:19:08<41:51,  7.24s/it]
Epoch 653 | loss : 307942.26, postive loss : 278703.14, negtive loss : 29239.12:  65%|██████▌   | 653/1000 [1:19:15<41:51,  7.24s/it]
Epoch 653 | loss : 307942.26, postive loss : 278703.14, negtive loss : 29239.12:  65%|██████▌   | 654/1000 [1:19:15<41:44,  7.24s/it]
Epoch 654 | loss : 307942.63, postive loss : 278703.14, negtive loss : 29239.50:  65%|██████▌   | 654/1000 [1:19:22<41:44,  7.24s/it]
Epoch 654 | loss : 307942.63, postive loss : 278703.14, negtive loss : 29239.50:  66%|██████▌   | 655/1000 [1:19:22<41:37,  7.24s/it]
Epoch 655 | loss : 307942.79, postive loss : 278703.14, negtive loss : 29239.65:  66%|██████▌   | 655/1000 [1:19:29<41:37,  7.24s/it]
Epoch 655 | loss : 307942.79, postive loss : 278703.14, negtive loss : 29239.65:  66%|██████▌   | 656/1000 [1:19:29<41:30,  7.24s/it]
Epoch 656 | loss : 307942.89, postive loss : 278703.14, negtive loss : 29239.75:  66%|██████▌   | 656/1000 [1:19:36<41:30,  7.24s/it]
Epoch 656 | loss : 307942.89, postive loss : 278703.14, negtive loss : 29239.75:  66%|██████▌   | 657/1000 [1:19:36<41:23,  7.24s/it]
Epoch 657 | loss : 307942.28, postive loss : 278703.14, negtive loss : 29239.14:  66%|██████▌   | 657/1000 [1:19:44<41:23,  7.24s/it]
Epoch 657 | loss : 307942.28, postive loss : 278703.14, negtive loss : 29239.14:  66%|██████▌   | 658/1000 [1:19:44<41:16,  7.24s/it]
Epoch 658 | loss : 307942.59, postive loss : 278703.14, negtive loss : 29239.45:  66%|██████▌   | 658/1000 [1:19:51<41:16,  7.24s/it]
Epoch 658 | loss : 307942.59, postive loss : 278703.14, negtive loss : 29239.45:  66%|██████▌   | 659/1000 [1:19:51<41:08,  7.24s/it]
Epoch 659 | loss : 307942.76, postive loss : 278703.14, negtive loss : 29239.62:  66%|██████▌   | 659/1000 [1:19:58<41:08,  7.24s/it]
Epoch 659 | loss : 307942.76, postive loss : 278703.14, negtive loss : 29239.62:  66%|██████▌   | 660/1000 [1:19:58<41:01,  7.24s/it]
Epoch 660 | loss : 307942.63, postive loss : 278703.14, negtive loss : 29239.49:  66%|██████▌   | 660/1000 [1:20:05<41:01,  7.24s/it]
Epoch 660 | loss : 307942.63, postive loss : 278703.14, negtive loss : 29239.49:  66%|██████▌   | 661/1000 [1:20:05<40:54,  7.24s/it]
Epoch 661 | loss : 307942.57, postive loss : 278703.14, negtive loss : 29239.43:  66%|██████▌   | 661/1000 [1:20:13<40:54,  7.24s/it]
Epoch 661 | loss : 307942.57, postive loss : 278703.14, negtive loss : 29239.43:  66%|██████▌   | 662/1000 [1:20:13<40:47,  7.24s/it]
Epoch 662 | loss : 307942.95, postive loss : 278703.14, negtive loss : 29239.81:  66%|██████▌   | 662/1000 [1:20:20<40:47,  7.24s/it]
Epoch 662 | loss : 307942.95, postive loss : 278703.14, negtive loss : 29239.81:  66%|██████▋   | 663/1000 [1:20:20<40:39,  7.24s/it]
Epoch 663 | loss : 307942.52, postive loss : 278703.14, negtive loss : 29239.39:  66%|██████▋   | 663/1000 [1:20:27<40:39,  7.24s/it]
Epoch 663 | loss : 307942.52, postive loss : 278703.14, negtive loss : 29239.39:  66%|██████▋   | 664/1000 [1:20:27<40:32,  7.24s/it]
Epoch 664 | loss : 307943.11, postive loss : 278703.14, negtive loss : 29239.97:  66%|██████▋   | 664/1000 [1:20:34<40:32,  7.24s/it]
Epoch 664 | loss : 307943.11, postive loss : 278703.14, negtive loss : 29239.97:  66%|██████▋   | 665/1000 [1:20:34<40:25,  7.24s/it]
Epoch 665 | loss : 307942.68, postive loss : 278703.14, negtive loss : 29239.55:  66%|██████▋   | 665/1000 [1:20:42<40:25,  7.24s/it]
Epoch 665 | loss : 307942.68, postive loss : 278703.14, negtive loss : 29239.55:  67%|██████▋   | 666/1000 [1:20:42<40:18,  7.24s/it]
Epoch 666 | loss : 307942.60, postive loss : 278703.14, negtive loss : 29239.46:  67%|██████▋   | 666/1000 [1:20:49<40:18,  7.24s/it]
Epoch 666 | loss : 307942.60, postive loss : 278703.14, negtive loss : 29239.46:  67%|██████▋   | 667/1000 [1:20:49<40:10,  7.24s/it]
Epoch 667 | loss : 307943.33, postive loss : 278703.14, negtive loss : 29240.19:  67%|██████▋   | 667/1000 [1:20:56<40:10,  7.24s/it]
Epoch 667 | loss : 307943.33, postive loss : 278703.14, negtive loss : 29240.19:  67%|██████▋   | 668/1000 [1:20:56<40:03,  7.24s/it]
Epoch 668 | loss : 307942.79, postive loss : 278703.14, negtive loss : 29239.65:  67%|██████▋   | 668/1000 [1:21:03<40:03,  7.24s/it]
Epoch 668 | loss : 307942.79, postive loss : 278703.14, negtive loss : 29239.65:  67%|██████▋   | 669/1000 [1:21:03<39:56,  7.24s/it]
Epoch 669 | loss : 307942.64, postive loss : 278703.14, negtive loss : 29239.50:  67%|██████▋   | 669/1000 [1:21:11<39:56,  7.24s/it]
Epoch 669 | loss : 307942.64, postive loss : 278703.14, negtive loss : 29239.50:  67%|██████▋   | 670/1000 [1:21:11<39:49,  7.24s/it]
Epoch 670 | loss : 307942.87, postive loss : 278703.14, negtive loss : 29239.73:  67%|██████▋   | 670/1000 [1:21:18<39:49,  7.24s/it]
Epoch 670 | loss : 307942.87, postive loss : 278703.14, negtive loss : 29239.73:  67%|██████▋   | 671/1000 [1:21:18<39:41,  7.24s/it]
Epoch 671 | loss : 307942.26, postive loss : 278703.14, negtive loss : 29239.12:  67%|██████▋   | 671/1000 [1:21:25<39:41,  7.24s/it]
Epoch 671 | loss : 307942.26, postive loss : 278703.14, negtive loss : 29239.12:  67%|██████▋   | 672/1000 [1:21:25<39:34,  7.24s/it]
Epoch 672 | loss : 307942.90, postive loss : 278703.14, negtive loss : 29239.76:  67%|██████▋   | 672/1000 [1:21:32<39:34,  7.24s/it]
Epoch 672 | loss : 307942.90, postive loss : 278703.14, negtive loss : 29239.76:  67%|██████▋   | 673/1000 [1:21:32<39:26,  7.24s/it]
Epoch 673 | loss : 307943.02, postive loss : 278703.14, negtive loss : 29239.89:  67%|██████▋   | 673/1000 [1:21:40<39:26,  7.24s/it]
Epoch 673 | loss : 307943.02, postive loss : 278703.14, negtive loss : 29239.89:  67%|██████▋   | 674/1000 [1:21:40<39:19,  7.24s/it]
Epoch 674 | loss : 307943.56, postive loss : 278703.14, negtive loss : 29240.43:  67%|██████▋   | 674/1000 [1:21:47<39:19,  7.24s/it]
Epoch 674 | loss : 307943.56, postive loss : 278703.14, negtive loss : 29240.43:  68%|██████▊   | 675/1000 [1:21:47<39:11,  7.24s/it]
Epoch 675 | loss : 307942.49, postive loss : 278703.14, negtive loss : 29239.35:  68%|██████▊   | 675/1000 [1:21:54<39:11,  7.24s/it]
Epoch 675 | loss : 307942.49, postive loss : 278703.14, negtive loss : 29239.35:  68%|██████▊   | 676/1000 [1:21:54<39:04,  7.24s/it]
Epoch 676 | loss : 307942.81, postive loss : 278703.14, negtive loss : 29239.68:  68%|██████▊   | 676/1000 [1:22:01<39:04,  7.24s/it]
Epoch 676 | loss : 307942.81, postive loss : 278703.14, negtive loss : 29239.68:  68%|██████▊   | 677/1000 [1:22:01<38:57,  7.24s/it]
Epoch 677 | loss : 307942.92, postive loss : 278703.14, negtive loss : 29239.78:  68%|██████▊   | 677/1000 [1:22:09<38:57,  7.24s/it]
Epoch 677 | loss : 307942.92, postive loss : 278703.14, negtive loss : 29239.78:  68%|██████▊   | 678/1000 [1:22:09<38:50,  7.24s/it]
Epoch 678 | loss : 307942.68, postive loss : 278703.14, negtive loss : 29239.54:  68%|██████▊   | 678/1000 [1:22:16<38:50,  7.24s/it]
Epoch 678 | loss : 307942.68, postive loss : 278703.14, negtive loss : 29239.54:  68%|██████▊   | 679/1000 [1:22:16<38:42,  7.24s/it]
Epoch 679 | loss : 307942.49, postive loss : 278703.14, negtive loss : 29239.35:  68%|██████▊   | 679/1000 [1:22:23<38:42,  7.24s/it]
Epoch 679 | loss : 307942.49, postive loss : 278703.14, negtive loss : 29239.35:  68%|██████▊   | 680/1000 [1:22:23<38:35,  7.24s/it]
Epoch 680 | loss : 307942.87, postive loss : 278703.14, negtive loss : 29239.73:  68%|██████▊   | 680/1000 [1:22:30<38:35,  7.24s/it]
Epoch 680 | loss : 307942.87, postive loss : 278703.14, negtive loss : 29239.73:  68%|██████▊   | 681/1000 [1:22:30<38:28,  7.24s/it]
Epoch 681 | loss : 307942.90, postive loss : 278703.14, negtive loss : 29239.76:  68%|██████▊   | 681/1000 [1:22:37<38:28,  7.24s/it]
Epoch 681 | loss : 307942.90, postive loss : 278703.14, negtive loss : 29239.76:  68%|██████▊   | 682/1000 [1:22:37<38:21,  7.24s/it]
Epoch 682 | loss : 307942.69, postive loss : 278703.14, negtive loss : 29239.55:  68%|██████▊   | 682/1000 [1:22:45<38:21,  7.24s/it]
Epoch 682 | loss : 307942.69, postive loss : 278703.14, negtive loss : 29239.55:  68%|██████▊   | 683/1000 [1:22:45<38:14,  7.24s/it]
Epoch 683 | loss : 307942.33, postive loss : 278703.14, negtive loss : 29239.19:  68%|██████▊   | 683/1000 [1:22:52<38:14,  7.24s/it]
Epoch 683 | loss : 307942.33, postive loss : 278703.14, negtive loss : 29239.19:  68%|██████▊   | 684/1000 [1:22:52<38:06,  7.24s/it]
Epoch 684 | loss : 307943.46, postive loss : 278703.14, negtive loss : 29240.32:  68%|██████▊   | 684/1000 [1:22:59<38:06,  7.24s/it]
Epoch 684 | loss : 307943.46, postive loss : 278703.14, negtive loss : 29240.32:  68%|██████▊   | 685/1000 [1:22:59<37:59,  7.24s/it]
Epoch 685 | loss : 307942.38, postive loss : 278703.14, negtive loss : 29239.24:  68%|██████▊   | 685/1000 [1:23:06<37:59,  7.24s/it]
Epoch 685 | loss : 307942.38, postive loss : 278703.14, negtive loss : 29239.24:  69%|██████▊   | 686/1000 [1:23:06<37:52,  7.24s/it]
Epoch 686 | loss : 307942.68, postive loss : 278703.14, negtive loss : 29239.55:  69%|██████▊   | 686/1000 [1:23:14<37:52,  7.24s/it]
Epoch 686 | loss : 307942.68, postive loss : 278703.14, negtive loss : 29239.55:  69%|██████▊   | 687/1000 [1:23:14<37:44,  7.24s/it]
Epoch 687 | loss : 307942.98, postive loss : 278703.14, negtive loss : 29239.84:  69%|██████▊   | 687/1000 [1:23:21<37:44,  7.24s/it]
Epoch 687 | loss : 307942.98, postive loss : 278703.14, negtive loss : 29239.84:  69%|██████▉   | 688/1000 [1:23:21<37:37,  7.24s/it]
Epoch 688 | loss : 307942.07, postive loss : 278703.14, negtive loss : 29238.93:  69%|██████▉   | 688/1000 [1:23:28<37:37,  7.24s/it]
Epoch 688 | loss : 307942.07, postive loss : 278703.14, negtive loss : 29238.93:  69%|██████▉   | 689/1000 [1:23:28<37:30,  7.24s/it]
Epoch 689 | loss : 307942.46, postive loss : 278703.14, negtive loss : 29239.32:  69%|██████▉   | 689/1000 [1:23:35<37:30,  7.24s/it]
Epoch 689 | loss : 307942.46, postive loss : 278703.14, negtive loss : 29239.32:  69%|██████▉   | 690/1000 [1:23:35<37:23,  7.24s/it]
Epoch 690 | loss : 307942.00, postive loss : 278703.14, negtive loss : 29238.86:  69%|██████▉   | 690/1000 [1:23:43<37:23,  7.24s/it]
Epoch 690 | loss : 307942.00, postive loss : 278703.14, negtive loss : 29238.86:  69%|██████▉   | 691/1000 [1:23:43<37:16,  7.24s/it]
Epoch 691 | loss : 307942.80, postive loss : 278703.14, negtive loss : 29239.67:  69%|██████▉   | 691/1000 [1:23:50<37:16,  7.24s/it]
Epoch 691 | loss : 307942.80, postive loss : 278703.14, negtive loss : 29239.67:  69%|██████▉   | 692/1000 [1:23:50<37:09,  7.24s/it]
Epoch 692 | loss : 307942.65, postive loss : 278703.14, negtive loss : 29239.51:  69%|██████▉   | 692/1000 [1:23:57<37:09,  7.24s/it]
Epoch 692 | loss : 307942.65, postive loss : 278703.14, negtive loss : 29239.51:  69%|██████▉   | 693/1000 [1:23:57<37:02,  7.24s/it]
Epoch 693 | loss : 307943.07, postive loss : 278703.14, negtive loss : 29239.93:  69%|██████▉   | 693/1000 [1:24:04<37:02,  7.24s/it]
Epoch 693 | loss : 307943.07, postive loss : 278703.14, negtive loss : 29239.93:  69%|██████▉   | 694/1000 [1:24:04<36:54,  7.24s/it]
Epoch 694 | loss : 307943.09, postive loss : 278703.14, negtive loss : 29239.95:  69%|██████▉   | 694/1000 [1:24:12<36:54,  7.24s/it]
Epoch 694 | loss : 307943.09, postive loss : 278703.14, negtive loss : 29239.95:  70%|██████▉   | 695/1000 [1:24:12<36:47,  7.24s/it]
Epoch 695 | loss : 307943.23, postive loss : 278703.14, negtive loss : 29240.09:  70%|██████▉   | 695/1000 [1:24:19<36:47,  7.24s/it]
Epoch 695 | loss : 307943.23, postive loss : 278703.14, negtive loss : 29240.09:  70%|██████▉   | 696/1000 [1:24:19<36:40,  7.24s/it]
Epoch 696 | loss : 307942.72, postive loss : 278703.14, negtive loss : 29239.58:  70%|██████▉   | 696/1000 [1:24:26<36:40,  7.24s/it]
Epoch 696 | loss : 307942.72, postive loss : 278703.14, negtive loss : 29239.58:  70%|██████▉   | 697/1000 [1:24:26<36:32,  7.24s/it]
Epoch 697 | loss : 307942.86, postive loss : 278703.14, negtive loss : 29239.73:  70%|██████▉   | 697/1000 [1:24:33<36:32,  7.24s/it]
Epoch 697 | loss : 307942.86, postive loss : 278703.14, negtive loss : 29239.73:  70%|██████▉   | 698/1000 [1:24:33<36:25,  7.24s/it]
Epoch 698 | loss : 307942.18, postive loss : 278703.14, negtive loss : 29239.04:  70%|██████▉   | 698/1000 [1:24:40<36:25,  7.24s/it]
Epoch 698 | loss : 307942.18, postive loss : 278703.14, negtive loss : 29239.04:  70%|██████▉   | 699/1000 [1:24:40<36:18,  7.24s/it]
Epoch 699 | loss : 307942.54, postive loss : 278703.14, negtive loss : 29239.40:  70%|██████▉   | 699/1000 [1:24:48<36:18,  7.24s/it]
Epoch 699 | loss : 307942.54, postive loss : 278703.14, negtive loss : 29239.40:  70%|███████   | 700/1000 [1:24:48<36:11,  7.24s/it]
Epoch 700 | loss : 307943.16, postive loss : 278703.14, negtive loss : 29240.03:  70%|███████   | 700/1000 [1:24:55<36:11,  7.24s/it]
Epoch 700 | loss : 307943.16, postive loss : 278703.14, negtive loss : 29240.03:  70%|███████   | 701/1000 [1:24:55<36:04,  7.24s/it]
Epoch 701 | loss : 307942.75, postive loss : 278703.14, negtive loss : 29239.61:  70%|███████   | 701/1000 [1:25:02<36:04,  7.24s/it]
Epoch 701 | loss : 307942.75, postive loss : 278703.14, negtive loss : 29239.61:  70%|███████   | 702/1000 [1:25:02<35:56,  7.24s/it]
Epoch 702 | loss : 307943.28, postive loss : 278703.14, negtive loss : 29240.14:  70%|███████   | 702/1000 [1:25:09<35:56,  7.24s/it]
Epoch 702 | loss : 307943.28, postive loss : 278703.14, negtive loss : 29240.14:  70%|███████   | 703/1000 [1:25:09<35:49,  7.24s/it]
Epoch 703 | loss : 307942.71, postive loss : 278703.14, negtive loss : 29239.57:  70%|███████   | 703/1000 [1:25:17<35:49,  7.24s/it]
Epoch 703 | loss : 307942.71, postive loss : 278703.14, negtive loss : 29239.57:  70%|███████   | 704/1000 [1:25:17<35:42,  7.24s/it]
Epoch 704 | loss : 307942.61, postive loss : 278703.14, negtive loss : 29239.47:  70%|███████   | 704/1000 [1:25:24<35:42,  7.24s/it]
Epoch 704 | loss : 307942.61, postive loss : 278703.14, negtive loss : 29239.47:  70%|███████   | 705/1000 [1:25:24<35:35,  7.24s/it]
Epoch 705 | loss : 307942.56, postive loss : 278703.14, negtive loss : 29239.42:  70%|███████   | 705/1000 [1:25:31<35:35,  7.24s/it]
Epoch 705 | loss : 307942.56, postive loss : 278703.14, negtive loss : 29239.42:  71%|███████   | 706/1000 [1:25:31<35:28,  7.24s/it]
Epoch 706 | loss : 307942.71, postive loss : 278703.14, negtive loss : 29239.57:  71%|███████   | 706/1000 [1:25:38<35:28,  7.24s/it]
Epoch 706 | loss : 307942.71, postive loss : 278703.14, negtive loss : 29239.57:  71%|███████   | 707/1000 [1:25:38<35:21,  7.24s/it]
Epoch 707 | loss : 307942.71, postive loss : 278703.14, negtive loss : 29239.57:  71%|███████   | 707/1000 [1:25:46<35:21,  7.24s/it]
Epoch 707 | loss : 307942.71, postive loss : 278703.14, negtive loss : 29239.57:  71%|███████   | 708/1000 [1:25:46<35:14,  7.24s/it]
Epoch 708 | loss : 307942.77, postive loss : 278703.14, negtive loss : 29239.63:  71%|███████   | 708/1000 [1:25:53<35:14,  7.24s/it]
Epoch 708 | loss : 307942.77, postive loss : 278703.14, negtive loss : 29239.63:  71%|███████   | 709/1000 [1:25:53<35:06,  7.24s/it]
Epoch 709 | loss : 307942.68, postive loss : 278703.14, negtive loss : 29239.54:  71%|███████   | 709/1000 [1:26:00<35:06,  7.24s/it]
Epoch 709 | loss : 307942.68, postive loss : 278703.14, negtive loss : 29239.54:  71%|███████   | 710/1000 [1:26:00<34:59,  7.24s/it]
Epoch 710 | loss : 307942.73, postive loss : 278703.14, negtive loss : 29239.59:  71%|███████   | 710/1000 [1:26:07<34:59,  7.24s/it]
Epoch 710 | loss : 307942.73, postive loss : 278703.14, negtive loss : 29239.59:  71%|███████   | 711/1000 [1:26:07<34:52,  7.24s/it]
Epoch 711 | loss : 307942.84, postive loss : 278703.14, negtive loss : 29239.70:  71%|███████   | 711/1000 [1:26:15<34:52,  7.24s/it]
Epoch 711 | loss : 307942.84, postive loss : 278703.14, negtive loss : 29239.70:  71%|███████   | 712/1000 [1:26:15<34:44,  7.24s/it]
Epoch 712 | loss : 307943.51, postive loss : 278703.14, negtive loss : 29240.37:  71%|███████   | 712/1000 [1:26:22<34:44,  7.24s/it]
Epoch 712 | loss : 307943.51, postive loss : 278703.14, negtive loss : 29240.37:  71%|███████▏  | 713/1000 [1:26:22<34:37,  7.24s/it]
Epoch 713 | loss : 307942.80, postive loss : 278703.14, negtive loss : 29239.66:  71%|███████▏  | 713/1000 [1:26:29<34:37,  7.24s/it]
Epoch 713 | loss : 307942.80, postive loss : 278703.14, negtive loss : 29239.66:  71%|███████▏  | 714/1000 [1:26:29<34:29,  7.24s/it]
Epoch 714 | loss : 307942.93, postive loss : 278703.14, negtive loss : 29239.79:  71%|███████▏  | 714/1000 [1:26:36<34:29,  7.24s/it]
Epoch 714 | loss : 307942.93, postive loss : 278703.14, negtive loss : 29239.79:  72%|███████▏  | 715/1000 [1:26:36<34:22,  7.24s/it]
Epoch 715 | loss : 307943.24, postive loss : 278703.14, negtive loss : 29240.10:  72%|███████▏  | 715/1000 [1:26:44<34:22,  7.24s/it]
Epoch 715 | loss : 307943.24, postive loss : 278703.14, negtive loss : 29240.10:  72%|███████▏  | 716/1000 [1:26:44<34:15,  7.24s/it]
Epoch 716 | loss : 307942.99, postive loss : 278703.14, negtive loss : 29239.85:  72%|███████▏  | 716/1000 [1:26:51<34:15,  7.24s/it]
Epoch 716 | loss : 307942.99, postive loss : 278703.14, negtive loss : 29239.85:  72%|███████▏  | 717/1000 [1:26:51<34:08,  7.24s/it]
Epoch 717 | loss : 307942.76, postive loss : 278703.14, negtive loss : 29239.62:  72%|███████▏  | 717/1000 [1:26:58<34:08,  7.24s/it]
Epoch 717 | loss : 307942.76, postive loss : 278703.14, negtive loss : 29239.62:  72%|███████▏  | 718/1000 [1:26:58<34:01,  7.24s/it]
Epoch 718 | loss : 307942.96, postive loss : 278703.14, negtive loss : 29239.82:  72%|███████▏  | 718/1000 [1:27:05<34:01,  7.24s/it]
Epoch 718 | loss : 307942.96, postive loss : 278703.14, negtive loss : 29239.82:  72%|███████▏  | 719/1000 [1:27:05<33:53,  7.24s/it]
Epoch 719 | loss : 307942.15, postive loss : 278703.14, negtive loss : 29239.01:  72%|███████▏  | 719/1000 [1:27:12<33:53,  7.24s/it]
Epoch 719 | loss : 307942.15, postive loss : 278703.14, negtive loss : 29239.01:  72%|███████▏  | 720/1000 [1:27:12<33:46,  7.24s/it]
Epoch 720 | loss : 307942.51, postive loss : 278703.14, negtive loss : 29239.37:  72%|███████▏  | 720/1000 [1:27:20<33:46,  7.24s/it]
Epoch 720 | loss : 307942.51, postive loss : 278703.14, negtive loss : 29239.37:  72%|███████▏  | 721/1000 [1:27:20<33:38,  7.24s/it]
Epoch 721 | loss : 307942.34, postive loss : 278703.14, negtive loss : 29239.20:  72%|███████▏  | 721/1000 [1:27:27<33:38,  7.24s/it]
Epoch 721 | loss : 307942.34, postive loss : 278703.14, negtive loss : 29239.20:  72%|███████▏  | 722/1000 [1:27:27<33:31,  7.24s/it]
Epoch 722 | loss : 307942.38, postive loss : 278703.14, negtive loss : 29239.24:  72%|███████▏  | 722/1000 [1:27:34<33:31,  7.24s/it]
Epoch 722 | loss : 307942.38, postive loss : 278703.14, negtive loss : 29239.24:  72%|███████▏  | 723/1000 [1:27:34<33:24,  7.24s/it]
Epoch 723 | loss : 307942.73, postive loss : 278703.14, negtive loss : 29239.60:  72%|███████▏  | 723/1000 [1:27:41<33:24,  7.24s/it]
Epoch 723 | loss : 307942.73, postive loss : 278703.14, negtive loss : 29239.60:  72%|███████▏  | 724/1000 [1:27:41<33:16,  7.24s/it]
Epoch 724 | loss : 307942.52, postive loss : 278703.14, negtive loss : 29239.38:  72%|███████▏  | 724/1000 [1:27:49<33:16,  7.24s/it]
Epoch 724 | loss : 307942.52, postive loss : 278703.14, negtive loss : 29239.38:  72%|███████▎  | 725/1000 [1:27:49<33:09,  7.23s/it]
Epoch 725 | loss : 307942.66, postive loss : 278703.14, negtive loss : 29239.52:  72%|███████▎  | 725/1000 [1:27:56<33:09,  7.23s/it]
Epoch 725 | loss : 307942.66, postive loss : 278703.14, negtive loss : 29239.52:  73%|███████▎  | 726/1000 [1:27:56<33:02,  7.23s/it]
Epoch 726 | loss : 307943.25, postive loss : 278703.14, negtive loss : 29240.12:  73%|███████▎  | 726/1000 [1:28:03<33:02,  7.23s/it]
Epoch 726 | loss : 307943.25, postive loss : 278703.14, negtive loss : 29240.12:  73%|███████▎  | 727/1000 [1:28:03<32:55,  7.23s/it]
Epoch 727 | loss : 307942.28, postive loss : 278703.14, negtive loss : 29239.14:  73%|███████▎  | 727/1000 [1:28:10<32:55,  7.23s/it]
Epoch 727 | loss : 307942.28, postive loss : 278703.14, negtive loss : 29239.14:  73%|███████▎  | 728/1000 [1:28:10<32:47,  7.23s/it]
Epoch 728 | loss : 307942.69, postive loss : 278703.14, negtive loss : 29239.56:  73%|███████▎  | 728/1000 [1:28:18<32:47,  7.23s/it]
Epoch 728 | loss : 307942.69, postive loss : 278703.14, negtive loss : 29239.56:  73%|███████▎  | 729/1000 [1:28:18<32:40,  7.23s/it]
Epoch 729 | loss : 307942.92, postive loss : 278703.14, negtive loss : 29239.78:  73%|███████▎  | 729/1000 [1:28:25<32:40,  7.23s/it]
Epoch 729 | loss : 307942.92, postive loss : 278703.14, negtive loss : 29239.78:  73%|███████▎  | 730/1000 [1:28:25<32:33,  7.23s/it]
Epoch 730 | loss : 307942.05, postive loss : 278703.14, negtive loss : 29238.91:  73%|███████▎  | 730/1000 [1:28:32<32:33,  7.23s/it]
Epoch 730 | loss : 307942.05, postive loss : 278703.14, negtive loss : 29238.91:  73%|███████▎  | 731/1000 [1:28:32<32:26,  7.23s/it]
Epoch 731 | loss : 307943.19, postive loss : 278703.14, negtive loss : 29240.05:  73%|███████▎  | 731/1000 [1:28:39<32:26,  7.23s/it]
Epoch 731 | loss : 307943.19, postive loss : 278703.14, negtive loss : 29240.05:  73%|███████▎  | 732/1000 [1:28:39<32:19,  7.24s/it]
Epoch 732 | loss : 307943.19, postive loss : 278703.14, negtive loss : 29240.05:  73%|███████▎  | 732/1000 [1:28:47<32:19,  7.24s/it]
Epoch 732 | loss : 307943.19, postive loss : 278703.14, negtive loss : 29240.05:  73%|███████▎  | 733/1000 [1:28:47<32:11,  7.24s/it]
Epoch 733 | loss : 307943.50, postive loss : 278703.14, negtive loss : 29240.36:  73%|███████▎  | 733/1000 [1:28:54<32:11,  7.24s/it]
Epoch 733 | loss : 307943.50, postive loss : 278703.14, negtive loss : 29240.36:  73%|███████▎  | 734/1000 [1:28:54<32:04,  7.23s/it]
Epoch 734 | loss : 307942.99, postive loss : 278703.14, negtive loss : 29239.85:  73%|███████▎  | 734/1000 [1:29:01<32:04,  7.23s/it]
Epoch 734 | loss : 307942.99, postive loss : 278703.14, negtive loss : 29239.85:  74%|███████▎  | 735/1000 [1:29:01<31:57,  7.23s/it]
Epoch 735 | loss : 307942.40, postive loss : 278703.14, negtive loss : 29239.26:  74%|███████▎  | 735/1000 [1:29:08<31:57,  7.23s/it]
Epoch 735 | loss : 307942.40, postive loss : 278703.14, negtive loss : 29239.26:  74%|███████▎  | 736/1000 [1:29:08<31:49,  7.23s/it]
Epoch 736 | loss : 307943.25, postive loss : 278703.14, negtive loss : 29240.11:  74%|███████▎  | 736/1000 [1:29:15<31:49,  7.23s/it]
Epoch 736 | loss : 307943.25, postive loss : 278703.14, negtive loss : 29240.11:  74%|███████▎  | 737/1000 [1:29:15<31:42,  7.23s/it]
Epoch 737 | loss : 307942.83, postive loss : 278703.14, negtive loss : 29239.69:  74%|███████▎  | 737/1000 [1:29:23<31:42,  7.23s/it]
Epoch 737 | loss : 307942.83, postive loss : 278703.14, negtive loss : 29239.69:  74%|███████▍  | 738/1000 [1:29:23<31:35,  7.23s/it]
Epoch 738 | loss : 307942.51, postive loss : 278703.14, negtive loss : 29239.37:  74%|███████▍  | 738/1000 [1:29:30<31:35,  7.23s/it]
Epoch 738 | loss : 307942.51, postive loss : 278703.14, negtive loss : 29239.37:  74%|███████▍  | 739/1000 [1:29:30<31:27,  7.23s/it]
Epoch 739 | loss : 307943.19, postive loss : 278703.14, negtive loss : 29240.05:  74%|███████▍  | 739/1000 [1:29:37<31:27,  7.23s/it]
Epoch 739 | loss : 307943.19, postive loss : 278703.14, negtive loss : 29240.05:  74%|███████▍  | 740/1000 [1:29:37<31:20,  7.23s/it]
Epoch 740 | loss : 307943.90, postive loss : 278703.14, negtive loss : 29240.75:  74%|███████▍  | 740/1000 [1:29:44<31:20,  7.23s/it]
Epoch 740 | loss : 307943.90, postive loss : 278703.14, negtive loss : 29240.75:  74%|███████▍  | 741/1000 [1:29:44<31:13,  7.23s/it]
Epoch 741 | loss : 307943.46, postive loss : 278703.14, negtive loss : 29240.32:  74%|███████▍  | 741/1000 [1:29:52<31:13,  7.23s/it]
Epoch 741 | loss : 307943.46, postive loss : 278703.14, negtive loss : 29240.32:  74%|███████▍  | 742/1000 [1:29:52<31:06,  7.23s/it]
Epoch 742 | loss : 307941.83, postive loss : 278703.14, negtive loss : 29238.69:  74%|███████▍  | 742/1000 [1:29:59<31:06,  7.23s/it]
Epoch 742 | loss : 307941.83, postive loss : 278703.14, negtive loss : 29238.69:  74%|███████▍  | 743/1000 [1:29:59<30:58,  7.23s/it]
Epoch 743 | loss : 307942.81, postive loss : 278703.14, negtive loss : 29239.67:  74%|███████▍  | 743/1000 [1:30:06<30:58,  7.23s/it]
Epoch 743 | loss : 307942.81, postive loss : 278703.14, negtive loss : 29239.67:  74%|███████▍  | 744/1000 [1:30:06<30:51,  7.23s/it]
Epoch 744 | loss : 307943.15, postive loss : 278703.14, negtive loss : 29240.01:  74%|███████▍  | 744/1000 [1:30:13<30:51,  7.23s/it]
Epoch 744 | loss : 307943.15, postive loss : 278703.14, negtive loss : 29240.01:  74%|███████▍  | 745/1000 [1:30:13<30:44,  7.23s/it]
Epoch 745 | loss : 307942.60, postive loss : 278703.14, negtive loss : 29239.46:  74%|███████▍  | 745/1000 [1:30:21<30:44,  7.23s/it]
Epoch 745 | loss : 307942.60, postive loss : 278703.14, negtive loss : 29239.46:  75%|███████▍  | 746/1000 [1:30:21<30:37,  7.23s/it]
Epoch 746 | loss : 307943.16, postive loss : 278703.14, negtive loss : 29240.02:  75%|███████▍  | 746/1000 [1:30:28<30:37,  7.23s/it]
Epoch 746 | loss : 307943.16, postive loss : 278703.14, negtive loss : 29240.02:  75%|███████▍  | 747/1000 [1:30:28<30:30,  7.23s/it]
Epoch 747 | loss : 307943.23, postive loss : 278703.14, negtive loss : 29240.09:  75%|███████▍  | 747/1000 [1:30:35<30:30,  7.23s/it]
Epoch 747 | loss : 307943.23, postive loss : 278703.14, negtive loss : 29240.09:  75%|███████▍  | 748/1000 [1:30:35<30:23,  7.23s/it]
Epoch 748 | loss : 307943.45, postive loss : 278703.14, negtive loss : 29240.31:  75%|███████▍  | 748/1000 [1:30:42<30:23,  7.23s/it]
Epoch 748 | loss : 307943.45, postive loss : 278703.14, negtive loss : 29240.31:  75%|███████▍  | 749/1000 [1:30:42<30:15,  7.23s/it]
Epoch 749 | loss : 307942.93, postive loss : 278703.14, negtive loss : 29239.79:  75%|███████▍  | 749/1000 [1:30:50<30:15,  7.23s/it]
Epoch 749 | loss : 307942.93, postive loss : 278703.14, negtive loss : 29239.79:  75%|███████▌  | 750/1000 [1:30:50<30:08,  7.23s/it]
Epoch 750 | loss : 307942.87, postive loss : 278703.14, negtive loss : 29239.74:  75%|███████▌  | 750/1000 [1:30:57<30:08,  7.23s/it]
Epoch 750 | loss : 307942.87, postive loss : 278703.14, negtive loss : 29239.74:  75%|███████▌  | 751/1000 [1:30:57<30:01,  7.24s/it]
Epoch 751 | loss : 307943.01, postive loss : 278703.14, negtive loss : 29239.87:  75%|███████▌  | 751/1000 [1:31:04<30:01,  7.24s/it]
Epoch 751 | loss : 307943.01, postive loss : 278703.14, negtive loss : 29239.87:  75%|███████▌  | 752/1000 [1:31:04<29:54,  7.24s/it]
Epoch 752 | loss : 307943.10, postive loss : 278703.14, negtive loss : 29239.96:  75%|███████▌  | 752/1000 [1:31:11<29:54,  7.24s/it]
Epoch 752 | loss : 307943.10, postive loss : 278703.14, negtive loss : 29239.96:  75%|███████▌  | 753/1000 [1:31:11<29:47,  7.24s/it]
Epoch 753 | loss : 307942.11, postive loss : 278703.14, negtive loss : 29238.97:  75%|███████▌  | 753/1000 [1:31:18<29:47,  7.24s/it]
Epoch 753 | loss : 307942.11, postive loss : 278703.14, negtive loss : 29238.97:  75%|███████▌  | 754/1000 [1:31:18<29:40,  7.24s/it]
Epoch 754 | loss : 307942.46, postive loss : 278703.14, negtive loss : 29239.32:  75%|███████▌  | 754/1000 [1:31:26<29:40,  7.24s/it]
Epoch 754 | loss : 307942.46, postive loss : 278703.14, negtive loss : 29239.32:  76%|███████▌  | 755/1000 [1:31:26<29:33,  7.24s/it]
Epoch 755 | loss : 307942.31, postive loss : 278703.14, negtive loss : 29239.17:  76%|███████▌  | 755/1000 [1:31:33<29:33,  7.24s/it]
Epoch 755 | loss : 307942.31, postive loss : 278703.14, negtive loss : 29239.17:  76%|███████▌  | 756/1000 [1:31:33<29:25,  7.24s/it]
Epoch 756 | loss : 307942.86, postive loss : 278703.14, negtive loss : 29239.72:  76%|███████▌  | 756/1000 [1:31:40<29:25,  7.24s/it]
Epoch 756 | loss : 307942.86, postive loss : 278703.14, negtive loss : 29239.72:  76%|███████▌  | 757/1000 [1:31:40<29:18,  7.24s/it]
Epoch 757 | loss : 307942.56, postive loss : 278703.14, negtive loss : 29239.42:  76%|███████▌  | 757/1000 [1:31:47<29:18,  7.24s/it]
Epoch 757 | loss : 307942.56, postive loss : 278703.14, negtive loss : 29239.42:  76%|███████▌  | 758/1000 [1:31:47<29:11,  7.24s/it]
Epoch 758 | loss : 307942.49, postive loss : 278703.14, negtive loss : 29239.35:  76%|███████▌  | 758/1000 [1:31:55<29:11,  7.24s/it]
Epoch 758 | loss : 307942.49, postive loss : 278703.14, negtive loss : 29239.35:  76%|███████▌  | 759/1000 [1:31:55<29:03,  7.24s/it]
Epoch 759 | loss : 307942.76, postive loss : 278703.14, negtive loss : 29239.63:  76%|███████▌  | 759/1000 [1:32:02<29:03,  7.24s/it]
Epoch 759 | loss : 307942.76, postive loss : 278703.14, negtive loss : 29239.63:  76%|███████▌  | 760/1000 [1:32:02<28:56,  7.24s/it]
Epoch 760 | loss : 307943.48, postive loss : 278703.14, negtive loss : 29240.34:  76%|███████▌  | 760/1000 [1:32:09<28:56,  7.24s/it]
Epoch 760 | loss : 307943.48, postive loss : 278703.14, negtive loss : 29240.34:  76%|███████▌  | 761/1000 [1:32:09<28:49,  7.24s/it]
Epoch 761 | loss : 307942.90, postive loss : 278703.14, negtive loss : 29239.76:  76%|███████▌  | 761/1000 [1:32:16<28:49,  7.24s/it]
Epoch 761 | loss : 307942.90, postive loss : 278703.14, negtive loss : 29239.76:  76%|███████▌  | 762/1000 [1:32:16<28:42,  7.24s/it]
Epoch 762 | loss : 307942.75, postive loss : 278703.14, negtive loss : 29239.61:  76%|███████▌  | 762/1000 [1:32:24<28:42,  7.24s/it]
Epoch 762 | loss : 307942.75, postive loss : 278703.14, negtive loss : 29239.61:  76%|███████▋  | 763/1000 [1:32:24<28:35,  7.24s/it]
Epoch 763 | loss : 307942.71, postive loss : 278703.14, negtive loss : 29239.57:  76%|███████▋  | 763/1000 [1:32:31<28:35,  7.24s/it]
Epoch 763 | loss : 307942.71, postive loss : 278703.14, negtive loss : 29239.57:  76%|███████▋  | 764/1000 [1:32:31<28:27,  7.24s/it]
Epoch 764 | loss : 307942.23, postive loss : 278703.14, negtive loss : 29239.09:  76%|███████▋  | 764/1000 [1:32:38<28:27,  7.24s/it]
Epoch 764 | loss : 307942.23, postive loss : 278703.14, negtive loss : 29239.09:  76%|███████▋  | 765/1000 [1:32:38<28:20,  7.24s/it]
Epoch 765 | loss : 307943.07, postive loss : 278703.14, negtive loss : 29239.93:  76%|███████▋  | 765/1000 [1:32:45<28:20,  7.24s/it]
Epoch 765 | loss : 307943.07, postive loss : 278703.14, negtive loss : 29239.93:  77%|███████▋  | 766/1000 [1:32:45<28:13,  7.24s/it]
Epoch 766 | loss : 307942.85, postive loss : 278703.14, negtive loss : 29239.72:  77%|███████▋  | 766/1000 [1:32:53<28:13,  7.24s/it]
Epoch 766 | loss : 307942.85, postive loss : 278703.14, negtive loss : 29239.72:  77%|███████▋  | 767/1000 [1:32:53<28:05,  7.24s/it]
Epoch 767 | loss : 307943.32, postive loss : 278703.14, negtive loss : 29240.18:  77%|███████▋  | 767/1000 [1:33:00<28:05,  7.24s/it]
Epoch 767 | loss : 307943.32, postive loss : 278703.14, negtive loss : 29240.18:  77%|███████▋  | 768/1000 [1:33:00<27:58,  7.24s/it]
Epoch 768 | loss : 307942.64, postive loss : 278703.14, negtive loss : 29239.50:  77%|███████▋  | 768/1000 [1:33:07<27:58,  7.24s/it]
Epoch 768 | loss : 307942.64, postive loss : 278703.14, negtive loss : 29239.50:  77%|███████▋  | 769/1000 [1:33:07<27:51,  7.23s/it]
Epoch 769 | loss : 307942.49, postive loss : 278703.14, negtive loss : 29239.35:  77%|███████▋  | 769/1000 [1:33:14<27:51,  7.23s/it]
Epoch 769 | loss : 307942.49, postive loss : 278703.14, negtive loss : 29239.35:  77%|███████▋  | 770/1000 [1:33:14<27:43,  7.23s/it]
Epoch 770 | loss : 307943.28, postive loss : 278703.14, negtive loss : 29240.14:  77%|███████▋  | 770/1000 [1:33:21<27:43,  7.23s/it]
Epoch 770 | loss : 307943.28, postive loss : 278703.14, negtive loss : 29240.14:  77%|███████▋  | 771/1000 [1:33:21<27:36,  7.23s/it]
Epoch 771 | loss : 307942.58, postive loss : 278703.14, negtive loss : 29239.44:  77%|███████▋  | 771/1000 [1:33:29<27:36,  7.23s/it]
Epoch 771 | loss : 307942.58, postive loss : 278703.14, negtive loss : 29239.44:  77%|███████▋  | 772/1000 [1:33:29<27:29,  7.24s/it]
Epoch 772 | loss : 307942.39, postive loss : 278703.14, negtive loss : 29239.26:  77%|███████▋  | 772/1000 [1:33:36<27:29,  7.24s/it]
Epoch 772 | loss : 307942.39, postive loss : 278703.14, negtive loss : 29239.26:  77%|███████▋  | 773/1000 [1:33:36<27:22,  7.23s/it]
Epoch 773 | loss : 307942.96, postive loss : 278703.14, negtive loss : 29239.82:  77%|███████▋  | 773/1000 [1:33:43<27:22,  7.23s/it]
Epoch 773 | loss : 307942.96, postive loss : 278703.14, negtive loss : 29239.82:  77%|███████▋  | 774/1000 [1:33:43<27:15,  7.24s/it]
Epoch 774 | loss : 307943.36, postive loss : 278703.14, negtive loss : 29240.22:  77%|███████▋  | 774/1000 [1:33:50<27:15,  7.24s/it]
Epoch 774 | loss : 307943.36, postive loss : 278703.14, negtive loss : 29240.22:  78%|███████▊  | 775/1000 [1:33:50<27:07,  7.24s/it]
Epoch 775 | loss : 307942.81, postive loss : 278703.14, negtive loss : 29239.68:  78%|███████▊  | 775/1000 [1:33:58<27:07,  7.24s/it]
Epoch 775 | loss : 307942.81, postive loss : 278703.14, negtive loss : 29239.68:  78%|███████▊  | 776/1000 [1:33:58<27:00,  7.23s/it]
Epoch 776 | loss : 307942.95, postive loss : 278703.14, negtive loss : 29239.81:  78%|███████▊  | 776/1000 [1:34:05<27:00,  7.23s/it]
Epoch 776 | loss : 307942.95, postive loss : 278703.14, negtive loss : 29239.81:  78%|███████▊  | 777/1000 [1:34:05<26:53,  7.23s/it]
Epoch 777 | loss : 307942.81, postive loss : 278703.14, negtive loss : 29239.67:  78%|███████▊  | 777/1000 [1:34:12<26:53,  7.23s/it]
Epoch 777 | loss : 307942.81, postive loss : 278703.14, negtive loss : 29239.67:  78%|███████▊  | 778/1000 [1:34:12<26:46,  7.23s/it]
Epoch 778 | loss : 307943.18, postive loss : 278703.14, negtive loss : 29240.04:  78%|███████▊  | 778/1000 [1:34:19<26:46,  7.23s/it]
Epoch 778 | loss : 307943.18, postive loss : 278703.14, negtive loss : 29240.04:  78%|███████▊  | 779/1000 [1:34:19<26:38,  7.23s/it]
Epoch 779 | loss : 307943.31, postive loss : 278703.14, negtive loss : 29240.17:  78%|███████▊  | 779/1000 [1:34:27<26:38,  7.23s/it]
Epoch 779 | loss : 307943.31, postive loss : 278703.14, negtive loss : 29240.17:  78%|███████▊  | 780/1000 [1:34:27<26:31,  7.23s/it]
Epoch 780 | loss : 307942.66, postive loss : 278703.14, negtive loss : 29239.52:  78%|███████▊  | 780/1000 [1:34:34<26:31,  7.23s/it]
Epoch 780 | loss : 307942.66, postive loss : 278703.14, negtive loss : 29239.52:  78%|███████▊  | 781/1000 [1:34:34<26:24,  7.23s/it]
Epoch 781 | loss : 307943.44, postive loss : 278703.14, negtive loss : 29240.30:  78%|███████▊  | 781/1000 [1:34:41<26:24,  7.23s/it]
Epoch 781 | loss : 307943.44, postive loss : 278703.14, negtive loss : 29240.30:  78%|███████▊  | 782/1000 [1:34:41<26:17,  7.23s/it]
Epoch 782 | loss : 307942.90, postive loss : 278703.14, negtive loss : 29239.76:  78%|███████▊  | 782/1000 [1:34:48<26:17,  7.23s/it]
Epoch 782 | loss : 307942.90, postive loss : 278703.14, negtive loss : 29239.76:  78%|███████▊  | 783/1000 [1:34:48<26:09,  7.23s/it]
Epoch 783 | loss : 307942.98, postive loss : 278703.14, negtive loss : 29239.84:  78%|███████▊  | 783/1000 [1:34:56<26:09,  7.23s/it]
Epoch 783 | loss : 307942.98, postive loss : 278703.14, negtive loss : 29239.84:  78%|███████▊  | 784/1000 [1:34:56<26:04,  7.24s/it]
Epoch 784 | loss : 307942.55, postive loss : 278703.14, negtive loss : 29239.41:  78%|███████▊  | 784/1000 [1:35:03<26:04,  7.24s/it]
Epoch 784 | loss : 307942.55, postive loss : 278703.14, negtive loss : 29239.41:  78%|███████▊  | 785/1000 [1:35:03<25:58,  7.25s/it]
Epoch 785 | loss : 307942.73, postive loss : 278703.14, negtive loss : 29239.59:  78%|███████▊  | 785/1000 [1:35:10<25:58,  7.25s/it]
Epoch 785 | loss : 307942.73, postive loss : 278703.14, negtive loss : 29239.59:  79%|███████▊  | 786/1000 [1:35:10<25:51,  7.25s/it]
Epoch 786 | loss : 307942.48, postive loss : 278703.14, negtive loss : 29239.35:  79%|███████▊  | 786/1000 [1:35:17<25:51,  7.25s/it]
Epoch 786 | loss : 307942.48, postive loss : 278703.14, negtive loss : 29239.35:  79%|███████▊  | 787/1000 [1:35:17<25:44,  7.25s/it]
Epoch 787 | loss : 307942.81, postive loss : 278703.14, negtive loss : 29239.67:  79%|███████▊  | 787/1000 [1:35:25<25:44,  7.25s/it]
Epoch 787 | loss : 307942.81, postive loss : 278703.14, negtive loss : 29239.67:  79%|███████▉  | 788/1000 [1:35:25<25:37,  7.25s/it]
Epoch 788 | loss : 307942.55, postive loss : 278703.14, negtive loss : 29239.42:  79%|███████▉  | 788/1000 [1:35:32<25:37,  7.25s/it]
Epoch 788 | loss : 307942.55, postive loss : 278703.14, negtive loss : 29239.42:  79%|███████▉  | 789/1000 [1:35:32<25:31,  7.26s/it]
Epoch 789 | loss : 307942.54, postive loss : 278703.14, negtive loss : 29239.40:  79%|███████▉  | 789/1000 [1:35:39<25:31,  7.26s/it]
Epoch 789 | loss : 307942.54, postive loss : 278703.14, negtive loss : 29239.40:  79%|███████▉  | 790/1000 [1:35:39<25:24,  7.26s/it]
Epoch 790 | loss : 307942.08, postive loss : 278703.14, negtive loss : 29238.94:  79%|███████▉  | 790/1000 [1:35:46<25:24,  7.26s/it]
Epoch 790 | loss : 307942.08, postive loss : 278703.14, negtive loss : 29238.94:  79%|███████▉  | 791/1000 [1:35:46<25:17,  7.26s/it]
Epoch 791 | loss : 307942.63, postive loss : 278703.14, negtive loss : 29239.50:  79%|███████▉  | 791/1000 [1:35:54<25:17,  7.26s/it]
Epoch 791 | loss : 307942.63, postive loss : 278703.14, negtive loss : 29239.50:  79%|███████▉  | 792/1000 [1:35:54<25:10,  7.26s/it]
Epoch 792 | loss : 307942.99, postive loss : 278703.14, negtive loss : 29239.85:  79%|███████▉  | 792/1000 [1:36:01<25:10,  7.26s/it]
Epoch 792 | loss : 307942.99, postive loss : 278703.14, negtive loss : 29239.85:  79%|███████▉  | 793/1000 [1:36:01<25:03,  7.26s/it]
Epoch 793 | loss : 307943.26, postive loss : 278703.14, negtive loss : 29240.12:  79%|███████▉  | 793/1000 [1:36:08<25:03,  7.26s/it]
Epoch 793 | loss : 307943.26, postive loss : 278703.14, negtive loss : 29240.12:  79%|███████▉  | 794/1000 [1:36:08<24:56,  7.26s/it]
Epoch 794 | loss : 307942.54, postive loss : 278703.14, negtive loss : 29239.40:  79%|███████▉  | 794/1000 [1:36:15<24:56,  7.26s/it]
Epoch 794 | loss : 307942.54, postive loss : 278703.14, negtive loss : 29239.40:  80%|███████▉  | 795/1000 [1:36:15<24:50,  7.27s/it]
Epoch 795 | loss : 307942.84, postive loss : 278703.14, negtive loss : 29239.71:  80%|███████▉  | 795/1000 [1:36:23<24:50,  7.27s/it]
Epoch 795 | loss : 307942.84, postive loss : 278703.14, negtive loss : 29239.71:  80%|███████▉  | 796/1000 [1:36:23<24:43,  7.27s/it]
Epoch 796 | loss : 307942.85, postive loss : 278703.14, negtive loss : 29239.71:  80%|███████▉  | 796/1000 [1:36:30<24:43,  7.27s/it]
Epoch 796 | loss : 307942.85, postive loss : 278703.14, negtive loss : 29239.71:  80%|███████▉  | 797/1000 [1:36:30<24:35,  7.27s/it]
Epoch 797 | loss : 307942.38, postive loss : 278703.14, negtive loss : 29239.24:  80%|███████▉  | 797/1000 [1:36:37<24:35,  7.27s/it]
Epoch 797 | loss : 307942.38, postive loss : 278703.14, negtive loss : 29239.24:  80%|███████▉  | 798/1000 [1:36:37<24:26,  7.26s/it]
Epoch 798 | loss : 307942.95, postive loss : 278703.14, negtive loss : 29239.81:  80%|███████▉  | 798/1000 [1:36:44<24:26,  7.26s/it]
Epoch 798 | loss : 307942.95, postive loss : 278703.14, negtive loss : 29239.81:  80%|███████▉  | 799/1000 [1:36:44<24:18,  7.26s/it]
Epoch 799 | loss : 307943.14, postive loss : 278703.14, negtive loss : 29240.00:  80%|███████▉  | 799/1000 [1:36:52<24:18,  7.26s/it]
Epoch 799 | loss : 307943.14, postive loss : 278703.14, negtive loss : 29240.00:  80%|████████  | 800/1000 [1:36:52<24:10,  7.25s/it]
Epoch 800 | loss : 307942.56, postive loss : 278703.14, negtive loss : 29239.42:  80%|████████  | 800/1000 [1:36:59<24:10,  7.25s/it]
Epoch 800 | loss : 307942.56, postive loss : 278703.14, negtive loss : 29239.42:  80%|████████  | 801/1000 [1:36:59<24:02,  7.25s/it]
Epoch 801 | loss : 307942.54, postive loss : 278703.14, negtive loss : 29239.40:  80%|████████  | 801/1000 [1:37:06<24:02,  7.25s/it]
Epoch 801 | loss : 307942.54, postive loss : 278703.14, negtive loss : 29239.40:  80%|████████  | 802/1000 [1:37:06<23:54,  7.25s/it]
Epoch 802 | loss : 307942.83, postive loss : 278703.14, negtive loss : 29239.69:  80%|████████  | 802/1000 [1:37:13<23:54,  7.25s/it]
Epoch 802 | loss : 307942.83, postive loss : 278703.14, negtive loss : 29239.69:  80%|████████  | 803/1000 [1:37:13<23:47,  7.25s/it]
Epoch 803 | loss : 307943.05, postive loss : 278703.14, negtive loss : 29239.91:  80%|████████  | 803/1000 [1:37:21<23:47,  7.25s/it]
Epoch 803 | loss : 307943.05, postive loss : 278703.14, negtive loss : 29239.91:  80%|████████  | 804/1000 [1:37:21<23:39,  7.24s/it]
Epoch 804 | loss : 307943.19, postive loss : 278703.14, negtive loss : 29240.05:  80%|████████  | 804/1000 [1:37:28<23:39,  7.24s/it]
Epoch 804 | loss : 307943.19, postive loss : 278703.14, negtive loss : 29240.05:  80%|████████  | 805/1000 [1:37:28<23:32,  7.24s/it]
Epoch 805 | loss : 307942.07, postive loss : 278703.14, negtive loss : 29238.94:  80%|████████  | 805/1000 [1:37:35<23:32,  7.24s/it]
Epoch 805 | loss : 307942.07, postive loss : 278703.14, negtive loss : 29238.94:  81%|████████  | 806/1000 [1:37:35<23:25,  7.24s/it]
Epoch 806 | loss : 307943.14, postive loss : 278703.14, negtive loss : 29240.00:  81%|████████  | 806/1000 [1:37:42<23:25,  7.24s/it]
Epoch 806 | loss : 307943.14, postive loss : 278703.14, negtive loss : 29240.00:  81%|████████  | 807/1000 [1:37:42<23:18,  7.24s/it]
Epoch 807 | loss : 307942.85, postive loss : 278703.14, negtive loss : 29239.71:  81%|████████  | 807/1000 [1:37:50<23:18,  7.24s/it]
Epoch 807 | loss : 307942.85, postive loss : 278703.14, negtive loss : 29239.71:  81%|████████  | 808/1000 [1:37:50<23:10,  7.24s/it]
Epoch 808 | loss : 307942.46, postive loss : 278703.14, negtive loss : 29239.32:  81%|████████  | 808/1000 [1:37:57<23:10,  7.24s/it]
Epoch 808 | loss : 307942.46, postive loss : 278703.14, negtive loss : 29239.32:  81%|████████  | 809/1000 [1:37:57<23:03,  7.24s/it]
Epoch 809 | loss : 307941.83, postive loss : 278703.14, negtive loss : 29238.70:  81%|████████  | 809/1000 [1:38:04<23:03,  7.24s/it]
Epoch 809 | loss : 307941.83, postive loss : 278703.14, negtive loss : 29238.70:  81%|████████  | 810/1000 [1:38:04<22:56,  7.24s/it]
Epoch 810 | loss : 307943.07, postive loss : 278703.14, negtive loss : 29239.93:  81%|████████  | 810/1000 [1:38:11<22:56,  7.24s/it]
Epoch 810 | loss : 307943.07, postive loss : 278703.14, negtive loss : 29239.93:  81%|████████  | 811/1000 [1:38:11<22:48,  7.24s/it]
Epoch 811 | loss : 307942.90, postive loss : 278703.14, negtive loss : 29239.76:  81%|████████  | 811/1000 [1:38:19<22:48,  7.24s/it]
Epoch 811 | loss : 307942.90, postive loss : 278703.14, negtive loss : 29239.76:  81%|████████  | 812/1000 [1:38:19<22:41,  7.24s/it]
Epoch 812 | loss : 307942.67, postive loss : 278703.14, negtive loss : 29239.53:  81%|████████  | 812/1000 [1:38:26<22:41,  7.24s/it]
Epoch 812 | loss : 307942.67, postive loss : 278703.14, negtive loss : 29239.53:  81%|████████▏ | 813/1000 [1:38:26<22:34,  7.24s/it]
Epoch 813 | loss : 307942.86, postive loss : 278703.14, negtive loss : 29239.72:  81%|████████▏ | 813/1000 [1:38:33<22:34,  7.24s/it]
Epoch 813 | loss : 307942.86, postive loss : 278703.14, negtive loss : 29239.72:  81%|████████▏ | 814/1000 [1:38:33<22:26,  7.24s/it]
Epoch 814 | loss : 307942.37, postive loss : 278703.14, negtive loss : 29239.23:  81%|████████▏ | 814/1000 [1:38:40<22:26,  7.24s/it]
Epoch 814 | loss : 307942.37, postive loss : 278703.14, negtive loss : 29239.23:  82%|████████▏ | 815/1000 [1:38:40<22:19,  7.24s/it]
Epoch 815 | loss : 307942.69, postive loss : 278703.14, negtive loss : 29239.55:  82%|████████▏ | 815/1000 [1:38:48<22:19,  7.24s/it]
Epoch 815 | loss : 307942.69, postive loss : 278703.14, negtive loss : 29239.55:  82%|████████▏ | 816/1000 [1:38:48<22:13,  7.24s/it]
Epoch 816 | loss : 307942.88, postive loss : 278703.14, negtive loss : 29239.74:  82%|████████▏ | 816/1000 [1:38:55<22:13,  7.24s/it]
Epoch 816 | loss : 307942.88, postive loss : 278703.14, negtive loss : 29239.74:  82%|████████▏ | 817/1000 [1:38:55<22:05,  7.24s/it]
Epoch 817 | loss : 307942.46, postive loss : 278703.14, negtive loss : 29239.32:  82%|████████▏ | 817/1000 [1:39:02<22:05,  7.24s/it]
Epoch 817 | loss : 307942.46, postive loss : 278703.14, negtive loss : 29239.32:  82%|████████▏ | 818/1000 [1:39:02<21:58,  7.24s/it]
Epoch 818 | loss : 307942.56, postive loss : 278703.14, negtive loss : 29239.42:  82%|████████▏ | 818/1000 [1:39:09<21:58,  7.24s/it]
Epoch 818 | loss : 307942.56, postive loss : 278703.14, negtive loss : 29239.42:  82%|████████▏ | 819/1000 [1:39:09<21:51,  7.25s/it]
Epoch 819 | loss : 307943.27, postive loss : 278703.14, negtive loss : 29240.13:  82%|████████▏ | 819/1000 [1:39:17<21:51,  7.25s/it]
Epoch 819 | loss : 307943.27, postive loss : 278703.14, negtive loss : 29240.13:  82%|████████▏ | 820/1000 [1:39:17<21:44,  7.25s/it]
Epoch 820 | loss : 307942.45, postive loss : 278703.14, negtive loss : 29239.31:  82%|████████▏ | 820/1000 [1:39:24<21:44,  7.25s/it]
Epoch 820 | loss : 307942.45, postive loss : 278703.14, negtive loss : 29239.31:  82%|████████▏ | 821/1000 [1:39:24<21:37,  7.25s/it]
Epoch 821 | loss : 307942.42, postive loss : 278703.14, negtive loss : 29239.28:  82%|████████▏ | 821/1000 [1:39:31<21:37,  7.25s/it]
Epoch 821 | loss : 307942.42, postive loss : 278703.14, negtive loss : 29239.28:  82%|████████▏ | 822/1000 [1:39:31<21:29,  7.24s/it]
Epoch 822 | loss : 307942.88, postive loss : 278703.14, negtive loss : 29239.74:  82%|████████▏ | 822/1000 [1:39:38<21:29,  7.24s/it]
Epoch 822 | loss : 307942.88, postive loss : 278703.14, negtive loss : 29239.74:  82%|████████▏ | 823/1000 [1:39:38<21:22,  7.24s/it]
Epoch 823 | loss : 307942.22, postive loss : 278703.14, negtive loss : 29239.08:  82%|████████▏ | 823/1000 [1:39:46<21:22,  7.24s/it]
Epoch 823 | loss : 307942.22, postive loss : 278703.14, negtive loss : 29239.08:  82%|████████▏ | 824/1000 [1:39:46<21:14,  7.24s/it]
Epoch 824 | loss : 307942.77, postive loss : 278703.14, negtive loss : 29239.63:  82%|████████▏ | 824/1000 [1:39:53<21:14,  7.24s/it]
Epoch 824 | loss : 307942.77, postive loss : 278703.14, negtive loss : 29239.63:  82%|████████▎ | 825/1000 [1:39:53<21:07,  7.24s/it]
Epoch 825 | loss : 307943.47, postive loss : 278703.14, negtive loss : 29240.33:  82%|████████▎ | 825/1000 [1:40:00<21:07,  7.24s/it]
Epoch 825 | loss : 307943.47, postive loss : 278703.14, negtive loss : 29240.33:  83%|████████▎ | 826/1000 [1:40:00<21:00,  7.24s/it]
Epoch 826 | loss : 307942.51, postive loss : 278703.14, negtive loss : 29239.37:  83%|████████▎ | 826/1000 [1:40:07<21:00,  7.24s/it]
Epoch 826 | loss : 307942.51, postive loss : 278703.14, negtive loss : 29239.37:  83%|████████▎ | 827/1000 [1:40:07<20:54,  7.25s/it]
Epoch 827 | loss : 307942.48, postive loss : 278703.14, negtive loss : 29239.34:  83%|████████▎ | 827/1000 [1:40:15<20:54,  7.25s/it]
Epoch 827 | loss : 307942.48, postive loss : 278703.14, negtive loss : 29239.34:  83%|████████▎ | 828/1000 [1:40:15<20:47,  7.25s/it]
Epoch 828 | loss : 307943.01, postive loss : 278703.14, negtive loss : 29239.88:  83%|████████▎ | 828/1000 [1:40:22<20:47,  7.25s/it]
Epoch 828 | loss : 307943.01, postive loss : 278703.14, negtive loss : 29239.88:  83%|████████▎ | 829/1000 [1:40:22<20:39,  7.25s/it]
Epoch 829 | loss : 307942.82, postive loss : 278703.14, negtive loss : 29239.69:  83%|████████▎ | 829/1000 [1:40:29<20:39,  7.25s/it]
Epoch 829 | loss : 307942.82, postive loss : 278703.14, negtive loss : 29239.69:  83%|████████▎ | 830/1000 [1:40:29<20:32,  7.25s/it]
Epoch 830 | loss : 307942.94, postive loss : 278703.14, negtive loss : 29239.80:  83%|████████▎ | 830/1000 [1:40:36<20:32,  7.25s/it]
Epoch 830 | loss : 307942.94, postive loss : 278703.14, negtive loss : 29239.80:  83%|████████▎ | 831/1000 [1:40:36<20:25,  7.25s/it]
Epoch 831 | loss : 307943.11, postive loss : 278703.14, negtive loss : 29239.97:  83%|████████▎ | 831/1000 [1:40:44<20:25,  7.25s/it]
Epoch 831 | loss : 307943.11, postive loss : 278703.14, negtive loss : 29239.97:  83%|████████▎ | 832/1000 [1:40:44<20:19,  7.26s/it]
Epoch 832 | loss : 307942.33, postive loss : 278703.14, negtive loss : 29239.19:  83%|████████▎ | 832/1000 [1:40:51<20:19,  7.26s/it]
Epoch 832 | loss : 307942.33, postive loss : 278703.14, negtive loss : 29239.19:  83%|████████▎ | 833/1000 [1:40:51<20:12,  7.26s/it]
Epoch 833 | loss : 307943.15, postive loss : 278703.14, negtive loss : 29240.01:  83%|████████▎ | 833/1000 [1:40:58<20:12,  7.26s/it]
Epoch 833 | loss : 307943.15, postive loss : 278703.14, negtive loss : 29240.01:  83%|████████▎ | 834/1000 [1:40:58<20:04,  7.25s/it]
Epoch 834 | loss : 307942.41, postive loss : 278703.14, negtive loss : 29239.27:  83%|████████▎ | 834/1000 [1:41:05<20:04,  7.25s/it]
Epoch 834 | loss : 307942.41, postive loss : 278703.14, negtive loss : 29239.27:  84%|████████▎ | 835/1000 [1:41:05<19:56,  7.25s/it]
Epoch 835 | loss : 307942.75, postive loss : 278703.14, negtive loss : 29239.61:  84%|████████▎ | 835/1000 [1:41:13<19:56,  7.25s/it]
Epoch 835 | loss : 307942.75, postive loss : 278703.14, negtive loss : 29239.61:  84%|████████▎ | 836/1000 [1:41:13<19:48,  7.25s/it]
Epoch 836 | loss : 307942.66, postive loss : 278703.14, negtive loss : 29239.52:  84%|████████▎ | 836/1000 [1:41:20<19:48,  7.25s/it]
Epoch 836 | loss : 307942.66, postive loss : 278703.14, negtive loss : 29239.52:  84%|████████▎ | 837/1000 [1:41:20<19:41,  7.25s/it]
Epoch 837 | loss : 307942.58, postive loss : 278703.14, negtive loss : 29239.45:  84%|████████▎ | 837/1000 [1:41:27<19:41,  7.25s/it]
Epoch 837 | loss : 307942.58, postive loss : 278703.14, negtive loss : 29239.45:  84%|████████▍ | 838/1000 [1:41:27<19:34,  7.25s/it]
Epoch 838 | loss : 307942.32, postive loss : 278703.14, negtive loss : 29239.18:  84%|████████▍ | 838/1000 [1:41:34<19:34,  7.25s/it]
Epoch 838 | loss : 307942.32, postive loss : 278703.14, negtive loss : 29239.18:  84%|████████▍ | 839/1000 [1:41:34<19:27,  7.25s/it]
Epoch 839 | loss : 307942.72, postive loss : 278703.14, negtive loss : 29239.58:  84%|████████▍ | 839/1000 [1:41:42<19:27,  7.25s/it]
Epoch 839 | loss : 307942.72, postive loss : 278703.14, negtive loss : 29239.58:  84%|████████▍ | 840/1000 [1:41:42<19:19,  7.25s/it]
Epoch 840 | loss : 307943.03, postive loss : 278703.14, negtive loss : 29239.89:  84%|████████▍ | 840/1000 [1:41:49<19:19,  7.25s/it]
Epoch 840 | loss : 307943.03, postive loss : 278703.14, negtive loss : 29239.89:  84%|████████▍ | 841/1000 [1:41:49<19:12,  7.25s/it]
Epoch 841 | loss : 307942.25, postive loss : 278703.14, negtive loss : 29239.11:  84%|████████▍ | 841/1000 [1:41:56<19:12,  7.25s/it]
Epoch 841 | loss : 307942.25, postive loss : 278703.14, negtive loss : 29239.11:  84%|████████▍ | 842/1000 [1:41:56<19:04,  7.24s/it]
Epoch 842 | loss : 307941.93, postive loss : 278703.14, negtive loss : 29238.79:  84%|████████▍ | 842/1000 [1:42:03<19:04,  7.24s/it]
Epoch 842 | loss : 307941.93, postive loss : 278703.14, negtive loss : 29238.79:  84%|████████▍ | 843/1000 [1:42:03<18:57,  7.24s/it]
Epoch 843 | loss : 307943.27, postive loss : 278703.14, negtive loss : 29240.13:  84%|████████▍ | 843/1000 [1:42:11<18:57,  7.24s/it]
Epoch 843 | loss : 307943.27, postive loss : 278703.14, negtive loss : 29240.13:  84%|████████▍ | 844/1000 [1:42:11<18:49,  7.24s/it]
Epoch 844 | loss : 307943.01, postive loss : 278703.14, negtive loss : 29239.87:  84%|████████▍ | 844/1000 [1:42:18<18:49,  7.24s/it]
Epoch 844 | loss : 307943.01, postive loss : 278703.14, negtive loss : 29239.87:  84%|████████▍ | 845/1000 [1:42:18<18:42,  7.24s/it]
Epoch 845 | loss : 307942.59, postive loss : 278703.14, negtive loss : 29239.45:  84%|████████▍ | 845/1000 [1:42:25<18:42,  7.24s/it]
Epoch 845 | loss : 307942.59, postive loss : 278703.14, negtive loss : 29239.45:  85%|████████▍ | 846/1000 [1:42:25<18:35,  7.24s/it]
Epoch 846 | loss : 307943.32, postive loss : 278703.14, negtive loss : 29240.18:  85%|████████▍ | 846/1000 [1:42:32<18:35,  7.24s/it]
Epoch 846 | loss : 307943.32, postive loss : 278703.14, negtive loss : 29240.18:  85%|████████▍ | 847/1000 [1:42:32<18:28,  7.24s/it]
Epoch 847 | loss : 307942.52, postive loss : 278703.14, negtive loss : 29239.38:  85%|████████▍ | 847/1000 [1:42:40<18:28,  7.24s/it]
Epoch 847 | loss : 307942.52, postive loss : 278703.14, negtive loss : 29239.38:  85%|████████▍ | 848/1000 [1:42:40<18:21,  7.24s/it]
Epoch 848 | loss : 307942.84, postive loss : 278703.14, negtive loss : 29239.70:  85%|████████▍ | 848/1000 [1:42:47<18:21,  7.24s/it]
Epoch 848 | loss : 307942.84, postive loss : 278703.14, negtive loss : 29239.70:  85%|████████▍ | 849/1000 [1:42:47<18:14,  7.25s/it]
Epoch 849 | loss : 307942.37, postive loss : 278703.14, negtive loss : 29239.23:  85%|████████▍ | 849/1000 [1:42:54<18:14,  7.25s/it]
Epoch 849 | loss : 307942.37, postive loss : 278703.14, negtive loss : 29239.23:  85%|████████▌ | 850/1000 [1:42:54<18:06,  7.25s/it]
Epoch 850 | loss : 307942.80, postive loss : 278703.14, negtive loss : 29239.66:  85%|████████▌ | 850/1000 [1:43:01<18:06,  7.25s/it]
Epoch 850 | loss : 307942.80, postive loss : 278703.14, negtive loss : 29239.66:  85%|████████▌ | 851/1000 [1:43:01<17:59,  7.24s/it]
Epoch 851 | loss : 307942.78, postive loss : 278703.14, negtive loss : 29239.64:  85%|████████▌ | 851/1000 [1:43:08<17:59,  7.24s/it]
Epoch 851 | loss : 307942.78, postive loss : 278703.14, negtive loss : 29239.64:  85%|████████▌ | 852/1000 [1:43:08<17:51,  7.24s/it]
Epoch 852 | loss : 307942.80, postive loss : 278703.14, negtive loss : 29239.66:  85%|████████▌ | 852/1000 [1:43:16<17:51,  7.24s/it]
Epoch 852 | loss : 307942.80, postive loss : 278703.14, negtive loss : 29239.66:  85%|████████▌ | 853/1000 [1:43:16<17:44,  7.24s/it]
Epoch 853 | loss : 307943.12, postive loss : 278703.14, negtive loss : 29239.98:  85%|████████▌ | 853/1000 [1:43:23<17:44,  7.24s/it]
Epoch 853 | loss : 307943.12, postive loss : 278703.14, negtive loss : 29239.98:  85%|████████▌ | 854/1000 [1:43:23<17:37,  7.24s/it]
Epoch 854 | loss : 307942.78, postive loss : 278703.14, negtive loss : 29239.64:  85%|████████▌ | 854/1000 [1:43:30<17:37,  7.24s/it]
Epoch 854 | loss : 307942.78, postive loss : 278703.14, negtive loss : 29239.64:  86%|████████▌ | 855/1000 [1:43:30<17:30,  7.24s/it]
Epoch 855 | loss : 307942.29, postive loss : 278703.14, negtive loss : 29239.15:  86%|████████▌ | 855/1000 [1:43:37<17:30,  7.24s/it]
Epoch 855 | loss : 307942.29, postive loss : 278703.14, negtive loss : 29239.15:  86%|████████▌ | 856/1000 [1:43:37<17:22,  7.24s/it]
Epoch 856 | loss : 307942.79, postive loss : 278703.14, negtive loss : 29239.65:  86%|████████▌ | 856/1000 [1:43:45<17:22,  7.24s/it]
Epoch 856 | loss : 307942.79, postive loss : 278703.14, negtive loss : 29239.65:  86%|████████▌ | 857/1000 [1:43:45<17:15,  7.24s/it]
Epoch 857 | loss : 307942.67, postive loss : 278703.14, negtive loss : 29239.54:  86%|████████▌ | 857/1000 [1:43:52<17:15,  7.24s/it]
Epoch 857 | loss : 307942.67, postive loss : 278703.14, negtive loss : 29239.54:  86%|████████▌ | 858/1000 [1:43:52<17:07,  7.24s/it]
Epoch 858 | loss : 307943.40, postive loss : 278703.14, negtive loss : 29240.26:  86%|████████▌ | 858/1000 [1:43:59<17:07,  7.24s/it]
Epoch 858 | loss : 307943.40, postive loss : 278703.14, negtive loss : 29240.26:  86%|████████▌ | 859/1000 [1:43:59<17:00,  7.24s/it]
Epoch 859 | loss : 307943.14, postive loss : 278703.14, negtive loss : 29240.00:  86%|████████▌ | 859/1000 [1:44:06<17:00,  7.24s/it]
Epoch 859 | loss : 307943.14, postive loss : 278703.14, negtive loss : 29240.00:  86%|████████▌ | 860/1000 [1:44:06<16:54,  7.25s/it]
Epoch 860 | loss : 307943.69, postive loss : 278703.14, negtive loss : 29240.55:  86%|████████▌ | 860/1000 [1:44:14<16:54,  7.25s/it]
Epoch 860 | loss : 307943.69, postive loss : 278703.14, negtive loss : 29240.55:  86%|████████▌ | 861/1000 [1:44:14<16:50,  7.27s/it]
Epoch 861 | loss : 307942.71, postive loss : 278703.14, negtive loss : 29239.57:  86%|████████▌ | 861/1000 [1:44:21<16:50,  7.27s/it]
Epoch 861 | loss : 307942.71, postive loss : 278703.14, negtive loss : 29239.57:  86%|████████▌ | 862/1000 [1:44:21<16:43,  7.28s/it]
Epoch 862 | loss : 307942.50, postive loss : 278703.14, negtive loss : 29239.36:  86%|████████▌ | 862/1000 [1:44:28<16:43,  7.28s/it]
Epoch 862 | loss : 307942.50, postive loss : 278703.14, negtive loss : 29239.36:  86%|████████▋ | 863/1000 [1:44:28<16:36,  7.27s/it]
Epoch 863 | loss : 307943.05, postive loss : 278703.14, negtive loss : 29239.91:  86%|████████▋ | 863/1000 [1:44:36<16:36,  7.27s/it]
Epoch 863 | loss : 307943.05, postive loss : 278703.14, negtive loss : 29239.91:  86%|████████▋ | 864/1000 [1:44:36<16:29,  7.28s/it]
Epoch 864 | loss : 307942.62, postive loss : 278703.14, negtive loss : 29239.48:  86%|████████▋ | 864/1000 [1:44:43<16:29,  7.28s/it]
Epoch 864 | loss : 307942.62, postive loss : 278703.14, negtive loss : 29239.48:  86%|████████▋ | 865/1000 [1:44:43<16:22,  7.27s/it]
Epoch 865 | loss : 307942.63, postive loss : 278703.14, negtive loss : 29239.49:  86%|████████▋ | 865/1000 [1:44:50<16:22,  7.27s/it]
Epoch 865 | loss : 307942.63, postive loss : 278703.14, negtive loss : 29239.49:  87%|████████▋ | 866/1000 [1:44:50<16:14,  7.27s/it]
Epoch 866 | loss : 307942.58, postive loss : 278703.14, negtive loss : 29239.44:  87%|████████▋ | 866/1000 [1:44:57<16:14,  7.27s/it]
Epoch 866 | loss : 307942.58, postive loss : 278703.14, negtive loss : 29239.44:  87%|████████▋ | 867/1000 [1:44:57<16:07,  7.28s/it]
Epoch 867 | loss : 307942.86, postive loss : 278703.14, negtive loss : 29239.72:  87%|████████▋ | 867/1000 [1:45:05<16:07,  7.28s/it]
Epoch 867 | loss : 307942.86, postive loss : 278703.14, negtive loss : 29239.72:  87%|████████▋ | 868/1000 [1:45:05<16:00,  7.28s/it]
Epoch 868 | loss : 307942.50, postive loss : 278703.14, negtive loss : 29239.36:  87%|████████▋ | 868/1000 [1:45:12<16:00,  7.28s/it]
Epoch 868 | loss : 307942.50, postive loss : 278703.14, negtive loss : 29239.36:  87%|████████▋ | 869/1000 [1:45:12<15:52,  7.27s/it]
Epoch 869 | loss : 307942.86, postive loss : 278703.14, negtive loss : 29239.72:  87%|████████▋ | 869/1000 [1:45:19<15:52,  7.27s/it]
Epoch 869 | loss : 307942.86, postive loss : 278703.14, negtive loss : 29239.72:  87%|████████▋ | 870/1000 [1:45:19<15:44,  7.26s/it]
Epoch 870 | loss : 307942.71, postive loss : 278703.14, negtive loss : 29239.58:  87%|████████▋ | 870/1000 [1:45:26<15:44,  7.26s/it]
Epoch 870 | loss : 307942.71, postive loss : 278703.14, negtive loss : 29239.58:  87%|████████▋ | 871/1000 [1:45:26<15:35,  7.25s/it]
Epoch 871 | loss : 307942.62, postive loss : 278703.14, negtive loss : 29239.48:  87%|████████▋ | 871/1000 [1:45:34<15:35,  7.25s/it]
Epoch 871 | loss : 307942.62, postive loss : 278703.14, negtive loss : 29239.48:  87%|████████▋ | 872/1000 [1:45:34<15:29,  7.26s/it]
Epoch 872 | loss : 307942.19, postive loss : 278703.14, negtive loss : 29239.05:  87%|████████▋ | 872/1000 [1:45:41<15:29,  7.26s/it]
Epoch 872 | loss : 307942.19, postive loss : 278703.14, negtive loss : 29239.05:  87%|████████▋ | 873/1000 [1:45:41<15:25,  7.29s/it]
Epoch 873 | loss : 307943.09, postive loss : 278703.14, negtive loss : 29239.95:  87%|████████▋ | 873/1000 [1:45:48<15:25,  7.29s/it]
Epoch 873 | loss : 307943.09, postive loss : 278703.14, negtive loss : 29239.95:  87%|████████▋ | 874/1000 [1:45:48<15:17,  7.28s/it]
Epoch 874 | loss : 307942.82, postive loss : 278703.14, negtive loss : 29239.68:  87%|████████▋ | 874/1000 [1:45:56<15:17,  7.28s/it]
Epoch 874 | loss : 307942.82, postive loss : 278703.14, negtive loss : 29239.68:  88%|████████▊ | 875/1000 [1:45:56<15:09,  7.28s/it]
Epoch 875 | loss : 307943.06, postive loss : 278703.14, negtive loss : 29239.92:  88%|████████▊ | 875/1000 [1:46:03<15:09,  7.28s/it]
Epoch 875 | loss : 307943.06, postive loss : 278703.14, negtive loss : 29239.92:  88%|████████▊ | 876/1000 [1:46:03<15:02,  7.28s/it]
Epoch 876 | loss : 307943.05, postive loss : 278703.14, negtive loss : 29239.91:  88%|████████▊ | 876/1000 [1:46:10<15:02,  7.28s/it]
Epoch 876 | loss : 307943.05, postive loss : 278703.14, negtive loss : 29239.91:  88%|████████▊ | 877/1000 [1:46:10<14:55,  7.28s/it]
Epoch 877 | loss : 307942.45, postive loss : 278703.14, negtive loss : 29239.32:  88%|████████▊ | 877/1000 [1:46:17<14:55,  7.28s/it]
Epoch 877 | loss : 307942.45, postive loss : 278703.14, negtive loss : 29239.32:  88%|████████▊ | 878/1000 [1:46:17<14:49,  7.29s/it]
Epoch 878 | loss : 307942.42, postive loss : 278703.14, negtive loss : 29239.29:  88%|████████▊ | 878/1000 [1:46:25<14:49,  7.29s/it]
Epoch 878 | loss : 307942.42, postive loss : 278703.14, negtive loss : 29239.29:  88%|████████▊ | 879/1000 [1:46:25<14:41,  7.29s/it]
Epoch 879 | loss : 307943.65, postive loss : 278703.14, negtive loss : 29240.51:  88%|████████▊ | 879/1000 [1:46:32<14:41,  7.29s/it]
Epoch 879 | loss : 307943.65, postive loss : 278703.14, negtive loss : 29240.51:  88%|████████▊ | 880/1000 [1:46:32<14:33,  7.28s/it]
Epoch 880 | loss : 307941.97, postive loss : 278703.14, negtive loss : 29238.83:  88%|████████▊ | 880/1000 [1:46:39<14:33,  7.28s/it]
Epoch 880 | loss : 307941.97, postive loss : 278703.14, negtive loss : 29238.83:  88%|████████▊ | 881/1000 [1:46:39<14:25,  7.28s/it]
Epoch 881 | loss : 307942.52, postive loss : 278703.14, negtive loss : 29239.38:  88%|████████▊ | 881/1000 [1:46:47<14:25,  7.28s/it]
Epoch 881 | loss : 307942.52, postive loss : 278703.14, negtive loss : 29239.38:  88%|████████▊ | 882/1000 [1:46:47<14:19,  7.29s/it]
Epoch 882 | loss : 307943.21, postive loss : 278703.14, negtive loss : 29240.07:  88%|████████▊ | 882/1000 [1:46:54<14:19,  7.29s/it]
Epoch 882 | loss : 307943.21, postive loss : 278703.14, negtive loss : 29240.07:  88%|████████▊ | 883/1000 [1:46:54<14:13,  7.30s/it]
Epoch 883 | loss : 307942.37, postive loss : 278703.14, negtive loss : 29239.23:  88%|████████▊ | 883/1000 [1:47:01<14:13,  7.30s/it]
Epoch 883 | loss : 307942.37, postive loss : 278703.14, negtive loss : 29239.23:  88%|████████▊ | 884/1000 [1:47:01<14:05,  7.29s/it]
Epoch 884 | loss : 307942.90, postive loss : 278703.14, negtive loss : 29239.76:  88%|████████▊ | 884/1000 [1:47:08<14:05,  7.29s/it]
Epoch 884 | loss : 307942.90, postive loss : 278703.14, negtive loss : 29239.76:  88%|████████▊ | 885/1000 [1:47:08<13:57,  7.28s/it]
Epoch 885 | loss : 307942.92, postive loss : 278703.14, negtive loss : 29239.78:  88%|████████▊ | 885/1000 [1:47:16<13:57,  7.28s/it]
Epoch 885 | loss : 307942.92, postive loss : 278703.14, negtive loss : 29239.78:  89%|████████▊ | 886/1000 [1:47:16<13:49,  7.28s/it]
Epoch 886 | loss : 307942.38, postive loss : 278703.14, negtive loss : 29239.24:  89%|████████▊ | 886/1000 [1:47:23<13:49,  7.28s/it]
Epoch 886 | loss : 307942.38, postive loss : 278703.14, negtive loss : 29239.24:  89%|████████▊ | 887/1000 [1:47:23<13:42,  7.28s/it]
Epoch 887 | loss : 307942.54, postive loss : 278703.14, negtive loss : 29239.40:  89%|████████▊ | 887/1000 [1:47:30<13:42,  7.28s/it]
Epoch 887 | loss : 307942.54, postive loss : 278703.14, negtive loss : 29239.40:  89%|████████▉ | 888/1000 [1:47:30<13:35,  7.28s/it]
Epoch 888 | loss : 307942.84, postive loss : 278703.14, negtive loss : 29239.70:  89%|████████▉ | 888/1000 [1:47:38<13:35,  7.28s/it]
Epoch 888 | loss : 307942.84, postive loss : 278703.14, negtive loss : 29239.70:  89%|████████▉ | 889/1000 [1:47:38<13:27,  7.27s/it]
Epoch 889 | loss : 307943.35, postive loss : 278703.14, negtive loss : 29240.21:  89%|████████▉ | 889/1000 [1:47:45<13:27,  7.27s/it]
Epoch 889 | loss : 307943.35, postive loss : 278703.14, negtive loss : 29240.21:  89%|████████▉ | 890/1000 [1:47:45<13:20,  7.27s/it]
Epoch 890 | loss : 307942.55, postive loss : 278703.14, negtive loss : 29239.41:  89%|████████▉ | 890/1000 [1:47:52<13:20,  7.27s/it]
Epoch 890 | loss : 307942.55, postive loss : 278703.14, negtive loss : 29239.41:  89%|████████▉ | 891/1000 [1:47:52<13:12,  7.27s/it]
Epoch 891 | loss : 307942.41, postive loss : 278703.14, negtive loss : 29239.27:  89%|████████▉ | 891/1000 [1:47:59<13:12,  7.27s/it]
Epoch 891 | loss : 307942.41, postive loss : 278703.14, negtive loss : 29239.27:  89%|████████▉ | 892/1000 [1:47:59<13:04,  7.26s/it]
Epoch 892 | loss : 307942.68, postive loss : 278703.14, negtive loss : 29239.54:  89%|████████▉ | 892/1000 [1:48:07<13:04,  7.26s/it]
Epoch 892 | loss : 307942.68, postive loss : 278703.14, negtive loss : 29239.54:  89%|████████▉ | 893/1000 [1:48:07<12:56,  7.26s/it]
Epoch 893 | loss : 307942.79, postive loss : 278703.14, negtive loss : 29239.65:  89%|████████▉ | 893/1000 [1:48:14<12:56,  7.26s/it]
Epoch 893 | loss : 307942.79, postive loss : 278703.14, negtive loss : 29239.65:  89%|████████▉ | 894/1000 [1:48:14<12:49,  7.26s/it]
Epoch 894 | loss : 307942.70, postive loss : 278703.14, negtive loss : 29239.56:  89%|████████▉ | 894/1000 [1:48:21<12:49,  7.26s/it]
Epoch 894 | loss : 307942.70, postive loss : 278703.14, negtive loss : 29239.56:  90%|████████▉ | 895/1000 [1:48:21<12:41,  7.25s/it]
Epoch 895 | loss : 307942.87, postive loss : 278703.14, negtive loss : 29239.73:  90%|████████▉ | 895/1000 [1:48:28<12:41,  7.25s/it]
Epoch 895 | loss : 307942.87, postive loss : 278703.14, negtive loss : 29239.73:  90%|████████▉ | 896/1000 [1:48:28<12:34,  7.25s/it]
Epoch 896 | loss : 307942.75, postive loss : 278703.14, negtive loss : 29239.61:  90%|████████▉ | 896/1000 [1:48:36<12:34,  7.25s/it]
Epoch 896 | loss : 307942.75, postive loss : 278703.14, negtive loss : 29239.61:  90%|████████▉ | 897/1000 [1:48:36<12:26,  7.25s/it]
Epoch 897 | loss : 307943.01, postive loss : 278703.14, negtive loss : 29239.87:  90%|████████▉ | 897/1000 [1:48:43<12:26,  7.25s/it]
Epoch 897 | loss : 307943.01, postive loss : 278703.14, negtive loss : 29239.87:  90%|████████▉ | 898/1000 [1:48:43<12:19,  7.25s/it]
Epoch 898 | loss : 307942.99, postive loss : 278703.14, negtive loss : 29239.85:  90%|████████▉ | 898/1000 [1:48:50<12:19,  7.25s/it]
Epoch 898 | loss : 307942.99, postive loss : 278703.14, negtive loss : 29239.85:  90%|████████▉ | 899/1000 [1:48:50<12:11,  7.24s/it]
Epoch 899 | loss : 307942.65, postive loss : 278703.14, negtive loss : 29239.51:  90%|████████▉ | 899/1000 [1:48:57<12:11,  7.24s/it]
Epoch 899 | loss : 307942.65, postive loss : 278703.14, negtive loss : 29239.51:  90%|█████████ | 900/1000 [1:48:57<12:04,  7.25s/it]
Epoch 900 | loss : 307942.18, postive loss : 278703.14, negtive loss : 29239.04:  90%|█████████ | 900/1000 [1:49:05<12:04,  7.25s/it]
Epoch 900 | loss : 307942.18, postive loss : 278703.14, negtive loss : 29239.04:  90%|█████████ | 901/1000 [1:49:05<11:57,  7.24s/it]
Epoch 901 | loss : 307942.56, postive loss : 278703.14, negtive loss : 29239.42:  90%|█████████ | 901/1000 [1:49:12<11:57,  7.24s/it]
Epoch 901 | loss : 307942.56, postive loss : 278703.14, negtive loss : 29239.42:  90%|█████████ | 902/1000 [1:49:12<11:49,  7.24s/it]
Epoch 902 | loss : 307942.84, postive loss : 278703.14, negtive loss : 29239.71:  90%|█████████ | 902/1000 [1:49:19<11:49,  7.24s/it]
Epoch 902 | loss : 307942.84, postive loss : 278703.14, negtive loss : 29239.71:  90%|█████████ | 903/1000 [1:49:19<11:42,  7.24s/it]
Epoch 903 | loss : 307942.50, postive loss : 278703.14, negtive loss : 29239.36:  90%|█████████ | 903/1000 [1:49:26<11:42,  7.24s/it]
Epoch 903 | loss : 307942.50, postive loss : 278703.14, negtive loss : 29239.36:  90%|█████████ | 904/1000 [1:49:26<11:34,  7.24s/it]
Epoch 904 | loss : 307942.58, postive loss : 278703.14, negtive loss : 29239.44:  90%|█████████ | 904/1000 [1:49:33<11:34,  7.24s/it]
Epoch 904 | loss : 307942.58, postive loss : 278703.14, negtive loss : 29239.44:  90%|█████████ | 905/1000 [1:49:33<11:27,  7.24s/it]
Epoch 905 | loss : 307942.82, postive loss : 278703.14, negtive loss : 29239.68:  90%|█████████ | 905/1000 [1:49:41<11:27,  7.24s/it]
Epoch 905 | loss : 307942.82, postive loss : 278703.14, negtive loss : 29239.68:  91%|█████████ | 906/1000 [1:49:41<11:20,  7.24s/it]
Epoch 906 | loss : 307942.91, postive loss : 278703.14, negtive loss : 29239.76:  91%|█████████ | 906/1000 [1:49:48<11:20,  7.24s/it]
Epoch 906 | loss : 307942.91, postive loss : 278703.14, negtive loss : 29239.76:  91%|█████████ | 907/1000 [1:49:48<11:12,  7.24s/it]
Epoch 907 | loss : 307942.06, postive loss : 278703.14, negtive loss : 29238.92:  91%|█████████ | 907/1000 [1:49:55<11:12,  7.24s/it]
Epoch 907 | loss : 307942.06, postive loss : 278703.14, negtive loss : 29238.92:  91%|█████████ | 908/1000 [1:49:55<11:05,  7.24s/it]
Epoch 908 | loss : 307943.07, postive loss : 278703.14, negtive loss : 29239.93:  91%|█████████ | 908/1000 [1:50:02<11:05,  7.24s/it]
Epoch 908 | loss : 307943.07, postive loss : 278703.14, negtive loss : 29239.93:  91%|█████████ | 909/1000 [1:50:02<10:58,  7.24s/it]
Epoch 909 | loss : 307942.87, postive loss : 278703.14, negtive loss : 29239.74:  91%|█████████ | 909/1000 [1:50:10<10:58,  7.24s/it]
Epoch 909 | loss : 307942.87, postive loss : 278703.14, negtive loss : 29239.74:  91%|█████████ | 910/1000 [1:50:10<10:51,  7.23s/it]
Epoch 910 | loss : 307942.88, postive loss : 278703.14, negtive loss : 29239.74:  91%|█████████ | 910/1000 [1:50:17<10:51,  7.23s/it]
Epoch 910 | loss : 307942.88, postive loss : 278703.14, negtive loss : 29239.74:  91%|█████████ | 911/1000 [1:50:17<10:43,  7.23s/it]
Epoch 911 | loss : 307942.45, postive loss : 278703.14, negtive loss : 29239.31:  91%|█████████ | 911/1000 [1:50:24<10:43,  7.23s/it]
Epoch 911 | loss : 307942.45, postive loss : 278703.14, negtive loss : 29239.31:  91%|█████████ | 912/1000 [1:50:24<10:36,  7.23s/it]
Epoch 912 | loss : 307942.78, postive loss : 278703.14, negtive loss : 29239.65:  91%|█████████ | 912/1000 [1:50:31<10:36,  7.23s/it]
Epoch 912 | loss : 307942.78, postive loss : 278703.14, negtive loss : 29239.65:  91%|█████████▏| 913/1000 [1:50:31<10:29,  7.23s/it]
Epoch 913 | loss : 307942.78, postive loss : 278703.14, negtive loss : 29239.65:  91%|█████████▏| 913/1000 [1:50:39<10:29,  7.23s/it]
Epoch 913 | loss : 307942.78, postive loss : 278703.14, negtive loss : 29239.65:  91%|█████████▏| 914/1000 [1:50:39<10:22,  7.23s/it]
Epoch 914 | loss : 307942.74, postive loss : 278703.14, negtive loss : 29239.60:  91%|█████████▏| 914/1000 [1:50:46<10:22,  7.23s/it]
Epoch 914 | loss : 307942.74, postive loss : 278703.14, negtive loss : 29239.60:  92%|█████████▏| 915/1000 [1:50:46<10:14,  7.23s/it]
Epoch 915 | loss : 307943.34, postive loss : 278703.14, negtive loss : 29240.20:  92%|█████████▏| 915/1000 [1:50:53<10:14,  7.23s/it]
Epoch 915 | loss : 307943.34, postive loss : 278703.14, negtive loss : 29240.20:  92%|█████████▏| 916/1000 [1:50:53<10:08,  7.24s/it]
Epoch 916 | loss : 307942.20, postive loss : 278703.14, negtive loss : 29239.07:  92%|█████████▏| 916/1000 [1:51:00<10:08,  7.24s/it]
Epoch 916 | loss : 307942.20, postive loss : 278703.14, negtive loss : 29239.07:  92%|█████████▏| 917/1000 [1:51:00<10:00,  7.24s/it]
Epoch 917 | loss : 307942.90, postive loss : 278703.14, negtive loss : 29239.76:  92%|█████████▏| 917/1000 [1:51:08<10:00,  7.24s/it]
Epoch 917 | loss : 307942.90, postive loss : 278703.14, negtive loss : 29239.76:  92%|█████████▏| 918/1000 [1:51:08<09:53,  7.24s/it]
Epoch 918 | loss : 307942.59, postive loss : 278703.14, negtive loss : 29239.45:  92%|█████████▏| 918/1000 [1:51:15<09:53,  7.24s/it]
Epoch 918 | loss : 307942.59, postive loss : 278703.14, negtive loss : 29239.45:  92%|█████████▏| 919/1000 [1:51:15<09:46,  7.24s/it]
Epoch 919 | loss : 307943.14, postive loss : 278703.14, negtive loss : 29240.00:  92%|█████████▏| 919/1000 [1:51:22<09:46,  7.24s/it]
Epoch 919 | loss : 307943.14, postive loss : 278703.14, negtive loss : 29240.00:  92%|█████████▏| 920/1000 [1:51:22<09:39,  7.25s/it]
Epoch 920 | loss : 307942.74, postive loss : 278703.14, negtive loss : 29239.60:  92%|█████████▏| 920/1000 [1:51:29<09:39,  7.25s/it]
Epoch 920 | loss : 307942.74, postive loss : 278703.14, negtive loss : 29239.60:  92%|█████████▏| 921/1000 [1:51:29<09:33,  7.26s/it]
Epoch 921 | loss : 307942.81, postive loss : 278703.14, negtive loss : 29239.67:  92%|█████████▏| 921/1000 [1:51:37<09:33,  7.26s/it]
Epoch 921 | loss : 307942.81, postive loss : 278703.14, negtive loss : 29239.67:  92%|█████████▏| 922/1000 [1:51:37<09:25,  7.25s/it]
Epoch 922 | loss : 307942.26, postive loss : 278703.14, negtive loss : 29239.12:  92%|█████████▏| 922/1000 [1:51:44<09:25,  7.25s/it]
Epoch 922 | loss : 307942.26, postive loss : 278703.14, negtive loss : 29239.12:  92%|█████████▏| 923/1000 [1:51:44<09:17,  7.24s/it]
Epoch 923 | loss : 307942.95, postive loss : 278703.14, negtive loss : 29239.81:  92%|█████████▏| 923/1000 [1:51:51<09:17,  7.24s/it]
Epoch 923 | loss : 307942.95, postive loss : 278703.14, negtive loss : 29239.81:  92%|█████████▏| 924/1000 [1:51:51<09:10,  7.24s/it]
Epoch 924 | loss : 307942.83, postive loss : 278703.14, negtive loss : 29239.69:  92%|█████████▏| 924/1000 [1:51:58<09:10,  7.24s/it]
Epoch 924 | loss : 307942.83, postive loss : 278703.14, negtive loss : 29239.69:  92%|█████████▎| 925/1000 [1:51:58<09:02,  7.24s/it]
Epoch 925 | loss : 307942.71, postive loss : 278703.14, negtive loss : 29239.57:  92%|█████████▎| 925/1000 [1:52:05<09:02,  7.24s/it]
Epoch 925 | loss : 307942.71, postive loss : 278703.14, negtive loss : 29239.57:  93%|█████████▎| 926/1000 [1:52:05<08:55,  7.24s/it]
Epoch 926 | loss : 307942.36, postive loss : 278703.14, negtive loss : 29239.22:  93%|█████████▎| 926/1000 [1:52:13<08:55,  7.24s/it]
Epoch 926 | loss : 307942.36, postive loss : 278703.14, negtive loss : 29239.22:  93%|█████████▎| 927/1000 [1:52:13<08:48,  7.23s/it]
Epoch 927 | loss : 307943.15, postive loss : 278703.14, negtive loss : 29240.01:  93%|█████████▎| 927/1000 [1:52:20<08:48,  7.23s/it]
Epoch 927 | loss : 307943.15, postive loss : 278703.14, negtive loss : 29240.01:  93%|█████████▎| 928/1000 [1:52:20<08:40,  7.23s/it]
Epoch 928 | loss : 307942.44, postive loss : 278703.14, negtive loss : 29239.31:  93%|█████████▎| 928/1000 [1:52:27<08:40,  7.23s/it]
Epoch 928 | loss : 307942.44, postive loss : 278703.14, negtive loss : 29239.31:  93%|█████████▎| 929/1000 [1:52:27<08:33,  7.23s/it]
Epoch 929 | loss : 307942.84, postive loss : 278703.14, negtive loss : 29239.71:  93%|█████████▎| 929/1000 [1:52:34<08:33,  7.23s/it]
Epoch 929 | loss : 307942.84, postive loss : 278703.14, negtive loss : 29239.71:  93%|█████████▎| 930/1000 [1:52:34<08:26,  7.23s/it]
Epoch 930 | loss : 307942.65, postive loss : 278703.14, negtive loss : 29239.51:  93%|█████████▎| 930/1000 [1:52:42<08:26,  7.23s/it]
Epoch 930 | loss : 307942.65, postive loss : 278703.14, negtive loss : 29239.51:  93%|█████████▎| 931/1000 [1:52:42<08:19,  7.23s/it]
Epoch 931 | loss : 307942.87, postive loss : 278703.14, negtive loss : 29239.73:  93%|█████████▎| 931/1000 [1:52:49<08:19,  7.23s/it]
Epoch 931 | loss : 307942.87, postive loss : 278703.14, negtive loss : 29239.73:  93%|█████████▎| 932/1000 [1:52:49<08:11,  7.23s/it]
Epoch 932 | loss : 307942.50, postive loss : 278703.14, negtive loss : 29239.37:  93%|█████████▎| 932/1000 [1:52:56<08:11,  7.23s/it]
Epoch 932 | loss : 307942.50, postive loss : 278703.14, negtive loss : 29239.37:  93%|█████████▎| 933/1000 [1:52:56<08:04,  7.23s/it]
Epoch 933 | loss : 307943.34, postive loss : 278703.14, negtive loss : 29240.20:  93%|█████████▎| 933/1000 [1:53:03<08:04,  7.23s/it]
Epoch 933 | loss : 307943.34, postive loss : 278703.14, negtive loss : 29240.20:  93%|█████████▎| 934/1000 [1:53:03<07:57,  7.23s/it]
Epoch 934 | loss : 307943.42, postive loss : 278703.14, negtive loss : 29240.28:  93%|█████████▎| 934/1000 [1:53:11<07:57,  7.23s/it]
Epoch 934 | loss : 307943.42, postive loss : 278703.14, negtive loss : 29240.28:  94%|█████████▎| 935/1000 [1:53:11<07:50,  7.23s/it]
Epoch 935 | loss : 307942.67, postive loss : 278703.14, negtive loss : 29239.53:  94%|█████████▎| 935/1000 [1:53:18<07:50,  7.23s/it]
Epoch 935 | loss : 307942.67, postive loss : 278703.14, negtive loss : 29239.53:  94%|█████████▎| 936/1000 [1:53:18<07:43,  7.24s/it]
Epoch 936 | loss : 307942.78, postive loss : 278703.14, negtive loss : 29239.64:  94%|█████████▎| 936/1000 [1:53:25<07:43,  7.24s/it]
Epoch 936 | loss : 307942.78, postive loss : 278703.14, negtive loss : 29239.64:  94%|█████████▎| 937/1000 [1:53:25<07:36,  7.24s/it]
Epoch 937 | loss : 307942.78, postive loss : 278703.14, negtive loss : 29239.64:  94%|█████████▎| 937/1000 [1:53:32<07:36,  7.24s/it]
Epoch 937 | loss : 307942.78, postive loss : 278703.14, negtive loss : 29239.64:  94%|█████████▍| 938/1000 [1:53:32<07:29,  7.25s/it]
Epoch 938 | loss : 307943.47, postive loss : 278703.14, negtive loss : 29240.33:  94%|█████████▍| 938/1000 [1:53:40<07:29,  7.25s/it]
Epoch 938 | loss : 307943.47, postive loss : 278703.14, negtive loss : 29240.33:  94%|█████████▍| 939/1000 [1:53:40<07:21,  7.24s/it]
Epoch 939 | loss : 307943.01, postive loss : 278703.14, negtive loss : 29239.87:  94%|█████████▍| 939/1000 [1:53:47<07:21,  7.24s/it]
Epoch 939 | loss : 307943.01, postive loss : 278703.14, negtive loss : 29239.87:  94%|█████████▍| 940/1000 [1:53:47<07:14,  7.25s/it]
Epoch 940 | loss : 307943.11, postive loss : 278703.14, negtive loss : 29239.97:  94%|█████████▍| 940/1000 [1:53:54<07:14,  7.25s/it]
Epoch 940 | loss : 307943.11, postive loss : 278703.14, negtive loss : 29239.97:  94%|█████████▍| 941/1000 [1:53:54<07:07,  7.25s/it]
Epoch 941 | loss : 307942.69, postive loss : 278703.14, negtive loss : 29239.55:  94%|█████████▍| 941/1000 [1:54:01<07:07,  7.25s/it]
Epoch 941 | loss : 307942.69, postive loss : 278703.14, negtive loss : 29239.55:  94%|█████████▍| 942/1000 [1:54:01<07:00,  7.25s/it]
Epoch 942 | loss : 307943.15, postive loss : 278703.14, negtive loss : 29240.01:  94%|█████████▍| 942/1000 [1:54:09<07:00,  7.25s/it]
Epoch 942 | loss : 307943.15, postive loss : 278703.14, negtive loss : 29240.01:  94%|█████████▍| 943/1000 [1:54:09<06:53,  7.25s/it]
Epoch 943 | loss : 307942.69, postive loss : 278703.14, negtive loss : 29239.55:  94%|█████████▍| 943/1000 [1:54:16<06:53,  7.25s/it]
Epoch 943 | loss : 307942.69, postive loss : 278703.14, negtive loss : 29239.55:  94%|█████████▍| 944/1000 [1:54:16<06:45,  7.25s/it]
Epoch 944 | loss : 307942.89, postive loss : 278703.14, negtive loss : 29239.75:  94%|█████████▍| 944/1000 [1:54:23<06:45,  7.25s/it]
Epoch 944 | loss : 307942.89, postive loss : 278703.14, negtive loss : 29239.75:  94%|█████████▍| 945/1000 [1:54:23<06:38,  7.25s/it]
Epoch 945 | loss : 307943.10, postive loss : 278703.14, negtive loss : 29239.97:  94%|█████████▍| 945/1000 [1:54:30<06:38,  7.25s/it]
Epoch 945 | loss : 307943.10, postive loss : 278703.14, negtive loss : 29239.97:  95%|█████████▍| 946/1000 [1:54:30<06:31,  7.25s/it]
Epoch 946 | loss : 307942.85, postive loss : 278703.14, negtive loss : 29239.71:  95%|█████████▍| 946/1000 [1:54:38<06:31,  7.25s/it]
Epoch 946 | loss : 307942.85, postive loss : 278703.14, negtive loss : 29239.71:  95%|█████████▍| 947/1000 [1:54:38<06:24,  7.25s/it]
Epoch 947 | loss : 307942.17, postive loss : 278703.14, negtive loss : 29239.03:  95%|█████████▍| 947/1000 [1:54:45<06:24,  7.25s/it]
Epoch 947 | loss : 307942.17, postive loss : 278703.14, negtive loss : 29239.03:  95%|█████████▍| 948/1000 [1:54:45<06:17,  7.25s/it]
Epoch 948 | loss : 307942.86, postive loss : 278703.14, negtive loss : 29239.72:  95%|█████████▍| 948/1000 [1:54:52<06:17,  7.25s/it]
Epoch 948 | loss : 307942.86, postive loss : 278703.14, negtive loss : 29239.72:  95%|█████████▍| 949/1000 [1:54:52<06:09,  7.25s/it]
Epoch 949 | loss : 307943.24, postive loss : 278703.14, negtive loss : 29240.10:  95%|█████████▍| 949/1000 [1:54:59<06:09,  7.25s/it]
Epoch 949 | loss : 307943.24, postive loss : 278703.14, negtive loss : 29240.10:  95%|█████████▌| 950/1000 [1:54:59<06:02,  7.25s/it]
Epoch 950 | loss : 307942.78, postive loss : 278703.14, negtive loss : 29239.64:  95%|█████████▌| 950/1000 [1:55:07<06:02,  7.25s/it]
Epoch 950 | loss : 307942.78, postive loss : 278703.14, negtive loss : 29239.64:  95%|█████████▌| 951/1000 [1:55:07<05:54,  7.24s/it]
Epoch 951 | loss : 307942.45, postive loss : 278703.14, negtive loss : 29239.32:  95%|█████████▌| 951/1000 [1:55:14<05:54,  7.24s/it]
Epoch 951 | loss : 307942.45, postive loss : 278703.14, negtive loss : 29239.32:  95%|█████████▌| 952/1000 [1:55:14<05:47,  7.24s/it]
Epoch 952 | loss : 307942.99, postive loss : 278703.14, negtive loss : 29239.86:  95%|█████████▌| 952/1000 [1:55:21<05:47,  7.24s/it]
Epoch 952 | loss : 307942.99, postive loss : 278703.14, negtive loss : 29239.86:  95%|█████████▌| 953/1000 [1:55:21<05:40,  7.24s/it]
Epoch 953 | loss : 307942.45, postive loss : 278703.14, negtive loss : 29239.31:  95%|█████████▌| 953/1000 [1:55:28<05:40,  7.24s/it]
Epoch 953 | loss : 307942.45, postive loss : 278703.14, negtive loss : 29239.31:  95%|█████████▌| 954/1000 [1:55:28<05:33,  7.25s/it]
Epoch 954 | loss : 307942.79, postive loss : 278703.14, negtive loss : 29239.66:  95%|█████████▌| 954/1000 [1:55:36<05:33,  7.25s/it]
Epoch 954 | loss : 307942.79, postive loss : 278703.14, negtive loss : 29239.66:  96%|█████████▌| 955/1000 [1:55:36<05:27,  7.27s/it]
Epoch 955 | loss : 307942.81, postive loss : 278703.14, negtive loss : 29239.67:  96%|█████████▌| 955/1000 [1:55:43<05:27,  7.27s/it]
Epoch 955 | loss : 307942.81, postive loss : 278703.14, negtive loss : 29239.67:  96%|█████████▌| 956/1000 [1:55:43<05:19,  7.27s/it]
Epoch 956 | loss : 307942.93, postive loss : 278703.14, negtive loss : 29239.79:  96%|█████████▌| 956/1000 [1:55:50<05:19,  7.27s/it]
Epoch 956 | loss : 307942.93, postive loss : 278703.14, negtive loss : 29239.79:  96%|█████████▌| 957/1000 [1:55:50<05:12,  7.27s/it]
Epoch 957 | loss : 307943.73, postive loss : 278703.14, negtive loss : 29240.59:  96%|█████████▌| 957/1000 [1:55:57<05:12,  7.27s/it]
Epoch 957 | loss : 307943.73, postive loss : 278703.14, negtive loss : 29240.59:  96%|█████████▌| 958/1000 [1:55:57<05:04,  7.26s/it]
Epoch 958 | loss : 307943.39, postive loss : 278703.14, negtive loss : 29240.25:  96%|█████████▌| 958/1000 [1:56:05<05:04,  7.26s/it]
Epoch 958 | loss : 307943.39, postive loss : 278703.14, negtive loss : 29240.25:  96%|█████████▌| 959/1000 [1:56:05<04:57,  7.25s/it]
Epoch 959 | loss : 307943.08, postive loss : 278703.14, negtive loss : 29239.94:  96%|█████████▌| 959/1000 [1:56:12<04:57,  7.25s/it]
Epoch 959 | loss : 307943.08, postive loss : 278703.14, negtive loss : 29239.94:  96%|█████████▌| 960/1000 [1:56:12<04:49,  7.25s/it]
Epoch 960 | loss : 307943.60, postive loss : 278703.14, negtive loss : 29240.46:  96%|█████████▌| 960/1000 [1:56:19<04:49,  7.25s/it]
Epoch 960 | loss : 307943.60, postive loss : 278703.14, negtive loss : 29240.46:  96%|█████████▌| 961/1000 [1:56:19<04:43,  7.26s/it]
Epoch 961 | loss : 307942.19, postive loss : 278703.14, negtive loss : 29239.05:  96%|█████████▌| 961/1000 [1:56:26<04:43,  7.26s/it]
Epoch 961 | loss : 307942.19, postive loss : 278703.14, negtive loss : 29239.05:  96%|█████████▌| 962/1000 [1:56:26<04:35,  7.26s/it]
Epoch 962 | loss : 307943.29, postive loss : 278703.14, negtive loss : 29240.15:  96%|█████████▌| 962/1000 [1:56:34<04:35,  7.26s/it]
Epoch 962 | loss : 307943.29, postive loss : 278703.14, negtive loss : 29240.15:  96%|█████████▋| 963/1000 [1:56:34<04:28,  7.26s/it]
Epoch 963 | loss : 307942.69, postive loss : 278703.14, negtive loss : 29239.55:  96%|█████████▋| 963/1000 [1:56:41<04:28,  7.26s/it]
Epoch 963 | loss : 307942.69, postive loss : 278703.14, negtive loss : 29239.55:  96%|█████████▋| 964/1000 [1:56:41<04:21,  7.25s/it]
Epoch 964 | loss : 307943.38, postive loss : 278703.14, negtive loss : 29240.24:  96%|█████████▋| 964/1000 [1:56:48<04:21,  7.25s/it]
Epoch 964 | loss : 307943.38, postive loss : 278703.14, negtive loss : 29240.24:  96%|█████████▋| 965/1000 [1:56:48<04:13,  7.25s/it]
Epoch 965 | loss : 307942.48, postive loss : 278703.14, negtive loss : 29239.34:  96%|█████████▋| 965/1000 [1:56:55<04:13,  7.25s/it]
Epoch 965 | loss : 307942.48, postive loss : 278703.14, negtive loss : 29239.34:  97%|█████████▋| 966/1000 [1:56:55<04:06,  7.26s/it]
Epoch 966 | loss : 307942.93, postive loss : 278703.14, negtive loss : 29239.79:  97%|█████████▋| 966/1000 [1:57:03<04:06,  7.26s/it]
Epoch 966 | loss : 307942.93, postive loss : 278703.14, negtive loss : 29239.79:  97%|█████████▋| 967/1000 [1:57:03<03:59,  7.25s/it]
Epoch 967 | loss : 307942.87, postive loss : 278703.14, negtive loss : 29239.73:  97%|█████████▋| 967/1000 [1:57:10<03:59,  7.25s/it]
Epoch 967 | loss : 307942.87, postive loss : 278703.14, negtive loss : 29239.73:  97%|█████████▋| 968/1000 [1:57:10<03:51,  7.24s/it]
Epoch 968 | loss : 307943.28, postive loss : 278703.14, negtive loss : 29240.14:  97%|█████████▋| 968/1000 [1:57:17<03:51,  7.24s/it]
Epoch 968 | loss : 307943.28, postive loss : 278703.14, negtive loss : 29240.14:  97%|█████████▋| 969/1000 [1:57:17<03:44,  7.24s/it]
Epoch 969 | loss : 307943.35, postive loss : 278703.14, negtive loss : 29240.21:  97%|█████████▋| 969/1000 [1:57:24<03:44,  7.24s/it]
Epoch 969 | loss : 307943.35, postive loss : 278703.14, negtive loss : 29240.21:  97%|█████████▋| 970/1000 [1:57:24<03:37,  7.24s/it]
Epoch 970 | loss : 307942.49, postive loss : 278703.14, negtive loss : 29239.35:  97%|█████████▋| 970/1000 [1:57:32<03:37,  7.24s/it]
Epoch 970 | loss : 307942.49, postive loss : 278703.14, negtive loss : 29239.35:  97%|█████████▋| 971/1000 [1:57:32<03:29,  7.23s/it]
Epoch 971 | loss : 307942.74, postive loss : 278703.14, negtive loss : 29239.60:  97%|█████████▋| 971/1000 [1:57:39<03:29,  7.23s/it]
Epoch 971 | loss : 307942.74, postive loss : 278703.14, negtive loss : 29239.60:  97%|█████████▋| 972/1000 [1:57:39<03:22,  7.23s/it]
Epoch 972 | loss : 307942.45, postive loss : 278703.14, negtive loss : 29239.31:  97%|█████████▋| 972/1000 [1:57:46<03:22,  7.23s/it]
Epoch 972 | loss : 307942.45, postive loss : 278703.14, negtive loss : 29239.31:  97%|█████████▋| 973/1000 [1:57:46<03:15,  7.23s/it]
Epoch 973 | loss : 307942.81, postive loss : 278703.14, negtive loss : 29239.66:  97%|█████████▋| 973/1000 [1:57:53<03:15,  7.23s/it]
Epoch 973 | loss : 307942.81, postive loss : 278703.14, negtive loss : 29239.66:  97%|█████████▋| 974/1000 [1:57:53<03:08,  7.23s/it]
Epoch 974 | loss : 307942.96, postive loss : 278703.14, negtive loss : 29239.82:  97%|█████████▋| 974/1000 [1:58:00<03:08,  7.23s/it]
Epoch 974 | loss : 307942.96, postive loss : 278703.14, negtive loss : 29239.82:  98%|█████████▊| 975/1000 [1:58:00<03:00,  7.23s/it]
Epoch 975 | loss : 307942.82, postive loss : 278703.14, negtive loss : 29239.68:  98%|█████████▊| 975/1000 [1:58:08<03:00,  7.23s/it]
Epoch 975 | loss : 307942.82, postive loss : 278703.14, negtive loss : 29239.68:  98%|█████████▊| 976/1000 [1:58:08<02:53,  7.23s/it]
Epoch 976 | loss : 307942.12, postive loss : 278703.14, negtive loss : 29238.98:  98%|█████████▊| 976/1000 [1:58:15<02:53,  7.23s/it]
Epoch 976 | loss : 307942.12, postive loss : 278703.14, negtive loss : 29238.98:  98%|█████████▊| 977/1000 [1:58:15<02:46,  7.23s/it]
Epoch 977 | loss : 307942.88, postive loss : 278703.14, negtive loss : 29239.74:  98%|█████████▊| 977/1000 [1:58:22<02:46,  7.23s/it]
Epoch 977 | loss : 307942.88, postive loss : 278703.14, negtive loss : 29239.74:  98%|█████████▊| 978/1000 [1:58:22<02:39,  7.23s/it]
Epoch 978 | loss : 307943.38, postive loss : 278703.14, negtive loss : 29240.24:  98%|█████████▊| 978/1000 [1:58:29<02:39,  7.23s/it]
Epoch 978 | loss : 307943.38, postive loss : 278703.14, negtive loss : 29240.24:  98%|█████████▊| 979/1000 [1:58:29<02:31,  7.23s/it]
Epoch 979 | loss : 307942.63, postive loss : 278703.14, negtive loss : 29239.49:  98%|█████████▊| 979/1000 [1:58:37<02:31,  7.23s/it]
Epoch 979 | loss : 307942.63, postive loss : 278703.14, negtive loss : 29239.49:  98%|█████████▊| 980/1000 [1:58:37<02:24,  7.23s/it]
Epoch 980 | loss : 307942.80, postive loss : 278703.14, negtive loss : 29239.66:  98%|█████████▊| 980/1000 [1:58:44<02:24,  7.23s/it]
Epoch 980 | loss : 307942.80, postive loss : 278703.14, negtive loss : 29239.66:  98%|█████████▊| 981/1000 [1:58:44<02:17,  7.23s/it]
Epoch 981 | loss : 307943.13, postive loss : 278703.14, negtive loss : 29239.99:  98%|█████████▊| 981/1000 [1:58:51<02:17,  7.23s/it]
Epoch 981 | loss : 307943.13, postive loss : 278703.14, negtive loss : 29239.99:  98%|█████████▊| 982/1000 [1:58:51<02:10,  7.23s/it]
Epoch 982 | loss : 307943.14, postive loss : 278703.14, negtive loss : 29240.00:  98%|█████████▊| 982/1000 [1:58:58<02:10,  7.23s/it]
Epoch 982 | loss : 307943.14, postive loss : 278703.14, negtive loss : 29240.00:  98%|█████████▊| 983/1000 [1:58:58<02:03,  7.24s/it]
Epoch 983 | loss : 307943.14, postive loss : 278703.14, negtive loss : 29240.00:  98%|█████████▊| 983/1000 [1:59:06<02:03,  7.24s/it]
Epoch 983 | loss : 307943.14, postive loss : 278703.14, negtive loss : 29240.00:  98%|█████████▊| 984/1000 [1:59:06<01:56,  7.25s/it]
Epoch 984 | loss : 307942.54, postive loss : 278703.14, negtive loss : 29239.40:  98%|█████████▊| 984/1000 [1:59:13<01:56,  7.25s/it]
Epoch 984 | loss : 307942.54, postive loss : 278703.14, negtive loss : 29239.40:  98%|█████████▊| 985/1000 [1:59:13<01:48,  7.24s/it]
Epoch 985 | loss : 307942.67, postive loss : 278703.14, negtive loss : 29239.54:  98%|█████████▊| 985/1000 [1:59:20<01:48,  7.24s/it]
Epoch 985 | loss : 307942.67, postive loss : 278703.14, negtive loss : 29239.54:  99%|█████████▊| 986/1000 [1:59:20<01:41,  7.24s/it]
Epoch 986 | loss : 307943.07, postive loss : 278703.14, negtive loss : 29239.93:  99%|█████████▊| 986/1000 [1:59:27<01:41,  7.24s/it]
Epoch 986 | loss : 307943.07, postive loss : 278703.14, negtive loss : 29239.93:  99%|█████████▊| 987/1000 [1:59:27<01:34,  7.25s/it]
Epoch 987 | loss : 307942.97, postive loss : 278703.14, negtive loss : 29239.83:  99%|█████████▊| 987/1000 [1:59:35<01:34,  7.25s/it]
Epoch 987 | loss : 307942.97, postive loss : 278703.14, negtive loss : 29239.83:  99%|█████████▉| 988/1000 [1:59:35<01:27,  7.25s/it]
Epoch 988 | loss : 307942.63, postive loss : 278703.14, negtive loss : 29239.49:  99%|█████████▉| 988/1000 [1:59:42<01:27,  7.25s/it]
Epoch 988 | loss : 307942.63, postive loss : 278703.14, negtive loss : 29239.49:  99%|█████████▉| 989/1000 [1:59:42<01:19,  7.25s/it]
Epoch 989 | loss : 307942.96, postive loss : 278703.14, negtive loss : 29239.82:  99%|█████████▉| 989/1000 [1:59:49<01:19,  7.25s/it]
Epoch 989 | loss : 307942.96, postive loss : 278703.14, negtive loss : 29239.82:  99%|█████████▉| 990/1000 [1:59:49<01:12,  7.24s/it]
Epoch 990 | loss : 307943.15, postive loss : 278703.14, negtive loss : 29240.01:  99%|█████████▉| 990/1000 [1:59:56<01:12,  7.24s/it]
Epoch 990 | loss : 307943.15, postive loss : 278703.14, negtive loss : 29240.01:  99%|█████████▉| 991/1000 [1:59:56<01:05,  7.24s/it]
Epoch 991 | loss : 307943.46, postive loss : 278703.14, negtive loss : 29240.32:  99%|█████████▉| 991/1000 [2:00:04<01:05,  7.24s/it]
Epoch 991 | loss : 307943.46, postive loss : 278703.14, negtive loss : 29240.32:  99%|█████████▉| 992/1000 [2:00:04<00:57,  7.24s/it]
Epoch 992 | loss : 307942.97, postive loss : 278703.14, negtive loss : 29239.83:  99%|█████████▉| 992/1000 [2:00:11<00:57,  7.24s/it]
Epoch 992 | loss : 307942.97, postive loss : 278703.14, negtive loss : 29239.83:  99%|█████████▉| 993/1000 [2:00:11<00:50,  7.24s/it]
Epoch 993 | loss : 307943.32, postive loss : 278703.14, negtive loss : 29240.18:  99%|█████████▉| 993/1000 [2:00:18<00:50,  7.24s/it]
Epoch 993 | loss : 307943.32, postive loss : 278703.14, negtive loss : 29240.18:  99%|█████████▉| 994/1000 [2:00:18<00:43,  7.25s/it]
Epoch 994 | loss : 307943.05, postive loss : 278703.14, negtive loss : 29239.91:  99%|█████████▉| 994/1000 [2:00:25<00:43,  7.25s/it]
Epoch 994 | loss : 307943.05, postive loss : 278703.14, negtive loss : 29239.91: 100%|█████████▉| 995/1000 [2:00:25<00:36,  7.28s/it]
Epoch 995 | loss : 307942.20, postive loss : 278703.14, negtive loss : 29239.07: 100%|█████████▉| 995/1000 [2:00:33<00:36,  7.28s/it]
Epoch 995 | loss : 307942.20, postive loss : 278703.14, negtive loss : 29239.07: 100%|█████████▉| 996/1000 [2:00:33<00:29,  7.27s/it]
Epoch 996 | loss : 307943.06, postive loss : 278703.14, negtive loss : 29239.93: 100%|█████████▉| 996/1000 [2:00:40<00:29,  7.27s/it]
Epoch 996 | loss : 307943.06, postive loss : 278703.14, negtive loss : 29239.93: 100%|█████████▉| 997/1000 [2:00:40<00:21,  7.30s/it]
Epoch 997 | loss : 307942.71, postive loss : 278703.14, negtive loss : 29239.57: 100%|█████████▉| 997/1000 [2:00:47<00:21,  7.30s/it]
Epoch 997 | loss : 307942.71, postive loss : 278703.14, negtive loss : 29239.57: 100%|█████████▉| 998/1000 [2:00:47<00:14,  7.28s/it]
Epoch 998 | loss : 307942.13, postive loss : 278703.14, negtive loss : 29238.99: 100%|█████████▉| 998/1000 [2:00:55<00:14,  7.28s/it]
Epoch 998 | loss : 307942.13, postive loss : 278703.14, negtive loss : 29238.99: 100%|█████████▉| 999/1000 [2:00:55<00:07,  7.28s/it]
Epoch 999 | loss : 307942.42, postive loss : 278703.14, negtive loss : 29239.28: 100%|█████████▉| 999/1000 [2:01:02<00:07,  7.28s/it]
Epoch 999 | loss : 307942.42, postive loss : 278703.14, negtive loss : 29239.28: 100%|██████████| 1000/1000 [2:01:02<00:00,  7.28s/it]
Epoch 999 | loss : 307942.42, postive loss : 278703.14, negtive loss : 29239.28: 100%|██████████| 1000/1000 [2:01:02<00:00,  7.26s/it]
Info : finish model training
Info : save model sucessfully
Info : save sucessfully
the 1th validation begin. the optimizer is Adagrad  -----------------------------------------------------------
INFO -- prepare : Init model SN2E
INFO -- prepare : set model cuda: 1
INFO -- prepare : Model initialization complete
INFO -- prepare : Init optimizer
INFO -- prepare : Finish preparing Optimizer...
Info : start model training

  0%|          | 0/1000 [00:00<?, ?it/s]
Epoch 0 | loss : 355786.58, postive loss : 326553.34, negtive loss : 29233.25:   0%|          | 0/1000 [00:07<?, ?it/s]
Epoch 0 | loss : 355786.58, postive loss : 326553.34, negtive loss : 29233.25:   0%|          | 1/1000 [00:07<2:02:56,  7.38s/it]
Epoch 1 | loss : 315020.96, postive loss : 285784.44, negtive loss : 29236.52:   0%|          | 1/1000 [00:14<2:02:56,  7.38s/it]
Epoch 1 | loss : 315020.96, postive loss : 285784.44, negtive loss : 29236.52:   0%|          | 2/1000 [00:14<2:01:27,  7.30s/it]
Epoch 2 | loss : 302269.91, postive loss : 273028.83, negtive loss : 29241.09:   0%|          | 2/1000 [00:21<2:01:27,  7.30s/it]
Epoch 2 | loss : 302269.91, postive loss : 273028.83, negtive loss : 29241.09:   0%|          | 3/1000 [00:21<2:01:28,  7.31s/it]
Epoch 3 | loss : 293927.16, postive loss : 264683.36, negtive loss : 29243.80:   0%|          | 3/1000 [00:29<2:01:28,  7.31s/it]
Epoch 3 | loss : 293927.16, postive loss : 264683.36, negtive loss : 29243.80:   0%|          | 4/1000 [00:29<2:00:57,  7.29s/it]
Epoch 4 | loss : 287419.98, postive loss : 258172.88, negtive loss : 29247.10:   0%|          | 4/1000 [00:36<2:00:57,  7.29s/it]
Epoch 4 | loss : 287419.98, postive loss : 258172.88, negtive loss : 29247.10:   0%|          | 5/1000 [00:36<2:00:33,  7.27s/it]
Epoch 5 | loss : 281907.21, postive loss : 252659.39, negtive loss : 29247.82:   0%|          | 5/1000 [00:43<2:00:33,  7.27s/it]
Epoch 5 | loss : 281907.21, postive loss : 252659.39, negtive loss : 29247.82:   1%|          | 6/1000 [00:43<2:00:10,  7.25s/it]
Epoch 6 | loss : 277049.62, postive loss : 247798.51, negtive loss : 29251.11:   1%|          | 6/1000 [00:50<2:00:10,  7.25s/it]
Epoch 6 | loss : 277049.62, postive loss : 247798.51, negtive loss : 29251.11:   1%|          | 7/1000 [00:50<1:59:52,  7.24s/it]
Epoch 7 | loss : 272706.14, postive loss : 243453.01, negtive loss : 29253.13:   1%|          | 7/1000 [00:58<1:59:52,  7.24s/it]
Epoch 7 | loss : 272706.14, postive loss : 243453.01, negtive loss : 29253.13:   1%|          | 8/1000 [00:58<1:59:50,  7.25s/it]
Epoch 8 | loss : 268700.09, postive loss : 239443.98, negtive loss : 29256.11:   1%|          | 8/1000 [01:05<1:59:50,  7.25s/it]
Epoch 8 | loss : 268700.09, postive loss : 239443.98, negtive loss : 29256.11:   1%|          | 9/1000 [01:05<1:59:34,  7.24s/it]
Epoch 9 | loss : 264957.11, postive loss : 235699.87, negtive loss : 29257.24:   1%|          | 9/1000 [01:12<1:59:34,  7.24s/it]
Epoch 9 | loss : 264957.11, postive loss : 235699.87, negtive loss : 29257.24:   1%|          | 10/1000 [01:12<1:59:21,  7.23s/it]
Epoch 10 | loss : 261508.75, postive loss : 232249.11, negtive loss : 29259.65:   1%|          | 10/1000 [01:19<1:59:21,  7.23s/it]
Epoch 10 | loss : 261508.75, postive loss : 232249.11, negtive loss : 29259.65:   1%|          | 11/1000 [01:19<1:59:22,  7.24s/it]
Epoch 11 | loss : 258278.70, postive loss : 229018.40, negtive loss : 29260.29:   1%|          | 11/1000 [01:27<1:59:22,  7.24s/it]
Epoch 11 | loss : 258278.70, postive loss : 229018.40, negtive loss : 29260.29:   1%|          | 12/1000 [01:27<1:59:11,  7.24s/it]
Epoch 12 | loss : 255216.75, postive loss : 225954.66, negtive loss : 29262.09:   1%|          | 12/1000 [01:34<1:59:11,  7.24s/it]
Epoch 12 | loss : 255216.75, postive loss : 225954.66, negtive loss : 29262.09:   1%|▏         | 13/1000 [01:34<1:59:04,  7.24s/it]
Epoch 13 | loss : 252336.75, postive loss : 223071.34, negtive loss : 29265.41:   1%|▏         | 13/1000 [01:41<1:59:04,  7.24s/it]
Epoch 13 | loss : 252336.75, postive loss : 223071.34, negtive loss : 29265.41:   1%|▏         | 14/1000 [01:41<1:59:08,  7.25s/it]
Epoch 14 | loss : 249558.87, postive loss : 220292.92, negtive loss : 29265.95:   1%|▏         | 14/1000 [01:48<1:59:08,  7.25s/it]
Epoch 14 | loss : 249558.87, postive loss : 220292.92, negtive loss : 29265.95:   2%|▏         | 15/1000 [01:48<1:58:49,  7.24s/it]
Epoch 15 | loss : 246947.54, postive loss : 217679.10, negtive loss : 29268.44:   2%|▏         | 15/1000 [01:56<1:58:49,  7.24s/it]
Epoch 15 | loss : 246947.54, postive loss : 217679.10, negtive loss : 29268.44:   2%|▏         | 16/1000 [01:56<1:58:51,  7.25s/it]
Epoch 16 | loss : 244432.43, postive loss : 215161.90, negtive loss : 29270.52:   2%|▏         | 16/1000 [02:03<1:58:51,  7.25s/it]
Epoch 16 | loss : 244432.43, postive loss : 215161.90, negtive loss : 29270.52:   2%|▏         | 17/1000 [02:03<1:58:37,  7.24s/it]
Epoch 17 | loss : 241995.34, postive loss : 212721.16, negtive loss : 29274.18:   2%|▏         | 17/1000 [02:10<1:58:37,  7.24s/it]
Epoch 17 | loss : 241995.34, postive loss : 212721.16, negtive loss : 29274.18:   2%|▏         | 18/1000 [02:10<1:58:25,  7.24s/it]
Epoch 18 | loss : 239716.22, postive loss : 210443.67, negtive loss : 29272.54:   2%|▏         | 18/1000 [02:17<1:58:25,  7.24s/it]
Epoch 18 | loss : 239716.22, postive loss : 210443.67, negtive loss : 29272.54:   2%|▏         | 19/1000 [02:17<1:58:13,  7.23s/it]
Epoch 19 | loss : 237453.53, postive loss : 208178.15, negtive loss : 29275.38:   2%|▏         | 19/1000 [02:24<1:58:13,  7.23s/it]
Epoch 19 | loss : 237453.53, postive loss : 208178.15, negtive loss : 29275.38:   2%|▏         | 20/1000 [02:24<1:58:02,  7.23s/it]
Epoch 20 | loss : 235320.41, postive loss : 206043.41, negtive loss : 29277.00:   2%|▏         | 20/1000 [02:32<1:58:02,  7.23s/it]
Epoch 20 | loss : 235320.41, postive loss : 206043.41, negtive loss : 29277.00:   2%|▏         | 21/1000 [02:32<1:57:53,  7.23s/it]
Epoch 21 | loss : 233219.80, postive loss : 203940.88, negtive loss : 29278.92:   2%|▏         | 21/1000 [02:39<1:57:53,  7.23s/it]
Epoch 21 | loss : 233219.80, postive loss : 203940.88, negtive loss : 29278.92:   2%|▏         | 22/1000 [02:39<1:57:47,  7.23s/it]
Epoch 22 | loss : 231212.69, postive loss : 201933.18, negtive loss : 29279.51:   2%|▏         | 22/1000 [02:46<1:57:47,  7.23s/it]
Epoch 22 | loss : 231212.69, postive loss : 201933.18, negtive loss : 29279.51:   2%|▏         | 23/1000 [02:46<1:57:58,  7.25s/it]
Epoch 23 | loss : 229268.32, postive loss : 199985.58, negtive loss : 29282.74:   2%|▏         | 23/1000 [02:53<1:57:58,  7.25s/it]
Epoch 23 | loss : 229268.32, postive loss : 199985.58, negtive loss : 29282.74:   2%|▏         | 24/1000 [02:53<1:57:45,  7.24s/it]
Epoch 24 | loss : 227357.47, postive loss : 198074.13, negtive loss : 29283.34:   2%|▏         | 24/1000 [03:01<1:57:45,  7.24s/it]
Epoch 24 | loss : 227357.47, postive loss : 198074.13, negtive loss : 29283.34:   2%|▎         | 25/1000 [03:01<1:57:35,  7.24s/it]
Epoch 25 | loss : 225539.84, postive loss : 196255.34, negtive loss : 29284.50:   2%|▎         | 25/1000 [03:08<1:57:35,  7.24s/it]
Epoch 25 | loss : 225539.84, postive loss : 196255.34, negtive loss : 29284.50:   3%|▎         | 26/1000 [03:08<1:57:25,  7.23s/it]
Epoch 26 | loss : 223750.21, postive loss : 194463.90, negtive loss : 29286.32:   3%|▎         | 26/1000 [03:15<1:57:25,  7.23s/it]
Epoch 26 | loss : 223750.21, postive loss : 194463.90, negtive loss : 29286.32:   3%|▎         | 27/1000 [03:15<1:57:52,  7.27s/it]
Epoch 27 | loss : 222012.90, postive loss : 192723.66, negtive loss : 29289.23:   3%|▎         | 27/1000 [03:22<1:57:52,  7.27s/it]
Epoch 27 | loss : 222012.90, postive loss : 192723.66, negtive loss : 29289.23:   3%|▎         | 28/1000 [03:22<1:57:32,  7.26s/it]
Epoch 28 | loss : 220309.20, postive loss : 191019.14, negtive loss : 29290.06:   3%|▎         | 28/1000 [03:30<1:57:32,  7.26s/it]
Epoch 28 | loss : 220309.20, postive loss : 191019.14, negtive loss : 29290.06:   3%|▎         | 29/1000 [03:30<1:57:34,  7.27s/it]
Epoch 29 | loss : 218678.97, postive loss : 189388.93, negtive loss : 29290.04:   3%|▎         | 29/1000 [03:37<1:57:34,  7.27s/it]
Epoch 29 | loss : 218678.97, postive loss : 189388.93, negtive loss : 29290.04:   3%|▎         | 30/1000 [03:37<1:57:16,  7.25s/it]
Epoch 30 | loss : 217029.95, postive loss : 187736.06, negtive loss : 29293.89:   3%|▎         | 30/1000 [03:44<1:57:16,  7.25s/it]
Epoch 30 | loss : 217029.95, postive loss : 187736.06, negtive loss : 29293.89:   3%|▎         | 31/1000 [03:44<1:57:19,  7.26s/it]
Epoch 31 | loss : 215490.46, postive loss : 186194.71, negtive loss : 29295.75:   3%|▎         | 31/1000 [03:52<1:57:19,  7.26s/it]
Epoch 31 | loss : 215490.46, postive loss : 186194.71, negtive loss : 29295.75:   3%|▎         | 32/1000 [03:52<1:57:24,  7.28s/it]
Epoch 32 | loss : 213953.84, postive loss : 184656.88, negtive loss : 29296.96:   3%|▎         | 32/1000 [03:59<1:57:24,  7.28s/it]
Epoch 32 | loss : 213953.84, postive loss : 184656.88, negtive loss : 29296.96:   3%|▎         | 33/1000 [03:59<1:57:13,  7.27s/it]
Epoch 33 | loss : 212464.41, postive loss : 183166.30, negtive loss : 29298.11:   3%|▎         | 33/1000 [04:06<1:57:13,  7.27s/it]
Epoch 33 | loss : 212464.41, postive loss : 183166.30, negtive loss : 29298.11:   3%|▎         | 34/1000 [04:06<1:57:12,  7.28s/it]
Epoch 34 | loss : 210979.75, postive loss : 181680.52, negtive loss : 29299.22:   3%|▎         | 34/1000 [04:13<1:57:12,  7.28s/it]
Epoch 34 | loss : 210979.75, postive loss : 181680.52, negtive loss : 29299.22:   4%|▎         | 35/1000 [04:13<1:56:48,  7.26s/it]
Epoch 35 | loss : 209561.09, postive loss : 180260.64, negtive loss : 29300.45:   4%|▎         | 35/1000 [04:21<1:56:48,  7.26s/it]
Epoch 35 | loss : 209561.09, postive loss : 180260.64, negtive loss : 29300.45:   4%|▎         | 36/1000 [04:21<1:57:11,  7.29s/it]
Epoch 36 | loss : 208145.79, postive loss : 178844.56, negtive loss : 29301.23:   4%|▎         | 36/1000 [04:28<1:57:11,  7.29s/it]
Epoch 36 | loss : 208145.79, postive loss : 178844.56, negtive loss : 29301.23:   4%|▎         | 37/1000 [04:28<1:56:57,  7.29s/it]
Epoch 37 | loss : 206782.79, postive loss : 177478.86, negtive loss : 29303.92:   4%|▎         | 37/1000 [04:35<1:56:57,  7.29s/it]
Epoch 37 | loss : 206782.79, postive loss : 177478.86, negtive loss : 29303.92:   4%|▍         | 38/1000 [04:35<1:57:06,  7.30s/it]
Epoch 38 | loss : 205432.10, postive loss : 176127.37, negtive loss : 29304.73:   4%|▍         | 38/1000 [04:43<1:57:06,  7.30s/it]
Epoch 38 | loss : 205432.10, postive loss : 176127.37, negtive loss : 29304.73:   4%|▍         | 39/1000 [04:43<1:56:49,  7.29s/it]
Epoch 39 | loss : 204119.40, postive loss : 174812.03, negtive loss : 29307.37:   4%|▍         | 39/1000 [04:50<1:56:49,  7.29s/it]
Epoch 39 | loss : 204119.40, postive loss : 174812.03, negtive loss : 29307.37:   4%|▍         | 40/1000 [04:50<1:56:21,  7.27s/it]
Epoch 40 | loss : 202818.58, postive loss : 173509.97, negtive loss : 29308.61:   4%|▍         | 40/1000 [04:57<1:56:21,  7.27s/it]
Epoch 40 | loss : 202818.58, postive loss : 173509.97, negtive loss : 29308.61:   4%|▍         | 41/1000 [04:57<1:56:48,  7.31s/it]
Epoch 41 | loss : 201552.28, postive loss : 172245.04, negtive loss : 29307.24:   4%|▍         | 41/1000 [05:05<1:56:48,  7.31s/it]
Epoch 41 | loss : 201552.28, postive loss : 172245.04, negtive loss : 29307.24:   4%|▍         | 42/1000 [05:05<1:57:10,  7.34s/it]
Epoch 42 | loss : 200310.78, postive loss : 171001.11, negtive loss : 29309.67:   4%|▍         | 42/1000 [05:12<1:57:10,  7.34s/it]
Epoch 42 | loss : 200310.78, postive loss : 171001.11, negtive loss : 29309.67:   4%|▍         | 43/1000 [05:12<1:56:35,  7.31s/it]
Epoch 43 | loss : 199082.50, postive loss : 169769.93, negtive loss : 29312.57:   4%|▍         | 43/1000 [05:19<1:56:35,  7.31s/it]
Epoch 43 | loss : 199082.50, postive loss : 169769.93, negtive loss : 29312.57:   4%|▍         | 44/1000 [05:19<1:56:44,  7.33s/it]
Epoch 44 | loss : 197875.15, postive loss : 168563.51, negtive loss : 29311.64:   4%|▍         | 44/1000 [05:27<1:56:44,  7.33s/it]
Epoch 44 | loss : 197875.15, postive loss : 168563.51, negtive loss : 29311.64:   4%|▍         | 45/1000 [05:27<1:56:22,  7.31s/it]
Epoch 45 | loss : 196705.94, postive loss : 167391.33, negtive loss : 29314.61:   4%|▍         | 45/1000 [05:34<1:56:22,  7.31s/it]
Epoch 45 | loss : 196705.94, postive loss : 167391.33, negtive loss : 29314.61:   5%|▍         | 46/1000 [05:34<1:55:58,  7.29s/it]
Epoch 46 | loss : 195539.02, postive loss : 166224.42, negtive loss : 29314.61:   5%|▍         | 46/1000 [05:41<1:55:58,  7.29s/it]
Epoch 46 | loss : 195539.02, postive loss : 166224.42, negtive loss : 29314.61:   5%|▍         | 47/1000 [05:41<1:55:27,  7.27s/it]
Epoch 47 | loss : 194404.73, postive loss : 165088.07, negtive loss : 29316.65:   5%|▍         | 47/1000 [05:48<1:55:27,  7.27s/it]
Epoch 47 | loss : 194404.73, postive loss : 165088.07, negtive loss : 29316.65:   5%|▍         | 48/1000 [05:48<1:55:41,  7.29s/it]
Epoch 48 | loss : 193278.46, postive loss : 163962.04, negtive loss : 29316.43:   5%|▍         | 48/1000 [05:56<1:55:41,  7.29s/it]
Epoch 48 | loss : 193278.46, postive loss : 163962.04, negtive loss : 29316.43:   5%|▍         | 49/1000 [05:56<1:55:32,  7.29s/it]
Epoch 49 | loss : 192177.63, postive loss : 162859.26, negtive loss : 29318.37:   5%|▍         | 49/1000 [06:03<1:55:32,  7.29s/it]
Epoch 49 | loss : 192177.63, postive loss : 162859.26, negtive loss : 29318.37:   5%|▌         | 50/1000 [06:03<1:55:17,  7.28s/it]
Epoch 50 | loss : 191092.42, postive loss : 161771.63, negtive loss : 29320.79:   5%|▌         | 50/1000 [06:10<1:55:17,  7.28s/it]
Epoch 50 | loss : 191092.42, postive loss : 161771.63, negtive loss : 29320.79:   5%|▌         | 51/1000 [06:10<1:54:52,  7.26s/it]
Epoch 51 | loss : 190036.60, postive loss : 160715.02, negtive loss : 29321.58:   5%|▌         | 51/1000 [06:17<1:54:52,  7.26s/it]
Epoch 51 | loss : 190036.60, postive loss : 160715.02, negtive loss : 29321.58:   5%|▌         | 52/1000 [06:17<1:54:32,  7.25s/it]
Epoch 52 | loss : 188971.42, postive loss : 159648.77, negtive loss : 29322.65:   5%|▌         | 52/1000 [06:25<1:54:32,  7.25s/it]
Epoch 52 | loss : 188971.42, postive loss : 159648.77, negtive loss : 29322.65:   5%|▌         | 53/1000 [06:25<1:54:24,  7.25s/it]
Epoch 53 | loss : 187954.29, postive loss : 158632.00, negtive loss : 29322.29:   5%|▌         | 53/1000 [06:32<1:54:24,  7.25s/it]
Epoch 53 | loss : 187954.29, postive loss : 158632.00, negtive loss : 29322.29:   5%|▌         | 54/1000 [06:32<1:54:09,  7.24s/it]
Epoch 54 | loss : 186915.51, postive loss : 157592.15, negtive loss : 29323.36:   5%|▌         | 54/1000 [06:39<1:54:09,  7.24s/it]
Epoch 54 | loss : 186915.51, postive loss : 157592.15, negtive loss : 29323.36:   6%|▌         | 55/1000 [06:39<1:53:56,  7.23s/it]
Epoch 55 | loss : 185923.19, postive loss : 156596.18, negtive loss : 29327.01:   6%|▌         | 55/1000 [06:46<1:53:56,  7.23s/it]
Epoch 55 | loss : 185923.19, postive loss : 156596.18, negtive loss : 29327.01:   6%|▌         | 56/1000 [06:46<1:53:52,  7.24s/it]
Epoch 56 | loss : 184938.23, postive loss : 155611.12, negtive loss : 29327.11:   6%|▌         | 56/1000 [06:53<1:53:52,  7.24s/it]
Epoch 56 | loss : 184938.23, postive loss : 155611.12, negtive loss : 29327.11:   6%|▌         | 57/1000 [06:53<1:53:42,  7.23s/it]
Epoch 57 | loss : 183965.19, postive loss : 154636.28, negtive loss : 29328.91:   6%|▌         | 57/1000 [07:01<1:53:42,  7.23s/it]
Epoch 57 | loss : 183965.19, postive loss : 154636.28, negtive loss : 29328.91:   6%|▌         | 58/1000 [07:01<1:53:31,  7.23s/it]
Epoch 58 | loss : 182997.83, postive loss : 153669.38, negtive loss : 29328.45:   6%|▌         | 58/1000 [07:08<1:53:31,  7.23s/it]
Epoch 58 | loss : 182997.83, postive loss : 153669.38, negtive loss : 29328.45:   6%|▌         | 59/1000 [07:08<1:53:21,  7.23s/it]
Epoch 59 | loss : 182054.52, postive loss : 152722.23, negtive loss : 29332.29:   6%|▌         | 59/1000 [07:15<1:53:21,  7.23s/it]
Epoch 59 | loss : 182054.52, postive loss : 152722.23, negtive loss : 29332.29:   6%|▌         | 60/1000 [07:15<1:53:12,  7.23s/it]
Epoch 60 | loss : 181115.42, postive loss : 151783.36, negtive loss : 29332.06:   6%|▌         | 60/1000 [07:22<1:53:12,  7.23s/it]
Epoch 60 | loss : 181115.42, postive loss : 151783.36, negtive loss : 29332.06:   6%|▌         | 61/1000 [07:22<1:53:26,  7.25s/it]
Epoch 61 | loss : 180200.36, postive loss : 150869.05, negtive loss : 29331.31:   6%|▌         | 61/1000 [07:30<1:53:26,  7.25s/it]
Epoch 61 | loss : 180200.36, postive loss : 150869.05, negtive loss : 29331.31:   6%|▌         | 62/1000 [07:30<1:54:01,  7.29s/it]
Epoch 62 | loss : 179287.50, postive loss : 149955.18, negtive loss : 29332.31:   6%|▌         | 62/1000 [07:37<1:54:01,  7.29s/it]
Epoch 62 | loss : 179287.50, postive loss : 149955.18, negtive loss : 29332.31:   6%|▋         | 63/1000 [07:37<1:53:31,  7.27s/it]
Epoch 63 | loss : 178394.17, postive loss : 149059.58, negtive loss : 29334.59:   6%|▋         | 63/1000 [07:44<1:53:31,  7.27s/it]
Epoch 63 | loss : 178394.17, postive loss : 149059.58, negtive loss : 29334.59:   6%|▋         | 64/1000 [07:44<1:53:08,  7.25s/it]
Epoch 64 | loss : 177508.67, postive loss : 148174.10, negtive loss : 29334.56:   6%|▋         | 64/1000 [07:51<1:53:08,  7.25s/it]
Epoch 64 | loss : 177508.67, postive loss : 148174.10, negtive loss : 29334.56:   6%|▋         | 65/1000 [07:51<1:52:53,  7.24s/it]
Epoch 65 | loss : 176638.94, postive loss : 147303.23, negtive loss : 29335.72:   6%|▋         | 65/1000 [07:59<1:52:53,  7.24s/it]
Epoch 65 | loss : 176638.94, postive loss : 147303.23, negtive loss : 29335.72:   7%|▋         | 66/1000 [07:59<1:52:43,  7.24s/it]
Epoch 66 | loss : 175776.85, postive loss : 146438.96, negtive loss : 29337.89:   7%|▋         | 66/1000 [08:06<1:52:43,  7.24s/it]
Epoch 66 | loss : 175776.85, postive loss : 146438.96, negtive loss : 29337.89:   7%|▋         | 67/1000 [08:06<1:52:30,  7.24s/it]
Epoch 67 | loss : 174929.01, postive loss : 145591.80, negtive loss : 29337.22:   7%|▋         | 67/1000 [08:13<1:52:30,  7.24s/it]
Epoch 67 | loss : 174929.01, postive loss : 145591.80, negtive loss : 29337.22:   7%|▋         | 68/1000 [08:13<1:52:19,  7.23s/it]
Epoch 68 | loss : 174088.59, postive loss : 144748.77, negtive loss : 29339.82:   7%|▋         | 68/1000 [08:20<1:52:19,  7.23s/it]
Epoch 68 | loss : 174088.59, postive loss : 144748.77, negtive loss : 29339.82:   7%|▋         | 69/1000 [08:20<1:52:10,  7.23s/it]
Epoch 69 | loss : 173256.85, postive loss : 143917.39, negtive loss : 29339.45:   7%|▋         | 69/1000 [08:28<1:52:10,  7.23s/it]
Epoch 69 | loss : 173256.85, postive loss : 143917.39, negtive loss : 29339.45:   7%|▋         | 70/1000 [08:28<1:52:02,  7.23s/it]
Epoch 70 | loss : 172434.87, postive loss : 143096.08, negtive loss : 29338.79:   7%|▋         | 70/1000 [08:35<1:52:02,  7.23s/it]
Epoch 70 | loss : 172434.87, postive loss : 143096.08, negtive loss : 29338.79:   7%|▋         | 71/1000 [08:35<1:51:53,  7.23s/it]
Epoch 71 | loss : 171635.40, postive loss : 142291.28, negtive loss : 29344.12:   7%|▋         | 71/1000 [08:42<1:51:53,  7.23s/it]
Epoch 71 | loss : 171635.40, postive loss : 142291.28, negtive loss : 29344.12:   7%|▋         | 72/1000 [08:42<1:51:43,  7.22s/it]
Epoch 72 | loss : 170839.59, postive loss : 141497.27, negtive loss : 29342.32:   7%|▋         | 72/1000 [08:49<1:51:43,  7.22s/it]
Epoch 72 | loss : 170839.59, postive loss : 141497.27, negtive loss : 29342.32:   7%|▋         | 73/1000 [08:49<1:51:34,  7.22s/it]
Epoch 73 | loss : 170042.17, postive loss : 140698.46, negtive loss : 29343.71:   7%|▋         | 73/1000 [08:56<1:51:34,  7.22s/it]
Epoch 73 | loss : 170042.17, postive loss : 140698.46, negtive loss : 29343.71:   7%|▋         | 74/1000 [08:56<1:51:25,  7.22s/it]
Epoch 74 | loss : 169262.88, postive loss : 139918.49, negtive loss : 29344.39:   7%|▋         | 74/1000 [09:04<1:51:25,  7.22s/it]
Epoch 74 | loss : 169262.88, postive loss : 139918.49, negtive loss : 29344.39:   8%|▊         | 75/1000 [09:04<1:51:16,  7.22s/it]
Epoch 75 | loss : 168490.29, postive loss : 139146.18, negtive loss : 29344.10:   8%|▊         | 75/1000 [09:11<1:51:16,  7.22s/it]
Epoch 75 | loss : 168490.29, postive loss : 139146.18, negtive loss : 29344.10:   8%|▊         | 76/1000 [09:11<1:51:08,  7.22s/it]
Epoch 76 | loss : 167726.11, postive loss : 138380.09, negtive loss : 29346.01:   8%|▊         | 76/1000 [09:18<1:51:08,  7.22s/it]
Epoch 76 | loss : 167726.11, postive loss : 138380.09, negtive loss : 29346.01:   8%|▊         | 77/1000 [09:18<1:51:00,  7.22s/it]
Epoch 77 | loss : 166981.66, postive loss : 137634.81, negtive loss : 29346.84:   8%|▊         | 77/1000 [09:25<1:51:00,  7.22s/it]
Epoch 77 | loss : 166981.66, postive loss : 137634.81, negtive loss : 29346.84:   8%|▊         | 78/1000 [09:25<1:50:53,  7.22s/it]
Epoch 78 | loss : 166237.51, postive loss : 136889.43, negtive loss : 29348.08:   8%|▊         | 78/1000 [09:33<1:50:53,  7.22s/it]
Epoch 78 | loss : 166237.51, postive loss : 136889.43, negtive loss : 29348.08:   8%|▊         | 79/1000 [09:33<1:50:46,  7.22s/it]
Epoch 79 | loss : 165497.43, postive loss : 136148.40, negtive loss : 29349.03:   8%|▊         | 79/1000 [09:40<1:50:46,  7.22s/it]
Epoch 79 | loss : 165497.43, postive loss : 136148.40, negtive loss : 29349.03:   8%|▊         | 80/1000 [09:40<1:50:39,  7.22s/it]
Epoch 80 | loss : 164769.61, postive loss : 135421.48, negtive loss : 29348.13:   8%|▊         | 80/1000 [09:47<1:50:39,  7.22s/it]
Epoch 80 | loss : 164769.61, postive loss : 135421.48, negtive loss : 29348.13:   8%|▊         | 81/1000 [09:47<1:50:31,  7.22s/it]
Epoch 81 | loss : 164047.72, postive loss : 134698.93, negtive loss : 29348.79:   8%|▊         | 81/1000 [09:54<1:50:31,  7.22s/it]
Epoch 81 | loss : 164047.72, postive loss : 134698.93, negtive loss : 29348.79:   8%|▊         | 82/1000 [09:54<1:50:23,  7.22s/it]
Epoch 82 | loss : 163331.52, postive loss : 133981.54, negtive loss : 29349.98:   8%|▊         | 82/1000 [10:01<1:50:23,  7.22s/it]
Epoch 82 | loss : 163331.52, postive loss : 133981.54, negtive loss : 29349.98:   8%|▊         | 83/1000 [10:01<1:50:16,  7.22s/it]
Epoch 83 | loss : 162628.84, postive loss : 133278.29, negtive loss : 29350.55:   8%|▊         | 83/1000 [10:09<1:50:16,  7.22s/it]
Epoch 83 | loss : 162628.84, postive loss : 133278.29, negtive loss : 29350.55:   8%|▊         | 84/1000 [10:09<1:50:09,  7.22s/it]
Epoch 84 | loss : 161940.39, postive loss : 132590.36, negtive loss : 29350.03:   8%|▊         | 84/1000 [10:16<1:50:09,  7.22s/it]
Epoch 84 | loss : 161940.39, postive loss : 132590.36, negtive loss : 29350.03:   8%|▊         | 85/1000 [10:16<1:50:02,  7.22s/it]
Epoch 85 | loss : 161244.43, postive loss : 131893.60, negtive loss : 29350.83:   8%|▊         | 85/1000 [10:23<1:50:02,  7.22s/it]
Epoch 85 | loss : 161244.43, postive loss : 131893.60, negtive loss : 29350.83:   9%|▊         | 86/1000 [10:23<1:49:55,  7.22s/it]
Epoch 86 | loss : 160561.27, postive loss : 131208.39, negtive loss : 29352.89:   9%|▊         | 86/1000 [10:30<1:49:55,  7.22s/it]
Epoch 86 | loss : 160561.27, postive loss : 131208.39, negtive loss : 29352.89:   9%|▊         | 87/1000 [10:30<1:49:47,  7.22s/it]
Epoch 87 | loss : 159888.68, postive loss : 130534.61, negtive loss : 29354.07:   9%|▊         | 87/1000 [10:38<1:49:47,  7.22s/it]
Epoch 87 | loss : 159888.68, postive loss : 130534.61, negtive loss : 29354.07:   9%|▉         | 88/1000 [10:38<1:49:40,  7.22s/it]
Epoch 88 | loss : 159222.53, postive loss : 129865.98, negtive loss : 29356.55:   9%|▉         | 88/1000 [10:45<1:49:40,  7.22s/it]
Epoch 88 | loss : 159222.53, postive loss : 129865.98, negtive loss : 29356.55:   9%|▉         | 89/1000 [10:45<1:49:33,  7.22s/it]
Epoch 89 | loss : 158558.33, postive loss : 129203.87, negtive loss : 29354.46:   9%|▉         | 89/1000 [10:52<1:49:33,  7.22s/it]
Epoch 89 | loss : 158558.33, postive loss : 129203.87, negtive loss : 29354.46:   9%|▉         | 90/1000 [10:52<1:49:25,  7.22s/it]
Epoch 90 | loss : 157909.01, postive loss : 128551.28, negtive loss : 29357.74:   9%|▉         | 90/1000 [10:59<1:49:25,  7.22s/it]
Epoch 90 | loss : 157909.01, postive loss : 128551.28, negtive loss : 29357.74:   9%|▉         | 91/1000 [10:59<1:49:18,  7.22s/it]
Epoch 91 | loss : 157254.44, postive loss : 127897.38, negtive loss : 29357.06:   9%|▉         | 91/1000 [11:06<1:49:18,  7.22s/it]
Epoch 91 | loss : 157254.44, postive loss : 127897.38, negtive loss : 29357.06:   9%|▉         | 92/1000 [11:06<1:49:10,  7.21s/it]
Epoch 92 | loss : 156619.10, postive loss : 127260.68, negtive loss : 29358.42:   9%|▉         | 92/1000 [11:14<1:49:10,  7.21s/it]
Epoch 92 | loss : 156619.10, postive loss : 127260.68, negtive loss : 29358.42:   9%|▉         | 93/1000 [11:14<1:49:02,  7.21s/it]
Epoch 93 | loss : 155978.81, postive loss : 126623.56, negtive loss : 29355.25:   9%|▉         | 93/1000 [11:21<1:49:02,  7.21s/it]
Epoch 93 | loss : 155978.81, postive loss : 126623.56, negtive loss : 29355.25:   9%|▉         | 94/1000 [11:21<1:48:54,  7.21s/it]
Epoch 94 | loss : 155351.22, postive loss : 125991.20, negtive loss : 29360.02:   9%|▉         | 94/1000 [11:28<1:48:54,  7.21s/it]
Epoch 94 | loss : 155351.22, postive loss : 125991.20, negtive loss : 29360.02:  10%|▉         | 95/1000 [11:28<1:48:47,  7.21s/it]
Epoch 95 | loss : 154728.62, postive loss : 125370.10, negtive loss : 29358.52:  10%|▉         | 95/1000 [11:35<1:48:47,  7.21s/it]
Epoch 95 | loss : 154728.62, postive loss : 125370.10, negtive loss : 29358.52:  10%|▉         | 96/1000 [11:35<1:48:40,  7.21s/it]
Epoch 96 | loss : 154110.44, postive loss : 124753.73, negtive loss : 29356.71:  10%|▉         | 96/1000 [11:42<1:48:40,  7.21s/it]
Epoch 96 | loss : 154110.44, postive loss : 124753.73, negtive loss : 29356.71:  10%|▉         | 97/1000 [11:42<1:48:32,  7.21s/it]
Epoch 97 | loss : 153498.52, postive loss : 124140.67, negtive loss : 29357.85:  10%|▉         | 97/1000 [11:50<1:48:32,  7.21s/it]
Epoch 97 | loss : 153498.52, postive loss : 124140.67, negtive loss : 29357.85:  10%|▉         | 98/1000 [11:50<1:48:25,  7.21s/it]
Epoch 98 | loss : 152890.12, postive loss : 123531.80, negtive loss : 29358.32:  10%|▉         | 98/1000 [11:57<1:48:25,  7.21s/it]
Epoch 98 | loss : 152890.12, postive loss : 123531.80, negtive loss : 29358.32:  10%|▉         | 99/1000 [11:57<1:48:18,  7.21s/it]
Epoch 99 | loss : 152298.36, postive loss : 122938.55, negtive loss : 29359.81:  10%|▉         | 99/1000 [12:04<1:48:18,  7.21s/it]
Epoch 99 | loss : 152298.36, postive loss : 122938.55, negtive loss : 29359.81:  10%|█         | 100/1000 [12:04<1:48:11,  7.21s/it]
Epoch 100 | loss : 151701.89, postive loss : 122340.83, negtive loss : 29361.07:  10%|█         | 100/1000 [12:11<1:48:11,  7.21s/it]
Epoch 100 | loss : 151701.89, postive loss : 122340.83, negtive loss : 29361.07:  10%|█         | 101/1000 [12:11<1:48:04,  7.21s/it]
Epoch 101 | loss : 151116.02, postive loss : 121752.81, negtive loss : 29363.21:  10%|█         | 101/1000 [12:18<1:48:04,  7.21s/it]
Epoch 101 | loss : 151116.02, postive loss : 121752.81, negtive loss : 29363.21:  10%|█         | 102/1000 [12:18<1:47:56,  7.21s/it]
Epoch 102 | loss : 150529.91, postive loss : 121168.83, negtive loss : 29361.08:  10%|█         | 102/1000 [12:26<1:47:56,  7.21s/it]
Epoch 102 | loss : 150529.91, postive loss : 121168.83, negtive loss : 29361.08:  10%|█         | 103/1000 [12:26<1:47:50,  7.21s/it]
Epoch 103 | loss : 149957.40, postive loss : 120593.31, negtive loss : 29364.09:  10%|█         | 103/1000 [12:33<1:47:50,  7.21s/it]
Epoch 103 | loss : 149957.40, postive loss : 120593.31, negtive loss : 29364.09:  10%|█         | 104/1000 [12:33<1:47:42,  7.21s/it]
Epoch 104 | loss : 149379.68, postive loss : 120016.58, negtive loss : 29363.09:  10%|█         | 104/1000 [12:40<1:47:42,  7.21s/it]
Epoch 104 | loss : 149379.68, postive loss : 120016.58, negtive loss : 29363.09:  10%|█         | 105/1000 [12:40<1:47:35,  7.21s/it]
Epoch 105 | loss : 148813.89, postive loss : 119451.38, negtive loss : 29362.50:  10%|█         | 105/1000 [12:47<1:47:35,  7.21s/it]
Epoch 105 | loss : 148813.89, postive loss : 119451.38, negtive loss : 29362.50:  11%|█         | 106/1000 [12:47<1:47:27,  7.21s/it]
Epoch 106 | loss : 148255.50, postive loss : 118893.38, negtive loss : 29362.12:  11%|█         | 106/1000 [12:55<1:47:27,  7.21s/it]
Epoch 106 | loss : 148255.50, postive loss : 118893.38, negtive loss : 29362.12:  11%|█         | 107/1000 [12:55<1:47:19,  7.21s/it]
Epoch 107 | loss : 147697.52, postive loss : 118334.06, negtive loss : 29363.47:  11%|█         | 107/1000 [13:02<1:47:19,  7.21s/it]
Epoch 107 | loss : 147697.52, postive loss : 118334.06, negtive loss : 29363.47:  11%|█         | 108/1000 [13:02<1:47:13,  7.21s/it]
Epoch 108 | loss : 147145.56, postive loss : 117781.83, negtive loss : 29363.72:  11%|█         | 108/1000 [13:09<1:47:13,  7.21s/it]
Epoch 108 | loss : 147145.56, postive loss : 117781.83, negtive loss : 29363.72:  11%|█         | 109/1000 [13:09<1:47:07,  7.21s/it]
Epoch 109 | loss : 146599.62, postive loss : 117234.05, negtive loss : 29365.56:  11%|█         | 109/1000 [13:16<1:47:07,  7.21s/it]
Epoch 109 | loss : 146599.62, postive loss : 117234.05, negtive loss : 29365.56:  11%|█         | 110/1000 [13:16<1:46:59,  7.21s/it]
Epoch 110 | loss : 146056.08, postive loss : 116690.49, negtive loss : 29365.58:  11%|█         | 110/1000 [13:23<1:46:59,  7.21s/it]
Epoch 110 | loss : 146056.08, postive loss : 116690.49, negtive loss : 29365.58:  11%|█         | 111/1000 [13:23<1:46:52,  7.21s/it]
Epoch 111 | loss : 145518.60, postive loss : 116154.00, negtive loss : 29364.60:  11%|█         | 111/1000 [13:31<1:46:52,  7.21s/it]
Epoch 111 | loss : 145518.60, postive loss : 116154.00, negtive loss : 29364.60:  11%|█         | 112/1000 [13:31<1:46:44,  7.21s/it]
Epoch 112 | loss : 144988.90, postive loss : 115621.59, negtive loss : 29367.31:  11%|█         | 112/1000 [13:38<1:46:44,  7.21s/it]
Epoch 112 | loss : 144988.90, postive loss : 115621.59, negtive loss : 29367.31:  11%|█▏        | 113/1000 [13:38<1:46:37,  7.21s/it]
Epoch 113 | loss : 144459.77, postive loss : 115093.18, negtive loss : 29366.59:  11%|█▏        | 113/1000 [13:45<1:46:37,  7.21s/it]
Epoch 113 | loss : 144459.77, postive loss : 115093.18, negtive loss : 29366.59:  11%|█▏        | 114/1000 [13:45<1:46:30,  7.21s/it]
Epoch 114 | loss : 143931.92, postive loss : 114567.12, negtive loss : 29364.80:  11%|█▏        | 114/1000 [13:52<1:46:30,  7.21s/it]
Epoch 114 | loss : 143931.92, postive loss : 114567.12, negtive loss : 29364.80:  12%|█▏        | 115/1000 [13:52<1:46:24,  7.21s/it]
Epoch 115 | loss : 143417.87, postive loss : 114049.53, negtive loss : 29368.34:  12%|█▏        | 115/1000 [13:59<1:46:24,  7.21s/it]
Epoch 115 | loss : 143417.87, postive loss : 114049.53, negtive loss : 29368.34:  12%|█▏        | 116/1000 [13:59<1:46:17,  7.21s/it]
Epoch 116 | loss : 142903.54, postive loss : 113534.90, negtive loss : 29368.65:  12%|█▏        | 116/1000 [14:07<1:46:17,  7.21s/it]
Epoch 116 | loss : 142903.54, postive loss : 113534.90, negtive loss : 29368.65:  12%|█▏        | 117/1000 [14:07<1:46:10,  7.21s/it]
Epoch 117 | loss : 142392.03, postive loss : 113021.64, negtive loss : 29370.39:  12%|█▏        | 117/1000 [14:14<1:46:10,  7.21s/it]
Epoch 117 | loss : 142392.03, postive loss : 113021.64, negtive loss : 29370.39:  12%|█▏        | 118/1000 [14:14<1:46:03,  7.21s/it]
Epoch 118 | loss : 141885.70, postive loss : 112514.27, negtive loss : 29371.43:  12%|█▏        | 118/1000 [14:21<1:46:03,  7.21s/it]
Epoch 118 | loss : 141885.70, postive loss : 112514.27, negtive loss : 29371.43:  12%|█▏        | 119/1000 [14:21<1:45:56,  7.21s/it]
Epoch 119 | loss : 141388.03, postive loss : 112018.24, negtive loss : 29369.79:  12%|█▏        | 119/1000 [14:28<1:45:56,  7.21s/it]
Epoch 119 | loss : 141388.03, postive loss : 112018.24, negtive loss : 29369.79:  12%|█▏        | 120/1000 [14:28<1:45:48,  7.21s/it]
Epoch 120 | loss : 140886.31, postive loss : 111515.30, negtive loss : 29371.01:  12%|█▏        | 120/1000 [14:36<1:45:48,  7.21s/it]
Epoch 120 | loss : 140886.31, postive loss : 111515.30, negtive loss : 29371.01:  12%|█▏        | 121/1000 [14:36<1:45:41,  7.21s/it]
Epoch 121 | loss : 140392.49, postive loss : 111024.09, negtive loss : 29368.40:  12%|█▏        | 121/1000 [14:43<1:45:41,  7.21s/it]
Epoch 121 | loss : 140392.49, postive loss : 111024.09, negtive loss : 29368.40:  12%|█▏        | 122/1000 [14:43<1:45:34,  7.22s/it]
Epoch 122 | loss : 139901.18, postive loss : 110531.78, negtive loss : 29369.40:  12%|█▏        | 122/1000 [14:50<1:45:34,  7.22s/it]
Epoch 122 | loss : 139901.18, postive loss : 110531.78, negtive loss : 29369.40:  12%|█▏        | 123/1000 [14:50<1:45:27,  7.22s/it]
Epoch 123 | loss : 139413.07, postive loss : 110042.90, negtive loss : 29370.18:  12%|█▏        | 123/1000 [14:57<1:45:27,  7.22s/it]
Epoch 123 | loss : 139413.07, postive loss : 110042.90, negtive loss : 29370.18:  12%|█▏        | 124/1000 [14:57<1:45:20,  7.22s/it]
Epoch 124 | loss : 138939.92, postive loss : 109567.44, negtive loss : 29372.49:  12%|█▏        | 124/1000 [15:04<1:45:20,  7.22s/it]
Epoch 124 | loss : 138939.92, postive loss : 109567.44, negtive loss : 29372.49:  12%|█▎        | 125/1000 [15:04<1:45:13,  7.22s/it]
Epoch 125 | loss : 138457.13, postive loss : 109084.80, negtive loss : 29372.33:  12%|█▎        | 125/1000 [15:12<1:45:13,  7.22s/it]
Epoch 125 | loss : 138457.13, postive loss : 109084.80, negtive loss : 29372.33:  13%|█▎        | 126/1000 [15:12<1:45:06,  7.22s/it]
Epoch 126 | loss : 137978.59, postive loss : 108608.13, negtive loss : 29370.46:  13%|█▎        | 126/1000 [15:19<1:45:06,  7.22s/it]
Epoch 126 | loss : 137978.59, postive loss : 108608.13, negtive loss : 29370.46:  13%|█▎        | 127/1000 [15:19<1:44:59,  7.22s/it]
Epoch 127 | loss : 137509.56, postive loss : 108138.90, negtive loss : 29370.67:  13%|█▎        | 127/1000 [15:26<1:44:59,  7.22s/it]
Epoch 127 | loss : 137509.56, postive loss : 108138.90, negtive loss : 29370.67:  13%|█▎        | 128/1000 [15:26<1:44:51,  7.22s/it]
Epoch 128 | loss : 137045.55, postive loss : 107669.60, negtive loss : 29375.95:  13%|█▎        | 128/1000 [15:33<1:44:51,  7.22s/it]
Epoch 128 | loss : 137045.55, postive loss : 107669.60, negtive loss : 29375.95:  13%|█▎        | 129/1000 [15:33<1:44:45,  7.22s/it]
Epoch 129 | loss : 136582.66, postive loss : 107210.41, negtive loss : 29372.24:  13%|█▎        | 129/1000 [15:40<1:44:45,  7.22s/it]
Epoch 129 | loss : 136582.66, postive loss : 107210.41, negtive loss : 29372.24:  13%|█▎        | 130/1000 [15:40<1:44:37,  7.22s/it]
Epoch 130 | loss : 136121.00, postive loss : 106748.43, negtive loss : 29372.57:  13%|█▎        | 130/1000 [15:48<1:44:37,  7.22s/it]
Epoch 130 | loss : 136121.00, postive loss : 106748.43, negtive loss : 29372.57:  13%|█▎        | 131/1000 [15:48<1:44:30,  7.22s/it]
Epoch 131 | loss : 135668.15, postive loss : 106292.92, negtive loss : 29375.23:  13%|█▎        | 131/1000 [15:55<1:44:30,  7.22s/it]
Epoch 131 | loss : 135668.15, postive loss : 106292.92, negtive loss : 29375.23:  13%|█▎        | 132/1000 [15:55<1:44:23,  7.22s/it]
Epoch 132 | loss : 135210.08, postive loss : 105838.51, negtive loss : 29371.57:  13%|█▎        | 132/1000 [16:02<1:44:23,  7.22s/it]
Epoch 132 | loss : 135210.08, postive loss : 105838.51, negtive loss : 29371.57:  13%|█▎        | 133/1000 [16:02<1:44:15,  7.22s/it]
Epoch 133 | loss : 134766.42, postive loss : 105391.45, negtive loss : 29374.97:  13%|█▎        | 133/1000 [16:09<1:44:15,  7.22s/it]
Epoch 133 | loss : 134766.42, postive loss : 105391.45, negtive loss : 29374.97:  13%|█▎        | 134/1000 [16:09<1:44:08,  7.22s/it]
Epoch 134 | loss : 134319.92, postive loss : 104942.93, negtive loss : 29377.00:  13%|█▎        | 134/1000 [16:17<1:44:08,  7.22s/it]
Epoch 134 | loss : 134319.92, postive loss : 104942.93, negtive loss : 29377.00:  14%|█▎        | 135/1000 [16:17<1:44:01,  7.22s/it]
Epoch 135 | loss : 133872.09, postive loss : 104500.25, negtive loss : 29371.84:  14%|█▎        | 135/1000 [16:24<1:44:01,  7.22s/it]
Epoch 135 | loss : 133872.09, postive loss : 104500.25, negtive loss : 29371.84:  14%|█▎        | 136/1000 [16:24<1:43:54,  7.22s/it]
Epoch 136 | loss : 133438.46, postive loss : 104062.27, negtive loss : 29376.19:  14%|█▎        | 136/1000 [16:31<1:43:54,  7.22s/it]
Epoch 136 | loss : 133438.46, postive loss : 104062.27, negtive loss : 29376.19:  14%|█▎        | 137/1000 [16:31<1:43:47,  7.22s/it]
Epoch 137 | loss : 133000.70, postive loss : 103625.94, negtive loss : 29374.77:  14%|█▎        | 137/1000 [16:38<1:43:47,  7.22s/it]
Epoch 137 | loss : 133000.70, postive loss : 103625.94, negtive loss : 29374.77:  14%|█▍        | 138/1000 [16:38<1:43:40,  7.22s/it]
Epoch 138 | loss : 132575.78, postive loss : 103196.00, negtive loss : 29379.78:  14%|█▍        | 138/1000 [16:45<1:43:40,  7.22s/it]
Epoch 138 | loss : 132575.78, postive loss : 103196.00, negtive loss : 29379.78:  14%|█▍        | 139/1000 [16:45<1:43:33,  7.22s/it]
Epoch 139 | loss : 132139.47, postive loss : 102762.84, negtive loss : 29376.62:  14%|█▍        | 139/1000 [16:53<1:43:33,  7.22s/it]
Epoch 139 | loss : 132139.47, postive loss : 102762.84, negtive loss : 29376.62:  14%|█▍        | 140/1000 [16:53<1:43:25,  7.22s/it]
Epoch 140 | loss : 131713.29, postive loss : 102337.04, negtive loss : 29376.25:  14%|█▍        | 140/1000 [17:00<1:43:25,  7.22s/it]
Epoch 140 | loss : 131713.29, postive loss : 102337.04, negtive loss : 29376.25:  14%|█▍        | 141/1000 [17:00<1:43:17,  7.21s/it]
Epoch 141 | loss : 131293.81, postive loss : 101915.99, negtive loss : 29377.82:  14%|█▍        | 141/1000 [17:07<1:43:17,  7.21s/it]
Epoch 141 | loss : 131293.81, postive loss : 101915.99, negtive loss : 29377.82:  14%|█▍        | 142/1000 [17:07<1:43:10,  7.21s/it]
Epoch 142 | loss : 130871.68, postive loss : 101493.28, negtive loss : 29378.41:  14%|█▍        | 142/1000 [17:14<1:43:10,  7.21s/it]
Epoch 142 | loss : 130871.68, postive loss : 101493.28, negtive loss : 29378.41:  14%|█▍        | 143/1000 [17:14<1:43:02,  7.21s/it]
Epoch 143 | loss : 130453.50, postive loss : 101077.84, negtive loss : 29375.66:  14%|█▍        | 143/1000 [17:21<1:43:02,  7.21s/it]
Epoch 143 | loss : 130453.50, postive loss : 101077.84, negtive loss : 29375.66:  14%|█▍        | 144/1000 [17:21<1:42:55,  7.21s/it]
Epoch 144 | loss : 130040.44, postive loss : 100665.67, negtive loss : 29374.77:  14%|█▍        | 144/1000 [17:29<1:42:55,  7.21s/it]
Epoch 144 | loss : 130040.44, postive loss : 100665.67, negtive loss : 29374.77:  14%|█▍        | 145/1000 [17:29<1:42:47,  7.21s/it]
Epoch 145 | loss : 129624.58, postive loss : 100249.30, negtive loss : 29375.28:  14%|█▍        | 145/1000 [17:36<1:42:47,  7.21s/it]
Epoch 145 | loss : 129624.58, postive loss : 100249.30, negtive loss : 29375.28:  15%|█▍        | 146/1000 [17:36<1:42:40,  7.21s/it]
Epoch 146 | loss : 129222.52, postive loss : 99843.23, negtive loss : 29379.29:  15%|█▍        | 146/1000 [17:43<1:42:40,  7.21s/it] 
Epoch 146 | loss : 129222.52, postive loss : 99843.23, negtive loss : 29379.29:  15%|█▍        | 147/1000 [17:43<1:42:33,  7.21s/it]
Epoch 147 | loss : 128821.78, postive loss : 99441.93, negtive loss : 29379.86:  15%|█▍        | 147/1000 [17:50<1:42:33,  7.21s/it]
Epoch 147 | loss : 128821.78, postive loss : 99441.93, negtive loss : 29379.86:  15%|█▍        | 148/1000 [17:50<1:42:26,  7.21s/it]
Epoch 148 | loss : 128412.63, postive loss : 99035.72, negtive loss : 29376.91:  15%|█▍        | 148/1000 [17:58<1:42:26,  7.21s/it]
Epoch 148 | loss : 128412.63, postive loss : 99035.72, negtive loss : 29376.91:  15%|█▍        | 149/1000 [17:58<1:42:19,  7.21s/it]
Epoch 149 | loss : 128016.86, postive loss : 98637.82, negtive loss : 29379.04:  15%|█▍        | 149/1000 [18:05<1:42:19,  7.21s/it]
Epoch 149 | loss : 128016.86, postive loss : 98637.82, negtive loss : 29379.04:  15%|█▌        | 150/1000 [18:05<1:42:11,  7.21s/it]
Epoch 150 | loss : 127617.99, postive loss : 98240.67, negtive loss : 29377.31:  15%|█▌        | 150/1000 [18:12<1:42:11,  7.21s/it]
Epoch 150 | loss : 127617.99, postive loss : 98240.67, negtive loss : 29377.31:  15%|█▌        | 151/1000 [18:12<1:42:03,  7.21s/it]
Epoch 151 | loss : 127225.91, postive loss : 97845.80, negtive loss : 29380.11:  15%|█▌        | 151/1000 [18:19<1:42:03,  7.21s/it]
Epoch 151 | loss : 127225.91, postive loss : 97845.80, negtive loss : 29380.11:  15%|█▌        | 152/1000 [18:19<1:41:56,  7.21s/it]
Epoch 152 | loss : 126829.80, postive loss : 97455.10, negtive loss : 29374.70:  15%|█▌        | 152/1000 [18:26<1:41:56,  7.21s/it]
Epoch 152 | loss : 126829.80, postive loss : 97455.10, negtive loss : 29374.70:  15%|█▌        | 153/1000 [18:26<1:41:49,  7.21s/it]
Epoch 153 | loss : 126445.93, postive loss : 97066.21, negtive loss : 29379.72:  15%|█▌        | 153/1000 [18:34<1:41:49,  7.21s/it]
Epoch 153 | loss : 126445.93, postive loss : 97066.21, negtive loss : 29379.72:  15%|█▌        | 154/1000 [18:34<1:41:42,  7.21s/it]
Epoch 154 | loss : 126058.80, postive loss : 96681.41, negtive loss : 29377.39:  15%|█▌        | 154/1000 [18:41<1:41:42,  7.21s/it]
Epoch 154 | loss : 126058.80, postive loss : 96681.41, negtive loss : 29377.39:  16%|█▌        | 155/1000 [18:41<1:41:36,  7.21s/it]
Epoch 155 | loss : 125681.19, postive loss : 96299.77, negtive loss : 29381.42:  16%|█▌        | 155/1000 [18:48<1:41:36,  7.21s/it]
Epoch 155 | loss : 125681.19, postive loss : 96299.77, negtive loss : 29381.42:  16%|█▌        | 156/1000 [18:48<1:41:29,  7.21s/it]
Epoch 156 | loss : 125300.24, postive loss : 95915.76, negtive loss : 29384.49:  16%|█▌        | 156/1000 [18:55<1:41:29,  7.21s/it]
Epoch 156 | loss : 125300.24, postive loss : 95915.76, negtive loss : 29384.49:  16%|█▌        | 157/1000 [18:55<1:41:21,  7.21s/it]
Epoch 157 | loss : 124921.30, postive loss : 95540.73, negtive loss : 29380.56:  16%|█▌        | 157/1000 [19:02<1:41:21,  7.21s/it]
Epoch 157 | loss : 124921.30, postive loss : 95540.73, negtive loss : 29380.56:  16%|█▌        | 158/1000 [19:02<1:41:14,  7.21s/it]
Epoch 158 | loss : 124543.16, postive loss : 95163.61, negtive loss : 29379.55:  16%|█▌        | 158/1000 [19:10<1:41:14,  7.21s/it]
Epoch 158 | loss : 124543.16, postive loss : 95163.61, negtive loss : 29379.55:  16%|█▌        | 159/1000 [19:10<1:41:07,  7.21s/it]
Epoch 159 | loss : 124171.85, postive loss : 94792.66, negtive loss : 29379.20:  16%|█▌        | 159/1000 [19:17<1:41:07,  7.21s/it]
Epoch 159 | loss : 124171.85, postive loss : 94792.66, negtive loss : 29379.20:  16%|█▌        | 160/1000 [19:17<1:41:00,  7.21s/it]
Epoch 160 | loss : 123802.02, postive loss : 94419.92, negtive loss : 29382.10:  16%|█▌        | 160/1000 [19:24<1:41:00,  7.21s/it]
Epoch 160 | loss : 123802.02, postive loss : 94419.92, negtive loss : 29382.10:  16%|█▌        | 161/1000 [19:24<1:40:53,  7.22s/it]
Epoch 161 | loss : 123430.84, postive loss : 94052.38, negtive loss : 29378.46:  16%|█▌        | 161/1000 [19:31<1:40:53,  7.22s/it]
Epoch 161 | loss : 123430.84, postive loss : 94052.38, negtive loss : 29378.46:  16%|█▌        | 162/1000 [19:31<1:40:47,  7.22s/it]
Epoch 162 | loss : 123072.28, postive loss : 93688.99, negtive loss : 29383.29:  16%|█▌        | 162/1000 [19:39<1:40:47,  7.22s/it]
Epoch 162 | loss : 123072.28, postive loss : 93688.99, negtive loss : 29383.29:  16%|█▋        | 163/1000 [19:39<1:40:40,  7.22s/it]
Epoch 163 | loss : 122709.99, postive loss : 93326.05, negtive loss : 29383.94:  16%|█▋        | 163/1000 [19:46<1:40:40,  7.22s/it]
Epoch 163 | loss : 122709.99, postive loss : 93326.05, negtive loss : 29383.94:  16%|█▋        | 164/1000 [19:46<1:40:33,  7.22s/it]
Epoch 164 | loss : 122351.15, postive loss : 92965.24, negtive loss : 29385.91:  16%|█▋        | 164/1000 [19:53<1:40:33,  7.22s/it]
Epoch 164 | loss : 122351.15, postive loss : 92965.24, negtive loss : 29385.91:  16%|█▋        | 165/1000 [19:53<1:40:26,  7.22s/it]
Epoch 165 | loss : 121990.97, postive loss : 92606.03, negtive loss : 29384.94:  16%|█▋        | 165/1000 [20:00<1:40:26,  7.22s/it]
Epoch 165 | loss : 121990.97, postive loss : 92606.03, negtive loss : 29384.94:  17%|█▋        | 166/1000 [20:00<1:40:19,  7.22s/it]
Epoch 166 | loss : 121634.16, postive loss : 92251.14, negtive loss : 29383.02:  17%|█▋        | 166/1000 [20:07<1:40:19,  7.22s/it]
Epoch 166 | loss : 121634.16, postive loss : 92251.14, negtive loss : 29383.02:  17%|█▋        | 167/1000 [20:07<1:40:12,  7.22s/it]
Epoch 167 | loss : 121281.41, postive loss : 91896.95, negtive loss : 29384.46:  17%|█▋        | 167/1000 [20:15<1:40:12,  7.22s/it]
Epoch 167 | loss : 121281.41, postive loss : 91896.95, negtive loss : 29384.46:  17%|█▋        | 168/1000 [20:15<1:40:05,  7.22s/it]
Epoch 168 | loss : 120929.37, postive loss : 91546.42, negtive loss : 29382.95:  17%|█▋        | 168/1000 [20:22<1:40:05,  7.22s/it]
Epoch 168 | loss : 120929.37, postive loss : 91546.42, negtive loss : 29382.95:  17%|█▋        | 169/1000 [20:22<1:39:58,  7.22s/it]
Epoch 169 | loss : 120582.51, postive loss : 91196.41, negtive loss : 29386.10:  17%|█▋        | 169/1000 [20:29<1:39:58,  7.22s/it]
Epoch 169 | loss : 120582.51, postive loss : 91196.41, negtive loss : 29386.10:  17%|█▋        | 170/1000 [20:29<1:39:51,  7.22s/it]
Epoch 170 | loss : 120238.84, postive loss : 90851.93, negtive loss : 29386.91:  17%|█▋        | 170/1000 [20:36<1:39:51,  7.22s/it]
Epoch 170 | loss : 120238.84, postive loss : 90851.93, negtive loss : 29386.91:  17%|█▋        | 171/1000 [20:36<1:39:43,  7.22s/it]
Epoch 171 | loss : 119891.00, postive loss : 90507.30, negtive loss : 29383.70:  17%|█▋        | 171/1000 [20:44<1:39:43,  7.22s/it]
Epoch 171 | loss : 119891.00, postive loss : 90507.30, negtive loss : 29383.70:  17%|█▋        | 172/1000 [20:44<1:39:36,  7.22s/it]
Epoch 172 | loss : 119552.03, postive loss : 90164.34, negtive loss : 29387.69:  17%|█▋        | 172/1000 [20:51<1:39:36,  7.22s/it]
Epoch 172 | loss : 119552.03, postive loss : 90164.34, negtive loss : 29387.69:  17%|█▋        | 173/1000 [20:51<1:39:29,  7.22s/it]
Epoch 173 | loss : 119211.03, postive loss : 89826.09, negtive loss : 29384.94:  17%|█▋        | 173/1000 [20:58<1:39:29,  7.22s/it]
Epoch 173 | loss : 119211.03, postive loss : 89826.09, negtive loss : 29384.94:  17%|█▋        | 174/1000 [20:58<1:39:22,  7.22s/it]
Epoch 174 | loss : 118868.63, postive loss : 89485.04, negtive loss : 29383.59:  17%|█▋        | 174/1000 [21:05<1:39:22,  7.22s/it]
Epoch 174 | loss : 118868.63, postive loss : 89485.04, negtive loss : 29383.59:  18%|█▊        | 175/1000 [21:05<1:39:15,  7.22s/it]
Epoch 175 | loss : 118538.72, postive loss : 89151.20, negtive loss : 29387.52:  18%|█▊        | 175/1000 [21:12<1:39:15,  7.22s/it]
Epoch 175 | loss : 118538.72, postive loss : 89151.20, negtive loss : 29387.52:  18%|█▊        | 176/1000 [21:12<1:39:07,  7.22s/it]
Epoch 176 | loss : 118200.54, postive loss : 88816.70, negtive loss : 29383.84:  18%|█▊        | 176/1000 [21:20<1:39:07,  7.22s/it]
Epoch 176 | loss : 118200.54, postive loss : 88816.70, negtive loss : 29383.84:  18%|█▊        | 177/1000 [21:20<1:39:00,  7.22s/it]
Epoch 177 | loss : 117878.15, postive loss : 88489.33, negtive loss : 29388.83:  18%|█▊        | 177/1000 [21:27<1:39:00,  7.22s/it]
Epoch 177 | loss : 117878.15, postive loss : 88489.33, negtive loss : 29388.83:  18%|█▊        | 178/1000 [21:27<1:38:53,  7.22s/it]
Epoch 178 | loss : 117543.37, postive loss : 88156.28, negtive loss : 29387.09:  18%|█▊        | 178/1000 [21:34<1:38:53,  7.22s/it]
Epoch 178 | loss : 117543.37, postive loss : 88156.28, negtive loss : 29387.09:  18%|█▊        | 179/1000 [21:34<1:38:46,  7.22s/it]
Epoch 179 | loss : 117219.74, postive loss : 87830.62, negtive loss : 29389.11:  18%|█▊        | 179/1000 [21:41<1:38:46,  7.22s/it]
Epoch 179 | loss : 117219.74, postive loss : 87830.62, negtive loss : 29389.11:  18%|█▊        | 180/1000 [21:41<1:38:39,  7.22s/it]
Epoch 180 | loss : 116891.67, postive loss : 87505.48, negtive loss : 29386.19:  18%|█▊        | 180/1000 [21:49<1:38:39,  7.22s/it]
Epoch 180 | loss : 116891.67, postive loss : 87505.48, negtive loss : 29386.19:  18%|█▊        | 181/1000 [21:49<1:38:32,  7.22s/it]
Epoch 181 | loss : 116572.73, postive loss : 87179.92, negtive loss : 29392.81:  18%|█▊        | 181/1000 [21:56<1:38:32,  7.22s/it]
Epoch 181 | loss : 116572.73, postive loss : 87179.92, negtive loss : 29392.81:  18%|█▊        | 182/1000 [21:56<1:38:25,  7.22s/it]
Epoch 182 | loss : 116250.44, postive loss : 86861.02, negtive loss : 29389.43:  18%|█▊        | 182/1000 [22:03<1:38:25,  7.22s/it]
Epoch 182 | loss : 116250.44, postive loss : 86861.02, negtive loss : 29389.43:  18%|█▊        | 183/1000 [22:03<1:38:17,  7.22s/it]
Epoch 183 | loss : 115929.45, postive loss : 86541.49, negtive loss : 29387.95:  18%|█▊        | 183/1000 [22:10<1:38:17,  7.22s/it]
Epoch 183 | loss : 115929.45, postive loss : 86541.49, negtive loss : 29387.95:  18%|█▊        | 184/1000 [22:10<1:38:09,  7.22s/it]
Epoch 184 | loss : 115615.40, postive loss : 86224.23, negtive loss : 29391.17:  18%|█▊        | 184/1000 [22:17<1:38:09,  7.22s/it]
Epoch 184 | loss : 115615.40, postive loss : 86224.23, negtive loss : 29391.17:  18%|█▊        | 185/1000 [22:17<1:38:03,  7.22s/it]
Epoch 185 | loss : 115300.98, postive loss : 85909.94, negtive loss : 29391.04:  18%|█▊        | 185/1000 [22:25<1:38:03,  7.22s/it]
Epoch 185 | loss : 115300.98, postive loss : 85909.94, negtive loss : 29391.04:  19%|█▊        | 186/1000 [22:25<1:37:57,  7.22s/it]
Epoch 186 | loss : 114990.21, postive loss : 85596.38, negtive loss : 29393.83:  19%|█▊        | 186/1000 [22:32<1:37:57,  7.22s/it]
Epoch 186 | loss : 114990.21, postive loss : 85596.38, negtive loss : 29393.83:  19%|█▊        | 187/1000 [22:32<1:37:51,  7.22s/it]
Epoch 187 | loss : 114675.30, postive loss : 85284.40, negtive loss : 29390.90:  19%|█▊        | 187/1000 [22:39<1:37:51,  7.22s/it]
Epoch 187 | loss : 114675.30, postive loss : 85284.40, negtive loss : 29390.90:  19%|█▉        | 188/1000 [22:39<1:37:45,  7.22s/it]
Epoch 188 | loss : 114370.79, postive loss : 84975.43, negtive loss : 29395.36:  19%|█▉        | 188/1000 [22:46<1:37:45,  7.22s/it]
Epoch 188 | loss : 114370.79, postive loss : 84975.43, negtive loss : 29395.36:  19%|█▉        | 189/1000 [22:46<1:37:38,  7.22s/it]
Epoch 189 | loss : 114061.81, postive loss : 84667.87, negtive loss : 29393.93:  19%|█▉        | 189/1000 [22:54<1:37:38,  7.22s/it]
Epoch 189 | loss : 114061.81, postive loss : 84667.87, negtive loss : 29393.93:  19%|█▉        | 190/1000 [22:54<1:37:32,  7.22s/it]
Epoch 190 | loss : 113755.35, postive loss : 84362.76, negtive loss : 29392.60:  19%|█▉        | 190/1000 [23:01<1:37:32,  7.22s/it]
Epoch 190 | loss : 113755.35, postive loss : 84362.76, negtive loss : 29392.60:  19%|█▉        | 191/1000 [23:01<1:37:25,  7.23s/it]
Epoch 191 | loss : 113454.75, postive loss : 84059.14, negtive loss : 29395.61:  19%|█▉        | 191/1000 [23:08<1:37:25,  7.23s/it]
Epoch 191 | loss : 113454.75, postive loss : 84059.14, negtive loss : 29395.61:  19%|█▉        | 192/1000 [23:08<1:37:18,  7.23s/it]
Epoch 192 | loss : 113150.99, postive loss : 83756.71, negtive loss : 29394.28:  19%|█▉        | 192/1000 [23:15<1:37:18,  7.23s/it]
Epoch 192 | loss : 113150.99, postive loss : 83756.71, negtive loss : 29394.28:  19%|█▉        | 193/1000 [23:15<1:37:10,  7.22s/it]
Epoch 193 | loss : 112849.87, postive loss : 83455.20, negtive loss : 29394.67:  19%|█▉        | 193/1000 [23:22<1:37:10,  7.22s/it]
Epoch 193 | loss : 112849.87, postive loss : 83455.20, negtive loss : 29394.67:  19%|█▉        | 194/1000 [23:22<1:37:02,  7.22s/it]
Epoch 194 | loss : 112553.84, postive loss : 83158.91, negtive loss : 29394.93:  19%|█▉        | 194/1000 [23:30<1:37:02,  7.22s/it]
Epoch 194 | loss : 112553.84, postive loss : 83158.91, negtive loss : 29394.93:  20%|█▉        | 195/1000 [23:30<1:36:55,  7.22s/it]
Epoch 195 | loss : 112256.88, postive loss : 82861.78, negtive loss : 29395.10:  20%|█▉        | 195/1000 [23:37<1:36:55,  7.22s/it]
Epoch 195 | loss : 112256.88, postive loss : 82861.78, negtive loss : 29395.10:  20%|█▉        | 196/1000 [23:37<1:36:48,  7.22s/it]
Epoch 196 | loss : 111964.92, postive loss : 82566.92, negtive loss : 29398.00:  20%|█▉        | 196/1000 [23:44<1:36:48,  7.22s/it]
Epoch 196 | loss : 111964.92, postive loss : 82566.92, negtive loss : 29398.00:  20%|█▉        | 197/1000 [23:44<1:36:40,  7.22s/it]
Epoch 197 | loss : 111674.90, postive loss : 82274.64, negtive loss : 29400.26:  20%|█▉        | 197/1000 [23:51<1:36:40,  7.22s/it]
Epoch 197 | loss : 111674.90, postive loss : 82274.64, negtive loss : 29400.26:  20%|█▉        | 198/1000 [23:51<1:36:33,  7.22s/it]
Epoch 198 | loss : 111386.48, postive loss : 81984.03, negtive loss : 29402.44:  20%|█▉        | 198/1000 [23:59<1:36:33,  7.22s/it]
Epoch 198 | loss : 111386.48, postive loss : 81984.03, negtive loss : 29402.44:  20%|█▉        | 199/1000 [23:59<1:36:27,  7.22s/it]
Epoch 199 | loss : 111094.44, postive loss : 81691.78, negtive loss : 29402.67:  20%|█▉        | 199/1000 [24:06<1:36:27,  7.22s/it]
Epoch 199 | loss : 111094.44, postive loss : 81691.78, negtive loss : 29402.67:  20%|██        | 200/1000 [24:06<1:36:20,  7.23s/it]
Epoch 200 | loss : 110807.89, postive loss : 81406.97, negtive loss : 29400.92:  20%|██        | 200/1000 [24:13<1:36:20,  7.23s/it]
Epoch 200 | loss : 110807.89, postive loss : 81406.97, negtive loss : 29400.92:  20%|██        | 201/1000 [24:13<1:36:12,  7.23s/it]
Epoch 201 | loss : 110520.87, postive loss : 81119.27, negtive loss : 29401.59:  20%|██        | 201/1000 [24:20<1:36:12,  7.23s/it]
Epoch 201 | loss : 110520.87, postive loss : 81119.27, negtive loss : 29401.59:  20%|██        | 202/1000 [24:20<1:36:05,  7.22s/it]
Epoch 202 | loss : 110237.61, postive loss : 80835.24, negtive loss : 29402.38:  20%|██        | 202/1000 [24:27<1:36:05,  7.22s/it]
Epoch 202 | loss : 110237.61, postive loss : 80835.24, negtive loss : 29402.38:  20%|██        | 203/1000 [24:27<1:35:57,  7.22s/it]
Epoch 203 | loss : 109952.88, postive loss : 80552.99, negtive loss : 29399.89:  20%|██        | 203/1000 [24:35<1:35:57,  7.22s/it]
Epoch 203 | loss : 109952.88, postive loss : 80552.99, negtive loss : 29399.89:  20%|██        | 204/1000 [24:35<1:35:49,  7.22s/it]
Epoch 204 | loss : 109678.27, postive loss : 80271.48, negtive loss : 29406.80:  20%|██        | 204/1000 [24:42<1:35:49,  7.22s/it]
Epoch 204 | loss : 109678.27, postive loss : 80271.48, negtive loss : 29406.80:  20%|██        | 205/1000 [24:42<1:35:41,  7.22s/it]
Epoch 205 | loss : 109399.62, postive loss : 79993.63, negtive loss : 29405.98:  20%|██        | 205/1000 [24:49<1:35:41,  7.22s/it]
Epoch 205 | loss : 109399.62, postive loss : 79993.63, negtive loss : 29405.98:  21%|██        | 206/1000 [24:49<1:35:34,  7.22s/it]
Epoch 206 | loss : 109119.38, postive loss : 79714.51, negtive loss : 29404.87:  21%|██        | 206/1000 [24:56<1:35:34,  7.22s/it]
Epoch 206 | loss : 109119.38, postive loss : 79714.51, negtive loss : 29404.87:  21%|██        | 207/1000 [24:56<1:35:27,  7.22s/it]
Epoch 207 | loss : 108847.20, postive loss : 79439.72, negtive loss : 29407.48:  21%|██        | 207/1000 [25:04<1:35:27,  7.22s/it]
Epoch 207 | loss : 108847.20, postive loss : 79439.72, negtive loss : 29407.48:  21%|██        | 208/1000 [25:04<1:35:19,  7.22s/it]
Epoch 208 | loss : 108569.21, postive loss : 79162.98, negtive loss : 29406.23:  21%|██        | 208/1000 [25:11<1:35:19,  7.22s/it]
Epoch 208 | loss : 108569.21, postive loss : 79162.98, negtive loss : 29406.23:  21%|██        | 209/1000 [25:11<1:35:13,  7.22s/it]
Epoch 209 | loss : 108301.07, postive loss : 78890.79, negtive loss : 29410.29:  21%|██        | 209/1000 [25:18<1:35:13,  7.22s/it]
Epoch 209 | loss : 108301.07, postive loss : 78890.79, negtive loss : 29410.29:  21%|██        | 210/1000 [25:18<1:35:06,  7.22s/it]
Epoch 210 | loss : 108032.31, postive loss : 78620.82, negtive loss : 29411.48:  21%|██        | 210/1000 [25:25<1:35:06,  7.22s/it]
Epoch 210 | loss : 108032.31, postive loss : 78620.82, negtive loss : 29411.48:  21%|██        | 211/1000 [25:25<1:34:59,  7.22s/it]
Epoch 211 | loss : 107758.71, postive loss : 78350.34, negtive loss : 29408.37:  21%|██        | 211/1000 [25:32<1:34:59,  7.22s/it]
Epoch 211 | loss : 107758.71, postive loss : 78350.34, negtive loss : 29408.37:  21%|██        | 212/1000 [25:32<1:34:52,  7.22s/it]
Epoch 212 | loss : 107490.81, postive loss : 78080.81, negtive loss : 29410.01:  21%|██        | 212/1000 [25:40<1:34:52,  7.22s/it]
Epoch 212 | loss : 107490.81, postive loss : 78080.81, negtive loss : 29410.01:  21%|██▏       | 213/1000 [25:40<1:34:45,  7.22s/it]
Epoch 213 | loss : 107228.83, postive loss : 77814.33, negtive loss : 29414.51:  21%|██▏       | 213/1000 [25:47<1:34:45,  7.22s/it]
Epoch 213 | loss : 107228.83, postive loss : 77814.33, negtive loss : 29414.51:  21%|██▏       | 214/1000 [25:47<1:34:38,  7.22s/it]
Epoch 214 | loss : 106965.51, postive loss : 77553.06, negtive loss : 29412.45:  21%|██▏       | 214/1000 [25:54<1:34:38,  7.22s/it]
Epoch 214 | loss : 106965.51, postive loss : 77553.06, negtive loss : 29412.45:  22%|██▏       | 215/1000 [25:54<1:34:32,  7.23s/it]
Epoch 215 | loss : 106701.63, postive loss : 77287.07, negtive loss : 29414.55:  22%|██▏       | 215/1000 [26:01<1:34:32,  7.23s/it]
Epoch 215 | loss : 106701.63, postive loss : 77287.07, negtive loss : 29414.55:  22%|██▏       | 216/1000 [26:01<1:34:25,  7.23s/it]
Epoch 216 | loss : 106443.42, postive loss : 77026.54, negtive loss : 29416.89:  22%|██▏       | 216/1000 [26:09<1:34:25,  7.23s/it]
Epoch 216 | loss : 106443.42, postive loss : 77026.54, negtive loss : 29416.89:  22%|██▏       | 217/1000 [26:09<1:34:17,  7.23s/it]
Epoch 217 | loss : 106178.22, postive loss : 76764.34, negtive loss : 29413.88:  22%|██▏       | 217/1000 [26:16<1:34:17,  7.23s/it]
Epoch 217 | loss : 106178.22, postive loss : 76764.34, negtive loss : 29413.88:  22%|██▏       | 218/1000 [26:16<1:34:09,  7.22s/it]
Epoch 218 | loss : 105924.68, postive loss : 76505.23, negtive loss : 29419.45:  22%|██▏       | 218/1000 [26:23<1:34:09,  7.22s/it]
Epoch 218 | loss : 105924.68, postive loss : 76505.23, negtive loss : 29419.45:  22%|██▏       | 219/1000 [26:23<1:34:02,  7.22s/it]
Epoch 219 | loss : 105662.20, postive loss : 76247.28, negtive loss : 29414.93:  22%|██▏       | 219/1000 [26:30<1:34:02,  7.22s/it]
Epoch 219 | loss : 105662.20, postive loss : 76247.28, negtive loss : 29414.93:  22%|██▏       | 220/1000 [26:30<1:33:55,  7.22s/it]
Epoch 220 | loss : 105411.04, postive loss : 75992.98, negtive loss : 29418.05:  22%|██▏       | 220/1000 [26:37<1:33:55,  7.22s/it]
Epoch 220 | loss : 105411.04, postive loss : 75992.98, negtive loss : 29418.05:  22%|██▏       | 221/1000 [26:37<1:33:47,  7.22s/it]
Epoch 221 | loss : 105161.05, postive loss : 75738.37, negtive loss : 29422.68:  22%|██▏       | 221/1000 [26:45<1:33:47,  7.22s/it]
Epoch 221 | loss : 105161.05, postive loss : 75738.37, negtive loss : 29422.68:  22%|██▏       | 222/1000 [26:45<1:33:40,  7.22s/it]
Epoch 222 | loss : 104912.05, postive loss : 75485.08, negtive loss : 29426.97:  22%|██▏       | 222/1000 [26:52<1:33:40,  7.22s/it]
Epoch 222 | loss : 104912.05, postive loss : 75485.08, negtive loss : 29426.97:  22%|██▏       | 223/1000 [26:52<1:33:33,  7.22s/it]
Epoch 223 | loss : 104661.85, postive loss : 75234.76, negtive loss : 29427.09:  22%|██▏       | 223/1000 [26:59<1:33:33,  7.22s/it]
Epoch 223 | loss : 104661.85, postive loss : 75234.76, negtive loss : 29427.09:  22%|██▏       | 224/1000 [26:59<1:33:25,  7.22s/it]
Epoch 224 | loss : 104414.65, postive loss : 74983.80, negtive loss : 29430.85:  22%|██▏       | 224/1000 [27:06<1:33:25,  7.22s/it]
Epoch 224 | loss : 104414.65, postive loss : 74983.80, negtive loss : 29430.85:  22%|██▎       | 225/1000 [27:06<1:33:18,  7.22s/it]
Epoch 225 | loss : 104165.67, postive loss : 74734.88, negtive loss : 29430.80:  22%|██▎       | 225/1000 [27:14<1:33:18,  7.22s/it]
Epoch 225 | loss : 104165.67, postive loss : 74734.88, negtive loss : 29430.80:  23%|██▎       | 226/1000 [27:14<1:33:11,  7.22s/it]
Epoch 226 | loss : 103921.50, postive loss : 74488.00, negtive loss : 29433.50:  23%|██▎       | 226/1000 [27:21<1:33:11,  7.22s/it]
Epoch 226 | loss : 103921.50, postive loss : 74488.00, negtive loss : 29433.50:  23%|██▎       | 227/1000 [27:21<1:33:04,  7.22s/it]
Epoch 227 | loss : 103675.64, postive loss : 74242.52, negtive loss : 29433.12:  23%|██▎       | 227/1000 [27:28<1:33:04,  7.22s/it]
Epoch 227 | loss : 103675.64, postive loss : 74242.52, negtive loss : 29433.12:  23%|██▎       | 228/1000 [27:28<1:32:57,  7.22s/it]
Epoch 228 | loss : 103429.93, postive loss : 73997.96, negtive loss : 29431.98:  23%|██▎       | 228/1000 [27:35<1:32:57,  7.22s/it]
Epoch 228 | loss : 103429.93, postive loss : 73997.96, negtive loss : 29431.98:  23%|██▎       | 229/1000 [27:35<1:32:50,  7.22s/it]
Epoch 229 | loss : 103194.57, postive loss : 73755.75, negtive loss : 29438.82:  23%|██▎       | 229/1000 [27:42<1:32:50,  7.22s/it]
Epoch 229 | loss : 103194.57, postive loss : 73755.75, negtive loss : 29438.82:  23%|██▎       | 230/1000 [27:42<1:32:42,  7.22s/it]
Epoch 230 | loss : 102951.41, postive loss : 73513.73, negtive loss : 29437.67:  23%|██▎       | 230/1000 [27:50<1:32:42,  7.22s/it]
Epoch 230 | loss : 102951.41, postive loss : 73513.73, negtive loss : 29437.67:  23%|██▎       | 231/1000 [27:50<1:32:35,  7.22s/it]
Epoch 231 | loss : 102707.18, postive loss : 73272.78, negtive loss : 29434.40:  23%|██▎       | 231/1000 [27:57<1:32:35,  7.22s/it]
Epoch 231 | loss : 102707.18, postive loss : 73272.78, negtive loss : 29434.40:  23%|██▎       | 232/1000 [27:57<1:32:27,  7.22s/it]
Epoch 232 | loss : 102471.92, postive loss : 73033.61, negtive loss : 29438.31:  23%|██▎       | 232/1000 [28:04<1:32:27,  7.22s/it]
Epoch 232 | loss : 102471.92, postive loss : 73033.61, negtive loss : 29438.31:  23%|██▎       | 233/1000 [28:04<1:32:18,  7.22s/it]
Epoch 233 | loss : 102243.85, postive loss : 72796.73, negtive loss : 29447.11:  23%|██▎       | 233/1000 [28:11<1:32:18,  7.22s/it]
Epoch 233 | loss : 102243.85, postive loss : 72796.73, negtive loss : 29447.11:  23%|██▎       | 234/1000 [28:11<1:32:08,  7.22s/it]
Epoch 234 | loss : 102003.21, postive loss : 72561.71, negtive loss : 29441.50:  23%|██▎       | 234/1000 [28:19<1:32:08,  7.22s/it]
Epoch 234 | loss : 102003.21, postive loss : 72561.71, negtive loss : 29441.50:  24%|██▎       | 235/1000 [28:19<1:32:00,  7.22s/it]
Epoch 235 | loss : 101773.79, postive loss : 72326.31, negtive loss : 29447.48:  24%|██▎       | 235/1000 [28:26<1:32:00,  7.22s/it]
Epoch 235 | loss : 101773.79, postive loss : 72326.31, negtive loss : 29447.48:  24%|██▎       | 236/1000 [28:26<1:31:51,  7.21s/it]
Epoch 236 | loss : 101541.33, postive loss : 72093.13, negtive loss : 29448.20:  24%|██▎       | 236/1000 [28:33<1:31:51,  7.21s/it]
Epoch 236 | loss : 101541.33, postive loss : 72093.13, negtive loss : 29448.20:  24%|██▎       | 237/1000 [28:33<1:31:44,  7.21s/it]
Epoch 237 | loss : 101312.57, postive loss : 71862.00, negtive loss : 29450.58:  24%|██▎       | 237/1000 [28:40<1:31:44,  7.21s/it]
Epoch 237 | loss : 101312.57, postive loss : 71862.00, negtive loss : 29450.58:  24%|██▍       | 238/1000 [28:40<1:31:36,  7.21s/it]
Epoch 238 | loss : 101081.09, postive loss : 71629.43, negtive loss : 29451.66:  24%|██▍       | 238/1000 [28:47<1:31:36,  7.21s/it]
Epoch 238 | loss : 101081.09, postive loss : 71629.43, negtive loss : 29451.66:  24%|██▍       | 239/1000 [28:47<1:31:29,  7.21s/it]
Epoch 239 | loss : 100854.95, postive loss : 71400.60, negtive loss : 29454.34:  24%|██▍       | 239/1000 [28:55<1:31:29,  7.21s/it]
Epoch 239 | loss : 100854.95, postive loss : 71400.60, negtive loss : 29454.34:  24%|██▍       | 240/1000 [28:55<1:31:21,  7.21s/it]
Epoch 240 | loss : 100629.64, postive loss : 71171.91, negtive loss : 29457.73:  24%|██▍       | 240/1000 [29:02<1:31:21,  7.21s/it]
Epoch 240 | loss : 100629.64, postive loss : 71171.91, negtive loss : 29457.73:  24%|██▍       | 241/1000 [29:02<1:31:14,  7.21s/it]
Epoch 241 | loss : 100407.91, postive loss : 70947.34, negtive loss : 29460.57:  24%|██▍       | 241/1000 [29:09<1:31:14,  7.21s/it]
Epoch 241 | loss : 100407.91, postive loss : 70947.34, negtive loss : 29460.57:  24%|██▍       | 242/1000 [29:09<1:31:07,  7.21s/it]
Epoch 242 | loss : 100183.70, postive loss : 70720.91, negtive loss : 29462.79:  24%|██▍       | 242/1000 [29:16<1:31:07,  7.21s/it]
Epoch 242 | loss : 100183.70, postive loss : 70720.91, negtive loss : 29462.79:  24%|██▍       | 243/1000 [29:16<1:31:00,  7.21s/it]
Epoch 243 | loss : 99959.17, postive loss : 70496.49, negtive loss : 29462.68:  24%|██▍       | 243/1000 [29:23<1:31:00,  7.21s/it] 
Epoch 243 | loss : 99959.17, postive loss : 70496.49, negtive loss : 29462.68:  24%|██▍       | 244/1000 [29:23<1:30:53,  7.21s/it]
Epoch 244 | loss : 99737.14, postive loss : 70272.98, negtive loss : 29464.16:  24%|██▍       | 244/1000 [29:31<1:30:53,  7.21s/it]
Epoch 244 | loss : 99737.14, postive loss : 70272.98, negtive loss : 29464.16:  24%|██▍       | 245/1000 [29:31<1:30:45,  7.21s/it]
Epoch 245 | loss : 99520.75, postive loss : 70051.84, negtive loss : 29468.91:  24%|██▍       | 245/1000 [29:38<1:30:45,  7.21s/it]
Epoch 245 | loss : 99520.75, postive loss : 70051.84, negtive loss : 29468.91:  25%|██▍       | 246/1000 [29:38<1:30:39,  7.21s/it]
Epoch 246 | loss : 99299.02, postive loss : 69832.85, negtive loss : 29466.17:  25%|██▍       | 246/1000 [29:45<1:30:39,  7.21s/it]
Epoch 246 | loss : 99299.02, postive loss : 69832.85, negtive loss : 29466.17:  25%|██▍       | 247/1000 [29:45<1:30:34,  7.22s/it]
Epoch 247 | loss : 99088.44, postive loss : 69613.22, negtive loss : 29475.22:  25%|██▍       | 247/1000 [29:52<1:30:34,  7.22s/it]
Epoch 247 | loss : 99088.44, postive loss : 69613.22, negtive loss : 29475.22:  25%|██▍       | 248/1000 [29:52<1:30:28,  7.22s/it]
Epoch 248 | loss : 98872.81, postive loss : 69395.28, negtive loss : 29477.53:  25%|██▍       | 248/1000 [30:00<1:30:28,  7.22s/it]
Epoch 248 | loss : 98872.81, postive loss : 69395.28, negtive loss : 29477.53:  25%|██▍       | 249/1000 [30:00<1:30:49,  7.26s/it]
Epoch 249 | loss : 98653.61, postive loss : 69178.47, negtive loss : 29475.15:  25%|██▍       | 249/1000 [30:07<1:30:49,  7.26s/it]
Epoch 249 | loss : 98653.61, postive loss : 69178.47, negtive loss : 29475.15:  25%|██▌       | 250/1000 [30:07<1:31:04,  7.29s/it]
Epoch 250 | loss : 98385.90, postive loss : 68903.86, negtive loss : 29482.04:  25%|██▌       | 250/1000 [30:14<1:31:04,  7.29s/it]
Epoch 250 | loss : 98385.90, postive loss : 68903.86, negtive loss : 29482.04:  25%|██▌       | 251/1000 [30:14<1:30:42,  7.27s/it]
Epoch 251 | loss : 98382.86, postive loss : 68903.86, negtive loss : 29479.00:  25%|██▌       | 251/1000 [30:21<1:30:42,  7.27s/it]
Epoch 251 | loss : 98382.86, postive loss : 68903.86, negtive loss : 29479.00:  25%|██▌       | 252/1000 [30:21<1:30:23,  7.25s/it]
Epoch 252 | loss : 98383.43, postive loss : 68903.86, negtive loss : 29479.57:  25%|██▌       | 252/1000 [30:29<1:30:23,  7.25s/it]
Epoch 252 | loss : 98383.43, postive loss : 68903.86, negtive loss : 29479.57:  25%|██▌       | 253/1000 [30:29<1:30:09,  7.24s/it]
Epoch 253 | loss : 98385.64, postive loss : 68903.86, negtive loss : 29481.77:  25%|██▌       | 253/1000 [30:36<1:30:09,  7.24s/it]
Epoch 253 | loss : 98385.64, postive loss : 68903.86, negtive loss : 29481.77:  25%|██▌       | 254/1000 [30:36<1:29:57,  7.24s/it]
Epoch 254 | loss : 98381.26, postive loss : 68903.86, negtive loss : 29477.40:  25%|██▌       | 254/1000 [30:43<1:29:57,  7.24s/it]
Epoch 254 | loss : 98381.26, postive loss : 68903.86, negtive loss : 29477.40:  26%|██▌       | 255/1000 [30:43<1:29:47,  7.23s/it]
Epoch 255 | loss : 98383.31, postive loss : 68903.86, negtive loss : 29479.45:  26%|██▌       | 255/1000 [30:50<1:29:47,  7.23s/it]
Epoch 255 | loss : 98383.31, postive loss : 68903.86, negtive loss : 29479.45:  26%|██▌       | 256/1000 [30:50<1:29:37,  7.23s/it]
Epoch 256 | loss : 98389.36, postive loss : 68903.86, negtive loss : 29485.50:  26%|██▌       | 256/1000 [30:58<1:29:37,  7.23s/it]
Epoch 256 | loss : 98389.36, postive loss : 68903.86, negtive loss : 29485.50:  26%|██▌       | 257/1000 [30:58<1:29:28,  7.23s/it]
Epoch 257 | loss : 98384.30, postive loss : 68903.86, negtive loss : 29480.44:  26%|██▌       | 257/1000 [31:05<1:29:28,  7.23s/it]
Epoch 257 | loss : 98384.30, postive loss : 68903.86, negtive loss : 29480.44:  26%|██▌       | 258/1000 [31:05<1:29:19,  7.22s/it]
Epoch 258 | loss : 98383.18, postive loss : 68903.86, negtive loss : 29479.32:  26%|██▌       | 258/1000 [31:12<1:29:19,  7.22s/it]
Epoch 258 | loss : 98383.18, postive loss : 68903.86, negtive loss : 29479.32:  26%|██▌       | 259/1000 [31:12<1:29:11,  7.22s/it]
Epoch 259 | loss : 98385.27, postive loss : 68903.86, negtive loss : 29481.41:  26%|██▌       | 259/1000 [31:19<1:29:11,  7.22s/it]
Epoch 259 | loss : 98385.27, postive loss : 68903.86, negtive loss : 29481.41:  26%|██▌       | 260/1000 [31:19<1:29:03,  7.22s/it]
Epoch 260 | loss : 98381.09, postive loss : 68903.86, negtive loss : 29477.23:  26%|██▌       | 260/1000 [31:26<1:29:03,  7.22s/it]
Epoch 260 | loss : 98381.09, postive loss : 68903.86, negtive loss : 29477.23:  26%|██▌       | 261/1000 [31:26<1:28:55,  7.22s/it]
Epoch 261 | loss : 98386.71, postive loss : 68903.86, negtive loss : 29482.85:  26%|██▌       | 261/1000 [31:34<1:28:55,  7.22s/it]
Epoch 261 | loss : 98386.71, postive loss : 68903.86, negtive loss : 29482.85:  26%|██▌       | 262/1000 [31:34<1:28:47,  7.22s/it]
Epoch 262 | loss : 98383.40, postive loss : 68903.86, negtive loss : 29479.54:  26%|██▌       | 262/1000 [31:41<1:28:47,  7.22s/it]
Epoch 262 | loss : 98383.40, postive loss : 68903.86, negtive loss : 29479.54:  26%|██▋       | 263/1000 [31:41<1:28:40,  7.22s/it]
Epoch 263 | loss : 98384.77, postive loss : 68903.86, negtive loss : 29480.91:  26%|██▋       | 263/1000 [31:48<1:28:40,  7.22s/it]
Epoch 263 | loss : 98384.77, postive loss : 68903.86, negtive loss : 29480.91:  26%|██▋       | 264/1000 [31:48<1:28:32,  7.22s/it]
Epoch 264 | loss : 98385.92, postive loss : 68903.86, negtive loss : 29482.06:  26%|██▋       | 264/1000 [31:55<1:28:32,  7.22s/it]
Epoch 264 | loss : 98385.92, postive loss : 68903.86, negtive loss : 29482.06:  26%|██▋       | 265/1000 [31:55<1:28:24,  7.22s/it]
Epoch 265 | loss : 98387.27, postive loss : 68903.86, negtive loss : 29483.41:  26%|██▋       | 265/1000 [32:03<1:28:24,  7.22s/it]
Epoch 265 | loss : 98387.27, postive loss : 68903.86, negtive loss : 29483.41:  27%|██▋       | 266/1000 [32:03<1:28:17,  7.22s/it]
Epoch 266 | loss : 98381.80, postive loss : 68903.86, negtive loss : 29477.94:  27%|██▋       | 266/1000 [32:10<1:28:17,  7.22s/it]
Epoch 266 | loss : 98381.80, postive loss : 68903.86, negtive loss : 29477.94:  27%|██▋       | 267/1000 [32:10<1:28:10,  7.22s/it]
Epoch 267 | loss : 98385.77, postive loss : 68903.86, negtive loss : 29481.91:  27%|██▋       | 267/1000 [32:17<1:28:10,  7.22s/it]
Epoch 267 | loss : 98385.77, postive loss : 68903.86, negtive loss : 29481.91:  27%|██▋       | 268/1000 [32:17<1:28:03,  7.22s/it]
Epoch 268 | loss : 98382.98, postive loss : 68903.86, negtive loss : 29479.12:  27%|██▋       | 268/1000 [32:24<1:28:03,  7.22s/it]
Epoch 268 | loss : 98382.98, postive loss : 68903.86, negtive loss : 29479.12:  27%|██▋       | 269/1000 [32:24<1:27:55,  7.22s/it]
Epoch 269 | loss : 98381.81, postive loss : 68903.86, negtive loss : 29477.95:  27%|██▋       | 269/1000 [32:31<1:27:55,  7.22s/it]
Epoch 269 | loss : 98381.81, postive loss : 68903.86, negtive loss : 29477.95:  27%|██▋       | 270/1000 [32:31<1:27:47,  7.22s/it]
Epoch 270 | loss : 98382.00, postive loss : 68903.86, negtive loss : 29478.14:  27%|██▋       | 270/1000 [32:39<1:27:47,  7.22s/it]
Epoch 270 | loss : 98382.00, postive loss : 68903.86, negtive loss : 29478.14:  27%|██▋       | 271/1000 [32:39<1:27:40,  7.22s/it]
Epoch 271 | loss : 98383.86, postive loss : 68903.86, negtive loss : 29480.00:  27%|██▋       | 271/1000 [32:46<1:27:40,  7.22s/it]
Epoch 271 | loss : 98383.86, postive loss : 68903.86, negtive loss : 29480.00:  27%|██▋       | 272/1000 [32:46<1:27:33,  7.22s/it]
Epoch 272 | loss : 98385.30, postive loss : 68903.86, negtive loss : 29481.44:  27%|██▋       | 272/1000 [32:53<1:27:33,  7.22s/it]
Epoch 272 | loss : 98385.30, postive loss : 68903.86, negtive loss : 29481.44:  27%|██▋       | 273/1000 [32:53<1:27:26,  7.22s/it]
Epoch 273 | loss : 98384.11, postive loss : 68903.86, negtive loss : 29480.25:  27%|██▋       | 273/1000 [33:00<1:27:26,  7.22s/it]
Epoch 273 | loss : 98384.11, postive loss : 68903.86, negtive loss : 29480.25:  27%|██▋       | 274/1000 [33:00<1:27:18,  7.22s/it]
Epoch 274 | loss : 98383.01, postive loss : 68903.86, negtive loss : 29479.15:  27%|██▋       | 274/1000 [33:07<1:27:18,  7.22s/it]
Epoch 274 | loss : 98383.01, postive loss : 68903.86, negtive loss : 29479.15:  28%|██▊       | 275/1000 [33:07<1:27:11,  7.22s/it]
Epoch 275 | loss : 98384.44, postive loss : 68903.86, negtive loss : 29480.58:  28%|██▊       | 275/1000 [33:15<1:27:11,  7.22s/it]
Epoch 275 | loss : 98384.44, postive loss : 68903.86, negtive loss : 29480.58:  28%|██▊       | 276/1000 [33:15<1:27:03,  7.21s/it]
Epoch 276 | loss : 98385.04, postive loss : 68903.86, negtive loss : 29481.18:  28%|██▊       | 276/1000 [33:22<1:27:03,  7.21s/it]
Epoch 276 | loss : 98385.04, postive loss : 68903.86, negtive loss : 29481.18:  28%|██▊       | 277/1000 [33:22<1:26:55,  7.21s/it]
Epoch 277 | loss : 98381.56, postive loss : 68903.86, negtive loss : 29477.70:  28%|██▊       | 277/1000 [33:29<1:26:55,  7.21s/it]
Epoch 277 | loss : 98381.56, postive loss : 68903.86, negtive loss : 29477.70:  28%|██▊       | 278/1000 [33:29<1:26:48,  7.21s/it]
Epoch 278 | loss : 98383.24, postive loss : 68903.86, negtive loss : 29479.38:  28%|██▊       | 278/1000 [33:36<1:26:48,  7.21s/it]
Epoch 278 | loss : 98383.24, postive loss : 68903.86, negtive loss : 29479.38:  28%|██▊       | 279/1000 [33:36<1:26:41,  7.21s/it]
Epoch 279 | loss : 98385.33, postive loss : 68903.86, negtive loss : 29481.47:  28%|██▊       | 279/1000 [33:44<1:26:41,  7.21s/it]
Epoch 279 | loss : 98385.33, postive loss : 68903.86, negtive loss : 29481.47:  28%|██▊       | 280/1000 [33:44<1:26:34,  7.21s/it]
Epoch 280 | loss : 98384.74, postive loss : 68903.86, negtive loss : 29480.88:  28%|██▊       | 280/1000 [33:51<1:26:34,  7.21s/it]
Epoch 280 | loss : 98384.74, postive loss : 68903.86, negtive loss : 29480.88:  28%|██▊       | 281/1000 [33:51<1:26:26,  7.21s/it]
Epoch 281 | loss : 98385.95, postive loss : 68903.86, negtive loss : 29482.09:  28%|██▊       | 281/1000 [33:58<1:26:26,  7.21s/it]
Epoch 281 | loss : 98385.95, postive loss : 68903.86, negtive loss : 29482.09:  28%|██▊       | 282/1000 [33:58<1:26:19,  7.21s/it]
Epoch 282 | loss : 98382.88, postive loss : 68903.86, negtive loss : 29479.02:  28%|██▊       | 282/1000 [34:05<1:26:19,  7.21s/it]
Epoch 282 | loss : 98382.88, postive loss : 68903.86, negtive loss : 29479.02:  28%|██▊       | 283/1000 [34:05<1:26:11,  7.21s/it]
Epoch 283 | loss : 98384.46, postive loss : 68903.86, negtive loss : 29480.60:  28%|██▊       | 283/1000 [34:12<1:26:11,  7.21s/it]
Epoch 283 | loss : 98384.46, postive loss : 68903.86, negtive loss : 29480.60:  28%|██▊       | 284/1000 [34:12<1:26:03,  7.21s/it]
Epoch 284 | loss : 98381.65, postive loss : 68903.86, negtive loss : 29477.79:  28%|██▊       | 284/1000 [34:20<1:26:03,  7.21s/it]
Epoch 284 | loss : 98381.65, postive loss : 68903.86, negtive loss : 29477.79:  28%|██▊       | 285/1000 [34:20<1:25:56,  7.21s/it]
Epoch 285 | loss : 98382.07, postive loss : 68903.86, negtive loss : 29478.21:  28%|██▊       | 285/1000 [34:27<1:25:56,  7.21s/it]
Epoch 285 | loss : 98382.07, postive loss : 68903.86, negtive loss : 29478.21:  29%|██▊       | 286/1000 [34:27<1:25:49,  7.21s/it]
Epoch 286 | loss : 98384.28, postive loss : 68903.86, negtive loss : 29480.42:  29%|██▊       | 286/1000 [34:34<1:25:49,  7.21s/it]
Epoch 286 | loss : 98384.28, postive loss : 68903.86, negtive loss : 29480.42:  29%|██▊       | 287/1000 [34:34<1:25:43,  7.21s/it]
Epoch 287 | loss : 98383.00, postive loss : 68903.86, negtive loss : 29479.14:  29%|██▊       | 287/1000 [34:41<1:25:43,  7.21s/it]
Epoch 287 | loss : 98383.00, postive loss : 68903.86, negtive loss : 29479.14:  29%|██▉       | 288/1000 [34:41<1:25:35,  7.21s/it]
Epoch 288 | loss : 98381.27, postive loss : 68903.86, negtive loss : 29477.41:  29%|██▉       | 288/1000 [34:48<1:25:35,  7.21s/it]
Epoch 288 | loss : 98381.27, postive loss : 68903.86, negtive loss : 29477.41:  29%|██▉       | 289/1000 [34:48<1:25:28,  7.21s/it]
Epoch 289 | loss : 98382.43, postive loss : 68903.86, negtive loss : 29478.57:  29%|██▉       | 289/1000 [34:56<1:25:28,  7.21s/it]
Epoch 289 | loss : 98382.43, postive loss : 68903.86, negtive loss : 29478.57:  29%|██▉       | 290/1000 [34:56<1:25:21,  7.21s/it]
Epoch 290 | loss : 98384.57, postive loss : 68903.86, negtive loss : 29480.71:  29%|██▉       | 290/1000 [35:03<1:25:21,  7.21s/it]
Epoch 290 | loss : 98384.57, postive loss : 68903.86, negtive loss : 29480.71:  29%|██▉       | 291/1000 [35:03<1:25:14,  7.21s/it]
Epoch 291 | loss : 98386.86, postive loss : 68903.86, negtive loss : 29483.00:  29%|██▉       | 291/1000 [35:10<1:25:14,  7.21s/it]
Epoch 291 | loss : 98386.86, postive loss : 68903.86, negtive loss : 29483.00:  29%|██▉       | 292/1000 [35:10<1:25:07,  7.21s/it]
Epoch 292 | loss : 98382.04, postive loss : 68903.86, negtive loss : 29478.18:  29%|██▉       | 292/1000 [35:17<1:25:07,  7.21s/it]
Epoch 292 | loss : 98382.04, postive loss : 68903.86, negtive loss : 29478.18:  29%|██▉       | 293/1000 [35:17<1:25:00,  7.21s/it]
Epoch 293 | loss : 98384.42, postive loss : 68903.86, negtive loss : 29480.56:  29%|██▉       | 293/1000 [35:25<1:25:00,  7.21s/it]
Epoch 293 | loss : 98384.42, postive loss : 68903.86, negtive loss : 29480.56:  29%|██▉       | 294/1000 [35:25<1:24:52,  7.21s/it]
Epoch 294 | loss : 98381.79, postive loss : 68903.86, negtive loss : 29477.93:  29%|██▉       | 294/1000 [35:32<1:24:52,  7.21s/it]
Epoch 294 | loss : 98381.79, postive loss : 68903.86, negtive loss : 29477.93:  30%|██▉       | 295/1000 [35:32<1:24:45,  7.21s/it]
Epoch 295 | loss : 98387.47, postive loss : 68903.86, negtive loss : 29483.61:  30%|██▉       | 295/1000 [35:39<1:24:45,  7.21s/it]
Epoch 295 | loss : 98387.47, postive loss : 68903.86, negtive loss : 29483.61:  30%|██▉       | 296/1000 [35:39<1:24:38,  7.21s/it]
Epoch 296 | loss : 98382.25, postive loss : 68903.86, negtive loss : 29478.39:  30%|██▉       | 296/1000 [35:46<1:24:38,  7.21s/it]
Epoch 296 | loss : 98382.25, postive loss : 68903.86, negtive loss : 29478.39:  30%|██▉       | 297/1000 [35:46<1:24:31,  7.21s/it]
Epoch 297 | loss : 98381.44, postive loss : 68903.86, negtive loss : 29477.58:  30%|██▉       | 297/1000 [35:53<1:24:31,  7.21s/it]
Epoch 297 | loss : 98381.44, postive loss : 68903.86, negtive loss : 29477.58:  30%|██▉       | 298/1000 [35:53<1:24:24,  7.21s/it]
Epoch 298 | loss : 98383.86, postive loss : 68903.86, negtive loss : 29479.99:  30%|██▉       | 298/1000 [36:01<1:24:24,  7.21s/it]
Epoch 298 | loss : 98383.86, postive loss : 68903.86, negtive loss : 29479.99:  30%|██▉       | 299/1000 [36:01<1:24:17,  7.21s/it]
Epoch 299 | loss : 98383.18, postive loss : 68903.86, negtive loss : 29479.32:  30%|██▉       | 299/1000 [36:08<1:24:17,  7.21s/it]
Epoch 299 | loss : 98383.18, postive loss : 68903.86, negtive loss : 29479.32:  30%|███       | 300/1000 [36:08<1:24:10,  7.22s/it]
Epoch 300 | loss : 98386.92, postive loss : 68903.86, negtive loss : 29483.06:  30%|███       | 300/1000 [36:15<1:24:10,  7.22s/it]
Epoch 300 | loss : 98386.92, postive loss : 68903.86, negtive loss : 29483.06:  30%|███       | 301/1000 [36:15<1:24:03,  7.22s/it]
Epoch 301 | loss : 98381.00, postive loss : 68903.86, negtive loss : 29477.13:  30%|███       | 301/1000 [36:22<1:24:03,  7.22s/it]
Epoch 301 | loss : 98381.00, postive loss : 68903.86, negtive loss : 29477.13:  30%|███       | 302/1000 [36:22<1:23:57,  7.22s/it]
Epoch 302 | loss : 98385.35, postive loss : 68903.86, negtive loss : 29481.49:  30%|███       | 302/1000 [36:29<1:23:57,  7.22s/it]
Epoch 302 | loss : 98385.35, postive loss : 68903.86, negtive loss : 29481.49:  30%|███       | 303/1000 [36:29<1:23:49,  7.22s/it]
Epoch 303 | loss : 98387.28, postive loss : 68903.86, negtive loss : 29483.42:  30%|███       | 303/1000 [36:37<1:23:49,  7.22s/it]
Epoch 303 | loss : 98387.28, postive loss : 68903.86, negtive loss : 29483.42:  30%|███       | 304/1000 [36:37<1:23:42,  7.22s/it]
Epoch 304 | loss : 98386.39, postive loss : 68903.86, negtive loss : 29482.53:  30%|███       | 304/1000 [36:44<1:23:42,  7.22s/it]
Epoch 304 | loss : 98386.39, postive loss : 68903.86, negtive loss : 29482.53:  30%|███       | 305/1000 [36:44<1:23:35,  7.22s/it]
Epoch 305 | loss : 98383.99, postive loss : 68903.86, negtive loss : 29480.13:  30%|███       | 305/1000 [36:51<1:23:35,  7.22s/it]
Epoch 305 | loss : 98383.99, postive loss : 68903.86, negtive loss : 29480.13:  31%|███       | 306/1000 [36:51<1:23:28,  7.22s/it]
Epoch 306 | loss : 98381.70, postive loss : 68903.86, negtive loss : 29477.84:  31%|███       | 306/1000 [36:58<1:23:28,  7.22s/it]
Epoch 306 | loss : 98381.70, postive loss : 68903.86, negtive loss : 29477.84:  31%|███       | 307/1000 [36:58<1:23:21,  7.22s/it]
Epoch 307 | loss : 98384.32, postive loss : 68903.86, negtive loss : 29480.46:  31%|███       | 307/1000 [37:06<1:23:21,  7.22s/it]
Epoch 307 | loss : 98384.32, postive loss : 68903.86, negtive loss : 29480.46:  31%|███       | 308/1000 [37:06<1:23:14,  7.22s/it]
Epoch 308 | loss : 98384.10, postive loss : 68903.86, negtive loss : 29480.24:  31%|███       | 308/1000 [37:13<1:23:14,  7.22s/it]
Epoch 308 | loss : 98384.10, postive loss : 68903.86, negtive loss : 29480.24:  31%|███       | 309/1000 [37:13<1:23:07,  7.22s/it]
Epoch 309 | loss : 98385.26, postive loss : 68903.86, negtive loss : 29481.40:  31%|███       | 309/1000 [37:20<1:23:07,  7.22s/it]
Epoch 309 | loss : 98385.26, postive loss : 68903.86, negtive loss : 29481.40:  31%|███       | 310/1000 [37:20<1:23:00,  7.22s/it]
Epoch 310 | loss : 98383.27, postive loss : 68903.86, negtive loss : 29479.41:  31%|███       | 310/1000 [37:27<1:23:00,  7.22s/it]
Epoch 310 | loss : 98383.27, postive loss : 68903.86, negtive loss : 29479.41:  31%|███       | 311/1000 [37:27<1:22:52,  7.22s/it]
Epoch 311 | loss : 98380.42, postive loss : 68903.86, negtive loss : 29476.56:  31%|███       | 311/1000 [37:34<1:22:52,  7.22s/it]
Epoch 311 | loss : 98380.42, postive loss : 68903.86, negtive loss : 29476.56:  31%|███       | 312/1000 [37:34<1:22:45,  7.22s/it]
Epoch 312 | loss : 98380.91, postive loss : 68903.86, negtive loss : 29477.05:  31%|███       | 312/1000 [37:42<1:22:45,  7.22s/it]
Epoch 312 | loss : 98380.91, postive loss : 68903.86, negtive loss : 29477.05:  31%|███▏      | 313/1000 [37:42<1:22:37,  7.22s/it]
Epoch 313 | loss : 98384.63, postive loss : 68903.86, negtive loss : 29480.77:  31%|███▏      | 313/1000 [37:49<1:22:37,  7.22s/it]
Epoch 313 | loss : 98384.63, postive loss : 68903.86, negtive loss : 29480.77:  31%|███▏      | 314/1000 [37:49<1:22:30,  7.22s/it]
Epoch 314 | loss : 98383.11, postive loss : 68903.86, negtive loss : 29479.25:  31%|███▏      | 314/1000 [37:56<1:22:30,  7.22s/it]
Epoch 314 | loss : 98383.11, postive loss : 68903.86, negtive loss : 29479.25:  32%|███▏      | 315/1000 [37:56<1:22:22,  7.22s/it]
Epoch 315 | loss : 98382.29, postive loss : 68903.86, negtive loss : 29478.43:  32%|███▏      | 315/1000 [38:03<1:22:22,  7.22s/it]
Epoch 315 | loss : 98382.29, postive loss : 68903.86, negtive loss : 29478.43:  32%|███▏      | 316/1000 [38:03<1:22:15,  7.22s/it]
Epoch 316 | loss : 98382.87, postive loss : 68903.86, negtive loss : 29479.01:  32%|███▏      | 316/1000 [38:11<1:22:15,  7.22s/it]
Epoch 316 | loss : 98382.87, postive loss : 68903.86, negtive loss : 29479.01:  32%|███▏      | 317/1000 [38:11<1:22:08,  7.22s/it]
Epoch 317 | loss : 98386.38, postive loss : 68903.86, negtive loss : 29482.52:  32%|███▏      | 317/1000 [38:18<1:22:08,  7.22s/it]
Epoch 317 | loss : 98386.38, postive loss : 68903.86, negtive loss : 29482.52:  32%|███▏      | 318/1000 [38:18<1:22:00,  7.21s/it]
Epoch 318 | loss : 98383.35, postive loss : 68903.86, negtive loss : 29479.49:  32%|███▏      | 318/1000 [38:25<1:22:00,  7.21s/it]
Epoch 318 | loss : 98383.35, postive loss : 68903.86, negtive loss : 29479.49:  32%|███▏      | 319/1000 [38:25<1:21:53,  7.21s/it]
Epoch 319 | loss : 98385.94, postive loss : 68903.86, negtive loss : 29482.08:  32%|███▏      | 319/1000 [38:32<1:21:53,  7.21s/it]
Epoch 319 | loss : 98385.94, postive loss : 68903.86, negtive loss : 29482.08:  32%|███▏      | 320/1000 [38:32<1:21:45,  7.21s/it]
Epoch 320 | loss : 98381.23, postive loss : 68903.86, negtive loss : 29477.37:  32%|███▏      | 320/1000 [38:39<1:21:45,  7.21s/it]
Epoch 320 | loss : 98381.23, postive loss : 68903.86, negtive loss : 29477.37:  32%|███▏      | 321/1000 [38:39<1:21:38,  7.21s/it]
Epoch 321 | loss : 98383.51, postive loss : 68903.86, negtive loss : 29479.65:  32%|███▏      | 321/1000 [38:47<1:21:38,  7.21s/it]
Epoch 321 | loss : 98383.51, postive loss : 68903.86, negtive loss : 29479.65:  32%|███▏      | 322/1000 [38:47<1:21:31,  7.21s/it]
Epoch 322 | loss : 98383.78, postive loss : 68903.86, negtive loss : 29479.92:  32%|███▏      | 322/1000 [38:54<1:21:31,  7.21s/it]
Epoch 322 | loss : 98383.78, postive loss : 68903.86, negtive loss : 29479.92:  32%|███▏      | 323/1000 [38:54<1:21:23,  7.21s/it]
Epoch 323 | loss : 98383.96, postive loss : 68903.86, negtive loss : 29480.10:  32%|███▏      | 323/1000 [39:01<1:21:23,  7.21s/it]
Epoch 323 | loss : 98383.96, postive loss : 68903.86, negtive loss : 29480.10:  32%|███▏      | 324/1000 [39:01<1:21:16,  7.21s/it]
Epoch 324 | loss : 98385.24, postive loss : 68903.86, negtive loss : 29481.38:  32%|███▏      | 324/1000 [39:08<1:21:16,  7.21s/it]
Epoch 324 | loss : 98385.24, postive loss : 68903.86, negtive loss : 29481.38:  32%|███▎      | 325/1000 [39:08<1:21:08,  7.21s/it]
Epoch 325 | loss : 98382.80, postive loss : 68903.86, negtive loss : 29478.94:  32%|███▎      | 325/1000 [39:15<1:21:08,  7.21s/it]
Epoch 325 | loss : 98382.80, postive loss : 68903.86, negtive loss : 29478.94:  33%|███▎      | 326/1000 [39:15<1:21:01,  7.21s/it]
Epoch 326 | loss : 98389.43, postive loss : 68903.86, negtive loss : 29485.57:  33%|███▎      | 326/1000 [39:23<1:21:01,  7.21s/it]
Epoch 326 | loss : 98389.43, postive loss : 68903.86, negtive loss : 29485.57:  33%|███▎      | 327/1000 [39:23<1:20:54,  7.21s/it]
Epoch 327 | loss : 98385.24, postive loss : 68903.86, negtive loss : 29481.38:  33%|███▎      | 327/1000 [39:30<1:20:54,  7.21s/it]
Epoch 327 | loss : 98385.24, postive loss : 68903.86, negtive loss : 29481.38:  33%|███▎      | 328/1000 [39:30<1:20:47,  7.21s/it]
Epoch 328 | loss : 98381.70, postive loss : 68903.86, negtive loss : 29477.84:  33%|███▎      | 328/1000 [39:37<1:20:47,  7.21s/it]
Epoch 328 | loss : 98381.70, postive loss : 68903.86, negtive loss : 29477.84:  33%|███▎      | 329/1000 [39:37<1:20:40,  7.21s/it]
Epoch 329 | loss : 98383.31, postive loss : 68903.86, negtive loss : 29479.45:  33%|███▎      | 329/1000 [39:44<1:20:40,  7.21s/it]
Epoch 329 | loss : 98383.31, postive loss : 68903.86, negtive loss : 29479.45:  33%|███▎      | 330/1000 [39:44<1:20:33,  7.21s/it]
Epoch 330 | loss : 98384.60, postive loss : 68903.86, negtive loss : 29480.74:  33%|███▎      | 330/1000 [39:52<1:20:33,  7.21s/it]
Epoch 330 | loss : 98384.60, postive loss : 68903.86, negtive loss : 29480.74:  33%|███▎      | 331/1000 [39:52<1:20:25,  7.21s/it]
Epoch 331 | loss : 98382.44, postive loss : 68903.86, negtive loss : 29478.58:  33%|███▎      | 331/1000 [39:59<1:20:25,  7.21s/it]
Epoch 331 | loss : 98382.44, postive loss : 68903.86, negtive loss : 29478.58:  33%|███▎      | 332/1000 [39:59<1:20:18,  7.21s/it]
Epoch 332 | loss : 98385.79, postive loss : 68903.86, negtive loss : 29481.93:  33%|███▎      | 332/1000 [40:06<1:20:18,  7.21s/it]
Epoch 332 | loss : 98385.79, postive loss : 68903.86, negtive loss : 29481.93:  33%|███▎      | 333/1000 [40:06<1:20:11,  7.21s/it]
Epoch 333 | loss : 98383.77, postive loss : 68903.86, negtive loss : 29479.91:  33%|███▎      | 333/1000 [40:13<1:20:11,  7.21s/it]
Epoch 333 | loss : 98383.77, postive loss : 68903.86, negtive loss : 29479.91:  33%|███▎      | 334/1000 [40:13<1:20:04,  7.21s/it]
Epoch 334 | loss : 98383.73, postive loss : 68903.86, negtive loss : 29479.87:  33%|███▎      | 334/1000 [40:20<1:20:04,  7.21s/it]
Epoch 334 | loss : 98383.73, postive loss : 68903.86, negtive loss : 29479.87:  34%|███▎      | 335/1000 [40:20<1:19:57,  7.21s/it]
Epoch 335 | loss : 98385.10, postive loss : 68903.86, negtive loss : 29481.24:  34%|███▎      | 335/1000 [40:28<1:19:57,  7.21s/it]
Epoch 335 | loss : 98385.10, postive loss : 68903.86, negtive loss : 29481.24:  34%|███▎      | 336/1000 [40:28<1:19:50,  7.21s/it]
Epoch 336 | loss : 98387.69, postive loss : 68903.86, negtive loss : 29483.83:  34%|███▎      | 336/1000 [40:35<1:19:50,  7.21s/it]
Epoch 336 | loss : 98387.69, postive loss : 68903.86, negtive loss : 29483.83:  34%|███▎      | 337/1000 [40:35<1:19:43,  7.22s/it]
Epoch 337 | loss : 98387.21, postive loss : 68903.86, negtive loss : 29483.35:  34%|███▎      | 337/1000 [40:42<1:19:43,  7.22s/it]
Epoch 337 | loss : 98387.21, postive loss : 68903.86, negtive loss : 29483.35:  34%|███▍      | 338/1000 [40:42<1:19:35,  7.21s/it]
Epoch 338 | loss : 98383.79, postive loss : 68903.86, negtive loss : 29479.93:  34%|███▍      | 338/1000 [40:49<1:19:35,  7.21s/it]
Epoch 338 | loss : 98383.79, postive loss : 68903.86, negtive loss : 29479.93:  34%|███▍      | 339/1000 [40:49<1:19:28,  7.21s/it]
Epoch 339 | loss : 98385.43, postive loss : 68903.86, negtive loss : 29481.57:  34%|███▍      | 339/1000 [40:56<1:19:28,  7.21s/it]
Epoch 339 | loss : 98385.43, postive loss : 68903.86, negtive loss : 29481.57:  34%|███▍      | 340/1000 [40:56<1:19:21,  7.21s/it]
Epoch 340 | loss : 98381.47, postive loss : 68903.86, negtive loss : 29477.61:  34%|███▍      | 340/1000 [41:04<1:19:21,  7.21s/it]
Epoch 340 | loss : 98381.47, postive loss : 68903.86, negtive loss : 29477.61:  34%|███▍      | 341/1000 [41:04<1:19:14,  7.21s/it]
Epoch 341 | loss : 98383.29, postive loss : 68903.86, negtive loss : 29479.42:  34%|███▍      | 341/1000 [41:11<1:19:14,  7.21s/it]
Epoch 341 | loss : 98383.29, postive loss : 68903.86, negtive loss : 29479.42:  34%|███▍      | 342/1000 [41:11<1:19:07,  7.21s/it]
Epoch 342 | loss : 98388.17, postive loss : 68903.86, negtive loss : 29484.31:  34%|███▍      | 342/1000 [41:18<1:19:07,  7.21s/it]
Epoch 342 | loss : 98388.17, postive loss : 68903.86, negtive loss : 29484.31:  34%|███▍      | 343/1000 [41:18<1:19:00,  7.21s/it]
Epoch 343 | loss : 98382.08, postive loss : 68903.86, negtive loss : 29478.22:  34%|███▍      | 343/1000 [41:25<1:19:00,  7.21s/it]
Epoch 343 | loss : 98382.08, postive loss : 68903.86, negtive loss : 29478.22:  34%|███▍      | 344/1000 [41:25<1:18:52,  7.21s/it]
Epoch 344 | loss : 98386.33, postive loss : 68903.86, negtive loss : 29482.47:  34%|███▍      | 344/1000 [41:33<1:18:52,  7.21s/it]
Epoch 344 | loss : 98386.33, postive loss : 68903.86, negtive loss : 29482.47:  34%|███▍      | 345/1000 [41:33<1:18:46,  7.22s/it]
Epoch 345 | loss : 98384.36, postive loss : 68903.86, negtive loss : 29480.50:  34%|███▍      | 345/1000 [41:40<1:18:46,  7.22s/it]
Epoch 345 | loss : 98384.36, postive loss : 68903.86, negtive loss : 29480.50:  35%|███▍      | 346/1000 [41:40<1:18:39,  7.22s/it]
Epoch 346 | loss : 98382.51, postive loss : 68903.86, negtive loss : 29478.65:  35%|███▍      | 346/1000 [41:47<1:18:39,  7.22s/it]
Epoch 346 | loss : 98382.51, postive loss : 68903.86, negtive loss : 29478.65:  35%|███▍      | 347/1000 [41:47<1:18:31,  7.22s/it]
Epoch 347 | loss : 98382.57, postive loss : 68903.86, negtive loss : 29478.71:  35%|███▍      | 347/1000 [41:54<1:18:31,  7.22s/it]
Epoch 347 | loss : 98382.57, postive loss : 68903.86, negtive loss : 29478.71:  35%|███▍      | 348/1000 [41:54<1:18:23,  7.21s/it]
Epoch 348 | loss : 98383.90, postive loss : 68903.86, negtive loss : 29480.04:  35%|███▍      | 348/1000 [42:01<1:18:23,  7.21s/it]
Epoch 348 | loss : 98383.90, postive loss : 68903.86, negtive loss : 29480.04:  35%|███▍      | 349/1000 [42:01<1:18:17,  7.22s/it]
Epoch 349 | loss : 98383.35, postive loss : 68903.86, negtive loss : 29479.49:  35%|███▍      | 349/1000 [42:09<1:18:17,  7.22s/it]
Epoch 349 | loss : 98383.35, postive loss : 68903.86, negtive loss : 29479.49:  35%|███▌      | 350/1000 [42:09<1:18:12,  7.22s/it]
Epoch 350 | loss : 98382.67, postive loss : 68903.86, negtive loss : 29478.81:  35%|███▌      | 350/1000 [42:16<1:18:12,  7.22s/it]
Epoch 350 | loss : 98382.67, postive loss : 68903.86, negtive loss : 29478.81:  35%|███▌      | 351/1000 [42:16<1:18:04,  7.22s/it]
Epoch 351 | loss : 98385.55, postive loss : 68903.86, negtive loss : 29481.69:  35%|███▌      | 351/1000 [42:23<1:18:04,  7.22s/it]
Epoch 351 | loss : 98385.55, postive loss : 68903.86, negtive loss : 29481.69:  35%|███▌      | 352/1000 [42:23<1:17:57,  7.22s/it]
Epoch 352 | loss : 98385.24, postive loss : 68903.86, negtive loss : 29481.38:  35%|███▌      | 352/1000 [42:30<1:17:57,  7.22s/it]
Epoch 352 | loss : 98385.24, postive loss : 68903.86, negtive loss : 29481.38:  35%|███▌      | 353/1000 [42:30<1:17:49,  7.22s/it]
Epoch 353 | loss : 98380.97, postive loss : 68903.86, negtive loss : 29477.10:  35%|███▌      | 353/1000 [42:37<1:17:49,  7.22s/it]
Epoch 353 | loss : 98380.97, postive loss : 68903.86, negtive loss : 29477.10:  35%|███▌      | 354/1000 [42:37<1:17:42,  7.22s/it]
Epoch 354 | loss : 98384.34, postive loss : 68903.86, negtive loss : 29480.48:  35%|███▌      | 354/1000 [42:45<1:17:42,  7.22s/it]
Epoch 354 | loss : 98384.34, postive loss : 68903.86, negtive loss : 29480.48:  36%|███▌      | 355/1000 [42:45<1:17:35,  7.22s/it]
Epoch 355 | loss : 98385.15, postive loss : 68903.86, negtive loss : 29481.29:  36%|███▌      | 355/1000 [42:52<1:17:35,  7.22s/it]
Epoch 355 | loss : 98385.15, postive loss : 68903.86, negtive loss : 29481.29:  36%|███▌      | 356/1000 [42:52<1:17:27,  7.22s/it]
Epoch 356 | loss : 98385.27, postive loss : 68903.86, negtive loss : 29481.41:  36%|███▌      | 356/1000 [42:59<1:17:27,  7.22s/it]
Epoch 356 | loss : 98385.27, postive loss : 68903.86, negtive loss : 29481.41:  36%|███▌      | 357/1000 [42:59<1:17:20,  7.22s/it]
Epoch 357 | loss : 98382.53, postive loss : 68903.86, negtive loss : 29478.67:  36%|███▌      | 357/1000 [43:06<1:17:20,  7.22s/it]
Epoch 357 | loss : 98382.53, postive loss : 68903.86, negtive loss : 29478.67:  36%|███▌      | 358/1000 [43:06<1:17:13,  7.22s/it]
Epoch 358 | loss : 98379.18, postive loss : 68903.86, negtive loss : 29475.32:  36%|███▌      | 358/1000 [43:14<1:17:13,  7.22s/it]
Epoch 358 | loss : 98379.18, postive loss : 68903.86, negtive loss : 29475.32:  36%|███▌      | 359/1000 [43:14<1:17:07,  7.22s/it]
Epoch 359 | loss : 98387.83, postive loss : 68903.86, negtive loss : 29483.97:  36%|███▌      | 359/1000 [43:21<1:17:07,  7.22s/it]
Epoch 359 | loss : 98387.83, postive loss : 68903.86, negtive loss : 29483.97:  36%|███▌      | 360/1000 [43:21<1:16:59,  7.22s/it]
Epoch 360 | loss : 98383.02, postive loss : 68903.86, negtive loss : 29479.16:  36%|███▌      | 360/1000 [43:28<1:16:59,  7.22s/it]
Epoch 360 | loss : 98383.02, postive loss : 68903.86, negtive loss : 29479.16:  36%|███▌      | 361/1000 [43:28<1:16:51,  7.22s/it]
Epoch 361 | loss : 98382.62, postive loss : 68903.86, negtive loss : 29478.76:  36%|███▌      | 361/1000 [43:35<1:16:51,  7.22s/it]
Epoch 361 | loss : 98382.62, postive loss : 68903.86, negtive loss : 29478.76:  36%|███▌      | 362/1000 [43:35<1:16:44,  7.22s/it]
Epoch 362 | loss : 98384.68, postive loss : 68903.86, negtive loss : 29480.81:  36%|███▌      | 362/1000 [43:42<1:16:44,  7.22s/it]
Epoch 362 | loss : 98384.68, postive loss : 68903.86, negtive loss : 29480.81:  36%|███▋      | 363/1000 [43:42<1:16:36,  7.22s/it]
Epoch 363 | loss : 98383.52, postive loss : 68903.86, negtive loss : 29479.66:  36%|███▋      | 363/1000 [43:50<1:16:36,  7.22s/it]
Epoch 363 | loss : 98383.52, postive loss : 68903.86, negtive loss : 29479.66:  36%|███▋      | 364/1000 [43:50<1:16:29,  7.22s/it]
Epoch 364 | loss : 98381.81, postive loss : 68903.86, negtive loss : 29477.95:  36%|███▋      | 364/1000 [43:57<1:16:29,  7.22s/it]
Epoch 364 | loss : 98381.81, postive loss : 68903.86, negtive loss : 29477.95:  36%|███▋      | 365/1000 [43:57<1:16:21,  7.22s/it]
Epoch 365 | loss : 98384.32, postive loss : 68903.86, negtive loss : 29480.46:  36%|███▋      | 365/1000 [44:04<1:16:21,  7.22s/it]
Epoch 365 | loss : 98384.32, postive loss : 68903.86, negtive loss : 29480.46:  37%|███▋      | 366/1000 [44:04<1:16:14,  7.22s/it]
Epoch 366 | loss : 98382.56, postive loss : 68903.86, negtive loss : 29478.70:  37%|███▋      | 366/1000 [44:11<1:16:14,  7.22s/it]
Epoch 366 | loss : 98382.56, postive loss : 68903.86, negtive loss : 29478.70:  37%|███▋      | 367/1000 [44:11<1:16:07,  7.22s/it]
Epoch 367 | loss : 98382.91, postive loss : 68903.86, negtive loss : 29479.05:  37%|███▋      | 367/1000 [44:18<1:16:07,  7.22s/it]
Epoch 367 | loss : 98382.91, postive loss : 68903.86, negtive loss : 29479.05:  37%|███▋      | 368/1000 [44:18<1:15:59,  7.22s/it]
Epoch 368 | loss : 98386.38, postive loss : 68903.86, negtive loss : 29482.52:  37%|███▋      | 368/1000 [44:26<1:15:59,  7.22s/it]
Epoch 368 | loss : 98386.38, postive loss : 68903.86, negtive loss : 29482.52:  37%|███▋      | 369/1000 [44:26<1:15:52,  7.21s/it]
Epoch 369 | loss : 98383.99, postive loss : 68903.86, negtive loss : 29480.13:  37%|███▋      | 369/1000 [44:33<1:15:52,  7.21s/it]
Epoch 369 | loss : 98383.99, postive loss : 68903.86, negtive loss : 29480.13:  37%|███▋      | 370/1000 [44:33<1:15:45,  7.22s/it]
Epoch 370 | loss : 98381.59, postive loss : 68903.86, negtive loss : 29477.73:  37%|███▋      | 370/1000 [44:40<1:15:45,  7.22s/it]
Epoch 370 | loss : 98381.59, postive loss : 68903.86, negtive loss : 29477.73:  37%|███▋      | 371/1000 [44:40<1:15:38,  7.22s/it]
Epoch 371 | loss : 98382.61, postive loss : 68903.86, negtive loss : 29478.75:  37%|███▋      | 371/1000 [44:47<1:15:38,  7.22s/it]
Epoch 371 | loss : 98382.61, postive loss : 68903.86, negtive loss : 29478.75:  37%|███▋      | 372/1000 [44:47<1:15:30,  7.21s/it]
Epoch 372 | loss : 98383.99, postive loss : 68903.86, negtive loss : 29480.13:  37%|███▋      | 372/1000 [44:55<1:15:30,  7.21s/it]
Epoch 372 | loss : 98383.99, postive loss : 68903.86, negtive loss : 29480.13:  37%|███▋      | 373/1000 [44:55<1:15:23,  7.21s/it]
Epoch 373 | loss : 98385.17, postive loss : 68903.86, negtive loss : 29481.31:  37%|███▋      | 373/1000 [45:02<1:15:23,  7.21s/it]
Epoch 373 | loss : 98385.17, postive loss : 68903.86, negtive loss : 29481.31:  37%|███▋      | 374/1000 [45:02<1:15:15,  7.21s/it]
Epoch 374 | loss : 98385.07, postive loss : 68903.86, negtive loss : 29481.21:  37%|███▋      | 374/1000 [45:09<1:15:15,  7.21s/it]
Epoch 374 | loss : 98385.07, postive loss : 68903.86, negtive loss : 29481.21:  38%|███▊      | 375/1000 [45:09<1:15:08,  7.21s/it]
Epoch 375 | loss : 98384.21, postive loss : 68903.86, negtive loss : 29480.35:  38%|███▊      | 375/1000 [45:16<1:15:08,  7.21s/it]
Epoch 375 | loss : 98384.21, postive loss : 68903.86, negtive loss : 29480.35:  38%|███▊      | 376/1000 [45:16<1:15:00,  7.21s/it]
Epoch 376 | loss : 98386.16, postive loss : 68903.86, negtive loss : 29482.30:  38%|███▊      | 376/1000 [45:23<1:15:00,  7.21s/it]
Epoch 376 | loss : 98386.16, postive loss : 68903.86, negtive loss : 29482.30:  38%|███▊      | 377/1000 [45:23<1:14:54,  7.21s/it]
Epoch 377 | loss : 98384.64, postive loss : 68903.86, negtive loss : 29480.78:  38%|███▊      | 377/1000 [45:31<1:14:54,  7.21s/it]
Epoch 377 | loss : 98384.64, postive loss : 68903.86, negtive loss : 29480.78:  38%|███▊      | 378/1000 [45:31<1:14:46,  7.21s/it]
Epoch 378 | loss : 98382.85, postive loss : 68903.86, negtive loss : 29478.99:  38%|███▊      | 378/1000 [45:38<1:14:46,  7.21s/it]
Epoch 378 | loss : 98382.85, postive loss : 68903.86, negtive loss : 29478.99:  38%|███▊      | 379/1000 [45:38<1:14:39,  7.21s/it]
Epoch 379 | loss : 98382.99, postive loss : 68903.86, negtive loss : 29479.13:  38%|███▊      | 379/1000 [45:45<1:14:39,  7.21s/it]
Epoch 379 | loss : 98382.99, postive loss : 68903.86, negtive loss : 29479.13:  38%|███▊      | 380/1000 [45:45<1:14:32,  7.21s/it]
Epoch 380 | loss : 98384.94, postive loss : 68903.86, negtive loss : 29481.08:  38%|███▊      | 380/1000 [45:52<1:14:32,  7.21s/it]
Epoch 380 | loss : 98384.94, postive loss : 68903.86, negtive loss : 29481.08:  38%|███▊      | 381/1000 [45:52<1:14:24,  7.21s/it]
Epoch 381 | loss : 98388.77, postive loss : 68903.86, negtive loss : 29484.91:  38%|███▊      | 381/1000 [45:59<1:14:24,  7.21s/it]
Epoch 381 | loss : 98388.77, postive loss : 68903.86, negtive loss : 29484.91:  38%|███▊      | 382/1000 [45:59<1:14:17,  7.21s/it]
Epoch 382 | loss : 98379.53, postive loss : 68903.86, negtive loss : 29475.67:  38%|███▊      | 382/1000 [46:07<1:14:17,  7.21s/it]
Epoch 382 | loss : 98379.53, postive loss : 68903.86, negtive loss : 29475.67:  38%|███▊      | 383/1000 [46:07<1:14:10,  7.21s/it]
Epoch 383 | loss : 98383.58, postive loss : 68903.86, negtive loss : 29479.72:  38%|███▊      | 383/1000 [46:14<1:14:10,  7.21s/it]
Epoch 383 | loss : 98383.58, postive loss : 68903.86, negtive loss : 29479.72:  38%|███▊      | 384/1000 [46:14<1:14:03,  7.21s/it]
Epoch 384 | loss : 98387.94, postive loss : 68903.86, negtive loss : 29484.08:  38%|███▊      | 384/1000 [46:21<1:14:03,  7.21s/it]
Epoch 384 | loss : 98387.94, postive loss : 68903.86, negtive loss : 29484.08:  38%|███▊      | 385/1000 [46:21<1:13:56,  7.21s/it]
Epoch 385 | loss : 98383.46, postive loss : 68903.86, negtive loss : 29479.60:  38%|███▊      | 385/1000 [46:28<1:13:56,  7.21s/it]
Epoch 385 | loss : 98383.46, postive loss : 68903.86, negtive loss : 29479.60:  39%|███▊      | 386/1000 [46:28<1:13:49,  7.21s/it]
Epoch 386 | loss : 98386.43, postive loss : 68903.86, negtive loss : 29482.57:  39%|███▊      | 386/1000 [46:36<1:13:49,  7.21s/it]
Epoch 386 | loss : 98386.43, postive loss : 68903.86, negtive loss : 29482.57:  39%|███▊      | 387/1000 [46:36<1:13:42,  7.21s/it]
Epoch 387 | loss : 98381.45, postive loss : 68903.86, negtive loss : 29477.59:  39%|███▊      | 387/1000 [46:43<1:13:42,  7.21s/it]
Epoch 387 | loss : 98381.45, postive loss : 68903.86, negtive loss : 29477.59:  39%|███▉      | 388/1000 [46:43<1:13:35,  7.21s/it]
Epoch 388 | loss : 98384.53, postive loss : 68903.86, negtive loss : 29480.67:  39%|███▉      | 388/1000 [46:50<1:13:35,  7.21s/it]
Epoch 388 | loss : 98384.53, postive loss : 68903.86, negtive loss : 29480.67:  39%|███▉      | 389/1000 [46:50<1:13:27,  7.21s/it]
Epoch 389 | loss : 98383.80, postive loss : 68903.86, negtive loss : 29479.94:  39%|███▉      | 389/1000 [46:57<1:13:27,  7.21s/it]
Epoch 389 | loss : 98383.80, postive loss : 68903.86, negtive loss : 29479.94:  39%|███▉      | 390/1000 [46:57<1:13:20,  7.21s/it]
Epoch 390 | loss : 98379.24, postive loss : 68903.86, negtive loss : 29475.38:  39%|███▉      | 390/1000 [47:04<1:13:20,  7.21s/it]
Epoch 390 | loss : 98379.24, postive loss : 68903.86, negtive loss : 29475.38:  39%|███▉      | 391/1000 [47:04<1:13:13,  7.21s/it]
Epoch 391 | loss : 98385.73, postive loss : 68903.86, negtive loss : 29481.87:  39%|███▉      | 391/1000 [47:12<1:13:13,  7.21s/it]
Epoch 391 | loss : 98385.73, postive loss : 68903.86, negtive loss : 29481.87:  39%|███▉      | 392/1000 [47:12<1:13:06,  7.21s/it]
Epoch 392 | loss : 98382.36, postive loss : 68903.86, negtive loss : 29478.50:  39%|███▉      | 392/1000 [47:19<1:13:06,  7.21s/it]
Epoch 392 | loss : 98382.36, postive loss : 68903.86, negtive loss : 29478.50:  39%|███▉      | 393/1000 [47:19<1:12:59,  7.21s/it]
Epoch 393 | loss : 98389.28, postive loss : 68903.86, negtive loss : 29485.42:  39%|███▉      | 393/1000 [47:26<1:12:59,  7.21s/it]
Epoch 393 | loss : 98389.28, postive loss : 68903.86, negtive loss : 29485.42:  39%|███▉      | 394/1000 [47:26<1:12:52,  7.21s/it]
Epoch 394 | loss : 98381.85, postive loss : 68903.86, negtive loss : 29477.99:  39%|███▉      | 394/1000 [47:33<1:12:52,  7.21s/it]
Epoch 394 | loss : 98381.85, postive loss : 68903.86, negtive loss : 29477.99:  40%|███▉      | 395/1000 [47:33<1:12:45,  7.22s/it]
Epoch 395 | loss : 98384.87, postive loss : 68903.86, negtive loss : 29481.01:  40%|███▉      | 395/1000 [47:40<1:12:45,  7.22s/it]
Epoch 395 | loss : 98384.87, postive loss : 68903.86, negtive loss : 29481.01:  40%|███▉      | 396/1000 [47:40<1:12:38,  7.22s/it]
Epoch 396 | loss : 98385.08, postive loss : 68903.86, negtive loss : 29481.22:  40%|███▉      | 396/1000 [47:48<1:12:38,  7.22s/it]
Epoch 396 | loss : 98385.08, postive loss : 68903.86, negtive loss : 29481.22:  40%|███▉      | 397/1000 [47:48<1:12:31,  7.22s/it]
Epoch 397 | loss : 98385.78, postive loss : 68903.86, negtive loss : 29481.92:  40%|███▉      | 397/1000 [47:55<1:12:31,  7.22s/it]
Epoch 397 | loss : 98385.78, postive loss : 68903.86, negtive loss : 29481.92:  40%|███▉      | 398/1000 [47:55<1:12:23,  7.22s/it]
Epoch 398 | loss : 98380.64, postive loss : 68903.86, negtive loss : 29476.78:  40%|███▉      | 398/1000 [48:02<1:12:23,  7.22s/it]
Epoch 398 | loss : 98380.64, postive loss : 68903.86, negtive loss : 29476.78:  40%|███▉      | 399/1000 [48:02<1:12:16,  7.21s/it]
Epoch 399 | loss : 98385.90, postive loss : 68903.86, negtive loss : 29482.04:  40%|███▉      | 399/1000 [48:09<1:12:16,  7.21s/it]
Epoch 399 | loss : 98385.90, postive loss : 68903.86, negtive loss : 29482.04:  40%|████      | 400/1000 [48:09<1:12:09,  7.22s/it]
Epoch 400 | loss : 98386.06, postive loss : 68903.86, negtive loss : 29482.20:  40%|████      | 400/1000 [48:17<1:12:09,  7.22s/it]
Epoch 400 | loss : 98386.06, postive loss : 68903.86, negtive loss : 29482.20:  40%|████      | 401/1000 [48:17<1:12:01,  7.21s/it]
Epoch 401 | loss : 98381.64, postive loss : 68903.86, negtive loss : 29477.78:  40%|████      | 401/1000 [48:24<1:12:01,  7.21s/it]
Epoch 401 | loss : 98381.64, postive loss : 68903.86, negtive loss : 29477.78:  40%|████      | 402/1000 [48:24<1:11:54,  7.21s/it]
Epoch 402 | loss : 98381.94, postive loss : 68903.86, negtive loss : 29478.08:  40%|████      | 402/1000 [48:31<1:11:54,  7.21s/it]
Epoch 402 | loss : 98381.94, postive loss : 68903.86, negtive loss : 29478.08:  40%|████      | 403/1000 [48:31<1:11:47,  7.22s/it]
Epoch 403 | loss : 98385.05, postive loss : 68903.86, negtive loss : 29481.19:  40%|████      | 403/1000 [48:38<1:11:47,  7.22s/it]
Epoch 403 | loss : 98385.05, postive loss : 68903.86, negtive loss : 29481.19:  40%|████      | 404/1000 [48:38<1:11:40,  7.22s/it]
Epoch 404 | loss : 98381.96, postive loss : 68903.86, negtive loss : 29478.10:  40%|████      | 404/1000 [48:45<1:11:40,  7.22s/it]
Epoch 404 | loss : 98381.96, postive loss : 68903.86, negtive loss : 29478.10:  40%|████      | 405/1000 [48:45<1:11:32,  7.21s/it]
Epoch 405 | loss : 98382.30, postive loss : 68903.86, negtive loss : 29478.44:  40%|████      | 405/1000 [48:53<1:11:32,  7.21s/it]
Epoch 405 | loss : 98382.30, postive loss : 68903.86, negtive loss : 29478.44:  41%|████      | 406/1000 [48:53<1:11:25,  7.21s/it]
Epoch 406 | loss : 98382.97, postive loss : 68903.86, negtive loss : 29479.11:  41%|████      | 406/1000 [49:00<1:11:25,  7.21s/it]
Epoch 406 | loss : 98382.97, postive loss : 68903.86, negtive loss : 29479.11:  41%|████      | 407/1000 [49:00<1:11:18,  7.21s/it]
Epoch 407 | loss : 98383.90, postive loss : 68903.86, negtive loss : 29480.03:  41%|████      | 407/1000 [49:07<1:11:18,  7.21s/it]
Epoch 407 | loss : 98383.90, postive loss : 68903.86, negtive loss : 29480.03:  41%|████      | 408/1000 [49:07<1:11:43,  7.27s/it]
Epoch 408 | loss : 98385.14, postive loss : 68903.86, negtive loss : 29481.28:  41%|████      | 408/1000 [49:15<1:11:43,  7.27s/it]
Epoch 408 | loss : 98385.14, postive loss : 68903.86, negtive loss : 29481.28:  41%|████      | 409/1000 [49:15<1:11:42,  7.28s/it]
Epoch 409 | loss : 98386.72, postive loss : 68903.86, negtive loss : 29482.86:  41%|████      | 409/1000 [49:22<1:11:42,  7.28s/it]
Epoch 409 | loss : 98386.72, postive loss : 68903.86, negtive loss : 29482.86:  41%|████      | 410/1000 [49:22<1:11:28,  7.27s/it]
Epoch 410 | loss : 98381.82, postive loss : 68903.86, negtive loss : 29477.96:  41%|████      | 410/1000 [49:29<1:11:28,  7.27s/it]
Epoch 410 | loss : 98381.82, postive loss : 68903.86, negtive loss : 29477.96:  41%|████      | 411/1000 [49:29<1:11:16,  7.26s/it]
Epoch 411 | loss : 98384.71, postive loss : 68903.86, negtive loss : 29480.85:  41%|████      | 411/1000 [49:36<1:11:16,  7.26s/it]
Epoch 411 | loss : 98384.71, postive loss : 68903.86, negtive loss : 29480.85:  41%|████      | 412/1000 [49:36<1:11:03,  7.25s/it]
Epoch 412 | loss : 98384.21, postive loss : 68903.86, negtive loss : 29480.35:  41%|████      | 412/1000 [49:44<1:11:03,  7.25s/it]
Epoch 412 | loss : 98384.21, postive loss : 68903.86, negtive loss : 29480.35:  41%|████▏     | 413/1000 [49:44<1:10:53,  7.25s/it]
Epoch 413 | loss : 98383.34, postive loss : 68903.86, negtive loss : 29479.48:  41%|████▏     | 413/1000 [49:51<1:10:53,  7.25s/it]
Epoch 413 | loss : 98383.34, postive loss : 68903.86, negtive loss : 29479.48:  41%|████▏     | 414/1000 [49:51<1:10:42,  7.24s/it]
Epoch 414 | loss : 98384.00, postive loss : 68903.86, negtive loss : 29480.14:  41%|████▏     | 414/1000 [49:58<1:10:42,  7.24s/it]
Epoch 414 | loss : 98384.00, postive loss : 68903.86, negtive loss : 29480.14:  42%|████▏     | 415/1000 [49:58<1:10:35,  7.24s/it]
Epoch 415 | loss : 98384.65, postive loss : 68903.86, negtive loss : 29480.79:  42%|████▏     | 415/1000 [50:05<1:10:35,  7.24s/it]
Epoch 415 | loss : 98384.65, postive loss : 68903.86, negtive loss : 29480.79:  42%|████▏     | 416/1000 [50:05<1:10:26,  7.24s/it]
Epoch 416 | loss : 98386.21, postive loss : 68903.86, negtive loss : 29482.35:  42%|████▏     | 416/1000 [50:12<1:10:26,  7.24s/it]
Epoch 416 | loss : 98386.21, postive loss : 68903.86, negtive loss : 29482.35:  42%|████▏     | 417/1000 [50:12<1:10:17,  7.23s/it]
Epoch 417 | loss : 98383.99, postive loss : 68903.86, negtive loss : 29480.13:  42%|████▏     | 417/1000 [50:20<1:10:17,  7.23s/it]
Epoch 417 | loss : 98383.99, postive loss : 68903.86, negtive loss : 29480.13:  42%|████▏     | 418/1000 [50:20<1:10:09,  7.23s/it]
Epoch 418 | loss : 98381.98, postive loss : 68903.86, negtive loss : 29478.12:  42%|████▏     | 418/1000 [50:27<1:10:09,  7.23s/it]
Epoch 418 | loss : 98381.98, postive loss : 68903.86, negtive loss : 29478.12:  42%|████▏     | 419/1000 [50:27<1:10:01,  7.23s/it]
Epoch 419 | loss : 98386.11, postive loss : 68903.86, negtive loss : 29482.25:  42%|████▏     | 419/1000 [50:34<1:10:01,  7.23s/it]
Epoch 419 | loss : 98386.11, postive loss : 68903.86, negtive loss : 29482.25:  42%|████▏     | 420/1000 [50:34<1:09:52,  7.23s/it]
Epoch 420 | loss : 98382.81, postive loss : 68903.86, negtive loss : 29478.95:  42%|████▏     | 420/1000 [50:41<1:09:52,  7.23s/it]
Epoch 420 | loss : 98382.81, postive loss : 68903.86, negtive loss : 29478.95:  42%|████▏     | 421/1000 [50:41<1:09:46,  7.23s/it]
Epoch 421 | loss : 98383.21, postive loss : 68903.86, negtive loss : 29479.35:  42%|████▏     | 421/1000 [50:49<1:09:46,  7.23s/it]
Epoch 421 | loss : 98383.21, postive loss : 68903.86, negtive loss : 29479.35:  42%|████▏     | 422/1000 [50:49<1:09:37,  7.23s/it]
Epoch 422 | loss : 98380.40, postive loss : 68903.86, negtive loss : 29476.54:  42%|████▏     | 422/1000 [50:56<1:09:37,  7.23s/it]
Epoch 422 | loss : 98380.40, postive loss : 68903.86, negtive loss : 29476.54:  42%|████▏     | 423/1000 [50:56<1:09:30,  7.23s/it]
Epoch 423 | loss : 98383.59, postive loss : 68903.86, negtive loss : 29479.73:  42%|████▏     | 423/1000 [51:03<1:09:30,  7.23s/it]
Epoch 423 | loss : 98383.59, postive loss : 68903.86, negtive loss : 29479.73:  42%|████▏     | 424/1000 [51:03<1:09:21,  7.22s/it]
Epoch 424 | loss : 98389.65, postive loss : 68903.86, negtive loss : 29485.79:  42%|████▏     | 424/1000 [51:10<1:09:21,  7.22s/it]
Epoch 424 | loss : 98389.65, postive loss : 68903.86, negtive loss : 29485.79:  42%|████▎     | 425/1000 [51:10<1:09:13,  7.22s/it]
Epoch 425 | loss : 98382.24, postive loss : 68903.86, negtive loss : 29478.38:  42%|████▎     | 425/1000 [51:17<1:09:13,  7.22s/it]
Epoch 425 | loss : 98382.24, postive loss : 68903.86, negtive loss : 29478.38:  43%|████▎     | 426/1000 [51:17<1:09:04,  7.22s/it]
Epoch 426 | loss : 98381.97, postive loss : 68903.86, negtive loss : 29478.11:  43%|████▎     | 426/1000 [51:25<1:09:04,  7.22s/it]
Epoch 426 | loss : 98381.97, postive loss : 68903.86, negtive loss : 29478.11:  43%|████▎     | 427/1000 [51:25<1:08:56,  7.22s/it]
Epoch 427 | loss : 98379.52, postive loss : 68903.86, negtive loss : 29475.66:  43%|████▎     | 427/1000 [51:32<1:08:56,  7.22s/it]
Epoch 427 | loss : 98379.52, postive loss : 68903.86, negtive loss : 29475.66:  43%|████▎     | 428/1000 [51:32<1:08:48,  7.22s/it]
Epoch 428 | loss : 98382.51, postive loss : 68903.86, negtive loss : 29478.65:  43%|████▎     | 428/1000 [51:39<1:08:48,  7.22s/it]
Epoch 428 | loss : 98382.51, postive loss : 68903.86, negtive loss : 29478.65:  43%|████▎     | 429/1000 [51:39<1:08:40,  7.22s/it]
Epoch 429 | loss : 98384.83, postive loss : 68903.86, negtive loss : 29480.97:  43%|████▎     | 429/1000 [51:46<1:08:40,  7.22s/it]
Epoch 429 | loss : 98384.83, postive loss : 68903.86, negtive loss : 29480.97:  43%|████▎     | 430/1000 [51:46<1:08:32,  7.22s/it]
Epoch 430 | loss : 98386.38, postive loss : 68903.86, negtive loss : 29482.52:  43%|████▎     | 430/1000 [51:54<1:08:32,  7.22s/it]
Epoch 430 | loss : 98386.38, postive loss : 68903.86, negtive loss : 29482.52:  43%|████▎     | 431/1000 [51:54<1:08:25,  7.22s/it]
Epoch 431 | loss : 98380.70, postive loss : 68903.86, negtive loss : 29476.83:  43%|████▎     | 431/1000 [52:01<1:08:25,  7.22s/it]
Epoch 431 | loss : 98380.70, postive loss : 68903.86, negtive loss : 29476.83:  43%|████▎     | 432/1000 [52:01<1:08:18,  7.21s/it]
Epoch 432 | loss : 98383.07, postive loss : 68903.86, negtive loss : 29479.21:  43%|████▎     | 432/1000 [52:08<1:08:18,  7.21s/it]
Epoch 432 | loss : 98383.07, postive loss : 68903.86, negtive loss : 29479.21:  43%|████▎     | 433/1000 [52:08<1:08:10,  7.21s/it]
Epoch 433 | loss : 98380.22, postive loss : 68903.86, negtive loss : 29476.36:  43%|████▎     | 433/1000 [52:15<1:08:10,  7.21s/it]
Epoch 433 | loss : 98380.22, postive loss : 68903.86, negtive loss : 29476.36:  43%|████▎     | 434/1000 [52:15<1:08:03,  7.21s/it]
Epoch 434 | loss : 98384.57, postive loss : 68903.86, negtive loss : 29480.70:  43%|████▎     | 434/1000 [52:22<1:08:03,  7.21s/it]
Epoch 434 | loss : 98384.57, postive loss : 68903.86, negtive loss : 29480.70:  44%|████▎     | 435/1000 [52:22<1:07:55,  7.21s/it]
Epoch 435 | loss : 98384.82, postive loss : 68903.86, negtive loss : 29480.96:  44%|████▎     | 435/1000 [52:30<1:07:55,  7.21s/it]
Epoch 435 | loss : 98384.82, postive loss : 68903.86, negtive loss : 29480.96:  44%|████▎     | 436/1000 [52:30<1:07:48,  7.21s/it]
Epoch 436 | loss : 98383.01, postive loss : 68903.86, negtive loss : 29479.15:  44%|████▎     | 436/1000 [52:37<1:07:48,  7.21s/it]
Epoch 436 | loss : 98383.01, postive loss : 68903.86, negtive loss : 29479.15:  44%|████▎     | 437/1000 [52:37<1:07:42,  7.22s/it]
Epoch 437 | loss : 98385.55, postive loss : 68903.86, negtive loss : 29481.69:  44%|████▎     | 437/1000 [52:44<1:07:42,  7.22s/it]
Epoch 437 | loss : 98385.55, postive loss : 68903.86, negtive loss : 29481.69:  44%|████▍     | 438/1000 [52:44<1:07:35,  7.22s/it]
Epoch 438 | loss : 98380.09, postive loss : 68903.86, negtive loss : 29476.23:  44%|████▍     | 438/1000 [52:51<1:07:35,  7.22s/it]
Epoch 438 | loss : 98380.09, postive loss : 68903.86, negtive loss : 29476.23:  44%|████▍     | 439/1000 [52:51<1:07:27,  7.22s/it]
Epoch 439 | loss : 98386.30, postive loss : 68903.86, negtive loss : 29482.44:  44%|████▍     | 439/1000 [52:58<1:07:27,  7.22s/it]
Epoch 439 | loss : 98386.30, postive loss : 68903.86, negtive loss : 29482.44:  44%|████▍     | 440/1000 [52:58<1:07:21,  7.22s/it]
Epoch 440 | loss : 98382.47, postive loss : 68903.86, negtive loss : 29478.61:  44%|████▍     | 440/1000 [53:06<1:07:21,  7.22s/it]
Epoch 440 | loss : 98382.47, postive loss : 68903.86, negtive loss : 29478.61:  44%|████▍     | 441/1000 [53:06<1:07:13,  7.22s/it]
Epoch 441 | loss : 98384.68, postive loss : 68903.86, negtive loss : 29480.82:  44%|████▍     | 441/1000 [53:13<1:07:13,  7.22s/it]
Epoch 441 | loss : 98384.68, postive loss : 68903.86, negtive loss : 29480.82:  44%|████▍     | 442/1000 [53:13<1:07:06,  7.22s/it]
Epoch 442 | loss : 98384.92, postive loss : 68903.86, negtive loss : 29481.06:  44%|████▍     | 442/1000 [53:20<1:07:06,  7.22s/it]
Epoch 442 | loss : 98384.92, postive loss : 68903.86, negtive loss : 29481.06:  44%|████▍     | 443/1000 [53:20<1:06:59,  7.22s/it]
Epoch 443 | loss : 98381.97, postive loss : 68903.86, negtive loss : 29478.11:  44%|████▍     | 443/1000 [53:27<1:06:59,  7.22s/it]
Epoch 443 | loss : 98381.97, postive loss : 68903.86, negtive loss : 29478.11:  44%|████▍     | 444/1000 [53:27<1:06:52,  7.22s/it]
Epoch 444 | loss : 98388.31, postive loss : 68903.86, negtive loss : 29484.45:  44%|████▍     | 444/1000 [53:35<1:06:52,  7.22s/it]
Epoch 444 | loss : 98388.31, postive loss : 68903.86, negtive loss : 29484.45:  44%|████▍     | 445/1000 [53:35<1:06:45,  7.22s/it]
Epoch 445 | loss : 98384.91, postive loss : 68903.86, negtive loss : 29481.05:  44%|████▍     | 445/1000 [53:42<1:06:45,  7.22s/it]
Epoch 445 | loss : 98384.91, postive loss : 68903.86, negtive loss : 29481.05:  45%|████▍     | 446/1000 [53:42<1:06:38,  7.22s/it]
Epoch 446 | loss : 98381.27, postive loss : 68903.86, negtive loss : 29477.40:  45%|████▍     | 446/1000 [53:49<1:06:38,  7.22s/it]
Epoch 446 | loss : 98381.27, postive loss : 68903.86, negtive loss : 29477.40:  45%|████▍     | 447/1000 [53:49<1:06:30,  7.22s/it]
Epoch 447 | loss : 98385.00, postive loss : 68903.86, negtive loss : 29481.14:  45%|████▍     | 447/1000 [53:56<1:06:30,  7.22s/it]
Epoch 447 | loss : 98385.00, postive loss : 68903.86, negtive loss : 29481.14:  45%|████▍     | 448/1000 [53:56<1:06:23,  7.22s/it]
Epoch 448 | loss : 98383.77, postive loss : 68903.86, negtive loss : 29479.91:  45%|████▍     | 448/1000 [54:03<1:06:23,  7.22s/it]
Epoch 448 | loss : 98383.77, postive loss : 68903.86, negtive loss : 29479.91:  45%|████▍     | 449/1000 [54:03<1:06:16,  7.22s/it]
Epoch 449 | loss : 98379.80, postive loss : 68903.86, negtive loss : 29475.94:  45%|████▍     | 449/1000 [54:11<1:06:16,  7.22s/it]
Epoch 449 | loss : 98379.80, postive loss : 68903.86, negtive loss : 29475.94:  45%|████▌     | 450/1000 [54:11<1:06:08,  7.22s/it]
Epoch 450 | loss : 98385.21, postive loss : 68903.86, negtive loss : 29481.35:  45%|████▌     | 450/1000 [54:18<1:06:08,  7.22s/it]
Epoch 450 | loss : 98385.21, postive loss : 68903.86, negtive loss : 29481.35:  45%|████▌     | 451/1000 [54:18<1:06:01,  7.22s/it]
Epoch 451 | loss : 98385.56, postive loss : 68903.86, negtive loss : 29481.70:  45%|████▌     | 451/1000 [54:25<1:06:01,  7.22s/it]
Epoch 451 | loss : 98385.56, postive loss : 68903.86, negtive loss : 29481.70:  45%|████▌     | 452/1000 [54:25<1:05:54,  7.22s/it]
Epoch 452 | loss : 98384.09, postive loss : 68903.86, negtive loss : 29480.23:  45%|████▌     | 452/1000 [54:32<1:05:54,  7.22s/it]
Epoch 452 | loss : 98384.09, postive loss : 68903.86, negtive loss : 29480.23:  45%|████▌     | 453/1000 [54:32<1:05:47,  7.22s/it]
Epoch 453 | loss : 98383.59, postive loss : 68903.86, negtive loss : 29479.73:  45%|████▌     | 453/1000 [54:39<1:05:47,  7.22s/it]
Epoch 453 | loss : 98383.59, postive loss : 68903.86, negtive loss : 29479.73:  45%|████▌     | 454/1000 [54:39<1:05:40,  7.22s/it]
Epoch 454 | loss : 98386.73, postive loss : 68903.86, negtive loss : 29482.87:  45%|████▌     | 454/1000 [54:47<1:05:40,  7.22s/it]
Epoch 454 | loss : 98386.73, postive loss : 68903.86, negtive loss : 29482.87:  46%|████▌     | 455/1000 [54:47<1:05:32,  7.22s/it]
Epoch 455 | loss : 98383.08, postive loss : 68903.86, negtive loss : 29479.21:  46%|████▌     | 455/1000 [54:54<1:05:32,  7.22s/it]
Epoch 455 | loss : 98383.08, postive loss : 68903.86, negtive loss : 29479.21:  46%|████▌     | 456/1000 [54:54<1:05:25,  7.22s/it]
Epoch 456 | loss : 98387.19, postive loss : 68903.86, negtive loss : 29483.33:  46%|████▌     | 456/1000 [55:01<1:05:25,  7.22s/it]
Epoch 456 | loss : 98387.19, postive loss : 68903.86, negtive loss : 29483.33:  46%|████▌     | 457/1000 [55:01<1:05:17,  7.22s/it]
Epoch 457 | loss : 98383.01, postive loss : 68903.86, negtive loss : 29479.15:  46%|████▌     | 457/1000 [55:08<1:05:17,  7.22s/it]
Epoch 457 | loss : 98383.01, postive loss : 68903.86, negtive loss : 29479.15:  46%|████▌     | 458/1000 [55:08<1:05:10,  7.22s/it]
Epoch 458 | loss : 98386.74, postive loss : 68903.86, negtive loss : 29482.88:  46%|████▌     | 458/1000 [55:16<1:05:10,  7.22s/it]
Epoch 458 | loss : 98386.74, postive loss : 68903.86, negtive loss : 29482.88:  46%|████▌     | 459/1000 [55:16<1:05:03,  7.22s/it]
Epoch 459 | loss : 98381.20, postive loss : 68903.86, negtive loss : 29477.34:  46%|████▌     | 459/1000 [55:23<1:05:03,  7.22s/it]
Epoch 459 | loss : 98381.20, postive loss : 68903.86, negtive loss : 29477.34:  46%|████▌     | 460/1000 [55:23<1:04:56,  7.22s/it]
Epoch 460 | loss : 98383.47, postive loss : 68903.86, negtive loss : 29479.61:  46%|████▌     | 460/1000 [55:30<1:04:56,  7.22s/it]
Epoch 460 | loss : 98383.47, postive loss : 68903.86, negtive loss : 29479.61:  46%|████▌     | 461/1000 [55:30<1:04:49,  7.22s/it]
Epoch 461 | loss : 98383.56, postive loss : 68903.86, negtive loss : 29479.70:  46%|████▌     | 461/1000 [55:37<1:04:49,  7.22s/it]
Epoch 461 | loss : 98383.56, postive loss : 68903.86, negtive loss : 29479.70:  46%|████▌     | 462/1000 [55:37<1:04:42,  7.22s/it]
Epoch 462 | loss : 98384.37, postive loss : 68903.86, negtive loss : 29480.51:  46%|████▌     | 462/1000 [55:44<1:04:42,  7.22s/it]
Epoch 462 | loss : 98384.37, postive loss : 68903.86, negtive loss : 29480.51:  46%|████▋     | 463/1000 [55:44<1:04:35,  7.22s/it]
Epoch 463 | loss : 98384.07, postive loss : 68903.86, negtive loss : 29480.21:  46%|████▋     | 463/1000 [55:52<1:04:35,  7.22s/it]
Epoch 463 | loss : 98384.07, postive loss : 68903.86, negtive loss : 29480.21:  46%|████▋     | 464/1000 [55:52<1:04:27,  7.22s/it]
Epoch 464 | loss : 98384.27, postive loss : 68903.86, negtive loss : 29480.41:  46%|████▋     | 464/1000 [55:59<1:04:27,  7.22s/it]
Epoch 464 | loss : 98384.27, postive loss : 68903.86, negtive loss : 29480.41:  46%|████▋     | 465/1000 [55:59<1:04:20,  7.22s/it]
Epoch 465 | loss : 98381.57, postive loss : 68903.86, negtive loss : 29477.71:  46%|████▋     | 465/1000 [56:06<1:04:20,  7.22s/it]
Epoch 465 | loss : 98381.57, postive loss : 68903.86, negtive loss : 29477.71:  47%|████▋     | 466/1000 [56:06<1:04:13,  7.22s/it]
Epoch 466 | loss : 98386.11, postive loss : 68903.86, negtive loss : 29482.24:  47%|████▋     | 466/1000 [56:13<1:04:13,  7.22s/it]
Epoch 466 | loss : 98386.11, postive loss : 68903.86, negtive loss : 29482.24:  47%|████▋     | 467/1000 [56:13<1:04:05,  7.22s/it]
Epoch 467 | loss : 98385.37, postive loss : 68903.86, negtive loss : 29481.51:  47%|████▋     | 467/1000 [56:20<1:04:05,  7.22s/it]
Epoch 467 | loss : 98385.37, postive loss : 68903.86, negtive loss : 29481.51:  47%|████▋     | 468/1000 [56:20<1:03:58,  7.21s/it]
Epoch 468 | loss : 98383.63, postive loss : 68903.86, negtive loss : 29479.76:  47%|████▋     | 468/1000 [56:28<1:03:58,  7.21s/it]
Epoch 468 | loss : 98383.63, postive loss : 68903.86, negtive loss : 29479.76:  47%|████▋     | 469/1000 [56:28<1:03:51,  7.21s/it]
Epoch 469 | loss : 98383.62, postive loss : 68903.86, negtive loss : 29479.76:  47%|████▋     | 469/1000 [56:35<1:03:51,  7.21s/it]
Epoch 469 | loss : 98383.62, postive loss : 68903.86, negtive loss : 29479.76:  47%|████▋     | 470/1000 [56:35<1:03:44,  7.22s/it]
Epoch 470 | loss : 98386.29, postive loss : 68903.86, negtive loss : 29482.43:  47%|████▋     | 470/1000 [56:42<1:03:44,  7.22s/it]
Epoch 470 | loss : 98386.29, postive loss : 68903.86, negtive loss : 29482.43:  47%|████▋     | 471/1000 [56:42<1:03:36,  7.22s/it]
Epoch 471 | loss : 98386.24, postive loss : 68903.86, negtive loss : 29482.38:  47%|████▋     | 471/1000 [56:49<1:03:36,  7.22s/it]
Epoch 471 | loss : 98386.24, postive loss : 68903.86, negtive loss : 29482.38:  47%|████▋     | 472/1000 [56:49<1:03:29,  7.21s/it]
Epoch 472 | loss : 98383.28, postive loss : 68903.86, negtive loss : 29479.42:  47%|████▋     | 472/1000 [56:57<1:03:29,  7.21s/it]
Epoch 472 | loss : 98383.28, postive loss : 68903.86, negtive loss : 29479.42:  47%|████▋     | 473/1000 [56:57<1:03:22,  7.21s/it]
Epoch 473 | loss : 98384.42, postive loss : 68903.86, negtive loss : 29480.56:  47%|████▋     | 473/1000 [57:04<1:03:22,  7.21s/it]
Epoch 473 | loss : 98384.42, postive loss : 68903.86, negtive loss : 29480.56:  47%|████▋     | 474/1000 [57:04<1:03:14,  7.21s/it]
Epoch 474 | loss : 98384.03, postive loss : 68903.86, negtive loss : 29480.16:  47%|████▋     | 474/1000 [57:11<1:03:14,  7.21s/it]
Epoch 474 | loss : 98384.03, postive loss : 68903.86, negtive loss : 29480.16:  48%|████▊     | 475/1000 [57:11<1:03:07,  7.21s/it]
Epoch 475 | loss : 98383.85, postive loss : 68903.86, negtive loss : 29479.99:  48%|████▊     | 475/1000 [57:18<1:03:07,  7.21s/it]
Epoch 475 | loss : 98383.85, postive loss : 68903.86, negtive loss : 29479.99:  48%|████▊     | 476/1000 [57:18<1:03:00,  7.21s/it]
Epoch 476 | loss : 98380.91, postive loss : 68903.86, negtive loss : 29477.05:  48%|████▊     | 476/1000 [57:25<1:03:00,  7.21s/it]
Epoch 476 | loss : 98380.91, postive loss : 68903.86, negtive loss : 29477.05:  48%|████▊     | 477/1000 [57:25<1:02:53,  7.21s/it]
Epoch 477 | loss : 98387.48, postive loss : 68903.86, negtive loss : 29483.62:  48%|████▊     | 477/1000 [57:33<1:02:53,  7.21s/it]
Epoch 477 | loss : 98387.48, postive loss : 68903.86, negtive loss : 29483.62:  48%|████▊     | 478/1000 [57:33<1:02:46,  7.22s/it]
Epoch 478 | loss : 98383.65, postive loss : 68903.86, negtive loss : 29479.78:  48%|████▊     | 478/1000 [57:40<1:02:46,  7.22s/it]
Epoch 478 | loss : 98383.65, postive loss : 68903.86, negtive loss : 29479.78:  48%|████▊     | 479/1000 [57:40<1:02:39,  7.22s/it]
Epoch 479 | loss : 98383.09, postive loss : 68903.86, negtive loss : 29479.23:  48%|████▊     | 479/1000 [57:47<1:02:39,  7.22s/it]
Epoch 479 | loss : 98383.09, postive loss : 68903.86, negtive loss : 29479.23:  48%|████▊     | 480/1000 [57:47<1:02:32,  7.22s/it]
Epoch 480 | loss : 98379.83, postive loss : 68903.86, negtive loss : 29475.97:  48%|████▊     | 480/1000 [57:54<1:02:32,  7.22s/it]
Epoch 480 | loss : 98379.83, postive loss : 68903.86, negtive loss : 29475.97:  48%|████▊     | 481/1000 [57:54<1:02:24,  7.21s/it]
Epoch 481 | loss : 98381.92, postive loss : 68903.86, negtive loss : 29478.06:  48%|████▊     | 481/1000 [58:02<1:02:24,  7.21s/it]
Epoch 481 | loss : 98381.92, postive loss : 68903.86, negtive loss : 29478.06:  48%|████▊     | 482/1000 [58:02<1:02:21,  7.22s/it]
Epoch 482 | loss : 98385.57, postive loss : 68903.86, negtive loss : 29481.71:  48%|████▊     | 482/1000 [58:09<1:02:21,  7.22s/it]
Epoch 482 | loss : 98385.57, postive loss : 68903.86, negtive loss : 29481.71:  48%|████▊     | 483/1000 [58:09<1:02:13,  7.22s/it]
Epoch 483 | loss : 98383.20, postive loss : 68903.86, negtive loss : 29479.34:  48%|████▊     | 483/1000 [58:16<1:02:13,  7.22s/it]
Epoch 483 | loss : 98383.20, postive loss : 68903.86, negtive loss : 29479.34:  48%|████▊     | 484/1000 [58:16<1:02:06,  7.22s/it]
Epoch 484 | loss : 98382.62, postive loss : 68903.86, negtive loss : 29478.76:  48%|████▊     | 484/1000 [58:23<1:02:06,  7.22s/it]
Epoch 484 | loss : 98382.62, postive loss : 68903.86, negtive loss : 29478.76:  48%|████▊     | 485/1000 [58:23<1:01:57,  7.22s/it]
Epoch 485 | loss : 98386.13, postive loss : 68903.86, negtive loss : 29482.27:  48%|████▊     | 485/1000 [58:30<1:01:57,  7.22s/it]
Epoch 485 | loss : 98386.13, postive loss : 68903.86, negtive loss : 29482.27:  49%|████▊     | 486/1000 [58:30<1:01:56,  7.23s/it]
Epoch 486 | loss : 98381.13, postive loss : 68903.86, negtive loss : 29477.27:  49%|████▊     | 486/1000 [58:38<1:01:56,  7.23s/it]
Epoch 486 | loss : 98381.13, postive loss : 68903.86, negtive loss : 29477.27:  49%|████▊     | 487/1000 [58:38<1:01:47,  7.23s/it]
Epoch 487 | loss : 98387.47, postive loss : 68903.86, negtive loss : 29483.61:  49%|████▊     | 487/1000 [58:45<1:01:47,  7.23s/it]
Epoch 487 | loss : 98387.47, postive loss : 68903.86, negtive loss : 29483.61:  49%|████▉     | 488/1000 [58:45<1:01:38,  7.22s/it]
Epoch 488 | loss : 98380.58, postive loss : 68903.86, negtive loss : 29476.72:  49%|████▉     | 488/1000 [58:52<1:01:38,  7.22s/it]
Epoch 488 | loss : 98380.58, postive loss : 68903.86, negtive loss : 29476.72:  49%|████▉     | 489/1000 [58:52<1:01:30,  7.22s/it]
Epoch 489 | loss : 98386.50, postive loss : 68903.86, negtive loss : 29482.64:  49%|████▉     | 489/1000 [58:59<1:01:30,  7.22s/it]
Epoch 489 | loss : 98386.50, postive loss : 68903.86, negtive loss : 29482.64:  49%|████▉     | 490/1000 [58:59<1:01:23,  7.22s/it]
Epoch 490 | loss : 98382.31, postive loss : 68903.86, negtive loss : 29478.45:  49%|████▉     | 490/1000 [59:07<1:01:23,  7.22s/it]
Epoch 490 | loss : 98382.31, postive loss : 68903.86, negtive loss : 29478.45:  49%|████▉     | 491/1000 [59:07<1:01:15,  7.22s/it]
Epoch 491 | loss : 98384.41, postive loss : 68903.86, negtive loss : 29480.55:  49%|████▉     | 491/1000 [59:14<1:01:15,  7.22s/it]
Epoch 491 | loss : 98384.41, postive loss : 68903.86, negtive loss : 29480.55:  49%|████▉     | 492/1000 [59:14<1:01:07,  7.22s/it]
Epoch 492 | loss : 98383.53, postive loss : 68903.86, negtive loss : 29479.67:  49%|████▉     | 492/1000 [59:21<1:01:07,  7.22s/it]
Epoch 492 | loss : 98383.53, postive loss : 68903.86, negtive loss : 29479.67:  49%|████▉     | 493/1000 [59:21<1:00:59,  7.22s/it]
Epoch 493 | loss : 98387.60, postive loss : 68903.86, negtive loss : 29483.74:  49%|████▉     | 493/1000 [59:28<1:00:59,  7.22s/it]
Epoch 493 | loss : 98387.60, postive loss : 68903.86, negtive loss : 29483.74:  49%|████▉     | 494/1000 [59:28<1:00:52,  7.22s/it]
Epoch 494 | loss : 98383.30, postive loss : 68903.86, negtive loss : 29479.44:  49%|████▉     | 494/1000 [59:35<1:00:52,  7.22s/it]
Epoch 494 | loss : 98383.30, postive loss : 68903.86, negtive loss : 29479.44:  50%|████▉     | 495/1000 [59:35<1:00:45,  7.22s/it]
Epoch 495 | loss : 98381.88, postive loss : 68903.86, negtive loss : 29478.02:  50%|████▉     | 495/1000 [59:43<1:00:45,  7.22s/it]
Epoch 495 | loss : 98381.88, postive loss : 68903.86, negtive loss : 29478.02:  50%|████▉     | 496/1000 [59:43<1:00:38,  7.22s/it]
Epoch 496 | loss : 98384.23, postive loss : 68903.86, negtive loss : 29480.37:  50%|████▉     | 496/1000 [59:50<1:00:38,  7.22s/it]
Epoch 496 | loss : 98384.23, postive loss : 68903.86, negtive loss : 29480.37:  50%|████▉     | 497/1000 [59:50<1:00:30,  7.22s/it]
Epoch 497 | loss : 98385.35, postive loss : 68903.86, negtive loss : 29481.49:  50%|████▉     | 497/1000 [59:57<1:00:30,  7.22s/it]
Epoch 497 | loss : 98385.35, postive loss : 68903.86, negtive loss : 29481.49:  50%|████▉     | 498/1000 [59:57<1:00:38,  7.25s/it]
Epoch 498 | loss : 98383.44, postive loss : 68903.86, negtive loss : 29479.58:  50%|████▉     | 498/1000 [1:00:04<1:00:38,  7.25s/it]
Epoch 498 | loss : 98383.44, postive loss : 68903.86, negtive loss : 29479.58:  50%|████▉     | 499/1000 [1:00:04<1:00:38,  7.26s/it]
Epoch 499 | loss : 98385.86, postive loss : 68903.86, negtive loss : 29482.00:  50%|████▉     | 499/1000 [1:00:12<1:00:38,  7.26s/it]
Epoch 499 | loss : 98385.86, postive loss : 68903.86, negtive loss : 29482.00:  50%|█████     | 500/1000 [1:00:12<1:00:26,  7.25s/it]
Epoch 500 | loss : 98383.80, postive loss : 68903.86, negtive loss : 29479.94:  50%|█████     | 500/1000 [1:00:19<1:00:26,  7.25s/it]
Epoch 500 | loss : 98383.80, postive loss : 68903.86, negtive loss : 29479.94:  50%|█████     | 501/1000 [1:00:19<1:00:13,  7.24s/it]
Epoch 501 | loss : 98384.40, postive loss : 68903.86, negtive loss : 29480.54:  50%|█████     | 501/1000 [1:00:26<1:00:13,  7.24s/it]
Epoch 501 | loss : 98384.40, postive loss : 68903.86, negtive loss : 29480.54:  50%|█████     | 502/1000 [1:00:26<1:00:07,  7.24s/it]
Epoch 502 | loss : 98384.91, postive loss : 68903.86, negtive loss : 29481.05:  50%|█████     | 502/1000 [1:00:33<1:00:07,  7.24s/it]
Epoch 502 | loss : 98384.91, postive loss : 68903.86, negtive loss : 29481.05:  50%|█████     | 503/1000 [1:00:33<59:55,  7.24s/it]  
Epoch 503 | loss : 98383.65, postive loss : 68903.86, negtive loss : 29479.79:  50%|█████     | 503/1000 [1:00:41<59:55,  7.24s/it]
Epoch 503 | loss : 98383.65, postive loss : 68903.86, negtive loss : 29479.79:  50%|█████     | 504/1000 [1:00:41<59:46,  7.23s/it]
Epoch 504 | loss : 98384.61, postive loss : 68903.86, negtive loss : 29480.75:  50%|█████     | 504/1000 [1:00:48<59:46,  7.23s/it]
Epoch 504 | loss : 98384.61, postive loss : 68903.86, negtive loss : 29480.75:  50%|█████     | 505/1000 [1:00:48<59:36,  7.23s/it]
Epoch 505 | loss : 98380.98, postive loss : 68903.86, negtive loss : 29477.12:  50%|█████     | 505/1000 [1:00:55<59:36,  7.23s/it]
Epoch 505 | loss : 98380.98, postive loss : 68903.86, negtive loss : 29477.12:  51%|█████     | 506/1000 [1:00:55<59:41,  7.25s/it]
Epoch 506 | loss : 98384.20, postive loss : 68903.86, negtive loss : 29480.34:  51%|█████     | 506/1000 [1:01:02<59:41,  7.25s/it]
Epoch 506 | loss : 98384.20, postive loss : 68903.86, negtive loss : 29480.34:  51%|█████     | 507/1000 [1:01:02<59:29,  7.24s/it]
Epoch 507 | loss : 98382.10, postive loss : 68903.86, negtive loss : 29478.24:  51%|█████     | 507/1000 [1:01:10<59:29,  7.24s/it]
Epoch 507 | loss : 98382.10, postive loss : 68903.86, negtive loss : 29478.24:  51%|█████     | 508/1000 [1:01:10<59:32,  7.26s/it]
Epoch 508 | loss : 98382.02, postive loss : 68903.86, negtive loss : 29478.16:  51%|█████     | 508/1000 [1:01:17<59:32,  7.26s/it]
Epoch 508 | loss : 98382.02, postive loss : 68903.86, negtive loss : 29478.16:  51%|█████     | 509/1000 [1:01:17<59:32,  7.28s/it]
Epoch 509 | loss : 98383.84, postive loss : 68903.86, negtive loss : 29479.98:  51%|█████     | 509/1000 [1:01:24<59:32,  7.28s/it]
Epoch 509 | loss : 98383.84, postive loss : 68903.86, negtive loss : 29479.98:  51%|█████     | 510/1000 [1:01:24<59:16,  7.26s/it]
Epoch 510 | loss : 98377.63, postive loss : 68903.86, negtive loss : 29473.77:  51%|█████     | 510/1000 [1:01:31<59:16,  7.26s/it]
Epoch 510 | loss : 98377.63, postive loss : 68903.86, negtive loss : 29473.77:  51%|█████     | 511/1000 [1:01:31<59:03,  7.25s/it]
Epoch 511 | loss : 98383.07, postive loss : 68903.86, negtive loss : 29479.21:  51%|█████     | 511/1000 [1:01:39<59:03,  7.25s/it]
Epoch 511 | loss : 98383.07, postive loss : 68903.86, negtive loss : 29479.21:  51%|█████     | 512/1000 [1:01:39<58:51,  7.24s/it]
Epoch 512 | loss : 98380.94, postive loss : 68903.86, negtive loss : 29477.08:  51%|█████     | 512/1000 [1:01:46<58:51,  7.24s/it]
Epoch 512 | loss : 98380.94, postive loss : 68903.86, negtive loss : 29477.08:  51%|█████▏    | 513/1000 [1:01:46<58:41,  7.23s/it]
Epoch 513 | loss : 98386.10, postive loss : 68903.86, negtive loss : 29482.24:  51%|█████▏    | 513/1000 [1:01:53<58:41,  7.23s/it]
Epoch 513 | loss : 98386.10, postive loss : 68903.86, negtive loss : 29482.24:  51%|█████▏    | 514/1000 [1:01:53<58:32,  7.23s/it]
Epoch 514 | loss : 98385.89, postive loss : 68903.86, negtive loss : 29482.03:  51%|█████▏    | 514/1000 [1:02:00<58:32,  7.23s/it]
Epoch 514 | loss : 98385.89, postive loss : 68903.86, negtive loss : 29482.03:  52%|█████▏    | 515/1000 [1:02:00<58:23,  7.22s/it]
Epoch 515 | loss : 98380.54, postive loss : 68903.86, negtive loss : 29476.68:  52%|█████▏    | 515/1000 [1:02:07<58:23,  7.22s/it]
Epoch 515 | loss : 98380.54, postive loss : 68903.86, negtive loss : 29476.68:  52%|█████▏    | 516/1000 [1:02:07<58:15,  7.22s/it]
Epoch 516 | loss : 98381.19, postive loss : 68903.86, negtive loss : 29477.32:  52%|█████▏    | 516/1000 [1:02:15<58:15,  7.22s/it]
Epoch 516 | loss : 98381.19, postive loss : 68903.86, negtive loss : 29477.32:  52%|█████▏    | 517/1000 [1:02:15<58:06,  7.22s/it]
Epoch 517 | loss : 98388.14, postive loss : 68903.86, negtive loss : 29484.28:  52%|█████▏    | 517/1000 [1:02:22<58:06,  7.22s/it]
Epoch 517 | loss : 98388.14, postive loss : 68903.86, negtive loss : 29484.28:  52%|█████▏    | 518/1000 [1:02:22<57:58,  7.22s/it]
Epoch 518 | loss : 98385.01, postive loss : 68903.86, negtive loss : 29481.15:  52%|█████▏    | 518/1000 [1:02:29<57:58,  7.22s/it]
Epoch 518 | loss : 98385.01, postive loss : 68903.86, negtive loss : 29481.15:  52%|█████▏    | 519/1000 [1:02:29<57:51,  7.22s/it]
Epoch 519 | loss : 98382.71, postive loss : 68903.86, negtive loss : 29478.85:  52%|█████▏    | 519/1000 [1:02:36<57:51,  7.22s/it]
Epoch 519 | loss : 98382.71, postive loss : 68903.86, negtive loss : 29478.85:  52%|█████▏    | 520/1000 [1:02:36<57:43,  7.22s/it]
Epoch 520 | loss : 98385.24, postive loss : 68903.86, negtive loss : 29481.38:  52%|█████▏    | 520/1000 [1:02:44<57:43,  7.22s/it]
Epoch 520 | loss : 98385.24, postive loss : 68903.86, negtive loss : 29481.38:  52%|█████▏    | 521/1000 [1:02:44<57:36,  7.22s/it]
Epoch 521 | loss : 98382.88, postive loss : 68903.86, negtive loss : 29479.02:  52%|█████▏    | 521/1000 [1:02:51<57:36,  7.22s/it]
Epoch 521 | loss : 98382.88, postive loss : 68903.86, negtive loss : 29479.02:  52%|█████▏    | 522/1000 [1:02:51<57:29,  7.22s/it]
Epoch 522 | loss : 98381.86, postive loss : 68903.86, negtive loss : 29478.00:  52%|█████▏    | 522/1000 [1:02:58<57:29,  7.22s/it]
Epoch 522 | loss : 98381.86, postive loss : 68903.86, negtive loss : 29478.00:  52%|█████▏    | 523/1000 [1:02:58<57:22,  7.22s/it]
Epoch 523 | loss : 98386.08, postive loss : 68903.86, negtive loss : 29482.22:  52%|█████▏    | 523/1000 [1:03:05<57:22,  7.22s/it]
Epoch 523 | loss : 98386.08, postive loss : 68903.86, negtive loss : 29482.22:  52%|█████▏    | 524/1000 [1:03:05<57:14,  7.22s/it]
Epoch 524 | loss : 98388.30, postive loss : 68903.86, negtive loss : 29484.44:  52%|█████▏    | 524/1000 [1:03:12<57:14,  7.22s/it]
Epoch 524 | loss : 98388.30, postive loss : 68903.86, negtive loss : 29484.44:  52%|█████▎    | 525/1000 [1:03:12<57:07,  7.21s/it]
Epoch 525 | loss : 98381.71, postive loss : 68903.86, negtive loss : 29477.85:  52%|█████▎    | 525/1000 [1:03:20<57:07,  7.21s/it]
Epoch 525 | loss : 98381.71, postive loss : 68903.86, negtive loss : 29477.85:  53%|█████▎    | 526/1000 [1:03:20<56:59,  7.21s/it]
Epoch 526 | loss : 98383.04, postive loss : 68903.86, negtive loss : 29479.17:  53%|█████▎    | 526/1000 [1:03:27<56:59,  7.21s/it]
Epoch 526 | loss : 98383.04, postive loss : 68903.86, negtive loss : 29479.17:  53%|█████▎    | 527/1000 [1:03:27<56:52,  7.21s/it]
Epoch 527 | loss : 98386.36, postive loss : 68903.86, negtive loss : 29482.50:  53%|█████▎    | 527/1000 [1:03:34<56:52,  7.21s/it]
Epoch 527 | loss : 98386.36, postive loss : 68903.86, negtive loss : 29482.50:  53%|█████▎    | 528/1000 [1:03:34<56:45,  7.22s/it]
Epoch 528 | loss : 98382.29, postive loss : 68903.86, negtive loss : 29478.43:  53%|█████▎    | 528/1000 [1:03:41<56:45,  7.22s/it]
Epoch 528 | loss : 98382.29, postive loss : 68903.86, negtive loss : 29478.43:  53%|█████▎    | 529/1000 [1:03:41<56:38,  7.21s/it]
Epoch 529 | loss : 98384.85, postive loss : 68903.86, negtive loss : 29480.98:  53%|█████▎    | 529/1000 [1:03:48<56:38,  7.21s/it]
Epoch 529 | loss : 98384.85, postive loss : 68903.86, negtive loss : 29480.98:  53%|█████▎    | 530/1000 [1:03:48<56:30,  7.21s/it]
Epoch 530 | loss : 98383.23, postive loss : 68903.86, negtive loss : 29479.37:  53%|█████▎    | 530/1000 [1:03:56<56:30,  7.21s/it]
Epoch 530 | loss : 98383.23, postive loss : 68903.86, negtive loss : 29479.37:  53%|█████▎    | 531/1000 [1:03:56<56:23,  7.21s/it]
Epoch 531 | loss : 98379.83, postive loss : 68903.86, negtive loss : 29475.97:  53%|█████▎    | 531/1000 [1:04:03<56:23,  7.21s/it]
Epoch 531 | loss : 98379.83, postive loss : 68903.86, negtive loss : 29475.97:  53%|█████▎    | 532/1000 [1:04:03<56:16,  7.22s/it]
Epoch 532 | loss : 98385.30, postive loss : 68903.86, negtive loss : 29481.44:  53%|█████▎    | 532/1000 [1:04:10<56:16,  7.22s/it]
Epoch 532 | loss : 98385.30, postive loss : 68903.86, negtive loss : 29481.44:  53%|█████▎    | 533/1000 [1:04:10<56:09,  7.22s/it]
Epoch 533 | loss : 98384.61, postive loss : 68903.86, negtive loss : 29480.75:  53%|█████▎    | 533/1000 [1:04:17<56:09,  7.22s/it]
Epoch 533 | loss : 98384.61, postive loss : 68903.86, negtive loss : 29480.75:  53%|█████▎    | 534/1000 [1:04:17<56:02,  7.22s/it]
Epoch 534 | loss : 98385.11, postive loss : 68903.86, negtive loss : 29481.25:  53%|█████▎    | 534/1000 [1:04:25<56:02,  7.22s/it]
Epoch 534 | loss : 98385.11, postive loss : 68903.86, negtive loss : 29481.25:  54%|█████▎    | 535/1000 [1:04:25<55:55,  7.22s/it]
Epoch 535 | loss : 98382.42, postive loss : 68903.86, negtive loss : 29478.56:  54%|█████▎    | 535/1000 [1:04:32<55:55,  7.22s/it]
Epoch 535 | loss : 98382.42, postive loss : 68903.86, negtive loss : 29478.56:  54%|█████▎    | 536/1000 [1:04:32<55:48,  7.22s/it]
Epoch 536 | loss : 98383.93, postive loss : 68903.86, negtive loss : 29480.07:  54%|█████▎    | 536/1000 [1:04:39<55:48,  7.22s/it]
Epoch 536 | loss : 98383.93, postive loss : 68903.86, negtive loss : 29480.07:  54%|█████▎    | 537/1000 [1:04:39<55:42,  7.22s/it]
Epoch 537 | loss : 98385.22, postive loss : 68903.86, negtive loss : 29481.36:  54%|█████▎    | 537/1000 [1:04:46<55:42,  7.22s/it]
Epoch 537 | loss : 98385.22, postive loss : 68903.86, negtive loss : 29481.36:  54%|█████▍    | 538/1000 [1:04:46<55:34,  7.22s/it]
Epoch 538 | loss : 98385.72, postive loss : 68903.86, negtive loss : 29481.86:  54%|█████▍    | 538/1000 [1:04:53<55:34,  7.22s/it]
Epoch 538 | loss : 98385.72, postive loss : 68903.86, negtive loss : 29481.86:  54%|█████▍    | 539/1000 [1:04:53<55:27,  7.22s/it]
Epoch 539 | loss : 98382.23, postive loss : 68903.86, negtive loss : 29478.37:  54%|█████▍    | 539/1000 [1:05:01<55:27,  7.22s/it]
Epoch 539 | loss : 98382.23, postive loss : 68903.86, negtive loss : 29478.37:  54%|█████▍    | 540/1000 [1:05:01<55:20,  7.22s/it]
Epoch 540 | loss : 98381.22, postive loss : 68903.86, negtive loss : 29477.36:  54%|█████▍    | 540/1000 [1:05:08<55:20,  7.22s/it]
Epoch 540 | loss : 98381.22, postive loss : 68903.86, negtive loss : 29477.36:  54%|█████▍    | 541/1000 [1:05:08<55:13,  7.22s/it]
Epoch 541 | loss : 98379.87, postive loss : 68903.86, negtive loss : 29476.01:  54%|█████▍    | 541/1000 [1:05:15<55:13,  7.22s/it]
Epoch 541 | loss : 98379.87, postive loss : 68903.86, negtive loss : 29476.01:  54%|█████▍    | 542/1000 [1:05:15<55:06,  7.22s/it]
Epoch 542 | loss : 98385.80, postive loss : 68903.86, negtive loss : 29481.94:  54%|█████▍    | 542/1000 [1:05:22<55:06,  7.22s/it]
Epoch 542 | loss : 98385.80, postive loss : 68903.86, negtive loss : 29481.94:  54%|█████▍    | 543/1000 [1:05:22<54:58,  7.22s/it]
Epoch 543 | loss : 98385.01, postive loss : 68903.86, negtive loss : 29481.15:  54%|█████▍    | 543/1000 [1:05:30<54:58,  7.22s/it]
Epoch 543 | loss : 98385.01, postive loss : 68903.86, negtive loss : 29481.15:  54%|█████▍    | 544/1000 [1:05:30<54:51,  7.22s/it]
Epoch 544 | loss : 98383.30, postive loss : 68903.86, negtive loss : 29479.44:  54%|█████▍    | 544/1000 [1:05:37<54:51,  7.22s/it]
Epoch 544 | loss : 98383.30, postive loss : 68903.86, negtive loss : 29479.44:  55%|█████▍    | 545/1000 [1:05:37<54:44,  7.22s/it]
Epoch 545 | loss : 98383.84, postive loss : 68903.86, negtive loss : 29479.98:  55%|█████▍    | 545/1000 [1:05:44<54:44,  7.22s/it]
Epoch 545 | loss : 98383.84, postive loss : 68903.86, negtive loss : 29479.98:  55%|█████▍    | 546/1000 [1:05:44<54:37,  7.22s/it]
Epoch 546 | loss : 98382.83, postive loss : 68903.86, negtive loss : 29478.97:  55%|█████▍    | 546/1000 [1:05:51<54:37,  7.22s/it]
Epoch 546 | loss : 98382.83, postive loss : 68903.86, negtive loss : 29478.97:  55%|█████▍    | 547/1000 [1:05:51<54:29,  7.22s/it]
Epoch 547 | loss : 98384.58, postive loss : 68903.86, negtive loss : 29480.72:  55%|█████▍    | 547/1000 [1:05:58<54:29,  7.22s/it]
Epoch 547 | loss : 98384.58, postive loss : 68903.86, negtive loss : 29480.72:  55%|█████▍    | 548/1000 [1:05:58<54:23,  7.22s/it]
Epoch 548 | loss : 98384.82, postive loss : 68903.86, negtive loss : 29480.96:  55%|█████▍    | 548/1000 [1:06:06<54:23,  7.22s/it]
Epoch 548 | loss : 98384.82, postive loss : 68903.86, negtive loss : 29480.96:  55%|█████▍    | 549/1000 [1:06:06<54:15,  7.22s/it]
Epoch 549 | loss : 98381.55, postive loss : 68903.86, negtive loss : 29477.69:  55%|█████▍    | 549/1000 [1:06:13<54:15,  7.22s/it]
Epoch 549 | loss : 98381.55, postive loss : 68903.86, negtive loss : 29477.69:  55%|█████▌    | 550/1000 [1:06:13<54:08,  7.22s/it]
Epoch 550 | loss : 98383.19, postive loss : 68903.86, negtive loss : 29479.33:  55%|█████▌    | 550/1000 [1:06:20<54:08,  7.22s/it]
Epoch 550 | loss : 98383.19, postive loss : 68903.86, negtive loss : 29479.33:  55%|█████▌    | 551/1000 [1:06:20<54:01,  7.22s/it]
Epoch 551 | loss : 98384.41, postive loss : 68903.86, negtive loss : 29480.55:  55%|█████▌    | 551/1000 [1:06:27<54:01,  7.22s/it]
Epoch 551 | loss : 98384.41, postive loss : 68903.86, negtive loss : 29480.55:  55%|█████▌    | 552/1000 [1:06:27<53:53,  7.22s/it]
Epoch 552 | loss : 98383.75, postive loss : 68903.86, negtive loss : 29479.89:  55%|█████▌    | 552/1000 [1:06:34<53:53,  7.22s/it]
Epoch 552 | loss : 98383.75, postive loss : 68903.86, negtive loss : 29479.89:  55%|█████▌    | 553/1000 [1:06:34<53:45,  7.22s/it]
Epoch 553 | loss : 98384.50, postive loss : 68903.86, negtive loss : 29480.64:  55%|█████▌    | 553/1000 [1:06:42<53:45,  7.22s/it]
Epoch 553 | loss : 98384.50, postive loss : 68903.86, negtive loss : 29480.64:  55%|█████▌    | 554/1000 [1:06:42<53:38,  7.22s/it]
Epoch 554 | loss : 98387.67, postive loss : 68903.86, negtive loss : 29483.81:  55%|█████▌    | 554/1000 [1:06:49<53:38,  7.22s/it]
Epoch 554 | loss : 98387.67, postive loss : 68903.86, negtive loss : 29483.81:  56%|█████▌    | 555/1000 [1:06:49<53:31,  7.22s/it]
Epoch 555 | loss : 98383.01, postive loss : 68903.86, negtive loss : 29479.15:  56%|█████▌    | 555/1000 [1:06:56<53:31,  7.22s/it]
Epoch 555 | loss : 98383.01, postive loss : 68903.86, negtive loss : 29479.15:  56%|█████▌    | 556/1000 [1:06:56<53:24,  7.22s/it]
Epoch 556 | loss : 98385.10, postive loss : 68903.86, negtive loss : 29481.24:  56%|█████▌    | 556/1000 [1:07:03<53:24,  7.22s/it]
Epoch 556 | loss : 98385.10, postive loss : 68903.86, negtive loss : 29481.24:  56%|█████▌    | 557/1000 [1:07:03<53:16,  7.22s/it]
Epoch 557 | loss : 98388.76, postive loss : 68903.86, negtive loss : 29484.90:  56%|█████▌    | 557/1000 [1:07:11<53:16,  7.22s/it]
Epoch 557 | loss : 98388.76, postive loss : 68903.86, negtive loss : 29484.90:  56%|█████▌    | 558/1000 [1:07:11<53:13,  7.22s/it]
Epoch 558 | loss : 98383.78, postive loss : 68903.86, negtive loss : 29479.92:  56%|█████▌    | 558/1000 [1:07:18<53:13,  7.22s/it]
Epoch 558 | loss : 98383.78, postive loss : 68903.86, negtive loss : 29479.92:  56%|█████▌    | 559/1000 [1:07:18<53:04,  7.22s/it]
Epoch 559 | loss : 98382.68, postive loss : 68903.86, negtive loss : 29478.82:  56%|█████▌    | 559/1000 [1:07:25<53:04,  7.22s/it]
Epoch 559 | loss : 98382.68, postive loss : 68903.86, negtive loss : 29478.82:  56%|█████▌    | 560/1000 [1:07:25<52:59,  7.23s/it]
Epoch 560 | loss : 98381.74, postive loss : 68903.86, negtive loss : 29477.88:  56%|█████▌    | 560/1000 [1:07:32<52:59,  7.23s/it]
Epoch 560 | loss : 98381.74, postive loss : 68903.86, negtive loss : 29477.88:  56%|█████▌    | 561/1000 [1:07:32<52:56,  7.24s/it]
Epoch 561 | loss : 98385.81, postive loss : 68903.86, negtive loss : 29481.95:  56%|█████▌    | 561/1000 [1:07:40<52:56,  7.24s/it]
Epoch 561 | loss : 98385.81, postive loss : 68903.86, negtive loss : 29481.95:  56%|█████▌    | 562/1000 [1:07:40<52:46,  7.23s/it]
Epoch 562 | loss : 98385.58, postive loss : 68903.86, negtive loss : 29481.72:  56%|█████▌    | 562/1000 [1:07:47<52:46,  7.23s/it]
Epoch 562 | loss : 98385.58, postive loss : 68903.86, negtive loss : 29481.72:  56%|█████▋    | 563/1000 [1:07:47<52:40,  7.23s/it]
Epoch 563 | loss : 98382.99, postive loss : 68903.86, negtive loss : 29479.13:  56%|█████▋    | 563/1000 [1:07:54<52:40,  7.23s/it]
Epoch 563 | loss : 98382.99, postive loss : 68903.86, negtive loss : 29479.13:  56%|█████▋    | 564/1000 [1:07:54<52:30,  7.23s/it]
Epoch 564 | loss : 98382.78, postive loss : 68903.86, negtive loss : 29478.92:  56%|█████▋    | 564/1000 [1:08:01<52:30,  7.23s/it]
Epoch 564 | loss : 98382.78, postive loss : 68903.86, negtive loss : 29478.92:  56%|█████▋    | 565/1000 [1:08:01<52:25,  7.23s/it]
Epoch 565 | loss : 98384.90, postive loss : 68903.86, negtive loss : 29481.04:  56%|█████▋    | 565/1000 [1:08:09<52:25,  7.23s/it]
Epoch 565 | loss : 98384.90, postive loss : 68903.86, negtive loss : 29481.04:  57%|█████▋    | 566/1000 [1:08:09<52:28,  7.26s/it]
Epoch 566 | loss : 98385.95, postive loss : 68903.86, negtive loss : 29482.09:  57%|█████▋    | 566/1000 [1:08:16<52:28,  7.26s/it]
Epoch 566 | loss : 98385.95, postive loss : 68903.86, negtive loss : 29482.09:  57%|█████▋    | 567/1000 [1:08:16<52:23,  7.26s/it]
Epoch 567 | loss : 98385.87, postive loss : 68903.86, negtive loss : 29482.01:  57%|█████▋    | 567/1000 [1:08:23<52:23,  7.26s/it]
Epoch 567 | loss : 98385.87, postive loss : 68903.86, negtive loss : 29482.01:  57%|█████▋    | 568/1000 [1:08:23<52:19,  7.27s/it]
Epoch 568 | loss : 98380.35, postive loss : 68903.86, negtive loss : 29476.49:  57%|█████▋    | 568/1000 [1:08:30<52:19,  7.27s/it]
Epoch 568 | loss : 98380.35, postive loss : 68903.86, negtive loss : 29476.49:  57%|█████▋    | 569/1000 [1:08:30<52:05,  7.25s/it]
Epoch 569 | loss : 98387.75, postive loss : 68903.86, negtive loss : 29483.89:  57%|█████▋    | 569/1000 [1:08:38<52:05,  7.25s/it]
Epoch 569 | loss : 98387.75, postive loss : 68903.86, negtive loss : 29483.89:  57%|█████▋    | 570/1000 [1:08:38<51:53,  7.24s/it]
Epoch 570 | loss : 98381.66, postive loss : 68903.86, negtive loss : 29477.80:  57%|█████▋    | 570/1000 [1:08:45<51:53,  7.24s/it]
Epoch 570 | loss : 98381.66, postive loss : 68903.86, negtive loss : 29477.80:  57%|█████▋    | 571/1000 [1:08:45<51:42,  7.23s/it]
Epoch 571 | loss : 98384.18, postive loss : 68903.86, negtive loss : 29480.32:  57%|█████▋    | 571/1000 [1:08:52<51:42,  7.23s/it]
Epoch 571 | loss : 98384.18, postive loss : 68903.86, negtive loss : 29480.32:  57%|█████▋    | 572/1000 [1:08:52<51:36,  7.23s/it]
Epoch 572 | loss : 98381.83, postive loss : 68903.86, negtive loss : 29477.97:  57%|█████▋    | 572/1000 [1:08:59<51:36,  7.23s/it]
Epoch 572 | loss : 98381.83, postive loss : 68903.86, negtive loss : 29477.97:  57%|█████▋    | 573/1000 [1:08:59<51:26,  7.23s/it]
Epoch 573 | loss : 98384.92, postive loss : 68903.86, negtive loss : 29481.06:  57%|█████▋    | 573/1000 [1:09:06<51:26,  7.23s/it]
Epoch 573 | loss : 98384.92, postive loss : 68903.86, negtive loss : 29481.06:  57%|█████▋    | 574/1000 [1:09:06<51:17,  7.22s/it]
Epoch 574 | loss : 98382.09, postive loss : 68903.86, negtive loss : 29478.23:  57%|█████▋    | 574/1000 [1:09:14<51:17,  7.22s/it]
Epoch 574 | loss : 98382.09, postive loss : 68903.86, negtive loss : 29478.23:  57%|█████▊    | 575/1000 [1:09:14<51:09,  7.22s/it]
Epoch 575 | loss : 98379.11, postive loss : 68903.86, negtive loss : 29475.25:  57%|█████▊    | 575/1000 [1:09:21<51:09,  7.22s/it]
Epoch 575 | loss : 98379.11, postive loss : 68903.86, negtive loss : 29475.25:  58%|█████▊    | 576/1000 [1:09:21<51:01,  7.22s/it]
Epoch 576 | loss : 98382.76, postive loss : 68903.86, negtive loss : 29478.90:  58%|█████▊    | 576/1000 [1:09:28<51:01,  7.22s/it]
Epoch 576 | loss : 98382.76, postive loss : 68903.86, negtive loss : 29478.90:  58%|█████▊    | 577/1000 [1:09:28<50:59,  7.23s/it]
Epoch 577 | loss : 98384.22, postive loss : 68903.86, negtive loss : 29480.36:  58%|█████▊    | 577/1000 [1:09:35<50:59,  7.23s/it]
Epoch 577 | loss : 98384.22, postive loss : 68903.86, negtive loss : 29480.36:  58%|█████▊    | 578/1000 [1:09:35<50:49,  7.23s/it]
Epoch 578 | loss : 98382.42, postive loss : 68903.86, negtive loss : 29478.56:  58%|█████▊    | 578/1000 [1:09:43<50:49,  7.23s/it]
Epoch 578 | loss : 98382.42, postive loss : 68903.86, negtive loss : 29478.56:  58%|█████▊    | 579/1000 [1:09:43<50:40,  7.22s/it]
Epoch 579 | loss : 98386.60, postive loss : 68903.86, negtive loss : 29482.74:  58%|█████▊    | 579/1000 [1:09:50<50:40,  7.22s/it]
Epoch 579 | loss : 98386.60, postive loss : 68903.86, negtive loss : 29482.74:  58%|█████▊    | 580/1000 [1:09:50<50:32,  7.22s/it]
Epoch 580 | loss : 98382.85, postive loss : 68903.86, negtive loss : 29478.99:  58%|█████▊    | 580/1000 [1:09:57<50:32,  7.22s/it]
Epoch 580 | loss : 98382.85, postive loss : 68903.86, negtive loss : 29478.99:  58%|█████▊    | 581/1000 [1:09:57<50:25,  7.22s/it]
Epoch 581 | loss : 98380.84, postive loss : 68903.86, negtive loss : 29476.98:  58%|█████▊    | 581/1000 [1:10:04<50:25,  7.22s/it]
Epoch 581 | loss : 98380.84, postive loss : 68903.86, negtive loss : 29476.98:  58%|█████▊    | 582/1000 [1:10:04<50:17,  7.22s/it]
Epoch 582 | loss : 98384.19, postive loss : 68903.86, negtive loss : 29480.33:  58%|█████▊    | 582/1000 [1:10:11<50:17,  7.22s/it]
Epoch 582 | loss : 98384.19, postive loss : 68903.86, negtive loss : 29480.33:  58%|█████▊    | 583/1000 [1:10:11<50:09,  7.22s/it]
Epoch 583 | loss : 98382.12, postive loss : 68903.86, negtive loss : 29478.26:  58%|█████▊    | 583/1000 [1:10:19<50:09,  7.22s/it]
Epoch 583 | loss : 98382.12, postive loss : 68903.86, negtive loss : 29478.26:  58%|█████▊    | 584/1000 [1:10:19<50:02,  7.22s/it]
Epoch 584 | loss : 98385.14, postive loss : 68903.86, negtive loss : 29481.28:  58%|█████▊    | 584/1000 [1:10:26<50:02,  7.22s/it]
Epoch 584 | loss : 98385.14, postive loss : 68903.86, negtive loss : 29481.28:  58%|█████▊    | 585/1000 [1:10:26<49:55,  7.22s/it]
Epoch 585 | loss : 98385.40, postive loss : 68903.86, negtive loss : 29481.54:  58%|█████▊    | 585/1000 [1:10:33<49:55,  7.22s/it]
Epoch 585 | loss : 98385.40, postive loss : 68903.86, negtive loss : 29481.54:  59%|█████▊    | 586/1000 [1:10:33<49:47,  7.22s/it]
Epoch 586 | loss : 98384.48, postive loss : 68903.86, negtive loss : 29480.62:  59%|█████▊    | 586/1000 [1:10:40<49:47,  7.22s/it]
Epoch 586 | loss : 98384.48, postive loss : 68903.86, negtive loss : 29480.62:  59%|█████▊    | 587/1000 [1:10:40<49:40,  7.22s/it]
Epoch 587 | loss : 98382.41, postive loss : 68903.86, negtive loss : 29478.55:  59%|█████▊    | 587/1000 [1:10:47<49:40,  7.22s/it]
Epoch 587 | loss : 98382.41, postive loss : 68903.86, negtive loss : 29478.55:  59%|█████▉    | 588/1000 [1:10:47<49:32,  7.22s/it]
Epoch 588 | loss : 98383.45, postive loss : 68903.86, negtive loss : 29479.58:  59%|█████▉    | 588/1000 [1:10:55<49:32,  7.22s/it]
Epoch 588 | loss : 98383.45, postive loss : 68903.86, negtive loss : 29479.58:  59%|█████▉    | 589/1000 [1:10:55<49:37,  7.25s/it]
Epoch 589 | loss : 98384.18, postive loss : 68903.86, negtive loss : 29480.32:  59%|█████▉    | 589/1000 [1:11:02<49:37,  7.25s/it]
Epoch 589 | loss : 98384.18, postive loss : 68903.86, negtive loss : 29480.32:  59%|█████▉    | 590/1000 [1:11:02<49:27,  7.24s/it]
Epoch 590 | loss : 98381.83, postive loss : 68903.86, negtive loss : 29477.97:  59%|█████▉    | 590/1000 [1:11:09<49:27,  7.24s/it]
Epoch 590 | loss : 98381.83, postive loss : 68903.86, negtive loss : 29477.97:  59%|█████▉    | 591/1000 [1:11:09<49:20,  7.24s/it]
Epoch 591 | loss : 98383.90, postive loss : 68903.86, negtive loss : 29480.04:  59%|█████▉    | 591/1000 [1:11:17<49:20,  7.24s/it]
Epoch 591 | loss : 98383.90, postive loss : 68903.86, negtive loss : 29480.04:  59%|█████▉    | 592/1000 [1:11:17<49:20,  7.26s/it]
Epoch 592 | loss : 98379.30, postive loss : 68903.86, negtive loss : 29475.44:  59%|█████▉    | 592/1000 [1:11:24<49:20,  7.26s/it]
Epoch 592 | loss : 98379.30, postive loss : 68903.86, negtive loss : 29475.44:  59%|█████▉    | 593/1000 [1:11:24<49:13,  7.26s/it]
Epoch 593 | loss : 98386.65, postive loss : 68903.86, negtive loss : 29482.79:  59%|█████▉    | 593/1000 [1:11:31<49:13,  7.26s/it]
Epoch 593 | loss : 98386.65, postive loss : 68903.86, negtive loss : 29482.79:  59%|█████▉    | 594/1000 [1:11:31<49:06,  7.26s/it]
Epoch 594 | loss : 98386.77, postive loss : 68903.86, negtive loss : 29482.91:  59%|█████▉    | 594/1000 [1:11:38<49:06,  7.26s/it]
Epoch 594 | loss : 98386.77, postive loss : 68903.86, negtive loss : 29482.91:  60%|█████▉    | 595/1000 [1:11:38<48:54,  7.25s/it]
Epoch 595 | loss : 98384.03, postive loss : 68903.86, negtive loss : 29480.17:  60%|█████▉    | 595/1000 [1:11:46<48:54,  7.25s/it]
Epoch 595 | loss : 98384.03, postive loss : 68903.86, negtive loss : 29480.17:  60%|█████▉    | 596/1000 [1:11:46<48:46,  7.24s/it]
Epoch 596 | loss : 98383.19, postive loss : 68903.86, negtive loss : 29479.33:  60%|█████▉    | 596/1000 [1:11:53<48:46,  7.24s/it]
Epoch 596 | loss : 98383.19, postive loss : 68903.86, negtive loss : 29479.33:  60%|█████▉    | 597/1000 [1:11:53<48:35,  7.24s/it]
Epoch 597 | loss : 98383.15, postive loss : 68903.86, negtive loss : 29479.29:  60%|█████▉    | 597/1000 [1:12:00<48:35,  7.24s/it]
Epoch 597 | loss : 98383.15, postive loss : 68903.86, negtive loss : 29479.29:  60%|█████▉    | 598/1000 [1:12:00<48:29,  7.24s/it]
Epoch 598 | loss : 98382.39, postive loss : 68903.86, negtive loss : 29478.53:  60%|█████▉    | 598/1000 [1:12:07<48:29,  7.24s/it]
Epoch 598 | loss : 98382.39, postive loss : 68903.86, negtive loss : 29478.53:  60%|█████▉    | 599/1000 [1:12:07<48:20,  7.23s/it]
Epoch 599 | loss : 98384.24, postive loss : 68903.86, negtive loss : 29480.38:  60%|█████▉    | 599/1000 [1:12:14<48:20,  7.23s/it]
Epoch 599 | loss : 98384.24, postive loss : 68903.86, negtive loss : 29480.38:  60%|██████    | 600/1000 [1:12:14<48:10,  7.23s/it]
Epoch 600 | loss : 98383.89, postive loss : 68903.86, negtive loss : 29480.03:  60%|██████    | 600/1000 [1:12:22<48:10,  7.23s/it]
Epoch 600 | loss : 98383.89, postive loss : 68903.86, negtive loss : 29480.03:  60%|██████    | 601/1000 [1:12:22<48:01,  7.22s/it]
Epoch 601 | loss : 98385.94, postive loss : 68903.86, negtive loss : 29482.08:  60%|██████    | 601/1000 [1:12:29<48:01,  7.22s/it]
Epoch 601 | loss : 98385.94, postive loss : 68903.86, negtive loss : 29482.08:  60%|██████    | 602/1000 [1:12:29<47:53,  7.22s/it]
Epoch 602 | loss : 98380.78, postive loss : 68903.86, negtive loss : 29476.92:  60%|██████    | 602/1000 [1:12:36<47:53,  7.22s/it]
Epoch 602 | loss : 98380.78, postive loss : 68903.86, negtive loss : 29476.92:  60%|██████    | 603/1000 [1:12:36<47:45,  7.22s/it]
Epoch 603 | loss : 98385.04, postive loss : 68903.86, negtive loss : 29481.18:  60%|██████    | 603/1000 [1:12:43<47:45,  7.22s/it]
Epoch 603 | loss : 98385.04, postive loss : 68903.86, negtive loss : 29481.18:  60%|██████    | 604/1000 [1:12:43<47:37,  7.22s/it]
Epoch 604 | loss : 98380.65, postive loss : 68903.86, negtive loss : 29476.79:  60%|██████    | 604/1000 [1:12:50<47:37,  7.22s/it]
Epoch 604 | loss : 98380.65, postive loss : 68903.86, negtive loss : 29476.79:  60%|██████    | 605/1000 [1:12:50<47:30,  7.22s/it]
Epoch 605 | loss : 98386.51, postive loss : 68903.86, negtive loss : 29482.65:  60%|██████    | 605/1000 [1:12:58<47:30,  7.22s/it]
Epoch 605 | loss : 98386.51, postive loss : 68903.86, negtive loss : 29482.65:  61%|██████    | 606/1000 [1:12:58<47:25,  7.22s/it]
Epoch 606 | loss : 98383.71, postive loss : 68903.86, negtive loss : 29479.84:  61%|██████    | 606/1000 [1:13:05<47:25,  7.22s/it]
Epoch 606 | loss : 98383.71, postive loss : 68903.86, negtive loss : 29479.84:  61%|██████    | 607/1000 [1:13:05<47:16,  7.22s/it]
Epoch 607 | loss : 98385.29, postive loss : 68903.86, negtive loss : 29481.43:  61%|██████    | 607/1000 [1:13:12<47:16,  7.22s/it]
Epoch 607 | loss : 98385.29, postive loss : 68903.86, negtive loss : 29481.43:  61%|██████    | 608/1000 [1:13:12<47:08,  7.22s/it]
Epoch 608 | loss : 98381.84, postive loss : 68903.86, negtive loss : 29477.98:  61%|██████    | 608/1000 [1:13:19<47:08,  7.22s/it]
Epoch 608 | loss : 98381.84, postive loss : 68903.86, negtive loss : 29477.98:  61%|██████    | 609/1000 [1:13:19<47:00,  7.21s/it]
Epoch 609 | loss : 98384.97, postive loss : 68903.86, negtive loss : 29481.10:  61%|██████    | 609/1000 [1:13:27<47:00,  7.21s/it]
Epoch 609 | loss : 98384.97, postive loss : 68903.86, negtive loss : 29481.10:  61%|██████    | 610/1000 [1:13:27<46:53,  7.21s/it]
Epoch 610 | loss : 98384.64, postive loss : 68903.86, negtive loss : 29480.78:  61%|██████    | 610/1000 [1:13:34<46:53,  7.21s/it]
Epoch 610 | loss : 98384.64, postive loss : 68903.86, negtive loss : 29480.78:  61%|██████    | 611/1000 [1:13:34<46:46,  7.21s/it]
Epoch 611 | loss : 98383.83, postive loss : 68903.86, negtive loss : 29479.97:  61%|██████    | 611/1000 [1:13:41<46:46,  7.21s/it]
Epoch 611 | loss : 98383.83, postive loss : 68903.86, negtive loss : 29479.97:  61%|██████    | 612/1000 [1:13:41<46:38,  7.21s/it]
Epoch 612 | loss : 98386.87, postive loss : 68903.86, negtive loss : 29483.01:  61%|██████    | 612/1000 [1:13:48<46:38,  7.21s/it]
Epoch 612 | loss : 98386.87, postive loss : 68903.86, negtive loss : 29483.01:  61%|██████▏   | 613/1000 [1:13:48<46:34,  7.22s/it]
Epoch 613 | loss : 98381.21, postive loss : 68903.86, negtive loss : 29477.35:  61%|██████▏   | 613/1000 [1:13:55<46:34,  7.22s/it]
Epoch 613 | loss : 98381.21, postive loss : 68903.86, negtive loss : 29477.35:  61%|██████▏   | 614/1000 [1:13:55<46:25,  7.22s/it]
Epoch 614 | loss : 98381.65, postive loss : 68903.86, negtive loss : 29477.79:  61%|██████▏   | 614/1000 [1:14:03<46:25,  7.22s/it]
Epoch 614 | loss : 98381.65, postive loss : 68903.86, negtive loss : 29477.79:  62%|██████▏   | 615/1000 [1:14:03<46:22,  7.23s/it]
Epoch 615 | loss : 98384.00, postive loss : 68903.86, negtive loss : 29480.14:  62%|██████▏   | 615/1000 [1:14:10<46:22,  7.23s/it]
Epoch 615 | loss : 98384.00, postive loss : 68903.86, negtive loss : 29480.14:  62%|██████▏   | 616/1000 [1:14:10<46:20,  7.24s/it]
Epoch 616 | loss : 98383.41, postive loss : 68903.86, negtive loss : 29479.55:  62%|██████▏   | 616/1000 [1:14:17<46:20,  7.24s/it]
Epoch 616 | loss : 98383.41, postive loss : 68903.86, negtive loss : 29479.55:  62%|██████▏   | 617/1000 [1:14:17<46:10,  7.23s/it]
Epoch 617 | loss : 98386.46, postive loss : 68903.86, negtive loss : 29482.60:  62%|██████▏   | 617/1000 [1:14:24<46:10,  7.23s/it]
Epoch 617 | loss : 98386.46, postive loss : 68903.86, negtive loss : 29482.60:  62%|██████▏   | 618/1000 [1:14:24<46:03,  7.23s/it]
Epoch 618 | loss : 98384.67, postive loss : 68903.86, negtive loss : 29480.81:  62%|██████▏   | 618/1000 [1:14:32<46:03,  7.23s/it]
Epoch 618 | loss : 98384.67, postive loss : 68903.86, negtive loss : 29480.81:  62%|██████▏   | 619/1000 [1:14:32<45:53,  7.23s/it]
Epoch 619 | loss : 98388.00, postive loss : 68903.86, negtive loss : 29484.14:  62%|██████▏   | 619/1000 [1:14:39<45:53,  7.23s/it]
Epoch 619 | loss : 98388.00, postive loss : 68903.86, negtive loss : 29484.14:  62%|██████▏   | 620/1000 [1:14:39<45:44,  7.22s/it]
Epoch 620 | loss : 98385.75, postive loss : 68903.86, negtive loss : 29481.89:  62%|██████▏   | 620/1000 [1:14:46<45:44,  7.22s/it]
Epoch 620 | loss : 98385.75, postive loss : 68903.86, negtive loss : 29481.89:  62%|██████▏   | 621/1000 [1:14:46<45:36,  7.22s/it]
Epoch 621 | loss : 98381.43, postive loss : 68903.86, negtive loss : 29477.57:  62%|██████▏   | 621/1000 [1:14:53<45:36,  7.22s/it]
Epoch 621 | loss : 98381.43, postive loss : 68903.86, negtive loss : 29477.57:  62%|██████▏   | 622/1000 [1:14:53<45:27,  7.22s/it]
Epoch 622 | loss : 98381.48, postive loss : 68903.86, negtive loss : 29477.62:  62%|██████▏   | 622/1000 [1:15:00<45:27,  7.22s/it]
Epoch 622 | loss : 98381.48, postive loss : 68903.86, negtive loss : 29477.62:  62%|██████▏   | 623/1000 [1:15:00<45:20,  7.21s/it]
Epoch 623 | loss : 98382.24, postive loss : 68903.86, negtive loss : 29478.38:  62%|██████▏   | 623/1000 [1:15:08<45:20,  7.21s/it]
Epoch 623 | loss : 98382.24, postive loss : 68903.86, negtive loss : 29478.38:  62%|██████▏   | 624/1000 [1:15:08<45:12,  7.21s/it]
Epoch 624 | loss : 98381.41, postive loss : 68903.86, negtive loss : 29477.54:  62%|██████▏   | 624/1000 [1:15:15<45:12,  7.21s/it]
Epoch 624 | loss : 98381.41, postive loss : 68903.86, negtive loss : 29477.54:  62%|██████▎   | 625/1000 [1:15:15<45:05,  7.21s/it]
Epoch 625 | loss : 98387.30, postive loss : 68903.86, negtive loss : 29483.44:  62%|██████▎   | 625/1000 [1:15:22<45:05,  7.21s/it]
Epoch 625 | loss : 98387.30, postive loss : 68903.86, negtive loss : 29483.44:  63%|██████▎   | 626/1000 [1:15:22<44:58,  7.22s/it]
Epoch 626 | loss : 98387.13, postive loss : 68903.86, negtive loss : 29483.27:  63%|██████▎   | 626/1000 [1:15:29<44:58,  7.22s/it]
Epoch 626 | loss : 98387.13, postive loss : 68903.86, negtive loss : 29483.27:  63%|██████▎   | 627/1000 [1:15:29<44:50,  7.21s/it]
Epoch 627 | loss : 98383.30, postive loss : 68903.86, negtive loss : 29479.43:  63%|██████▎   | 627/1000 [1:15:37<44:50,  7.21s/it]
Epoch 627 | loss : 98383.30, postive loss : 68903.86, negtive loss : 29479.43:  63%|██████▎   | 628/1000 [1:15:37<44:43,  7.21s/it]
Epoch 628 | loss : 98385.45, postive loss : 68903.86, negtive loss : 29481.59:  63%|██████▎   | 628/1000 [1:15:44<44:43,  7.21s/it]
Epoch 628 | loss : 98385.45, postive loss : 68903.86, negtive loss : 29481.59:  63%|██████▎   | 629/1000 [1:15:44<44:36,  7.21s/it]
Epoch 629 | loss : 98387.40, postive loss : 68903.86, negtive loss : 29483.54:  63%|██████▎   | 629/1000 [1:15:51<44:36,  7.21s/it]
Epoch 629 | loss : 98387.40, postive loss : 68903.86, negtive loss : 29483.54:  63%|██████▎   | 630/1000 [1:15:51<44:29,  7.22s/it]
Epoch 630 | loss : 98386.04, postive loss : 68903.86, negtive loss : 29482.18:  63%|██████▎   | 630/1000 [1:15:58<44:29,  7.22s/it]
Epoch 630 | loss : 98386.04, postive loss : 68903.86, negtive loss : 29482.18:  63%|██████▎   | 631/1000 [1:15:58<44:22,  7.22s/it]
Epoch 631 | loss : 98385.33, postive loss : 68903.86, negtive loss : 29481.47:  63%|██████▎   | 631/1000 [1:16:05<44:22,  7.22s/it]
Epoch 631 | loss : 98385.33, postive loss : 68903.86, negtive loss : 29481.47:  63%|██████▎   | 632/1000 [1:16:05<44:15,  7.22s/it]
Epoch 632 | loss : 98379.46, postive loss : 68903.86, negtive loss : 29475.60:  63%|██████▎   | 632/1000 [1:16:13<44:15,  7.22s/it]
Epoch 632 | loss : 98379.46, postive loss : 68903.86, negtive loss : 29475.60:  63%|██████▎   | 633/1000 [1:16:13<44:09,  7.22s/it]
Epoch 633 | loss : 98385.04, postive loss : 68903.86, negtive loss : 29481.18:  63%|██████▎   | 633/1000 [1:16:20<44:09,  7.22s/it]
Epoch 633 | loss : 98385.04, postive loss : 68903.86, negtive loss : 29481.18:  63%|██████▎   | 634/1000 [1:16:20<44:01,  7.22s/it]
Epoch 634 | loss : 98383.13, postive loss : 68903.86, negtive loss : 29479.27:  63%|██████▎   | 634/1000 [1:16:27<44:01,  7.22s/it]
Epoch 634 | loss : 98383.13, postive loss : 68903.86, negtive loss : 29479.27:  64%|██████▎   | 635/1000 [1:16:27<43:54,  7.22s/it]
Epoch 635 | loss : 98382.95, postive loss : 68903.86, negtive loss : 29479.09:  64%|██████▎   | 635/1000 [1:16:34<43:54,  7.22s/it]
Epoch 635 | loss : 98382.95, postive loss : 68903.86, negtive loss : 29479.09:  64%|██████▎   | 636/1000 [1:16:34<43:46,  7.22s/it]
Epoch 636 | loss : 98383.28, postive loss : 68903.86, negtive loss : 29479.42:  64%|██████▎   | 636/1000 [1:16:41<43:46,  7.22s/it]
Epoch 636 | loss : 98383.28, postive loss : 68903.86, negtive loss : 29479.42:  64%|██████▎   | 637/1000 [1:16:41<43:39,  7.22s/it]
Epoch 637 | loss : 98385.90, postive loss : 68903.86, negtive loss : 29482.03:  64%|██████▎   | 637/1000 [1:16:49<43:39,  7.22s/it]
Epoch 637 | loss : 98385.90, postive loss : 68903.86, negtive loss : 29482.03:  64%|██████▍   | 638/1000 [1:16:49<43:31,  7.21s/it]
Epoch 638 | loss : 98382.96, postive loss : 68903.86, negtive loss : 29479.10:  64%|██████▍   | 638/1000 [1:16:56<43:31,  7.21s/it]
Epoch 638 | loss : 98382.96, postive loss : 68903.86, negtive loss : 29479.10:  64%|██████▍   | 639/1000 [1:16:56<43:24,  7.22s/it]
Epoch 639 | loss : 98381.98, postive loss : 68903.86, negtive loss : 29478.12:  64%|██████▍   | 639/1000 [1:17:03<43:24,  7.22s/it]
Epoch 639 | loss : 98381.98, postive loss : 68903.86, negtive loss : 29478.12:  64%|██████▍   | 640/1000 [1:17:03<43:17,  7.22s/it]
Epoch 640 | loss : 98383.99, postive loss : 68903.86, negtive loss : 29480.13:  64%|██████▍   | 640/1000 [1:17:10<43:17,  7.22s/it]
Epoch 640 | loss : 98383.99, postive loss : 68903.86, negtive loss : 29480.13:  64%|██████▍   | 641/1000 [1:17:10<43:10,  7.22s/it]
Epoch 641 | loss : 98384.06, postive loss : 68903.86, negtive loss : 29480.20:  64%|██████▍   | 641/1000 [1:17:18<43:10,  7.22s/it]
Epoch 641 | loss : 98384.06, postive loss : 68903.86, negtive loss : 29480.20:  64%|██████▍   | 642/1000 [1:17:18<43:03,  7.22s/it]
Epoch 642 | loss : 98385.47, postive loss : 68903.86, negtive loss : 29481.61:  64%|██████▍   | 642/1000 [1:17:25<43:03,  7.22s/it]
Epoch 642 | loss : 98385.47, postive loss : 68903.86, negtive loss : 29481.61:  64%|██████▍   | 643/1000 [1:17:25<42:55,  7.22s/it]
Epoch 643 | loss : 98387.25, postive loss : 68903.86, negtive loss : 29483.39:  64%|██████▍   | 643/1000 [1:17:32<42:55,  7.22s/it]
Epoch 643 | loss : 98387.25, postive loss : 68903.86, negtive loss : 29483.39:  64%|██████▍   | 644/1000 [1:17:32<42:48,  7.21s/it]
Epoch 644 | loss : 98382.91, postive loss : 68903.86, negtive loss : 29479.05:  64%|██████▍   | 644/1000 [1:17:39<42:48,  7.21s/it]
Epoch 644 | loss : 98382.91, postive loss : 68903.86, negtive loss : 29479.05:  64%|██████▍   | 645/1000 [1:17:39<42:41,  7.21s/it]
Epoch 645 | loss : 98383.74, postive loss : 68903.86, negtive loss : 29479.88:  64%|██████▍   | 645/1000 [1:17:46<42:41,  7.21s/it]
Epoch 645 | loss : 98383.74, postive loss : 68903.86, negtive loss : 29479.88:  65%|██████▍   | 646/1000 [1:17:46<42:34,  7.21s/it]
Epoch 646 | loss : 98382.26, postive loss : 68903.86, negtive loss : 29478.40:  65%|██████▍   | 646/1000 [1:17:54<42:34,  7.21s/it]
Epoch 646 | loss : 98382.26, postive loss : 68903.86, negtive loss : 29478.40:  65%|██████▍   | 647/1000 [1:17:54<42:26,  7.21s/it]
Epoch 647 | loss : 98381.49, postive loss : 68903.86, negtive loss : 29477.63:  65%|██████▍   | 647/1000 [1:18:01<42:26,  7.21s/it]
Epoch 647 | loss : 98381.49, postive loss : 68903.86, negtive loss : 29477.63:  65%|██████▍   | 648/1000 [1:18:01<42:19,  7.21s/it]
Epoch 648 | loss : 98381.03, postive loss : 68903.86, negtive loss : 29477.17:  65%|██████▍   | 648/1000 [1:18:08<42:19,  7.21s/it]
Epoch 648 | loss : 98381.03, postive loss : 68903.86, negtive loss : 29477.17:  65%|██████▍   | 649/1000 [1:18:08<42:11,  7.21s/it]
Epoch 649 | loss : 98382.92, postive loss : 68903.86, negtive loss : 29479.06:  65%|██████▍   | 649/1000 [1:18:15<42:11,  7.21s/it]
Epoch 649 | loss : 98382.92, postive loss : 68903.86, negtive loss : 29479.06:  65%|██████▌   | 650/1000 [1:18:15<42:04,  7.21s/it]
Epoch 650 | loss : 98384.59, postive loss : 68903.86, negtive loss : 29480.73:  65%|██████▌   | 650/1000 [1:18:22<42:04,  7.21s/it]
Epoch 650 | loss : 98384.59, postive loss : 68903.86, negtive loss : 29480.73:  65%|██████▌   | 651/1000 [1:18:22<41:56,  7.21s/it]
Epoch 651 | loss : 98381.45, postive loss : 68903.86, negtive loss : 29477.59:  65%|██████▌   | 651/1000 [1:18:30<41:56,  7.21s/it]
Epoch 651 | loss : 98381.45, postive loss : 68903.86, negtive loss : 29477.59:  65%|██████▌   | 652/1000 [1:18:30<41:49,  7.21s/it]
Epoch 652 | loss : 98385.32, postive loss : 68903.86, negtive loss : 29481.46:  65%|██████▌   | 652/1000 [1:18:37<41:49,  7.21s/it]
Epoch 652 | loss : 98385.32, postive loss : 68903.86, negtive loss : 29481.46:  65%|██████▌   | 653/1000 [1:18:37<41:42,  7.21s/it]
Epoch 653 | loss : 98384.53, postive loss : 68903.86, negtive loss : 29480.67:  65%|██████▌   | 653/1000 [1:18:44<41:42,  7.21s/it]
Epoch 653 | loss : 98384.53, postive loss : 68903.86, negtive loss : 29480.67:  65%|██████▌   | 654/1000 [1:18:44<41:35,  7.21s/it]
Epoch 654 | loss : 98380.05, postive loss : 68903.86, negtive loss : 29476.19:  65%|██████▌   | 654/1000 [1:18:51<41:35,  7.21s/it]
Epoch 654 | loss : 98380.05, postive loss : 68903.86, negtive loss : 29476.19:  66%|██████▌   | 655/1000 [1:18:51<41:31,  7.22s/it]
Epoch 655 | loss : 98381.75, postive loss : 68903.86, negtive loss : 29477.89:  66%|██████▌   | 655/1000 [1:18:59<41:31,  7.22s/it]
Epoch 655 | loss : 98381.75, postive loss : 68903.86, negtive loss : 29477.89:  66%|██████▌   | 656/1000 [1:18:59<41:23,  7.22s/it]
Epoch 656 | loss : 98384.43, postive loss : 68903.86, negtive loss : 29480.57:  66%|██████▌   | 656/1000 [1:19:06<41:23,  7.22s/it]
Epoch 656 | loss : 98384.43, postive loss : 68903.86, negtive loss : 29480.57:  66%|██████▌   | 657/1000 [1:19:06<41:15,  7.22s/it]
Epoch 657 | loss : 98382.84, postive loss : 68903.86, negtive loss : 29478.98:  66%|██████▌   | 657/1000 [1:19:13<41:15,  7.22s/it]
Epoch 657 | loss : 98382.84, postive loss : 68903.86, negtive loss : 29478.98:  66%|██████▌   | 658/1000 [1:19:13<41:08,  7.22s/it]
Epoch 658 | loss : 98384.76, postive loss : 68903.86, negtive loss : 29480.90:  66%|██████▌   | 658/1000 [1:19:20<41:08,  7.22s/it]
Epoch 658 | loss : 98384.76, postive loss : 68903.86, negtive loss : 29480.90:  66%|██████▌   | 659/1000 [1:19:20<41:00,  7.22s/it]
Epoch 659 | loss : 98388.83, postive loss : 68903.86, negtive loss : 29484.97:  66%|██████▌   | 659/1000 [1:19:27<41:00,  7.22s/it]
Epoch 659 | loss : 98388.83, postive loss : 68903.86, negtive loss : 29484.97:  66%|██████▌   | 660/1000 [1:19:27<40:53,  7.21s/it]
Epoch 660 | loss : 98384.37, postive loss : 68903.86, negtive loss : 29480.51:  66%|██████▌   | 660/1000 [1:19:35<40:53,  7.21s/it]
Epoch 660 | loss : 98384.37, postive loss : 68903.86, negtive loss : 29480.51:  66%|██████▌   | 661/1000 [1:19:35<40:45,  7.21s/it]
Epoch 661 | loss : 98388.36, postive loss : 68903.86, negtive loss : 29484.50:  66%|██████▌   | 661/1000 [1:19:42<40:45,  7.21s/it]
Epoch 661 | loss : 98388.36, postive loss : 68903.86, negtive loss : 29484.50:  66%|██████▌   | 662/1000 [1:19:42<40:37,  7.21s/it]
Epoch 662 | loss : 98385.38, postive loss : 68903.86, negtive loss : 29481.52:  66%|██████▌   | 662/1000 [1:19:49<40:37,  7.21s/it]
Epoch 662 | loss : 98385.38, postive loss : 68903.86, negtive loss : 29481.52:  66%|██████▋   | 663/1000 [1:19:49<40:30,  7.21s/it]
Epoch 663 | loss : 98385.76, postive loss : 68903.86, negtive loss : 29481.90:  66%|██████▋   | 663/1000 [1:19:56<40:30,  7.21s/it]
Epoch 663 | loss : 98385.76, postive loss : 68903.86, negtive loss : 29481.90:  66%|██████▋   | 664/1000 [1:19:56<40:23,  7.21s/it]
Epoch 664 | loss : 98381.70, postive loss : 68903.86, negtive loss : 29477.83:  66%|██████▋   | 664/1000 [1:20:03<40:23,  7.21s/it]
Epoch 664 | loss : 98381.70, postive loss : 68903.86, negtive loss : 29477.83:  66%|██████▋   | 665/1000 [1:20:03<40:15,  7.21s/it]
Epoch 665 | loss : 98384.95, postive loss : 68903.86, negtive loss : 29481.09:  66%|██████▋   | 665/1000 [1:20:11<40:15,  7.21s/it]
Epoch 665 | loss : 98384.95, postive loss : 68903.86, negtive loss : 29481.09:  67%|██████▋   | 666/1000 [1:20:11<40:08,  7.21s/it]
Epoch 666 | loss : 98385.77, postive loss : 68903.86, negtive loss : 29481.91:  67%|██████▋   | 666/1000 [1:20:18<40:08,  7.21s/it]
Epoch 666 | loss : 98385.77, postive loss : 68903.86, negtive loss : 29481.91:  67%|██████▋   | 667/1000 [1:20:18<40:01,  7.21s/it]
Epoch 667 | loss : 98387.02, postive loss : 68903.86, negtive loss : 29483.16:  67%|██████▋   | 667/1000 [1:20:25<40:01,  7.21s/it]
Epoch 667 | loss : 98387.02, postive loss : 68903.86, negtive loss : 29483.16:  67%|██████▋   | 668/1000 [1:20:25<39:54,  7.21s/it]
Epoch 668 | loss : 98383.30, postive loss : 68903.86, negtive loss : 29479.44:  67%|██████▋   | 668/1000 [1:20:32<39:54,  7.21s/it]
Epoch 668 | loss : 98383.30, postive loss : 68903.86, negtive loss : 29479.44:  67%|██████▋   | 669/1000 [1:20:32<39:47,  7.21s/it]
Epoch 669 | loss : 98384.61, postive loss : 68903.86, negtive loss : 29480.75:  67%|██████▋   | 669/1000 [1:20:40<39:47,  7.21s/it]
Epoch 669 | loss : 98384.61, postive loss : 68903.86, negtive loss : 29480.75:  67%|██████▋   | 670/1000 [1:20:40<39:40,  7.21s/it]
Epoch 670 | loss : 98384.80, postive loss : 68903.86, negtive loss : 29480.94:  67%|██████▋   | 670/1000 [1:20:47<39:40,  7.21s/it]
Epoch 670 | loss : 98384.80, postive loss : 68903.86, negtive loss : 29480.94:  67%|██████▋   | 671/1000 [1:20:47<39:32,  7.21s/it]
Epoch 671 | loss : 98380.06, postive loss : 68903.86, negtive loss : 29476.20:  67%|██████▋   | 671/1000 [1:20:54<39:32,  7.21s/it]
Epoch 671 | loss : 98380.06, postive loss : 68903.86, negtive loss : 29476.20:  67%|██████▋   | 672/1000 [1:20:54<39:25,  7.21s/it]
Epoch 672 | loss : 98380.76, postive loss : 68903.86, negtive loss : 29476.90:  67%|██████▋   | 672/1000 [1:21:01<39:25,  7.21s/it]
Epoch 672 | loss : 98380.76, postive loss : 68903.86, negtive loss : 29476.90:  67%|██████▋   | 673/1000 [1:21:01<39:18,  7.21s/it]
Epoch 673 | loss : 98385.70, postive loss : 68903.86, negtive loss : 29481.84:  67%|██████▋   | 673/1000 [1:21:08<39:18,  7.21s/it]
Epoch 673 | loss : 98385.70, postive loss : 68903.86, negtive loss : 29481.84:  67%|██████▋   | 674/1000 [1:21:08<39:11,  7.21s/it]
Epoch 674 | loss : 98384.90, postive loss : 68903.86, negtive loss : 29481.04:  67%|██████▋   | 674/1000 [1:21:16<39:11,  7.21s/it]
Epoch 674 | loss : 98384.90, postive loss : 68903.86, negtive loss : 29481.04:  68%|██████▊   | 675/1000 [1:21:16<39:03,  7.21s/it]
Epoch 675 | loss : 98384.33, postive loss : 68903.86, negtive loss : 29480.47:  68%|██████▊   | 675/1000 [1:21:23<39:03,  7.21s/it]
Epoch 675 | loss : 98384.33, postive loss : 68903.86, negtive loss : 29480.47:  68%|██████▊   | 676/1000 [1:21:23<38:56,  7.21s/it]
Epoch 676 | loss : 98384.97, postive loss : 68903.86, negtive loss : 29481.11:  68%|██████▊   | 676/1000 [1:21:30<38:56,  7.21s/it]
Epoch 676 | loss : 98384.97, postive loss : 68903.86, negtive loss : 29481.11:  68%|██████▊   | 677/1000 [1:21:30<38:49,  7.21s/it]
Epoch 677 | loss : 98382.76, postive loss : 68903.86, negtive loss : 29478.90:  68%|██████▊   | 677/1000 [1:21:37<38:49,  7.21s/it]
Epoch 677 | loss : 98382.76, postive loss : 68903.86, negtive loss : 29478.90:  68%|██████▊   | 678/1000 [1:21:37<38:42,  7.21s/it]
Epoch 678 | loss : 98384.10, postive loss : 68903.86, negtive loss : 29480.24:  68%|██████▊   | 678/1000 [1:21:44<38:42,  7.21s/it]
Epoch 678 | loss : 98384.10, postive loss : 68903.86, negtive loss : 29480.24:  68%|██████▊   | 679/1000 [1:21:44<38:35,  7.21s/it]
Epoch 679 | loss : 98384.51, postive loss : 68903.86, negtive loss : 29480.65:  68%|██████▊   | 679/1000 [1:21:52<38:35,  7.21s/it]
Epoch 679 | loss : 98384.51, postive loss : 68903.86, negtive loss : 29480.65:  68%|██████▊   | 680/1000 [1:21:52<38:33,  7.23s/it]
Epoch 680 | loss : 98382.37, postive loss : 68903.86, negtive loss : 29478.51:  68%|██████▊   | 680/1000 [1:21:59<38:33,  7.23s/it]
Epoch 680 | loss : 98382.37, postive loss : 68903.86, negtive loss : 29478.51:  68%|██████▊   | 681/1000 [1:21:59<38:28,  7.24s/it]
Epoch 681 | loss : 98383.48, postive loss : 68903.86, negtive loss : 29479.62:  68%|██████▊   | 681/1000 [1:22:06<38:28,  7.24s/it]
Epoch 681 | loss : 98383.48, postive loss : 68903.86, negtive loss : 29479.62:  68%|██████▊   | 682/1000 [1:22:06<38:19,  7.23s/it]
Epoch 682 | loss : 98384.06, postive loss : 68903.86, negtive loss : 29480.20:  68%|██████▊   | 682/1000 [1:22:13<38:19,  7.23s/it]
Epoch 682 | loss : 98384.06, postive loss : 68903.86, negtive loss : 29480.20:  68%|██████▊   | 683/1000 [1:22:13<38:13,  7.23s/it]
Epoch 683 | loss : 98384.11, postive loss : 68903.86, negtive loss : 29480.25:  68%|██████▊   | 683/1000 [1:22:21<38:13,  7.23s/it]
Epoch 683 | loss : 98384.11, postive loss : 68903.86, negtive loss : 29480.25:  68%|██████▊   | 684/1000 [1:22:21<38:04,  7.23s/it]
Epoch 684 | loss : 98380.96, postive loss : 68903.86, negtive loss : 29477.10:  68%|██████▊   | 684/1000 [1:22:28<38:04,  7.23s/it]
Epoch 684 | loss : 98380.96, postive loss : 68903.86, negtive loss : 29477.10:  68%|██████▊   | 685/1000 [1:22:28<37:55,  7.22s/it]
Epoch 685 | loss : 98383.58, postive loss : 68903.86, negtive loss : 29479.72:  68%|██████▊   | 685/1000 [1:22:35<37:55,  7.22s/it]
Epoch 685 | loss : 98383.58, postive loss : 68903.86, negtive loss : 29479.72:  69%|██████▊   | 686/1000 [1:22:35<37:47,  7.22s/it]
Epoch 686 | loss : 98385.42, postive loss : 68903.86, negtive loss : 29481.56:  69%|██████▊   | 686/1000 [1:22:42<37:47,  7.22s/it]
Epoch 686 | loss : 98385.42, postive loss : 68903.86, negtive loss : 29481.56:  69%|██████▊   | 687/1000 [1:22:42<37:39,  7.22s/it]
Epoch 687 | loss : 98381.42, postive loss : 68903.86, negtive loss : 29477.56:  69%|██████▊   | 687/1000 [1:22:49<37:39,  7.22s/it]
Epoch 687 | loss : 98381.42, postive loss : 68903.86, negtive loss : 29477.56:  69%|██████▉   | 688/1000 [1:22:49<37:32,  7.22s/it]
Epoch 688 | loss : 98384.90, postive loss : 68903.86, negtive loss : 29481.04:  69%|██████▉   | 688/1000 [1:22:57<37:32,  7.22s/it]
Epoch 688 | loss : 98384.90, postive loss : 68903.86, negtive loss : 29481.04:  69%|██████▉   | 689/1000 [1:22:57<37:25,  7.22s/it]
Epoch 689 | loss : 98383.70, postive loss : 68903.86, negtive loss : 29479.84:  69%|██████▉   | 689/1000 [1:23:04<37:25,  7.22s/it]
Epoch 689 | loss : 98383.70, postive loss : 68903.86, negtive loss : 29479.84:  69%|██████▉   | 690/1000 [1:23:04<37:18,  7.22s/it]
Epoch 690 | loss : 98382.11, postive loss : 68903.86, negtive loss : 29478.25:  69%|██████▉   | 690/1000 [1:23:11<37:18,  7.22s/it]
Epoch 690 | loss : 98382.11, postive loss : 68903.86, negtive loss : 29478.25:  69%|██████▉   | 691/1000 [1:23:11<37:13,  7.23s/it]
Epoch 691 | loss : 98387.84, postive loss : 68903.86, negtive loss : 29483.98:  69%|██████▉   | 691/1000 [1:23:18<37:13,  7.23s/it]
Epoch 691 | loss : 98387.84, postive loss : 68903.86, negtive loss : 29483.98:  69%|██████▉   | 692/1000 [1:23:18<37:05,  7.22s/it]
Epoch 692 | loss : 98385.80, postive loss : 68903.86, negtive loss : 29481.94:  69%|██████▉   | 692/1000 [1:23:26<37:05,  7.22s/it]
Epoch 692 | loss : 98385.80, postive loss : 68903.86, negtive loss : 29481.94:  69%|██████▉   | 693/1000 [1:23:26<36:59,  7.23s/it]
Epoch 693 | loss : 98389.86, postive loss : 68903.86, negtive loss : 29486.00:  69%|██████▉   | 693/1000 [1:23:33<36:59,  7.23s/it]
Epoch 693 | loss : 98389.86, postive loss : 68903.86, negtive loss : 29486.00:  69%|██████▉   | 694/1000 [1:23:33<36:50,  7.22s/it]
Epoch 694 | loss : 98381.86, postive loss : 68903.86, negtive loss : 29477.99:  69%|██████▉   | 694/1000 [1:23:40<36:50,  7.22s/it]
Epoch 694 | loss : 98381.86, postive loss : 68903.86, negtive loss : 29477.99:  70%|██████▉   | 695/1000 [1:23:40<36:42,  7.22s/it]
Epoch 695 | loss : 98386.06, postive loss : 68903.86, negtive loss : 29482.20:  70%|██████▉   | 695/1000 [1:23:47<36:42,  7.22s/it]
Epoch 695 | loss : 98386.06, postive loss : 68903.86, negtive loss : 29482.20:  70%|██████▉   | 696/1000 [1:23:47<36:36,  7.23s/it]
Epoch 696 | loss : 98381.73, postive loss : 68903.86, negtive loss : 29477.87:  70%|██████▉   | 696/1000 [1:23:55<36:36,  7.23s/it]
Epoch 696 | loss : 98381.73, postive loss : 68903.86, negtive loss : 29477.87:  70%|██████▉   | 697/1000 [1:23:55<36:28,  7.22s/it]
Epoch 697 | loss : 98384.31, postive loss : 68903.86, negtive loss : 29480.45:  70%|██████▉   | 697/1000 [1:24:02<36:28,  7.22s/it]
Epoch 697 | loss : 98384.31, postive loss : 68903.86, negtive loss : 29480.45:  70%|██████▉   | 698/1000 [1:24:02<36:22,  7.23s/it]
Epoch 698 | loss : 98379.80, postive loss : 68903.86, negtive loss : 29475.94:  70%|██████▉   | 698/1000 [1:24:09<36:22,  7.23s/it]
Epoch 698 | loss : 98379.80, postive loss : 68903.86, negtive loss : 29475.94:  70%|██████▉   | 699/1000 [1:24:09<36:22,  7.25s/it]
Epoch 699 | loss : 98383.52, postive loss : 68903.86, negtive loss : 29479.66:  70%|██████▉   | 699/1000 [1:24:16<36:22,  7.25s/it]
Epoch 699 | loss : 98383.52, postive loss : 68903.86, negtive loss : 29479.66:  70%|███████   | 700/1000 [1:24:16<36:11,  7.24s/it]
Epoch 700 | loss : 98383.26, postive loss : 68903.86, negtive loss : 29479.40:  70%|███████   | 700/1000 [1:24:24<36:11,  7.24s/it]
Epoch 700 | loss : 98383.26, postive loss : 68903.86, negtive loss : 29479.40:  70%|███████   | 701/1000 [1:24:24<36:04,  7.24s/it]
Epoch 701 | loss : 98383.97, postive loss : 68903.86, negtive loss : 29480.11:  70%|███████   | 701/1000 [1:24:31<36:04,  7.24s/it]
Epoch 701 | loss : 98383.97, postive loss : 68903.86, negtive loss : 29480.11:  70%|███████   | 702/1000 [1:24:31<35:54,  7.23s/it]
Epoch 702 | loss : 98382.61, postive loss : 68903.86, negtive loss : 29478.75:  70%|███████   | 702/1000 [1:24:38<35:54,  7.23s/it]
Epoch 702 | loss : 98382.61, postive loss : 68903.86, negtive loss : 29478.75:  70%|███████   | 703/1000 [1:24:38<35:45,  7.22s/it]
Epoch 703 | loss : 98385.96, postive loss : 68903.86, negtive loss : 29482.10:  70%|███████   | 703/1000 [1:24:45<35:45,  7.22s/it]
Epoch 703 | loss : 98385.96, postive loss : 68903.86, negtive loss : 29482.10:  70%|███████   | 704/1000 [1:24:45<35:40,  7.23s/it]
Epoch 704 | loss : 98384.15, postive loss : 68903.86, negtive loss : 29480.29:  70%|███████   | 704/1000 [1:24:52<35:40,  7.23s/it]
Epoch 704 | loss : 98384.15, postive loss : 68903.86, negtive loss : 29480.29:  70%|███████   | 705/1000 [1:24:52<35:31,  7.23s/it]
Epoch 705 | loss : 98385.41, postive loss : 68903.86, negtive loss : 29481.55:  70%|███████   | 705/1000 [1:25:00<35:31,  7.23s/it]
Epoch 705 | loss : 98385.41, postive loss : 68903.86, negtive loss : 29481.55:  71%|███████   | 706/1000 [1:25:00<35:25,  7.23s/it]
Epoch 706 | loss : 98382.85, postive loss : 68903.86, negtive loss : 29478.99:  71%|███████   | 706/1000 [1:25:07<35:25,  7.23s/it]
Epoch 706 | loss : 98382.85, postive loss : 68903.86, negtive loss : 29478.99:  71%|███████   | 707/1000 [1:25:07<35:16,  7.22s/it]
Epoch 707 | loss : 98378.66, postive loss : 68903.86, negtive loss : 29474.80:  71%|███████   | 707/1000 [1:25:14<35:16,  7.22s/it]
Epoch 707 | loss : 98378.66, postive loss : 68903.86, negtive loss : 29474.80:  71%|███████   | 708/1000 [1:25:14<35:11,  7.23s/it]
Epoch 708 | loss : 98382.26, postive loss : 68903.86, negtive loss : 29478.40:  71%|███████   | 708/1000 [1:25:21<35:11,  7.23s/it]
Epoch 708 | loss : 98382.26, postive loss : 68903.86, negtive loss : 29478.40:  71%|███████   | 709/1000 [1:25:21<35:04,  7.23s/it]
Epoch 709 | loss : 98384.49, postive loss : 68903.86, negtive loss : 29480.63:  71%|███████   | 709/1000 [1:25:29<35:04,  7.23s/it]
Epoch 709 | loss : 98384.49, postive loss : 68903.86, negtive loss : 29480.63:  71%|███████   | 710/1000 [1:25:29<34:55,  7.23s/it]
Epoch 710 | loss : 98383.37, postive loss : 68903.86, negtive loss : 29479.51:  71%|███████   | 710/1000 [1:25:36<34:55,  7.23s/it]
Epoch 710 | loss : 98383.37, postive loss : 68903.86, negtive loss : 29479.51:  71%|███████   | 711/1000 [1:25:36<34:47,  7.22s/it]
Epoch 711 | loss : 98384.00, postive loss : 68903.86, negtive loss : 29480.14:  71%|███████   | 711/1000 [1:25:43<34:47,  7.22s/it]
Epoch 711 | loss : 98384.00, postive loss : 68903.86, negtive loss : 29480.14:  71%|███████   | 712/1000 [1:25:43<34:39,  7.22s/it]
Epoch 712 | loss : 98378.01, postive loss : 68903.86, negtive loss : 29474.15:  71%|███████   | 712/1000 [1:25:50<34:39,  7.22s/it]
Epoch 712 | loss : 98378.01, postive loss : 68903.86, negtive loss : 29474.15:  71%|███████▏  | 713/1000 [1:25:50<34:33,  7.23s/it]
Epoch 713 | loss : 98384.00, postive loss : 68903.86, negtive loss : 29480.14:  71%|███████▏  | 713/1000 [1:25:57<34:33,  7.23s/it]
Epoch 713 | loss : 98384.00, postive loss : 68903.86, negtive loss : 29480.14:  71%|███████▏  | 714/1000 [1:25:57<34:27,  7.23s/it]
Epoch 714 | loss : 98385.94, postive loss : 68903.86, negtive loss : 29482.08:  71%|███████▏  | 714/1000 [1:26:05<34:27,  7.23s/it]
Epoch 714 | loss : 98385.94, postive loss : 68903.86, negtive loss : 29482.08:  72%|███████▏  | 715/1000 [1:26:05<34:19,  7.22s/it]
Epoch 715 | loss : 98382.60, postive loss : 68903.86, negtive loss : 29478.74:  72%|███████▏  | 715/1000 [1:26:12<34:19,  7.22s/it]
Epoch 715 | loss : 98382.60, postive loss : 68903.86, negtive loss : 29478.74:  72%|███████▏  | 716/1000 [1:26:12<34:13,  7.23s/it]
Epoch 716 | loss : 98383.81, postive loss : 68903.86, negtive loss : 29479.95:  72%|███████▏  | 716/1000 [1:26:19<34:13,  7.23s/it]
Epoch 716 | loss : 98383.81, postive loss : 68903.86, negtive loss : 29479.95:  72%|███████▏  | 717/1000 [1:26:19<34:04,  7.22s/it]
Epoch 717 | loss : 98388.63, postive loss : 68903.86, negtive loss : 29484.77:  72%|███████▏  | 717/1000 [1:26:26<34:04,  7.22s/it]
Epoch 717 | loss : 98388.63, postive loss : 68903.86, negtive loss : 29484.77:  72%|███████▏  | 718/1000 [1:26:26<33:59,  7.23s/it]
Epoch 718 | loss : 98383.47, postive loss : 68903.86, negtive loss : 29479.61:  72%|███████▏  | 718/1000 [1:26:34<33:59,  7.23s/it]
Epoch 718 | loss : 98383.47, postive loss : 68903.86, negtive loss : 29479.61:  72%|███████▏  | 719/1000 [1:26:34<33:53,  7.24s/it]
Epoch 719 | loss : 98380.23, postive loss : 68903.86, negtive loss : 29476.37:  72%|███████▏  | 719/1000 [1:26:41<33:53,  7.24s/it]
Epoch 719 | loss : 98380.23, postive loss : 68903.86, negtive loss : 29476.37:  72%|███████▏  | 720/1000 [1:26:41<33:44,  7.23s/it]
Epoch 720 | loss : 98383.38, postive loss : 68903.86, negtive loss : 29479.52:  72%|███████▏  | 720/1000 [1:26:48<33:44,  7.23s/it]
Epoch 720 | loss : 98383.38, postive loss : 68903.86, negtive loss : 29479.52:  72%|███████▏  | 721/1000 [1:26:48<33:35,  7.23s/it]
Epoch 721 | loss : 98387.25, postive loss : 68903.86, negtive loss : 29483.39:  72%|███████▏  | 721/1000 [1:26:55<33:35,  7.23s/it]
Epoch 721 | loss : 98387.25, postive loss : 68903.86, negtive loss : 29483.39:  72%|███████▏  | 722/1000 [1:26:55<33:36,  7.25s/it]
Epoch 722 | loss : 98385.04, postive loss : 68903.86, negtive loss : 29481.18:  72%|███████▏  | 722/1000 [1:27:03<33:36,  7.25s/it]
Epoch 722 | loss : 98385.04, postive loss : 68903.86, negtive loss : 29481.18:  72%|███████▏  | 723/1000 [1:27:03<33:28,  7.25s/it]
Epoch 723 | loss : 98383.45, postive loss : 68903.86, negtive loss : 29479.59:  72%|███████▏  | 723/1000 [1:27:10<33:28,  7.25s/it]
Epoch 723 | loss : 98383.45, postive loss : 68903.86, negtive loss : 29479.59:  72%|███████▏  | 724/1000 [1:27:10<33:20,  7.25s/it]
Epoch 724 | loss : 98384.18, postive loss : 68903.86, negtive loss : 29480.32:  72%|███████▏  | 724/1000 [1:27:17<33:20,  7.25s/it]
Epoch 724 | loss : 98384.18, postive loss : 68903.86, negtive loss : 29480.32:  72%|███████▎  | 725/1000 [1:27:17<33:18,  7.27s/it]
Epoch 725 | loss : 98384.49, postive loss : 68903.86, negtive loss : 29480.63:  72%|███████▎  | 725/1000 [1:27:24<33:18,  7.27s/it]
Epoch 725 | loss : 98384.49, postive loss : 68903.86, negtive loss : 29480.63:  73%|███████▎  | 726/1000 [1:27:24<33:09,  7.26s/it]
Epoch 726 | loss : 98383.25, postive loss : 68903.86, negtive loss : 29479.38:  73%|███████▎  | 726/1000 [1:27:32<33:09,  7.26s/it]
Epoch 726 | loss : 98383.25, postive loss : 68903.86, negtive loss : 29479.38:  73%|███████▎  | 727/1000 [1:27:32<32:58,  7.25s/it]
Epoch 727 | loss : 98380.53, postive loss : 68903.86, negtive loss : 29476.67:  73%|███████▎  | 727/1000 [1:27:39<32:58,  7.25s/it]
Epoch 727 | loss : 98380.53, postive loss : 68903.86, negtive loss : 29476.67:  73%|███████▎  | 728/1000 [1:27:39<32:48,  7.24s/it]
Epoch 728 | loss : 98384.31, postive loss : 68903.86, negtive loss : 29480.45:  73%|███████▎  | 728/1000 [1:27:46<32:48,  7.24s/it]
Epoch 728 | loss : 98384.31, postive loss : 68903.86, negtive loss : 29480.45:  73%|███████▎  | 729/1000 [1:27:46<32:40,  7.23s/it]
Epoch 729 | loss : 98378.47, postive loss : 68903.86, negtive loss : 29474.61:  73%|███████▎  | 729/1000 [1:27:53<32:40,  7.23s/it]
Epoch 729 | loss : 98378.47, postive loss : 68903.86, negtive loss : 29474.61:  73%|███████▎  | 730/1000 [1:27:53<32:31,  7.23s/it]
Epoch 730 | loss : 98386.37, postive loss : 68903.86, negtive loss : 29482.51:  73%|███████▎  | 730/1000 [1:28:00<32:31,  7.23s/it]
Epoch 730 | loss : 98386.37, postive loss : 68903.86, negtive loss : 29482.51:  73%|███████▎  | 731/1000 [1:28:00<32:23,  7.22s/it]
Epoch 731 | loss : 98382.79, postive loss : 68903.86, negtive loss : 29478.93:  73%|███████▎  | 731/1000 [1:28:08<32:23,  7.22s/it]
Epoch 731 | loss : 98382.79, postive loss : 68903.86, negtive loss : 29478.93:  73%|███████▎  | 732/1000 [1:28:08<32:15,  7.22s/it]
Epoch 732 | loss : 98386.34, postive loss : 68903.86, negtive loss : 29482.48:  73%|███████▎  | 732/1000 [1:28:15<32:15,  7.22s/it]
Epoch 732 | loss : 98386.34, postive loss : 68903.86, negtive loss : 29482.48:  73%|███████▎  | 733/1000 [1:28:15<32:08,  7.22s/it]
Epoch 733 | loss : 98385.05, postive loss : 68903.86, negtive loss : 29481.19:  73%|███████▎  | 733/1000 [1:28:22<32:08,  7.22s/it]
Epoch 733 | loss : 98385.05, postive loss : 68903.86, negtive loss : 29481.19:  73%|███████▎  | 734/1000 [1:28:22<32:01,  7.22s/it]
Epoch 734 | loss : 98381.81, postive loss : 68903.86, negtive loss : 29477.95:  73%|███████▎  | 734/1000 [1:28:29<32:01,  7.22s/it]
Epoch 734 | loss : 98381.81, postive loss : 68903.86, negtive loss : 29477.95:  74%|███████▎  | 735/1000 [1:28:29<31:54,  7.22s/it]
Epoch 735 | loss : 98383.44, postive loss : 68903.86, negtive loss : 29479.58:  74%|███████▎  | 735/1000 [1:28:37<31:54,  7.22s/it]
Epoch 735 | loss : 98383.44, postive loss : 68903.86, negtive loss : 29479.58:  74%|███████▎  | 736/1000 [1:28:37<31:46,  7.22s/it]
Epoch 736 | loss : 98382.35, postive loss : 68903.86, negtive loss : 29478.49:  74%|███████▎  | 736/1000 [1:28:44<31:46,  7.22s/it]
Epoch 736 | loss : 98382.35, postive loss : 68903.86, negtive loss : 29478.49:  74%|███████▎  | 737/1000 [1:28:44<31:38,  7.22s/it]
Epoch 737 | loss : 98387.51, postive loss : 68903.86, negtive loss : 29483.65:  74%|███████▎  | 737/1000 [1:28:51<31:38,  7.22s/it]
Epoch 737 | loss : 98387.51, postive loss : 68903.86, negtive loss : 29483.65:  74%|███████▍  | 738/1000 [1:28:51<31:35,  7.24s/it]
Epoch 738 | loss : 98385.33, postive loss : 68903.86, negtive loss : 29481.47:  74%|███████▍  | 738/1000 [1:28:58<31:35,  7.24s/it]
Epoch 738 | loss : 98385.33, postive loss : 68903.86, negtive loss : 29481.47:  74%|███████▍  | 739/1000 [1:28:58<31:34,  7.26s/it]
Epoch 739 | loss : 98382.17, postive loss : 68903.86, negtive loss : 29478.31:  74%|███████▍  | 739/1000 [1:29:06<31:34,  7.26s/it]
Epoch 739 | loss : 98382.17, postive loss : 68903.86, negtive loss : 29478.31:  74%|███████▍  | 740/1000 [1:29:06<31:31,  7.27s/it]
Epoch 740 | loss : 98382.17, postive loss : 68903.86, negtive loss : 29478.31:  74%|███████▍  | 740/1000 [1:29:13<31:31,  7.27s/it]
Epoch 740 | loss : 98382.17, postive loss : 68903.86, negtive loss : 29478.31:  74%|███████▍  | 741/1000 [1:29:13<31:19,  7.26s/it]
Epoch 741 | loss : 98381.32, postive loss : 68903.86, negtive loss : 29477.46:  74%|███████▍  | 741/1000 [1:29:20<31:19,  7.26s/it]
Epoch 741 | loss : 98381.32, postive loss : 68903.86, negtive loss : 29477.46:  74%|███████▍  | 742/1000 [1:29:20<31:08,  7.24s/it]
Epoch 742 | loss : 98386.57, postive loss : 68903.86, negtive loss : 29482.71:  74%|███████▍  | 742/1000 [1:29:27<31:08,  7.24s/it]
Epoch 742 | loss : 98386.57, postive loss : 68903.86, negtive loss : 29482.71:  74%|███████▍  | 743/1000 [1:29:27<30:59,  7.23s/it]
Epoch 743 | loss : 98383.60, postive loss : 68903.86, negtive loss : 29479.74:  74%|███████▍  | 743/1000 [1:29:35<30:59,  7.23s/it]
Epoch 743 | loss : 98383.60, postive loss : 68903.86, negtive loss : 29479.74:  74%|███████▍  | 744/1000 [1:29:35<30:50,  7.23s/it]
Epoch 744 | loss : 98385.22, postive loss : 68903.86, negtive loss : 29481.36:  74%|███████▍  | 744/1000 [1:29:42<30:50,  7.23s/it]
Epoch 744 | loss : 98385.22, postive loss : 68903.86, negtive loss : 29481.36:  74%|███████▍  | 745/1000 [1:29:42<30:41,  7.22s/it]
Epoch 745 | loss : 98381.94, postive loss : 68903.86, negtive loss : 29478.07:  74%|███████▍  | 745/1000 [1:29:49<30:41,  7.22s/it]
Epoch 745 | loss : 98381.94, postive loss : 68903.86, negtive loss : 29478.07:  75%|███████▍  | 746/1000 [1:29:49<30:33,  7.22s/it]
Epoch 746 | loss : 98381.69, postive loss : 68903.86, negtive loss : 29477.83:  75%|███████▍  | 746/1000 [1:29:56<30:33,  7.22s/it]
Epoch 746 | loss : 98381.69, postive loss : 68903.86, negtive loss : 29477.83:  75%|███████▍  | 747/1000 [1:29:56<30:26,  7.22s/it]
Epoch 747 | loss : 98384.52, postive loss : 68903.86, negtive loss : 29480.66:  75%|███████▍  | 747/1000 [1:30:03<30:26,  7.22s/it]
Epoch 747 | loss : 98384.52, postive loss : 68903.86, negtive loss : 29480.66:  75%|███████▍  | 748/1000 [1:30:03<30:18,  7.22s/it]
Epoch 748 | loss : 98382.49, postive loss : 68903.86, negtive loss : 29478.63:  75%|███████▍  | 748/1000 [1:30:11<30:18,  7.22s/it]
Epoch 748 | loss : 98382.49, postive loss : 68903.86, negtive loss : 29478.63:  75%|███████▍  | 749/1000 [1:30:11<30:10,  7.22s/it]
Epoch 749 | loss : 98383.24, postive loss : 68903.86, negtive loss : 29479.38:  75%|███████▍  | 749/1000 [1:30:18<30:10,  7.22s/it]
Epoch 749 | loss : 98383.24, postive loss : 68903.86, negtive loss : 29479.38:  75%|███████▌  | 750/1000 [1:30:18<30:03,  7.21s/it]
Epoch 750 | loss : 98383.02, postive loss : 68903.86, negtive loss : 29479.16:  75%|███████▌  | 750/1000 [1:30:25<30:03,  7.21s/it]
Epoch 750 | loss : 98383.02, postive loss : 68903.86, negtive loss : 29479.16:  75%|███████▌  | 751/1000 [1:30:25<29:56,  7.21s/it]
Epoch 751 | loss : 98388.79, postive loss : 68903.86, negtive loss : 29484.93:  75%|███████▌  | 751/1000 [1:30:32<29:56,  7.21s/it]
Epoch 751 | loss : 98388.79, postive loss : 68903.86, negtive loss : 29484.93:  75%|███████▌  | 752/1000 [1:30:32<29:49,  7.21s/it]
Epoch 752 | loss : 98383.89, postive loss : 68903.86, negtive loss : 29480.03:  75%|███████▌  | 752/1000 [1:30:39<29:49,  7.21s/it]
Epoch 752 | loss : 98383.89, postive loss : 68903.86, negtive loss : 29480.03:  75%|███████▌  | 753/1000 [1:30:39<29:41,  7.21s/it]
Epoch 753 | loss : 98383.91, postive loss : 68903.86, negtive loss : 29480.05:  75%|███████▌  | 753/1000 [1:30:47<29:41,  7.21s/it]
Epoch 753 | loss : 98383.91, postive loss : 68903.86, negtive loss : 29480.05:  75%|███████▌  | 754/1000 [1:30:47<29:34,  7.21s/it]
Epoch 754 | loss : 98384.44, postive loss : 68903.86, negtive loss : 29480.58:  75%|███████▌  | 754/1000 [1:30:54<29:34,  7.21s/it]
Epoch 754 | loss : 98384.44, postive loss : 68903.86, negtive loss : 29480.58:  76%|███████▌  | 755/1000 [1:30:54<29:27,  7.21s/it]
Epoch 755 | loss : 98379.35, postive loss : 68903.86, negtive loss : 29475.49:  76%|███████▌  | 755/1000 [1:31:01<29:27,  7.21s/it]
Epoch 755 | loss : 98379.35, postive loss : 68903.86, negtive loss : 29475.49:  76%|███████▌  | 756/1000 [1:31:01<29:20,  7.21s/it]
Epoch 756 | loss : 98385.01, postive loss : 68903.86, negtive loss : 29481.15:  76%|███████▌  | 756/1000 [1:31:08<29:20,  7.21s/it]
Epoch 756 | loss : 98385.01, postive loss : 68903.86, negtive loss : 29481.15:  76%|███████▌  | 757/1000 [1:31:08<29:12,  7.21s/it]
Epoch 757 | loss : 98382.22, postive loss : 68903.86, negtive loss : 29478.36:  76%|███████▌  | 757/1000 [1:31:16<29:12,  7.21s/it]
Epoch 757 | loss : 98382.22, postive loss : 68903.86, negtive loss : 29478.36:  76%|███████▌  | 758/1000 [1:31:16<29:05,  7.21s/it]
Epoch 758 | loss : 98383.23, postive loss : 68903.86, negtive loss : 29479.37:  76%|███████▌  | 758/1000 [1:31:23<29:05,  7.21s/it]
Epoch 758 | loss : 98383.23, postive loss : 68903.86, negtive loss : 29479.37:  76%|███████▌  | 759/1000 [1:31:23<29:00,  7.22s/it]
Epoch 759 | loss : 98385.34, postive loss : 68903.86, negtive loss : 29481.48:  76%|███████▌  | 759/1000 [1:31:30<29:00,  7.22s/it]
Epoch 759 | loss : 98385.34, postive loss : 68903.86, negtive loss : 29481.48:  76%|███████▌  | 760/1000 [1:31:30<28:55,  7.23s/it]
Epoch 760 | loss : 98384.89, postive loss : 68903.86, negtive loss : 29481.03:  76%|███████▌  | 760/1000 [1:31:37<28:55,  7.23s/it]
Epoch 760 | loss : 98384.89, postive loss : 68903.86, negtive loss : 29481.03:  76%|███████▌  | 761/1000 [1:31:37<28:46,  7.23s/it]
Epoch 761 | loss : 98384.34, postive loss : 68903.86, negtive loss : 29480.48:  76%|███████▌  | 761/1000 [1:31:44<28:46,  7.23s/it]
Epoch 761 | loss : 98384.34, postive loss : 68903.86, negtive loss : 29480.48:  76%|███████▌  | 762/1000 [1:31:44<28:39,  7.22s/it]
Epoch 762 | loss : 98385.89, postive loss : 68903.86, negtive loss : 29482.03:  76%|███████▌  | 762/1000 [1:31:52<28:39,  7.22s/it]
Epoch 762 | loss : 98385.89, postive loss : 68903.86, negtive loss : 29482.03:  76%|███████▋  | 763/1000 [1:31:52<28:32,  7.23s/it]
Epoch 763 | loss : 98385.75, postive loss : 68903.86, negtive loss : 29481.88:  76%|███████▋  | 763/1000 [1:31:59<28:32,  7.23s/it]
Epoch 763 | loss : 98385.75, postive loss : 68903.86, negtive loss : 29481.88:  76%|███████▋  | 764/1000 [1:31:59<28:26,  7.23s/it]
Epoch 764 | loss : 98383.55, postive loss : 68903.86, negtive loss : 29479.69:  76%|███████▋  | 764/1000 [1:32:06<28:26,  7.23s/it]
Epoch 764 | loss : 98383.55, postive loss : 68903.86, negtive loss : 29479.69:  76%|███████▋  | 765/1000 [1:32:06<28:25,  7.26s/it]
Epoch 765 | loss : 98384.45, postive loss : 68903.86, negtive loss : 29480.59:  76%|███████▋  | 765/1000 [1:32:13<28:25,  7.26s/it]
Epoch 765 | loss : 98384.45, postive loss : 68903.86, negtive loss : 29480.59:  77%|███████▋  | 766/1000 [1:32:13<28:16,  7.25s/it]
Epoch 766 | loss : 98383.46, postive loss : 68903.86, negtive loss : 29479.60:  77%|███████▋  | 766/1000 [1:32:21<28:16,  7.25s/it]
Epoch 766 | loss : 98383.46, postive loss : 68903.86, negtive loss : 29479.60:  77%|███████▋  | 767/1000 [1:32:21<28:07,  7.24s/it]
Epoch 767 | loss : 98383.90, postive loss : 68903.86, negtive loss : 29480.04:  77%|███████▋  | 767/1000 [1:32:28<28:07,  7.24s/it]
Epoch 767 | loss : 98383.90, postive loss : 68903.86, negtive loss : 29480.04:  77%|███████▋  | 768/1000 [1:32:28<28:02,  7.25s/it]
Epoch 768 | loss : 98383.79, postive loss : 68903.86, negtive loss : 29479.93:  77%|███████▋  | 768/1000 [1:32:35<28:02,  7.25s/it]
Epoch 768 | loss : 98383.79, postive loss : 68903.86, negtive loss : 29479.93:  77%|███████▋  | 769/1000 [1:32:35<27:52,  7.24s/it]
Epoch 769 | loss : 98380.85, postive loss : 68903.86, negtive loss : 29476.99:  77%|███████▋  | 769/1000 [1:32:42<27:52,  7.24s/it]
Epoch 769 | loss : 98380.85, postive loss : 68903.86, negtive loss : 29476.99:  77%|███████▋  | 770/1000 [1:32:42<27:43,  7.23s/it]
Epoch 770 | loss : 98385.82, postive loss : 68903.86, negtive loss : 29481.96:  77%|███████▋  | 770/1000 [1:32:50<27:43,  7.23s/it]
Epoch 770 | loss : 98385.82, postive loss : 68903.86, negtive loss : 29481.96:  77%|███████▋  | 771/1000 [1:32:50<27:36,  7.24s/it]
Epoch 771 | loss : 98382.37, postive loss : 68903.86, negtive loss : 29478.51:  77%|███████▋  | 771/1000 [1:32:57<27:36,  7.24s/it]
Epoch 771 | loss : 98382.37, postive loss : 68903.86, negtive loss : 29478.51:  77%|███████▋  | 772/1000 [1:32:57<27:37,  7.27s/it]
Epoch 772 | loss : 98380.58, postive loss : 68903.86, negtive loss : 29476.72:  77%|███████▋  | 772/1000 [1:33:04<27:37,  7.27s/it]
Epoch 772 | loss : 98380.58, postive loss : 68903.86, negtive loss : 29476.72:  77%|███████▋  | 773/1000 [1:33:04<27:26,  7.25s/it]
Epoch 773 | loss : 98384.10, postive loss : 68903.86, negtive loss : 29480.24:  77%|███████▋  | 773/1000 [1:33:11<27:26,  7.25s/it]
Epoch 773 | loss : 98384.10, postive loss : 68903.86, negtive loss : 29480.24:  77%|███████▋  | 774/1000 [1:33:11<27:16,  7.24s/it]
Epoch 774 | loss : 98385.40, postive loss : 68903.86, negtive loss : 29481.54:  77%|███████▋  | 774/1000 [1:33:19<27:16,  7.24s/it]
Epoch 774 | loss : 98385.40, postive loss : 68903.86, negtive loss : 29481.54:  78%|███████▊  | 775/1000 [1:33:19<27:10,  7.25s/it]
Epoch 775 | loss : 98383.36, postive loss : 68903.86, negtive loss : 29479.50:  78%|███████▊  | 775/1000 [1:33:26<27:10,  7.25s/it]
Epoch 775 | loss : 98383.36, postive loss : 68903.86, negtive loss : 29479.50:  78%|███████▊  | 776/1000 [1:33:26<27:01,  7.24s/it]
Epoch 776 | loss : 98388.68, postive loss : 68903.86, negtive loss : 29484.82:  78%|███████▊  | 776/1000 [1:33:33<27:01,  7.24s/it]
Epoch 776 | loss : 98388.68, postive loss : 68903.86, negtive loss : 29484.82:  78%|███████▊  | 777/1000 [1:33:33<26:52,  7.23s/it]
Epoch 777 | loss : 98382.29, postive loss : 68903.86, negtive loss : 29478.43:  78%|███████▊  | 777/1000 [1:33:40<26:52,  7.23s/it]
Epoch 777 | loss : 98382.29, postive loss : 68903.86, negtive loss : 29478.43:  78%|███████▊  | 778/1000 [1:33:40<26:44,  7.23s/it]
Epoch 778 | loss : 98384.60, postive loss : 68903.86, negtive loss : 29480.74:  78%|███████▊  | 778/1000 [1:33:48<26:44,  7.23s/it]
Epoch 778 | loss : 98384.60, postive loss : 68903.86, negtive loss : 29480.74:  78%|███████▊  | 779/1000 [1:33:48<26:36,  7.22s/it]
Epoch 779 | loss : 98385.86, postive loss : 68903.86, negtive loss : 29482.00:  78%|███████▊  | 779/1000 [1:33:55<26:36,  7.22s/it]
Epoch 779 | loss : 98385.86, postive loss : 68903.86, negtive loss : 29482.00:  78%|███████▊  | 780/1000 [1:33:55<26:28,  7.22s/it]
Epoch 780 | loss : 98381.78, postive loss : 68903.86, negtive loss : 29477.92:  78%|███████▊  | 780/1000 [1:34:02<26:28,  7.22s/it]
Epoch 780 | loss : 98381.78, postive loss : 68903.86, negtive loss : 29477.92:  78%|███████▊  | 781/1000 [1:34:02<26:21,  7.22s/it]
Epoch 781 | loss : 98383.87, postive loss : 68903.86, negtive loss : 29480.01:  78%|███████▊  | 781/1000 [1:34:09<26:21,  7.22s/it]
Epoch 781 | loss : 98383.87, postive loss : 68903.86, negtive loss : 29480.01:  78%|███████▊  | 782/1000 [1:34:09<26:13,  7.22s/it]
Epoch 782 | loss : 98384.23, postive loss : 68903.86, negtive loss : 29480.37:  78%|███████▊  | 782/1000 [1:34:16<26:13,  7.22s/it]
Epoch 782 | loss : 98384.23, postive loss : 68903.86, negtive loss : 29480.37:  78%|███████▊  | 783/1000 [1:34:16<26:06,  7.22s/it]
Epoch 783 | loss : 98384.82, postive loss : 68903.86, negtive loss : 29480.96:  78%|███████▊  | 783/1000 [1:34:24<26:06,  7.22s/it]
Epoch 783 | loss : 98384.82, postive loss : 68903.86, negtive loss : 29480.96:  78%|███████▊  | 784/1000 [1:34:24<25:59,  7.22s/it]
Epoch 784 | loss : 98379.31, postive loss : 68903.86, negtive loss : 29475.45:  78%|███████▊  | 784/1000 [1:34:31<25:59,  7.22s/it]
Epoch 784 | loss : 98379.31, postive loss : 68903.86, negtive loss : 29475.45:  78%|███████▊  | 785/1000 [1:34:31<25:51,  7.22s/it]
Epoch 785 | loss : 98384.25, postive loss : 68903.86, negtive loss : 29480.39:  78%|███████▊  | 785/1000 [1:34:38<25:51,  7.22s/it]
Epoch 785 | loss : 98384.25, postive loss : 68903.86, negtive loss : 29480.39:  79%|███████▊  | 786/1000 [1:34:38<25:44,  7.22s/it]
Epoch 786 | loss : 98381.74, postive loss : 68903.86, negtive loss : 29477.88:  79%|███████▊  | 786/1000 [1:34:45<25:44,  7.22s/it]
Epoch 786 | loss : 98381.74, postive loss : 68903.86, negtive loss : 29477.88:  79%|███████▊  | 787/1000 [1:34:45<25:36,  7.22s/it]
Epoch 787 | loss : 98382.54, postive loss : 68903.86, negtive loss : 29478.68:  79%|███████▊  | 787/1000 [1:34:52<25:36,  7.22s/it]
Epoch 787 | loss : 98382.54, postive loss : 68903.86, negtive loss : 29478.68:  79%|███████▉  | 788/1000 [1:34:52<25:29,  7.21s/it]
Epoch 788 | loss : 98386.84, postive loss : 68903.86, negtive loss : 29482.98:  79%|███████▉  | 788/1000 [1:35:00<25:29,  7.21s/it]
Epoch 788 | loss : 98386.84, postive loss : 68903.86, negtive loss : 29482.98:  79%|███████▉  | 789/1000 [1:35:00<25:22,  7.21s/it]
Epoch 789 | loss : 98382.39, postive loss : 68903.86, negtive loss : 29478.53:  79%|███████▉  | 789/1000 [1:35:07<25:22,  7.21s/it]
Epoch 789 | loss : 98382.39, postive loss : 68903.86, negtive loss : 29478.53:  79%|███████▉  | 790/1000 [1:35:07<25:14,  7.21s/it]
Epoch 790 | loss : 98386.41, postive loss : 68903.86, negtive loss : 29482.55:  79%|███████▉  | 790/1000 [1:35:14<25:14,  7.21s/it]
Epoch 790 | loss : 98386.41, postive loss : 68903.86, negtive loss : 29482.55:  79%|███████▉  | 791/1000 [1:35:14<25:07,  7.21s/it]
Epoch 791 | loss : 98380.70, postive loss : 68903.86, negtive loss : 29476.84:  79%|███████▉  | 791/1000 [1:35:21<25:07,  7.21s/it]
Epoch 791 | loss : 98380.70, postive loss : 68903.86, negtive loss : 29476.84:  79%|███████▉  | 792/1000 [1:35:21<25:00,  7.21s/it]
Epoch 792 | loss : 98386.33, postive loss : 68903.86, negtive loss : 29482.47:  79%|███████▉  | 792/1000 [1:35:29<25:00,  7.21s/it]
Epoch 792 | loss : 98386.33, postive loss : 68903.86, negtive loss : 29482.47:  79%|███████▉  | 793/1000 [1:35:29<24:53,  7.22s/it]
Epoch 793 | loss : 98380.58, postive loss : 68903.86, negtive loss : 29476.72:  79%|███████▉  | 793/1000 [1:35:36<24:53,  7.22s/it]
Epoch 793 | loss : 98380.58, postive loss : 68903.86, negtive loss : 29476.72:  79%|███████▉  | 794/1000 [1:35:36<24:46,  7.21s/it]
Epoch 794 | loss : 98383.02, postive loss : 68903.86, negtive loss : 29479.16:  79%|███████▉  | 794/1000 [1:35:43<24:46,  7.21s/it]
Epoch 794 | loss : 98383.02, postive loss : 68903.86, negtive loss : 29479.16:  80%|███████▉  | 795/1000 [1:35:43<24:39,  7.21s/it]
Epoch 795 | loss : 98381.52, postive loss : 68903.86, negtive loss : 29477.66:  80%|███████▉  | 795/1000 [1:35:50<24:39,  7.21s/it]
Epoch 795 | loss : 98381.52, postive loss : 68903.86, negtive loss : 29477.66:  80%|███████▉  | 796/1000 [1:35:50<24:31,  7.21s/it]
Epoch 796 | loss : 98381.78, postive loss : 68903.86, negtive loss : 29477.92:  80%|███████▉  | 796/1000 [1:35:57<24:31,  7.21s/it]
Epoch 796 | loss : 98381.78, postive loss : 68903.86, negtive loss : 29477.92:  80%|███████▉  | 797/1000 [1:35:57<24:24,  7.21s/it]
Epoch 797 | loss : 98386.75, postive loss : 68903.86, negtive loss : 29482.89:  80%|███████▉  | 797/1000 [1:36:05<24:24,  7.21s/it]
Epoch 797 | loss : 98386.75, postive loss : 68903.86, negtive loss : 29482.89:  80%|███████▉  | 798/1000 [1:36:05<24:17,  7.21s/it]
Epoch 798 | loss : 98384.64, postive loss : 68903.86, negtive loss : 29480.77:  80%|███████▉  | 798/1000 [1:36:12<24:17,  7.21s/it]
Epoch 798 | loss : 98384.64, postive loss : 68903.86, negtive loss : 29480.77:  80%|███████▉  | 799/1000 [1:36:12<24:09,  7.21s/it]
Epoch 799 | loss : 98381.75, postive loss : 68903.86, negtive loss : 29477.89:  80%|███████▉  | 799/1000 [1:36:19<24:09,  7.21s/it]
Epoch 799 | loss : 98381.75, postive loss : 68903.86, negtive loss : 29477.89:  80%|████████  | 800/1000 [1:36:19<24:02,  7.21s/it]
Epoch 800 | loss : 98385.33, postive loss : 68903.86, negtive loss : 29481.47:  80%|████████  | 800/1000 [1:36:26<24:02,  7.21s/it]
Epoch 800 | loss : 98385.33, postive loss : 68903.86, negtive loss : 29481.47:  80%|████████  | 801/1000 [1:36:26<23:55,  7.21s/it]
Epoch 801 | loss : 98384.27, postive loss : 68903.86, negtive loss : 29480.41:  80%|████████  | 801/1000 [1:36:33<23:55,  7.21s/it]
Epoch 801 | loss : 98384.27, postive loss : 68903.86, negtive loss : 29480.41:  80%|████████  | 802/1000 [1:36:33<23:48,  7.21s/it]
Epoch 802 | loss : 98383.03, postive loss : 68903.86, negtive loss : 29479.17:  80%|████████  | 802/1000 [1:36:41<23:48,  7.21s/it]
Epoch 802 | loss : 98383.03, postive loss : 68903.86, negtive loss : 29479.17:  80%|████████  | 803/1000 [1:36:41<23:41,  7.21s/it]
Epoch 803 | loss : 98385.00, postive loss : 68903.86, negtive loss : 29481.14:  80%|████████  | 803/1000 [1:36:48<23:41,  7.21s/it]
Epoch 803 | loss : 98385.00, postive loss : 68903.86, negtive loss : 29481.14:  80%|████████  | 804/1000 [1:36:48<23:33,  7.21s/it]
Epoch 804 | loss : 98383.82, postive loss : 68903.86, negtive loss : 29479.96:  80%|████████  | 804/1000 [1:36:55<23:33,  7.21s/it]
Epoch 804 | loss : 98383.82, postive loss : 68903.86, negtive loss : 29479.96:  80%|████████  | 805/1000 [1:36:55<23:26,  7.21s/it]
Epoch 805 | loss : 98384.15, postive loss : 68903.86, negtive loss : 29480.29:  80%|████████  | 805/1000 [1:37:02<23:26,  7.21s/it]
Epoch 805 | loss : 98384.15, postive loss : 68903.86, negtive loss : 29480.29:  81%|████████  | 806/1000 [1:37:02<23:19,  7.21s/it]
Epoch 806 | loss : 98381.59, postive loss : 68903.86, negtive loss : 29477.73:  81%|████████  | 806/1000 [1:37:10<23:19,  7.21s/it]
Epoch 806 | loss : 98381.59, postive loss : 68903.86, negtive loss : 29477.73:  81%|████████  | 807/1000 [1:37:10<23:12,  7.21s/it]
Epoch 807 | loss : 98387.97, postive loss : 68903.86, negtive loss : 29484.11:  81%|████████  | 807/1000 [1:37:17<23:12,  7.21s/it]
Epoch 807 | loss : 98387.97, postive loss : 68903.86, negtive loss : 29484.11:  81%|████████  | 808/1000 [1:37:17<23:05,  7.22s/it]
Epoch 808 | loss : 98390.06, postive loss : 68903.86, negtive loss : 29486.20:  81%|████████  | 808/1000 [1:37:24<23:05,  7.22s/it]
Epoch 808 | loss : 98390.06, postive loss : 68903.86, negtive loss : 29486.20:  81%|████████  | 809/1000 [1:37:24<22:58,  7.22s/it]
Epoch 809 | loss : 98384.16, postive loss : 68903.86, negtive loss : 29480.30:  81%|████████  | 809/1000 [1:37:31<22:58,  7.22s/it]
Epoch 809 | loss : 98384.16, postive loss : 68903.86, negtive loss : 29480.30:  81%|████████  | 810/1000 [1:37:31<22:51,  7.22s/it]
Epoch 810 | loss : 98383.33, postive loss : 68903.86, negtive loss : 29479.47:  81%|████████  | 810/1000 [1:37:38<22:51,  7.22s/it]
Epoch 810 | loss : 98383.33, postive loss : 68903.86, negtive loss : 29479.47:  81%|████████  | 811/1000 [1:37:38<22:43,  7.22s/it]
Epoch 811 | loss : 98386.80, postive loss : 68903.86, negtive loss : 29482.94:  81%|████████  | 811/1000 [1:37:46<22:43,  7.22s/it]
Epoch 811 | loss : 98386.80, postive loss : 68903.86, negtive loss : 29482.94:  81%|████████  | 812/1000 [1:37:46<22:36,  7.22s/it]
Epoch 812 | loss : 98385.60, postive loss : 68903.86, negtive loss : 29481.74:  81%|████████  | 812/1000 [1:37:53<22:36,  7.22s/it]
Epoch 812 | loss : 98385.60, postive loss : 68903.86, negtive loss : 29481.74:  81%|████████▏ | 813/1000 [1:37:53<22:29,  7.22s/it]
Epoch 813 | loss : 98385.54, postive loss : 68903.86, negtive loss : 29481.68:  81%|████████▏ | 813/1000 [1:38:00<22:29,  7.22s/it]
Epoch 813 | loss : 98385.54, postive loss : 68903.86, negtive loss : 29481.68:  81%|████████▏ | 814/1000 [1:38:00<22:22,  7.22s/it]
Epoch 814 | loss : 98382.87, postive loss : 68903.86, negtive loss : 29479.01:  81%|████████▏ | 814/1000 [1:38:07<22:22,  7.22s/it]
Epoch 814 | loss : 98382.87, postive loss : 68903.86, negtive loss : 29479.01:  82%|████████▏ | 815/1000 [1:38:07<22:20,  7.25s/it]
Epoch 815 | loss : 98384.70, postive loss : 68903.86, negtive loss : 29480.84:  82%|████████▏ | 815/1000 [1:38:15<22:20,  7.25s/it]
Epoch 815 | loss : 98384.70, postive loss : 68903.86, negtive loss : 29480.84:  82%|████████▏ | 816/1000 [1:38:15<22:11,  7.24s/it]
Epoch 816 | loss : 98383.36, postive loss : 68903.86, negtive loss : 29479.50:  82%|████████▏ | 816/1000 [1:38:22<22:11,  7.24s/it]
Epoch 816 | loss : 98383.36, postive loss : 68903.86, negtive loss : 29479.50:  82%|████████▏ | 817/1000 [1:38:22<22:04,  7.24s/it]
Epoch 817 | loss : 98379.61, postive loss : 68903.86, negtive loss : 29475.75:  82%|████████▏ | 817/1000 [1:38:29<22:04,  7.24s/it]
Epoch 817 | loss : 98379.61, postive loss : 68903.86, negtive loss : 29475.75:  82%|████████▏ | 818/1000 [1:38:29<21:56,  7.23s/it]
Epoch 818 | loss : 98387.15, postive loss : 68903.86, negtive loss : 29483.29:  82%|████████▏ | 818/1000 [1:38:36<21:56,  7.23s/it]
Epoch 818 | loss : 98387.15, postive loss : 68903.86, negtive loss : 29483.29:  82%|████████▏ | 819/1000 [1:38:36<21:48,  7.23s/it]
Epoch 819 | loss : 98386.95, postive loss : 68903.86, negtive loss : 29483.09:  82%|████████▏ | 819/1000 [1:38:43<21:48,  7.23s/it]
Epoch 819 | loss : 98386.95, postive loss : 68903.86, negtive loss : 29483.09:  82%|████████▏ | 820/1000 [1:38:43<21:40,  7.22s/it]
Epoch 820 | loss : 98384.80, postive loss : 68903.86, negtive loss : 29480.94:  82%|████████▏ | 820/1000 [1:38:51<21:40,  7.22s/it]
Epoch 820 | loss : 98384.80, postive loss : 68903.86, negtive loss : 29480.94:  82%|████████▏ | 821/1000 [1:38:51<21:32,  7.22s/it]
Epoch 821 | loss : 98387.19, postive loss : 68903.86, negtive loss : 29483.33:  82%|████████▏ | 821/1000 [1:38:58<21:32,  7.22s/it]
Epoch 821 | loss : 98387.19, postive loss : 68903.86, negtive loss : 29483.33:  82%|████████▏ | 822/1000 [1:38:58<21:25,  7.22s/it]
Epoch 822 | loss : 98382.77, postive loss : 68903.86, negtive loss : 29478.91:  82%|████████▏ | 822/1000 [1:39:05<21:25,  7.22s/it]
Epoch 822 | loss : 98382.77, postive loss : 68903.86, negtive loss : 29478.91:  82%|████████▏ | 823/1000 [1:39:05<21:17,  7.22s/it]
Epoch 823 | loss : 98388.75, postive loss : 68903.86, negtive loss : 29484.89:  82%|████████▏ | 823/1000 [1:39:12<21:17,  7.22s/it]
Epoch 823 | loss : 98388.75, postive loss : 68903.86, negtive loss : 29484.89:  82%|████████▏ | 824/1000 [1:39:12<21:10,  7.22s/it]
Epoch 824 | loss : 98388.83, postive loss : 68903.86, negtive loss : 29484.97:  82%|████████▏ | 824/1000 [1:39:20<21:10,  7.22s/it]
Epoch 824 | loss : 98388.83, postive loss : 68903.86, negtive loss : 29484.97:  82%|████████▎ | 825/1000 [1:39:20<21:03,  7.22s/it]
Epoch 825 | loss : 98384.22, postive loss : 68903.86, negtive loss : 29480.36:  82%|████████▎ | 825/1000 [1:39:27<21:03,  7.22s/it]
Epoch 825 | loss : 98384.22, postive loss : 68903.86, negtive loss : 29480.36:  83%|████████▎ | 826/1000 [1:39:27<20:56,  7.22s/it]
Epoch 826 | loss : 98380.79, postive loss : 68903.86, negtive loss : 29476.93:  83%|████████▎ | 826/1000 [1:39:34<20:56,  7.22s/it]
Epoch 826 | loss : 98380.79, postive loss : 68903.86, negtive loss : 29476.93:  83%|████████▎ | 827/1000 [1:39:34<20:48,  7.22s/it]
Epoch 827 | loss : 98385.80, postive loss : 68903.86, negtive loss : 29481.94:  83%|████████▎ | 827/1000 [1:39:41<20:48,  7.22s/it]
Epoch 827 | loss : 98385.80, postive loss : 68903.86, negtive loss : 29481.94:  83%|████████▎ | 828/1000 [1:39:41<20:41,  7.22s/it]
Epoch 828 | loss : 98386.71, postive loss : 68903.86, negtive loss : 29482.85:  83%|████████▎ | 828/1000 [1:39:48<20:41,  7.22s/it]
Epoch 828 | loss : 98386.71, postive loss : 68903.86, negtive loss : 29482.85:  83%|████████▎ | 829/1000 [1:39:48<20:34,  7.22s/it]
Epoch 829 | loss : 98380.14, postive loss : 68903.86, negtive loss : 29476.28:  83%|████████▎ | 829/1000 [1:39:56<20:34,  7.22s/it]
Epoch 829 | loss : 98380.14, postive loss : 68903.86, negtive loss : 29476.28:  83%|████████▎ | 830/1000 [1:39:56<20:27,  7.22s/it]
Epoch 830 | loss : 98381.91, postive loss : 68903.86, negtive loss : 29478.05:  83%|████████▎ | 830/1000 [1:40:03<20:27,  7.22s/it]
Epoch 830 | loss : 98381.91, postive loss : 68903.86, negtive loss : 29478.05:  83%|████████▎ | 831/1000 [1:40:03<20:19,  7.22s/it]
Epoch 831 | loss : 98388.62, postive loss : 68903.86, negtive loss : 29484.76:  83%|████████▎ | 831/1000 [1:40:10<20:19,  7.22s/it]
Epoch 831 | loss : 98388.62, postive loss : 68903.86, negtive loss : 29484.76:  83%|████████▎ | 832/1000 [1:40:10<20:12,  7.22s/it]
Epoch 832 | loss : 98386.48, postive loss : 68903.86, negtive loss : 29482.62:  83%|████████▎ | 832/1000 [1:40:17<20:12,  7.22s/it]
Epoch 832 | loss : 98386.48, postive loss : 68903.86, negtive loss : 29482.62:  83%|████████▎ | 833/1000 [1:40:17<20:08,  7.24s/it]
Epoch 833 | loss : 98389.64, postive loss : 68903.86, negtive loss : 29485.78:  83%|████████▎ | 833/1000 [1:40:25<20:08,  7.24s/it]
Epoch 833 | loss : 98389.64, postive loss : 68903.86, negtive loss : 29485.78:  83%|████████▎ | 834/1000 [1:40:25<20:00,  7.23s/it]
Epoch 834 | loss : 98382.98, postive loss : 68903.86, negtive loss : 29479.12:  83%|████████▎ | 834/1000 [1:40:32<20:00,  7.23s/it]
Epoch 834 | loss : 98382.98, postive loss : 68903.86, negtive loss : 29479.12:  84%|████████▎ | 835/1000 [1:40:32<19:52,  7.23s/it]
Epoch 835 | loss : 98385.33, postive loss : 68903.86, negtive loss : 29481.47:  84%|████████▎ | 835/1000 [1:40:39<19:52,  7.23s/it]
Epoch 835 | loss : 98385.33, postive loss : 68903.86, negtive loss : 29481.47:  84%|████████▎ | 836/1000 [1:40:39<19:44,  7.22s/it]
Epoch 836 | loss : 98388.16, postive loss : 68903.86, negtive loss : 29484.30:  84%|████████▎ | 836/1000 [1:40:46<19:44,  7.22s/it]
Epoch 836 | loss : 98388.16, postive loss : 68903.86, negtive loss : 29484.30:  84%|████████▎ | 837/1000 [1:40:46<19:36,  7.22s/it]
Epoch 837 | loss : 98385.89, postive loss : 68903.86, negtive loss : 29482.03:  84%|████████▎ | 837/1000 [1:40:53<19:36,  7.22s/it]
Epoch 837 | loss : 98385.89, postive loss : 68903.86, negtive loss : 29482.03:  84%|████████▍ | 838/1000 [1:40:53<19:29,  7.22s/it]
Epoch 838 | loss : 98385.96, postive loss : 68903.86, negtive loss : 29482.10:  84%|████████▍ | 838/1000 [1:41:01<19:29,  7.22s/it]
Epoch 838 | loss : 98385.96, postive loss : 68903.86, negtive loss : 29482.10:  84%|████████▍ | 839/1000 [1:41:01<19:22,  7.22s/it]
Epoch 839 | loss : 98385.52, postive loss : 68903.86, negtive loss : 29481.65:  84%|████████▍ | 839/1000 [1:41:08<19:22,  7.22s/it]
Epoch 839 | loss : 98385.52, postive loss : 68903.86, negtive loss : 29481.65:  84%|████████▍ | 840/1000 [1:41:08<19:14,  7.22s/it]
Epoch 840 | loss : 98387.04, postive loss : 68903.86, negtive loss : 29483.18:  84%|████████▍ | 840/1000 [1:41:15<19:14,  7.22s/it]
Epoch 840 | loss : 98387.04, postive loss : 68903.86, negtive loss : 29483.18:  84%|████████▍ | 841/1000 [1:41:15<19:07,  7.22s/it]
Epoch 841 | loss : 98383.56, postive loss : 68903.86, negtive loss : 29479.70:  84%|████████▍ | 841/1000 [1:41:22<19:07,  7.22s/it]
Epoch 841 | loss : 98383.56, postive loss : 68903.86, negtive loss : 29479.70:  84%|████████▍ | 842/1000 [1:41:22<19:00,  7.22s/it]
Epoch 842 | loss : 98382.53, postive loss : 68903.86, negtive loss : 29478.67:  84%|████████▍ | 842/1000 [1:41:30<19:00,  7.22s/it]
Epoch 842 | loss : 98382.53, postive loss : 68903.86, negtive loss : 29478.67:  84%|████████▍ | 843/1000 [1:41:30<18:52,  7.22s/it]
Epoch 843 | loss : 98385.53, postive loss : 68903.86, negtive loss : 29481.67:  84%|████████▍ | 843/1000 [1:41:37<18:52,  7.22s/it]
Epoch 843 | loss : 98385.53, postive loss : 68903.86, negtive loss : 29481.67:  84%|████████▍ | 844/1000 [1:41:37<18:45,  7.22s/it]
Epoch 844 | loss : 98383.42, postive loss : 68903.86, negtive loss : 29479.56:  84%|████████▍ | 844/1000 [1:41:44<18:45,  7.22s/it]
Epoch 844 | loss : 98383.42, postive loss : 68903.86, negtive loss : 29479.56:  84%|████████▍ | 845/1000 [1:41:44<18:38,  7.22s/it]
Epoch 845 | loss : 98387.71, postive loss : 68903.86, negtive loss : 29483.85:  84%|████████▍ | 845/1000 [1:41:51<18:38,  7.22s/it]
Epoch 845 | loss : 98387.71, postive loss : 68903.86, negtive loss : 29483.85:  85%|████████▍ | 846/1000 [1:41:51<18:31,  7.21s/it]
Epoch 846 | loss : 98384.20, postive loss : 68903.86, negtive loss : 29480.34:  85%|████████▍ | 846/1000 [1:41:58<18:31,  7.21s/it]
Epoch 846 | loss : 98384.20, postive loss : 68903.86, negtive loss : 29480.34:  85%|████████▍ | 847/1000 [1:41:58<18:23,  7.21s/it]
Epoch 847 | loss : 98384.32, postive loss : 68903.86, negtive loss : 29480.46:  85%|████████▍ | 847/1000 [1:42:06<18:23,  7.21s/it]
Epoch 847 | loss : 98384.32, postive loss : 68903.86, negtive loss : 29480.46:  85%|████████▍ | 848/1000 [1:42:06<18:16,  7.21s/it]
Epoch 848 | loss : 98384.65, postive loss : 68903.86, negtive loss : 29480.79:  85%|████████▍ | 848/1000 [1:42:13<18:16,  7.21s/it]
Epoch 848 | loss : 98384.65, postive loss : 68903.86, negtive loss : 29480.79:  85%|████████▍ | 849/1000 [1:42:13<18:09,  7.22s/it]
Epoch 849 | loss : 98385.29, postive loss : 68903.86, negtive loss : 29481.43:  85%|████████▍ | 849/1000 [1:42:20<18:09,  7.22s/it]
Epoch 849 | loss : 98385.29, postive loss : 68903.86, negtive loss : 29481.43:  85%|████████▌ | 850/1000 [1:42:20<18:02,  7.22s/it]
Epoch 850 | loss : 98385.19, postive loss : 68903.86, negtive loss : 29481.33:  85%|████████▌ | 850/1000 [1:42:27<18:02,  7.22s/it]
Epoch 850 | loss : 98385.19, postive loss : 68903.86, negtive loss : 29481.33:  85%|████████▌ | 851/1000 [1:42:27<17:55,  7.22s/it]
Epoch 851 | loss : 98384.76, postive loss : 68903.86, negtive loss : 29480.89:  85%|████████▌ | 851/1000 [1:42:34<17:55,  7.22s/it]
Epoch 851 | loss : 98384.76, postive loss : 68903.86, negtive loss : 29480.89:  85%|████████▌ | 852/1000 [1:42:34<17:47,  7.22s/it]
Epoch 852 | loss : 98385.86, postive loss : 68903.86, negtive loss : 29482.00:  85%|████████▌ | 852/1000 [1:42:42<17:47,  7.22s/it]
Epoch 852 | loss : 98385.86, postive loss : 68903.86, negtive loss : 29482.00:  85%|████████▌ | 853/1000 [1:42:42<17:40,  7.22s/it]
Epoch 853 | loss : 98384.24, postive loss : 68903.86, negtive loss : 29480.38:  85%|████████▌ | 853/1000 [1:42:49<17:40,  7.22s/it]
Epoch 853 | loss : 98384.24, postive loss : 68903.86, negtive loss : 29480.38:  85%|████████▌ | 854/1000 [1:42:49<17:33,  7.22s/it]
Epoch 854 | loss : 98380.81, postive loss : 68903.86, negtive loss : 29476.95:  85%|████████▌ | 854/1000 [1:42:56<17:33,  7.22s/it]
Epoch 854 | loss : 98380.81, postive loss : 68903.86, negtive loss : 29476.95:  86%|████████▌ | 855/1000 [1:42:56<17:26,  7.21s/it]
Epoch 855 | loss : 98384.12, postive loss : 68903.86, negtive loss : 29480.26:  86%|████████▌ | 855/1000 [1:43:03<17:26,  7.21s/it]
Epoch 855 | loss : 98384.12, postive loss : 68903.86, negtive loss : 29480.26:  86%|████████▌ | 856/1000 [1:43:03<17:18,  7.21s/it]
Epoch 856 | loss : 98381.40, postive loss : 68903.86, negtive loss : 29477.54:  86%|████████▌ | 856/1000 [1:43:11<17:18,  7.21s/it]
Epoch 856 | loss : 98381.40, postive loss : 68903.86, negtive loss : 29477.54:  86%|████████▌ | 857/1000 [1:43:11<17:11,  7.21s/it]
Epoch 857 | loss : 98384.02, postive loss : 68903.86, negtive loss : 29480.16:  86%|████████▌ | 857/1000 [1:43:18<17:11,  7.21s/it]
Epoch 857 | loss : 98384.02, postive loss : 68903.86, negtive loss : 29480.16:  86%|████████▌ | 858/1000 [1:43:18<17:04,  7.21s/it]
Epoch 858 | loss : 98381.23, postive loss : 68903.86, negtive loss : 29477.37:  86%|████████▌ | 858/1000 [1:43:25<17:04,  7.21s/it]
Epoch 858 | loss : 98381.23, postive loss : 68903.86, negtive loss : 29477.37:  86%|████████▌ | 859/1000 [1:43:25<16:57,  7.21s/it]
Epoch 859 | loss : 98383.73, postive loss : 68903.86, negtive loss : 29479.86:  86%|████████▌ | 859/1000 [1:43:32<16:57,  7.21s/it]
Epoch 859 | loss : 98383.73, postive loss : 68903.86, negtive loss : 29479.86:  86%|████████▌ | 860/1000 [1:43:32<16:50,  7.22s/it]
Epoch 860 | loss : 98386.24, postive loss : 68903.86, negtive loss : 29482.38:  86%|████████▌ | 860/1000 [1:43:39<16:50,  7.22s/it]
Epoch 860 | loss : 98386.24, postive loss : 68903.86, negtive loss : 29482.38:  86%|████████▌ | 861/1000 [1:43:39<16:42,  7.22s/it]
Epoch 861 | loss : 98382.56, postive loss : 68903.86, negtive loss : 29478.70:  86%|████████▌ | 861/1000 [1:43:47<16:42,  7.22s/it]
Epoch 861 | loss : 98382.56, postive loss : 68903.86, negtive loss : 29478.70:  86%|████████▌ | 862/1000 [1:43:47<16:35,  7.22s/it]
Epoch 862 | loss : 98384.40, postive loss : 68903.86, negtive loss : 29480.53:  86%|████████▌ | 862/1000 [1:43:54<16:35,  7.22s/it]
Epoch 862 | loss : 98384.40, postive loss : 68903.86, negtive loss : 29480.53:  86%|████████▋ | 863/1000 [1:43:54<16:28,  7.22s/it]
Epoch 863 | loss : 98382.63, postive loss : 68903.86, negtive loss : 29478.77:  86%|████████▋ | 863/1000 [1:44:01<16:28,  7.22s/it]
Epoch 863 | loss : 98382.63, postive loss : 68903.86, negtive loss : 29478.77:  86%|████████▋ | 864/1000 [1:44:01<16:21,  7.22s/it]
Epoch 864 | loss : 98385.63, postive loss : 68903.86, negtive loss : 29481.77:  86%|████████▋ | 864/1000 [1:44:08<16:21,  7.22s/it]
Epoch 864 | loss : 98385.63, postive loss : 68903.86, negtive loss : 29481.77:  86%|████████▋ | 865/1000 [1:44:08<16:18,  7.25s/it]
Epoch 865 | loss : 98384.71, postive loss : 68903.86, negtive loss : 29480.85:  86%|████████▋ | 865/1000 [1:44:16<16:18,  7.25s/it]
Epoch 865 | loss : 98384.71, postive loss : 68903.86, negtive loss : 29480.85:  87%|████████▋ | 866/1000 [1:44:16<16:09,  7.24s/it]
Epoch 866 | loss : 98382.66, postive loss : 68903.86, negtive loss : 29478.80:  87%|████████▋ | 866/1000 [1:44:23<16:09,  7.24s/it]
Epoch 866 | loss : 98382.66, postive loss : 68903.86, negtive loss : 29478.80:  87%|████████▋ | 867/1000 [1:44:23<16:01,  7.23s/it]
Epoch 867 | loss : 98385.41, postive loss : 68903.86, negtive loss : 29481.55:  87%|████████▋ | 867/1000 [1:44:30<16:01,  7.23s/it]
Epoch 867 | loss : 98385.41, postive loss : 68903.86, negtive loss : 29481.55:  87%|████████▋ | 868/1000 [1:44:30<15:54,  7.23s/it]
Epoch 868 | loss : 98386.08, postive loss : 68903.86, negtive loss : 29482.22:  87%|████████▋ | 868/1000 [1:44:37<15:54,  7.23s/it]
Epoch 868 | loss : 98386.08, postive loss : 68903.86, negtive loss : 29482.22:  87%|████████▋ | 869/1000 [1:44:37<15:46,  7.22s/it]
Epoch 869 | loss : 98387.99, postive loss : 68903.86, negtive loss : 29484.13:  87%|████████▋ | 869/1000 [1:44:44<15:46,  7.22s/it]
Epoch 869 | loss : 98387.99, postive loss : 68903.86, negtive loss : 29484.13:  87%|████████▋ | 870/1000 [1:44:44<15:39,  7.23s/it]
Epoch 870 | loss : 98381.44, postive loss : 68903.86, negtive loss : 29477.58:  87%|████████▋ | 870/1000 [1:44:52<15:39,  7.23s/it]
Epoch 870 | loss : 98381.44, postive loss : 68903.86, negtive loss : 29477.58:  87%|████████▋ | 871/1000 [1:44:52<15:31,  7.22s/it]
Epoch 871 | loss : 98381.21, postive loss : 68903.86, negtive loss : 29477.35:  87%|████████▋ | 871/1000 [1:44:59<15:31,  7.22s/it]
Epoch 871 | loss : 98381.21, postive loss : 68903.86, negtive loss : 29477.35:  87%|████████▋ | 872/1000 [1:44:59<15:24,  7.22s/it]
Epoch 872 | loss : 98384.81, postive loss : 68903.86, negtive loss : 29480.95:  87%|████████▋ | 872/1000 [1:45:06<15:24,  7.22s/it]
Epoch 872 | loss : 98384.81, postive loss : 68903.86, negtive loss : 29480.95:  87%|████████▋ | 873/1000 [1:45:06<15:17,  7.22s/it]
Epoch 873 | loss : 98386.40, postive loss : 68903.86, negtive loss : 29482.54:  87%|████████▋ | 873/1000 [1:45:13<15:17,  7.22s/it]
Epoch 873 | loss : 98386.40, postive loss : 68903.86, negtive loss : 29482.54:  87%|████████▋ | 874/1000 [1:45:13<15:09,  7.22s/it]
Epoch 874 | loss : 98381.94, postive loss : 68903.86, negtive loss : 29478.08:  87%|████████▋ | 874/1000 [1:45:21<15:09,  7.22s/it]
Epoch 874 | loss : 98381.94, postive loss : 68903.86, negtive loss : 29478.08:  88%|████████▊ | 875/1000 [1:45:21<15:06,  7.25s/it]
Epoch 875 | loss : 98386.35, postive loss : 68903.86, negtive loss : 29482.49:  88%|████████▊ | 875/1000 [1:45:28<15:06,  7.25s/it]
Epoch 875 | loss : 98386.35, postive loss : 68903.86, negtive loss : 29482.49:  88%|████████▊ | 876/1000 [1:45:28<14:58,  7.25s/it]
Epoch 876 | loss : 98388.34, postive loss : 68903.86, negtive loss : 29484.48:  88%|████████▊ | 876/1000 [1:45:35<14:58,  7.25s/it]
Epoch 876 | loss : 98388.34, postive loss : 68903.86, negtive loss : 29484.48:  88%|████████▊ | 877/1000 [1:45:35<14:50,  7.24s/it]
Epoch 877 | loss : 98387.11, postive loss : 68903.86, negtive loss : 29483.25:  88%|████████▊ | 877/1000 [1:45:42<14:50,  7.24s/it]
Epoch 877 | loss : 98387.11, postive loss : 68903.86, negtive loss : 29483.25:  88%|████████▊ | 878/1000 [1:45:42<14:42,  7.23s/it]
Epoch 878 | loss : 98385.83, postive loss : 68903.86, negtive loss : 29481.97:  88%|████████▊ | 878/1000 [1:45:50<14:42,  7.23s/it]
Epoch 878 | loss : 98385.83, postive loss : 68903.86, negtive loss : 29481.97:  88%|████████▊ | 879/1000 [1:45:50<14:34,  7.23s/it]
Epoch 879 | loss : 98385.54, postive loss : 68903.86, negtive loss : 29481.68:  88%|████████▊ | 879/1000 [1:45:57<14:34,  7.23s/it]
Epoch 879 | loss : 98385.54, postive loss : 68903.86, negtive loss : 29481.68:  88%|████████▊ | 880/1000 [1:45:57<14:26,  7.22s/it]
Epoch 880 | loss : 98381.63, postive loss : 68903.86, negtive loss : 29477.77:  88%|████████▊ | 880/1000 [1:46:04<14:26,  7.22s/it]
Epoch 880 | loss : 98381.63, postive loss : 68903.86, negtive loss : 29477.77:  88%|████████▊ | 881/1000 [1:46:04<14:19,  7.22s/it]
Epoch 881 | loss : 98379.63, postive loss : 68903.86, negtive loss : 29475.77:  88%|████████▊ | 881/1000 [1:46:11<14:19,  7.22s/it]
Epoch 881 | loss : 98379.63, postive loss : 68903.86, negtive loss : 29475.77:  88%|████████▊ | 882/1000 [1:46:11<14:11,  7.22s/it]
Epoch 882 | loss : 98386.40, postive loss : 68903.86, negtive loss : 29482.54:  88%|████████▊ | 882/1000 [1:46:18<14:11,  7.22s/it]
Epoch 882 | loss : 98386.40, postive loss : 68903.86, negtive loss : 29482.54:  88%|████████▊ | 883/1000 [1:46:18<14:04,  7.22s/it]
Epoch 883 | loss : 98383.19, postive loss : 68903.86, negtive loss : 29479.33:  88%|████████▊ | 883/1000 [1:46:26<14:04,  7.22s/it]
Epoch 883 | loss : 98383.19, postive loss : 68903.86, negtive loss : 29479.33:  88%|████████▊ | 884/1000 [1:46:26<13:56,  7.21s/it]
Epoch 884 | loss : 98384.46, postive loss : 68903.86, negtive loss : 29480.60:  88%|████████▊ | 884/1000 [1:46:33<13:56,  7.21s/it]
Epoch 884 | loss : 98384.46, postive loss : 68903.86, negtive loss : 29480.60:  88%|████████▊ | 885/1000 [1:46:33<13:49,  7.21s/it]
Epoch 885 | loss : 98386.20, postive loss : 68903.86, negtive loss : 29482.34:  88%|████████▊ | 885/1000 [1:46:40<13:49,  7.21s/it]
Epoch 885 | loss : 98386.20, postive loss : 68903.86, negtive loss : 29482.34:  89%|████████▊ | 886/1000 [1:46:40<13:42,  7.21s/it]
Epoch 886 | loss : 98382.61, postive loss : 68903.86, negtive loss : 29478.75:  89%|████████▊ | 886/1000 [1:46:47<13:42,  7.21s/it]
Epoch 886 | loss : 98382.61, postive loss : 68903.86, negtive loss : 29478.75:  89%|████████▊ | 887/1000 [1:46:47<13:34,  7.21s/it]
Epoch 887 | loss : 98384.70, postive loss : 68903.86, negtive loss : 29480.84:  89%|████████▊ | 887/1000 [1:46:54<13:34,  7.21s/it]
Epoch 887 | loss : 98384.70, postive loss : 68903.86, negtive loss : 29480.84:  89%|████████▉ | 888/1000 [1:46:54<13:27,  7.21s/it]
Epoch 888 | loss : 98382.94, postive loss : 68903.86, negtive loss : 29479.08:  89%|████████▉ | 888/1000 [1:47:02<13:27,  7.21s/it]
Epoch 888 | loss : 98382.94, postive loss : 68903.86, negtive loss : 29479.08:  89%|████████▉ | 889/1000 [1:47:02<13:20,  7.21s/it]
Epoch 889 | loss : 98385.83, postive loss : 68903.86, negtive loss : 29481.97:  89%|████████▉ | 889/1000 [1:47:09<13:20,  7.21s/it]
Epoch 889 | loss : 98385.83, postive loss : 68903.86, negtive loss : 29481.97:  89%|████████▉ | 890/1000 [1:47:09<13:13,  7.21s/it]
Epoch 890 | loss : 98385.37, postive loss : 68903.86, negtive loss : 29481.51:  89%|████████▉ | 890/1000 [1:47:16<13:13,  7.21s/it]
Epoch 890 | loss : 98385.37, postive loss : 68903.86, negtive loss : 29481.51:  89%|████████▉ | 891/1000 [1:47:16<13:06,  7.21s/it]
Epoch 891 | loss : 98384.70, postive loss : 68903.86, negtive loss : 29480.83:  89%|████████▉ | 891/1000 [1:47:23<13:06,  7.21s/it]
Epoch 891 | loss : 98384.70, postive loss : 68903.86, negtive loss : 29480.83:  89%|████████▉ | 892/1000 [1:47:23<12:58,  7.21s/it]
Epoch 892 | loss : 98385.22, postive loss : 68903.86, negtive loss : 29481.36:  89%|████████▉ | 892/1000 [1:47:31<12:58,  7.21s/it]
Epoch 892 | loss : 98385.22, postive loss : 68903.86, negtive loss : 29481.36:  89%|████████▉ | 893/1000 [1:47:31<12:51,  7.21s/it]
Epoch 893 | loss : 98386.99, postive loss : 68903.86, negtive loss : 29483.13:  89%|████████▉ | 893/1000 [1:47:38<12:51,  7.21s/it]
Epoch 893 | loss : 98386.99, postive loss : 68903.86, negtive loss : 29483.13:  89%|████████▉ | 894/1000 [1:47:38<12:44,  7.21s/it]
Epoch 894 | loss : 98382.76, postive loss : 68903.86, negtive loss : 29478.90:  89%|████████▉ | 894/1000 [1:47:45<12:44,  7.21s/it]
Epoch 894 | loss : 98382.76, postive loss : 68903.86, negtive loss : 29478.90:  90%|████████▉ | 895/1000 [1:47:45<12:37,  7.21s/it]
Epoch 895 | loss : 98383.38, postive loss : 68903.86, negtive loss : 29479.52:  90%|████████▉ | 895/1000 [1:47:52<12:37,  7.21s/it]
Epoch 895 | loss : 98383.38, postive loss : 68903.86, negtive loss : 29479.52:  90%|████████▉ | 896/1000 [1:47:52<12:30,  7.21s/it]
Epoch 896 | loss : 98383.02, postive loss : 68903.86, negtive loss : 29479.16:  90%|████████▉ | 896/1000 [1:47:59<12:30,  7.21s/it]
Epoch 896 | loss : 98383.02, postive loss : 68903.86, negtive loss : 29479.16:  90%|████████▉ | 897/1000 [1:47:59<12:22,  7.21s/it]
Epoch 897 | loss : 98387.60, postive loss : 68903.86, negtive loss : 29483.74:  90%|████████▉ | 897/1000 [1:48:07<12:22,  7.21s/it]
Epoch 897 | loss : 98387.60, postive loss : 68903.86, negtive loss : 29483.74:  90%|████████▉ | 898/1000 [1:48:07<12:15,  7.21s/it]
Epoch 898 | loss : 98385.23, postive loss : 68903.86, negtive loss : 29481.37:  90%|████████▉ | 898/1000 [1:48:14<12:15,  7.21s/it]
Epoch 898 | loss : 98385.23, postive loss : 68903.86, negtive loss : 29481.37:  90%|████████▉ | 899/1000 [1:48:14<12:08,  7.21s/it]
Epoch 899 | loss : 98386.05, postive loss : 68903.86, negtive loss : 29482.19:  90%|████████▉ | 899/1000 [1:48:21<12:08,  7.21s/it]
Epoch 899 | loss : 98386.05, postive loss : 68903.86, negtive loss : 29482.19:  90%|█████████ | 900/1000 [1:48:21<12:01,  7.21s/it]
Epoch 900 | loss : 98385.11, postive loss : 68903.86, negtive loss : 29481.25:  90%|█████████ | 900/1000 [1:48:28<12:01,  7.21s/it]
Epoch 900 | loss : 98385.11, postive loss : 68903.86, negtive loss : 29481.25:  90%|█████████ | 901/1000 [1:48:28<11:54,  7.21s/it]
Epoch 901 | loss : 98386.16, postive loss : 68903.86, negtive loss : 29482.30:  90%|█████████ | 901/1000 [1:48:35<11:54,  7.21s/it]
Epoch 901 | loss : 98386.16, postive loss : 68903.86, negtive loss : 29482.30:  90%|█████████ | 902/1000 [1:48:35<11:46,  7.21s/it]
Epoch 902 | loss : 98384.62, postive loss : 68903.86, negtive loss : 29480.76:  90%|█████████ | 902/1000 [1:48:43<11:46,  7.21s/it]
Epoch 902 | loss : 98384.62, postive loss : 68903.86, negtive loss : 29480.76:  90%|█████████ | 903/1000 [1:48:43<11:39,  7.21s/it]
Epoch 903 | loss : 98383.59, postive loss : 68903.86, negtive loss : 29479.73:  90%|█████████ | 903/1000 [1:48:50<11:39,  7.21s/it]
Epoch 903 | loss : 98383.59, postive loss : 68903.86, negtive loss : 29479.73:  90%|█████████ | 904/1000 [1:48:50<11:32,  7.21s/it]
Epoch 904 | loss : 98379.72, postive loss : 68903.86, negtive loss : 29475.86:  90%|█████████ | 904/1000 [1:48:57<11:32,  7.21s/it]
Epoch 904 | loss : 98379.72, postive loss : 68903.86, negtive loss : 29475.86:  90%|█████████ | 905/1000 [1:48:57<11:25,  7.21s/it]
Epoch 905 | loss : 98380.25, postive loss : 68903.86, negtive loss : 29476.39:  90%|█████████ | 905/1000 [1:49:04<11:25,  7.21s/it]
Epoch 905 | loss : 98380.25, postive loss : 68903.86, negtive loss : 29476.39:  91%|█████████ | 906/1000 [1:49:04<11:17,  7.21s/it]
Epoch 906 | loss : 98385.02, postive loss : 68903.86, negtive loss : 29481.16:  91%|█████████ | 906/1000 [1:49:12<11:17,  7.21s/it]
Epoch 906 | loss : 98385.02, postive loss : 68903.86, negtive loss : 29481.16:  91%|█████████ | 907/1000 [1:49:12<11:10,  7.21s/it]
Epoch 907 | loss : 98384.08, postive loss : 68903.86, negtive loss : 29480.22:  91%|█████████ | 907/1000 [1:49:19<11:10,  7.21s/it]
Epoch 907 | loss : 98384.08, postive loss : 68903.86, negtive loss : 29480.22:  91%|█████████ | 908/1000 [1:49:19<11:03,  7.21s/it]
Epoch 908 | loss : 98388.16, postive loss : 68903.86, negtive loss : 29484.30:  91%|█████████ | 908/1000 [1:49:26<11:03,  7.21s/it]
Epoch 908 | loss : 98388.16, postive loss : 68903.86, negtive loss : 29484.30:  91%|█████████ | 909/1000 [1:49:26<10:56,  7.21s/it]
Epoch 909 | loss : 98383.14, postive loss : 68903.86, negtive loss : 29479.28:  91%|█████████ | 909/1000 [1:49:33<10:56,  7.21s/it]
Epoch 909 | loss : 98383.14, postive loss : 68903.86, negtive loss : 29479.28:  91%|█████████ | 910/1000 [1:49:33<10:49,  7.21s/it]
Epoch 910 | loss : 98385.13, postive loss : 68903.86, negtive loss : 29481.27:  91%|█████████ | 910/1000 [1:49:40<10:49,  7.21s/it]
Epoch 910 | loss : 98385.13, postive loss : 68903.86, negtive loss : 29481.27:  91%|█████████ | 911/1000 [1:49:40<10:42,  7.21s/it]
Epoch 911 | loss : 98386.11, postive loss : 68903.86, negtive loss : 29482.25:  91%|█████████ | 911/1000 [1:49:48<10:42,  7.21s/it]
Epoch 911 | loss : 98386.11, postive loss : 68903.86, negtive loss : 29482.25:  91%|█████████ | 912/1000 [1:49:48<10:34,  7.22s/it]
Epoch 912 | loss : 98380.09, postive loss : 68903.86, negtive loss : 29476.23:  91%|█████████ | 912/1000 [1:49:55<10:34,  7.22s/it]
Epoch 912 | loss : 98380.09, postive loss : 68903.86, negtive loss : 29476.23:  91%|█████████▏| 913/1000 [1:49:55<10:27,  7.22s/it]
Epoch 913 | loss : 98386.94, postive loss : 68903.86, negtive loss : 29483.08:  91%|█████████▏| 913/1000 [1:50:02<10:27,  7.22s/it]
Epoch 913 | loss : 98386.94, postive loss : 68903.86, negtive loss : 29483.08:  91%|█████████▏| 914/1000 [1:50:02<10:20,  7.22s/it]
Epoch 914 | loss : 98386.05, postive loss : 68903.86, negtive loss : 29482.19:  91%|█████████▏| 914/1000 [1:50:09<10:20,  7.22s/it]
Epoch 914 | loss : 98386.05, postive loss : 68903.86, negtive loss : 29482.19:  92%|█████████▏| 915/1000 [1:50:09<10:13,  7.22s/it]
Epoch 915 | loss : 98383.48, postive loss : 68903.86, negtive loss : 29479.62:  92%|█████████▏| 915/1000 [1:50:16<10:13,  7.22s/it]
Epoch 915 | loss : 98383.48, postive loss : 68903.86, negtive loss : 29479.62:  92%|█████████▏| 916/1000 [1:50:16<10:06,  7.22s/it]
Epoch 916 | loss : 98382.98, postive loss : 68903.86, negtive loss : 29479.12:  92%|█████████▏| 916/1000 [1:50:24<10:06,  7.22s/it]
Epoch 916 | loss : 98382.98, postive loss : 68903.86, negtive loss : 29479.12:  92%|█████████▏| 917/1000 [1:50:24<09:59,  7.22s/it]
Epoch 917 | loss : 98386.66, postive loss : 68903.86, negtive loss : 29482.80:  92%|█████████▏| 917/1000 [1:50:31<09:59,  7.22s/it]
Epoch 917 | loss : 98386.66, postive loss : 68903.86, negtive loss : 29482.80:  92%|█████████▏| 918/1000 [1:50:31<09:51,  7.22s/it]
Epoch 918 | loss : 98386.20, postive loss : 68903.86, negtive loss : 29482.34:  92%|█████████▏| 918/1000 [1:50:38<09:51,  7.22s/it]
Epoch 918 | loss : 98386.20, postive loss : 68903.86, negtive loss : 29482.34:  92%|█████████▏| 919/1000 [1:50:38<09:44,  7.22s/it]
Epoch 919 | loss : 98383.99, postive loss : 68903.86, negtive loss : 29480.13:  92%|█████████▏| 919/1000 [1:50:45<09:44,  7.22s/it]
Epoch 919 | loss : 98383.99, postive loss : 68903.86, negtive loss : 29480.13:  92%|█████████▏| 920/1000 [1:50:45<09:37,  7.22s/it]
Epoch 920 | loss : 98386.80, postive loss : 68903.86, negtive loss : 29482.93:  92%|█████████▏| 920/1000 [1:50:53<09:37,  7.22s/it]
Epoch 920 | loss : 98386.80, postive loss : 68903.86, negtive loss : 29482.93:  92%|█████████▏| 921/1000 [1:50:53<09:30,  7.22s/it]
Epoch 921 | loss : 98387.05, postive loss : 68903.86, negtive loss : 29483.19:  92%|█████████▏| 921/1000 [1:51:00<09:30,  7.22s/it]
Epoch 921 | loss : 98387.05, postive loss : 68903.86, negtive loss : 29483.19:  92%|█████████▏| 922/1000 [1:51:00<09:22,  7.22s/it]
Epoch 922 | loss : 98385.26, postive loss : 68903.86, negtive loss : 29481.40:  92%|█████████▏| 922/1000 [1:51:07<09:22,  7.22s/it]
Epoch 922 | loss : 98385.26, postive loss : 68903.86, negtive loss : 29481.40:  92%|█████████▏| 923/1000 [1:51:07<09:15,  7.22s/it]
Epoch 923 | loss : 98384.76, postive loss : 68903.86, negtive loss : 29480.90:  92%|█████████▏| 923/1000 [1:51:14<09:15,  7.22s/it]
Epoch 923 | loss : 98384.76, postive loss : 68903.86, negtive loss : 29480.90:  92%|█████████▏| 924/1000 [1:51:14<09:08,  7.22s/it]
Epoch 924 | loss : 98385.51, postive loss : 68903.86, negtive loss : 29481.65:  92%|█████████▏| 924/1000 [1:51:21<09:08,  7.22s/it]
Epoch 924 | loss : 98385.51, postive loss : 68903.86, negtive loss : 29481.65:  92%|█████████▎| 925/1000 [1:51:21<09:01,  7.22s/it]
Epoch 925 | loss : 98381.86, postive loss : 68903.86, negtive loss : 29478.00:  92%|█████████▎| 925/1000 [1:51:29<09:01,  7.22s/it]
Epoch 925 | loss : 98381.86, postive loss : 68903.86, negtive loss : 29478.00:  93%|█████████▎| 926/1000 [1:51:29<08:53,  7.22s/it]
Epoch 926 | loss : 98387.26, postive loss : 68903.86, negtive loss : 29483.40:  93%|█████████▎| 926/1000 [1:51:36<08:53,  7.22s/it]
Epoch 926 | loss : 98387.26, postive loss : 68903.86, negtive loss : 29483.40:  93%|█████████▎| 927/1000 [1:51:36<08:46,  7.21s/it]
Epoch 927 | loss : 98385.84, postive loss : 68903.86, negtive loss : 29481.98:  93%|█████████▎| 927/1000 [1:51:43<08:46,  7.21s/it]
Epoch 927 | loss : 98385.84, postive loss : 68903.86, negtive loss : 29481.98:  93%|█████████▎| 928/1000 [1:51:43<08:39,  7.21s/it]
Epoch 928 | loss : 98384.14, postive loss : 68903.86, negtive loss : 29480.27:  93%|█████████▎| 928/1000 [1:51:50<08:39,  7.21s/it]
Epoch 928 | loss : 98384.14, postive loss : 68903.86, negtive loss : 29480.27:  93%|█████████▎| 929/1000 [1:51:50<08:32,  7.21s/it]
Epoch 929 | loss : 98383.36, postive loss : 68903.86, negtive loss : 29479.50:  93%|█████████▎| 929/1000 [1:51:57<08:32,  7.21s/it]
Epoch 929 | loss : 98383.36, postive loss : 68903.86, negtive loss : 29479.50:  93%|█████████▎| 930/1000 [1:51:57<08:24,  7.21s/it]
Epoch 930 | loss : 98383.67, postive loss : 68903.86, negtive loss : 29479.81:  93%|█████████▎| 930/1000 [1:52:05<08:24,  7.21s/it]
Epoch 930 | loss : 98383.67, postive loss : 68903.86, negtive loss : 29479.81:  93%|█████████▎| 931/1000 [1:52:05<08:17,  7.21s/it]
Epoch 931 | loss : 98385.04, postive loss : 68903.86, negtive loss : 29481.18:  93%|█████████▎| 931/1000 [1:52:12<08:17,  7.21s/it]
Epoch 931 | loss : 98385.04, postive loss : 68903.86, negtive loss : 29481.18:  93%|█████████▎| 932/1000 [1:52:12<08:10,  7.21s/it]
Epoch 932 | loss : 98382.57, postive loss : 68903.86, negtive loss : 29478.71:  93%|█████████▎| 932/1000 [1:52:19<08:10,  7.21s/it]
Epoch 932 | loss : 98382.57, postive loss : 68903.86, negtive loss : 29478.71:  93%|█████████▎| 933/1000 [1:52:19<08:03,  7.21s/it]
Epoch 933 | loss : 98382.77, postive loss : 68903.86, negtive loss : 29478.91:  93%|█████████▎| 933/1000 [1:52:26<08:03,  7.21s/it]
Epoch 933 | loss : 98382.77, postive loss : 68903.86, negtive loss : 29478.91:  93%|█████████▎| 934/1000 [1:52:26<07:56,  7.21s/it]
Epoch 934 | loss : 98384.62, postive loss : 68903.86, negtive loss : 29480.76:  93%|█████████▎| 934/1000 [1:52:34<07:56,  7.21s/it]
Epoch 934 | loss : 98384.62, postive loss : 68903.86, negtive loss : 29480.76:  94%|█████████▎| 935/1000 [1:52:34<07:48,  7.21s/it]
Epoch 935 | loss : 98384.27, postive loss : 68903.86, negtive loss : 29480.41:  94%|█████████▎| 935/1000 [1:52:41<07:48,  7.21s/it]
Epoch 935 | loss : 98384.27, postive loss : 68903.86, negtive loss : 29480.41:  94%|█████████▎| 936/1000 [1:52:41<07:41,  7.21s/it]
Epoch 936 | loss : 98384.78, postive loss : 68903.86, negtive loss : 29480.92:  94%|█████████▎| 936/1000 [1:52:48<07:41,  7.21s/it]
Epoch 936 | loss : 98384.78, postive loss : 68903.86, negtive loss : 29480.92:  94%|█████████▎| 937/1000 [1:52:48<07:34,  7.21s/it]
Epoch 937 | loss : 98383.65, postive loss : 68903.86, negtive loss : 29479.79:  94%|█████████▎| 937/1000 [1:52:55<07:34,  7.21s/it]
Epoch 937 | loss : 98383.65, postive loss : 68903.86, negtive loss : 29479.79:  94%|█████████▍| 938/1000 [1:52:55<07:27,  7.21s/it]
Epoch 938 | loss : 98382.69, postive loss : 68903.86, negtive loss : 29478.83:  94%|█████████▍| 938/1000 [1:53:02<07:27,  7.21s/it]
Epoch 938 | loss : 98382.69, postive loss : 68903.86, negtive loss : 29478.83:  94%|█████████▍| 939/1000 [1:53:02<07:19,  7.21s/it]
Epoch 939 | loss : 98386.49, postive loss : 68903.86, negtive loss : 29482.62:  94%|█████████▍| 939/1000 [1:53:10<07:19,  7.21s/it]
Epoch 939 | loss : 98386.49, postive loss : 68903.86, negtive loss : 29482.62:  94%|█████████▍| 940/1000 [1:53:10<07:12,  7.21s/it]
Epoch 940 | loss : 98377.64, postive loss : 68903.86, negtive loss : 29473.78:  94%|█████████▍| 940/1000 [1:53:17<07:12,  7.21s/it]
Epoch 940 | loss : 98377.64, postive loss : 68903.86, negtive loss : 29473.78:  94%|█████████▍| 941/1000 [1:53:17<07:05,  7.21s/it]
Epoch 941 | loss : 98382.70, postive loss : 68903.86, negtive loss : 29478.84:  94%|█████████▍| 941/1000 [1:53:24<07:05,  7.21s/it]
Epoch 941 | loss : 98382.70, postive loss : 68903.86, negtive loss : 29478.84:  94%|█████████▍| 942/1000 [1:53:24<06:58,  7.21s/it]
Epoch 942 | loss : 98385.49, postive loss : 68903.86, negtive loss : 29481.63:  94%|█████████▍| 942/1000 [1:53:31<06:58,  7.21s/it]
Epoch 942 | loss : 98385.49, postive loss : 68903.86, negtive loss : 29481.63:  94%|█████████▍| 943/1000 [1:53:31<06:51,  7.21s/it]
Epoch 943 | loss : 98380.39, postive loss : 68903.86, negtive loss : 29476.53:  94%|█████████▍| 943/1000 [1:53:38<06:51,  7.21s/it]
Epoch 943 | loss : 98380.39, postive loss : 68903.86, negtive loss : 29476.53:  94%|█████████▍| 944/1000 [1:53:38<06:43,  7.21s/it]
Epoch 944 | loss : 98382.84, postive loss : 68903.86, negtive loss : 29478.98:  94%|█████████▍| 944/1000 [1:53:46<06:43,  7.21s/it]
Epoch 944 | loss : 98382.84, postive loss : 68903.86, negtive loss : 29478.98:  94%|█████████▍| 945/1000 [1:53:46<06:36,  7.21s/it]
Epoch 945 | loss : 98385.21, postive loss : 68903.86, negtive loss : 29481.35:  94%|█████████▍| 945/1000 [1:53:53<06:36,  7.21s/it]
Epoch 945 | loss : 98385.21, postive loss : 68903.86, negtive loss : 29481.35:  95%|█████████▍| 946/1000 [1:53:53<06:29,  7.21s/it]
Epoch 946 | loss : 98380.57, postive loss : 68903.86, negtive loss : 29476.71:  95%|█████████▍| 946/1000 [1:54:00<06:29,  7.21s/it]
Epoch 946 | loss : 98380.57, postive loss : 68903.86, negtive loss : 29476.71:  95%|█████████▍| 947/1000 [1:54:00<06:22,  7.21s/it]
Epoch 947 | loss : 98385.98, postive loss : 68903.86, negtive loss : 29482.12:  95%|█████████▍| 947/1000 [1:54:07<06:22,  7.21s/it]
Epoch 947 | loss : 98385.98, postive loss : 68903.86, negtive loss : 29482.12:  95%|█████████▍| 948/1000 [1:54:07<06:15,  7.21s/it]
Epoch 948 | loss : 98384.14, postive loss : 68903.86, negtive loss : 29480.28:  95%|█████████▍| 948/1000 [1:54:14<06:15,  7.21s/it]
Epoch 948 | loss : 98384.14, postive loss : 68903.86, negtive loss : 29480.28:  95%|█████████▍| 949/1000 [1:54:14<06:07,  7.21s/it]
Epoch 949 | loss : 98384.15, postive loss : 68903.86, negtive loss : 29480.29:  95%|█████████▍| 949/1000 [1:54:22<06:07,  7.21s/it]
Epoch 949 | loss : 98384.15, postive loss : 68903.86, negtive loss : 29480.29:  95%|█████████▌| 950/1000 [1:54:22<06:00,  7.21s/it]
Epoch 950 | loss : 98382.39, postive loss : 68903.86, negtive loss : 29478.53:  95%|█████████▌| 950/1000 [1:54:29<06:00,  7.21s/it]
Epoch 950 | loss : 98382.39, postive loss : 68903.86, negtive loss : 29478.53:  95%|█████████▌| 951/1000 [1:54:29<05:53,  7.21s/it]
Epoch 951 | loss : 98385.60, postive loss : 68903.86, negtive loss : 29481.74:  95%|█████████▌| 951/1000 [1:54:36<05:53,  7.21s/it]
Epoch 951 | loss : 98385.60, postive loss : 68903.86, negtive loss : 29481.74:  95%|█████████▌| 952/1000 [1:54:36<05:46,  7.21s/it]
Epoch 952 | loss : 98382.09, postive loss : 68903.86, negtive loss : 29478.23:  95%|█████████▌| 952/1000 [1:54:43<05:46,  7.21s/it]
Epoch 952 | loss : 98382.09, postive loss : 68903.86, negtive loss : 29478.23:  95%|█████████▌| 953/1000 [1:54:43<05:38,  7.21s/it]
Epoch 953 | loss : 98383.72, postive loss : 68903.86, negtive loss : 29479.86:  95%|█████████▌| 953/1000 [1:54:51<05:38,  7.21s/it]
Epoch 953 | loss : 98383.72, postive loss : 68903.86, negtive loss : 29479.86:  95%|█████████▌| 954/1000 [1:54:51<05:31,  7.21s/it]
Epoch 954 | loss : 98385.19, postive loss : 68903.86, negtive loss : 29481.33:  95%|█████████▌| 954/1000 [1:54:58<05:31,  7.21s/it]
Epoch 954 | loss : 98385.19, postive loss : 68903.86, negtive loss : 29481.33:  96%|█████████▌| 955/1000 [1:54:58<05:24,  7.21s/it]
Epoch 955 | loss : 98383.21, postive loss : 68903.86, negtive loss : 29479.34:  96%|█████████▌| 955/1000 [1:55:05<05:24,  7.21s/it]
Epoch 955 | loss : 98383.21, postive loss : 68903.86, negtive loss : 29479.34:  96%|█████████▌| 956/1000 [1:55:05<05:17,  7.21s/it]
Epoch 956 | loss : 98383.89, postive loss : 68903.86, negtive loss : 29480.03:  96%|█████████▌| 956/1000 [1:55:12<05:17,  7.21s/it]
Epoch 956 | loss : 98383.89, postive loss : 68903.86, negtive loss : 29480.03:  96%|█████████▌| 957/1000 [1:55:12<05:10,  7.21s/it]
Epoch 957 | loss : 98383.18, postive loss : 68903.86, negtive loss : 29479.32:  96%|█████████▌| 957/1000 [1:55:19<05:10,  7.21s/it]
Epoch 957 | loss : 98383.18, postive loss : 68903.86, negtive loss : 29479.32:  96%|█████████▌| 958/1000 [1:55:19<05:02,  7.21s/it]
Epoch 958 | loss : 98387.08, postive loss : 68903.86, negtive loss : 29483.22:  96%|█████████▌| 958/1000 [1:55:27<05:02,  7.21s/it]
Epoch 958 | loss : 98387.08, postive loss : 68903.86, negtive loss : 29483.22:  96%|█████████▌| 959/1000 [1:55:27<04:55,  7.21s/it]
Epoch 959 | loss : 98386.74, postive loss : 68903.86, negtive loss : 29482.88:  96%|█████████▌| 959/1000 [1:55:34<04:55,  7.21s/it]
Epoch 959 | loss : 98386.74, postive loss : 68903.86, negtive loss : 29482.88:  96%|█████████▌| 960/1000 [1:55:34<04:48,  7.21s/it]
Epoch 960 | loss : 98383.22, postive loss : 68903.86, negtive loss : 29479.36:  96%|█████████▌| 960/1000 [1:55:41<04:48,  7.21s/it]
Epoch 960 | loss : 98383.22, postive loss : 68903.86, negtive loss : 29479.36:  96%|█████████▌| 961/1000 [1:55:41<04:41,  7.21s/it]
Epoch 961 | loss : 98385.67, postive loss : 68903.86, negtive loss : 29481.81:  96%|█████████▌| 961/1000 [1:55:48<04:41,  7.21s/it]
Epoch 961 | loss : 98385.67, postive loss : 68903.86, negtive loss : 29481.81:  96%|█████████▌| 962/1000 [1:55:48<04:34,  7.21s/it]
Epoch 962 | loss : 98385.62, postive loss : 68903.86, negtive loss : 29481.76:  96%|█████████▌| 962/1000 [1:55:55<04:34,  7.21s/it]
Epoch 962 | loss : 98385.62, postive loss : 68903.86, negtive loss : 29481.76:  96%|█████████▋| 963/1000 [1:55:55<04:26,  7.21s/it]
Epoch 963 | loss : 98385.18, postive loss : 68903.86, negtive loss : 29481.32:  96%|█████████▋| 963/1000 [1:56:03<04:26,  7.21s/it]
Epoch 963 | loss : 98385.18, postive loss : 68903.86, negtive loss : 29481.32:  96%|█████████▋| 964/1000 [1:56:03<04:19,  7.21s/it]
Epoch 964 | loss : 98382.73, postive loss : 68903.86, negtive loss : 29478.87:  96%|█████████▋| 964/1000 [1:56:10<04:19,  7.21s/it]
Epoch 964 | loss : 98382.73, postive loss : 68903.86, negtive loss : 29478.87:  96%|█████████▋| 965/1000 [1:56:10<04:12,  7.21s/it]
Epoch 965 | loss : 98387.25, postive loss : 68903.86, negtive loss : 29483.39:  96%|█████████▋| 965/1000 [1:56:17<04:12,  7.21s/it]
Epoch 965 | loss : 98387.25, postive loss : 68903.86, negtive loss : 29483.39:  97%|█████████▋| 966/1000 [1:56:17<04:05,  7.21s/it]
Epoch 966 | loss : 98382.55, postive loss : 68903.86, negtive loss : 29478.69:  97%|█████████▋| 966/1000 [1:56:24<04:05,  7.21s/it]
Epoch 966 | loss : 98382.55, postive loss : 68903.86, negtive loss : 29478.69:  97%|█████████▋| 967/1000 [1:56:24<03:58,  7.21s/it]
Epoch 967 | loss : 98381.55, postive loss : 68903.86, negtive loss : 29477.69:  97%|█████████▋| 967/1000 [1:56:32<03:58,  7.21s/it]
Epoch 967 | loss : 98381.55, postive loss : 68903.86, negtive loss : 29477.69:  97%|█████████▋| 968/1000 [1:56:32<03:50,  7.21s/it]
Epoch 968 | loss : 98380.43, postive loss : 68903.86, negtive loss : 29476.57:  97%|█████████▋| 968/1000 [1:56:39<03:50,  7.21s/it]
Epoch 968 | loss : 98380.43, postive loss : 68903.86, negtive loss : 29476.57:  97%|█████████▋| 969/1000 [1:56:39<03:43,  7.21s/it]
Epoch 969 | loss : 98379.52, postive loss : 68903.86, negtive loss : 29475.66:  97%|█████████▋| 969/1000 [1:56:46<03:43,  7.21s/it]
Epoch 969 | loss : 98379.52, postive loss : 68903.86, negtive loss : 29475.66:  97%|█████████▋| 970/1000 [1:56:46<03:36,  7.21s/it]
Epoch 970 | loss : 98385.51, postive loss : 68903.86, negtive loss : 29481.65:  97%|█████████▋| 970/1000 [1:56:53<03:36,  7.21s/it]
Epoch 970 | loss : 98385.51, postive loss : 68903.86, negtive loss : 29481.65:  97%|█████████▋| 971/1000 [1:56:53<03:29,  7.21s/it]
Epoch 971 | loss : 98380.95, postive loss : 68903.86, negtive loss : 29477.09:  97%|█████████▋| 971/1000 [1:57:00<03:29,  7.21s/it]
Epoch 971 | loss : 98380.95, postive loss : 68903.86, negtive loss : 29477.09:  97%|█████████▋| 972/1000 [1:57:00<03:22,  7.21s/it]
Epoch 972 | loss : 98377.61, postive loss : 68903.86, negtive loss : 29473.75:  97%|█████████▋| 972/1000 [1:57:08<03:22,  7.21s/it]
Epoch 972 | loss : 98377.61, postive loss : 68903.86, negtive loss : 29473.75:  97%|█████████▋| 973/1000 [1:57:08<03:14,  7.21s/it]
Epoch 973 | loss : 98383.64, postive loss : 68903.86, negtive loss : 29479.78:  97%|█████████▋| 973/1000 [1:57:15<03:14,  7.21s/it]
Epoch 973 | loss : 98383.64, postive loss : 68903.86, negtive loss : 29479.78:  97%|█████████▋| 974/1000 [1:57:15<03:07,  7.21s/it]
Epoch 974 | loss : 98385.11, postive loss : 68903.86, negtive loss : 29481.25:  97%|█████████▋| 974/1000 [1:57:22<03:07,  7.21s/it]
Epoch 974 | loss : 98385.11, postive loss : 68903.86, negtive loss : 29481.25:  98%|█████████▊| 975/1000 [1:57:22<03:00,  7.21s/it]
Epoch 975 | loss : 98385.23, postive loss : 68903.86, negtive loss : 29481.37:  98%|█████████▊| 975/1000 [1:57:29<03:00,  7.21s/it]
Epoch 975 | loss : 98385.23, postive loss : 68903.86, negtive loss : 29481.37:  98%|█████████▊| 976/1000 [1:57:29<02:53,  7.21s/it]
Epoch 976 | loss : 98387.16, postive loss : 68903.86, negtive loss : 29483.30:  98%|█████████▊| 976/1000 [1:57:36<02:53,  7.21s/it]
Epoch 976 | loss : 98387.16, postive loss : 68903.86, negtive loss : 29483.30:  98%|█████████▊| 977/1000 [1:57:36<02:45,  7.21s/it]
Epoch 977 | loss : 98384.73, postive loss : 68903.86, negtive loss : 29480.87:  98%|█████████▊| 977/1000 [1:57:44<02:45,  7.21s/it]
Epoch 977 | loss : 98384.73, postive loss : 68903.86, negtive loss : 29480.87:  98%|█████████▊| 978/1000 [1:57:44<02:38,  7.21s/it]
Epoch 978 | loss : 98387.69, postive loss : 68903.86, negtive loss : 29483.83:  98%|█████████▊| 978/1000 [1:57:51<02:38,  7.21s/it]
Epoch 978 | loss : 98387.69, postive loss : 68903.86, negtive loss : 29483.83:  98%|█████████▊| 979/1000 [1:57:51<02:31,  7.21s/it]
Epoch 979 | loss : 98385.44, postive loss : 68903.86, negtive loss : 29481.58:  98%|█████████▊| 979/1000 [1:57:58<02:31,  7.21s/it]
Epoch 979 | loss : 98385.44, postive loss : 68903.86, negtive loss : 29481.58:  98%|█████████▊| 980/1000 [1:57:58<02:24,  7.21s/it]
Epoch 980 | loss : 98381.91, postive loss : 68903.86, negtive loss : 29478.05:  98%|█████████▊| 980/1000 [1:58:05<02:24,  7.21s/it]
Epoch 980 | loss : 98381.91, postive loss : 68903.86, negtive loss : 29478.05:  98%|█████████▊| 981/1000 [1:58:05<02:17,  7.21s/it]
Epoch 981 | loss : 98383.08, postive loss : 68903.86, negtive loss : 29479.21:  98%|█████████▊| 981/1000 [1:58:13<02:17,  7.21s/it]
Epoch 981 | loss : 98383.08, postive loss : 68903.86, negtive loss : 29479.21:  98%|█████████▊| 982/1000 [1:58:13<02:09,  7.21s/it]
Epoch 982 | loss : 98386.09, postive loss : 68903.86, negtive loss : 29482.22:  98%|█████████▊| 982/1000 [1:58:20<02:09,  7.21s/it]
Epoch 982 | loss : 98386.09, postive loss : 68903.86, negtive loss : 29482.22:  98%|█████████▊| 983/1000 [1:58:20<02:02,  7.21s/it]
Epoch 983 | loss : 98387.88, postive loss : 68903.86, negtive loss : 29484.02:  98%|█████████▊| 983/1000 [1:58:27<02:02,  7.21s/it]
Epoch 983 | loss : 98387.88, postive loss : 68903.86, negtive loss : 29484.02:  98%|█████████▊| 984/1000 [1:58:27<01:55,  7.21s/it]
Epoch 984 | loss : 98383.73, postive loss : 68903.86, negtive loss : 29479.87:  98%|█████████▊| 984/1000 [1:58:34<01:55,  7.21s/it]
Epoch 984 | loss : 98383.73, postive loss : 68903.86, negtive loss : 29479.87:  98%|█████████▊| 985/1000 [1:58:34<01:48,  7.21s/it]
Epoch 985 | loss : 98384.58, postive loss : 68903.86, negtive loss : 29480.72:  98%|█████████▊| 985/1000 [1:58:41<01:48,  7.21s/it]
Epoch 985 | loss : 98384.58, postive loss : 68903.86, negtive loss : 29480.72:  99%|█████████▊| 986/1000 [1:58:41<01:40,  7.21s/it]
Epoch 986 | loss : 98383.78, postive loss : 68903.86, negtive loss : 29479.92:  99%|█████████▊| 986/1000 [1:58:49<01:40,  7.21s/it]
Epoch 986 | loss : 98383.78, postive loss : 68903.86, negtive loss : 29479.92:  99%|█████████▊| 987/1000 [1:58:49<01:33,  7.21s/it]
Epoch 987 | loss : 98384.27, postive loss : 68903.86, negtive loss : 29480.41:  99%|█████████▊| 987/1000 [1:58:56<01:33,  7.21s/it]
Epoch 987 | loss : 98384.27, postive loss : 68903.86, negtive loss : 29480.41:  99%|█████████▉| 988/1000 [1:58:56<01:26,  7.21s/it]
Epoch 988 | loss : 98384.80, postive loss : 68903.86, negtive loss : 29480.94:  99%|█████████▉| 988/1000 [1:59:03<01:26,  7.21s/it]
Epoch 988 | loss : 98384.80, postive loss : 68903.86, negtive loss : 29480.94:  99%|█████████▉| 989/1000 [1:59:03<01:19,  7.21s/it]
Epoch 989 | loss : 98380.48, postive loss : 68903.86, negtive loss : 29476.62:  99%|█████████▉| 989/1000 [1:59:10<01:19,  7.21s/it]
Epoch 989 | loss : 98380.48, postive loss : 68903.86, negtive loss : 29476.62:  99%|█████████▉| 990/1000 [1:59:10<01:12,  7.21s/it]
Epoch 990 | loss : 98385.19, postive loss : 68903.86, negtive loss : 29481.33:  99%|█████████▉| 990/1000 [1:59:17<01:12,  7.21s/it]
Epoch 990 | loss : 98385.19, postive loss : 68903.86, negtive loss : 29481.33:  99%|█████████▉| 991/1000 [1:59:17<01:04,  7.21s/it]
Epoch 991 | loss : 98385.59, postive loss : 68903.86, negtive loss : 29481.73:  99%|█████████▉| 991/1000 [1:59:25<01:04,  7.21s/it]
Epoch 991 | loss : 98385.59, postive loss : 68903.86, negtive loss : 29481.73:  99%|█████████▉| 992/1000 [1:59:25<00:57,  7.21s/it]
Epoch 992 | loss : 98382.29, postive loss : 68903.86, negtive loss : 29478.43:  99%|█████████▉| 992/1000 [1:59:32<00:57,  7.21s/it]
Epoch 992 | loss : 98382.29, postive loss : 68903.86, negtive loss : 29478.43:  99%|█████████▉| 993/1000 [1:59:32<00:50,  7.21s/it]
Epoch 993 | loss : 98384.22, postive loss : 68903.86, negtive loss : 29480.36:  99%|█████████▉| 993/1000 [1:59:39<00:50,  7.21s/it]
Epoch 993 | loss : 98384.22, postive loss : 68903.86, negtive loss : 29480.36:  99%|█████████▉| 994/1000 [1:59:39<00:43,  7.21s/it]
Epoch 994 | loss : 98383.89, postive loss : 68903.86, negtive loss : 29480.03:  99%|█████████▉| 994/1000 [1:59:46<00:43,  7.21s/it]
Epoch 994 | loss : 98383.89, postive loss : 68903.86, negtive loss : 29480.03: 100%|█████████▉| 995/1000 [1:59:46<00:36,  7.21s/it]
Epoch 995 | loss : 98385.22, postive loss : 68903.86, negtive loss : 29481.36: 100%|█████████▉| 995/1000 [1:59:54<00:36,  7.21s/it]
Epoch 995 | loss : 98385.22, postive loss : 68903.86, negtive loss : 29481.36: 100%|█████████▉| 996/1000 [1:59:54<00:28,  7.21s/it]
Epoch 996 | loss : 98384.91, postive loss : 68903.86, negtive loss : 29481.05: 100%|█████████▉| 996/1000 [2:00:01<00:28,  7.21s/it]
Epoch 996 | loss : 98384.91, postive loss : 68903.86, negtive loss : 29481.05: 100%|█████████▉| 997/1000 [2:00:01<00:21,  7.21s/it]
Epoch 997 | loss : 98382.88, postive loss : 68903.86, negtive loss : 29479.02: 100%|█████████▉| 997/1000 [2:00:08<00:21,  7.21s/it]
Epoch 997 | loss : 98382.88, postive loss : 68903.86, negtive loss : 29479.02: 100%|█████████▉| 998/1000 [2:00:08<00:14,  7.21s/it]
Epoch 998 | loss : 98386.12, postive loss : 68903.86, negtive loss : 29482.26: 100%|█████████▉| 998/1000 [2:00:15<00:14,  7.21s/it]
Epoch 998 | loss : 98386.12, postive loss : 68903.86, negtive loss : 29482.26: 100%|█████████▉| 999/1000 [2:00:15<00:07,  7.21s/it]
Epoch 999 | loss : 98386.55, postive loss : 68903.86, negtive loss : 29482.69: 100%|█████████▉| 999/1000 [2:00:22<00:07,  7.21s/it]
Epoch 999 | loss : 98386.55, postive loss : 68903.86, negtive loss : 29482.69: 100%|██████████| 1000/1000 [2:00:22<00:00,  7.21s/it]
Epoch 999 | loss : 98386.55, postive loss : 68903.86, negtive loss : 29482.69: 100%|██████████| 1000/1000 [2:00:22<00:00,  7.22s/it]
Info : finish model training
Info : save model sucessfully
Info : save sucessfully
